priority_rank,transaction_id,customer_id,amount,payment_method,payment_status,failure_reason,previous_transactions,previous_successes,previous_failures,previous_success_rate,retry_count,days_since_failure,checkout_abandoned,customer_lifetime_value,recovered,amount_log,recovery_probability,expected_recovery,revenue_at_risk,priority_score
1,txn_008859,cust_01033,31222.57,wallet,abandoned,none,26,21,5,0.8077,0,0.64,1,100719.12,1,10.34892853730777,0.5279233695704092,16483.124361047972,31222.57,16483.124361047972
2,txn_006656,cust_01540,44966.65,wallet,abandoned,none,17,15,2,0.8824,0,5.27,1,127786.14,0,10.713698621339043,0.3619874817302534,16277.3643953457,44966.65,16277.3643953457
3,txn_006480,cust_02129,39519.08,upi,failed,technical_error,3,3,0,1.0,1,4.03,0,83187.51,0,10.584564176151254,0.4057301845058689,16034.083619902194,39519.08,16034.083619902194
4,txn_002714,cust_00297,24213.95,wallet,abandoned,none,11,11,0,1.0,0,3.84,1,144743.4,0,10.094725489999352,0.5072124052817493,12281.615820872014,24213.95,12281.615820872014
5,txn_008357,cust_01912,20380.03,netbanking,abandoned,none,32,30,2,0.9375,0,2.47,1,17827.68,1,9.922359845244474,0.5760017283897221,11738.932504634387,20380.03,11738.932504634387
6,txn_005953,cust_01938,43899.03,upi,failed,technical_error,27,21,6,0.7778,2,2.72,0,6338.96,0,10.689670282434328,0.23667264642775548,10389.69960571143,43899.03,10389.69960571143
7,txn_004025,cust_00308,20820.83,card,abandoned,none,22,18,4,0.8182,0,3.39,1,2885.17,0,9.943757234559913,0.49021198442702085,10206.62039171765,20820.83,10206.62039171765
8,txn_007423,cust_00483,13223.44,wallet,abandoned,none,24,21,3,0.875,0,2.39,1,65172.33,1,9.489821911784597,0.5763871651117198,7621.821094624921,13223.44,7621.821094624921
9,txn_008793,cust_01172,13275.52,wallet,failed,insufficient_funds,4,4,0,1.0,0,4.91,0,93057.45,1,9.493752340497027,0.5379532010669272,7141.608479828014,13275.52,7141.608479828014
10,txn_005672,cust_00609,12826.69,upi,abandoned,none,31,26,5,0.8387,0,3.05,1,11002.86,1,9.459361394633923,0.5550465195110852,7119.409641347642,12826.69,7119.409641347642
11,txn_006498,cust_01193,11728.43,wallet,abandoned,none,1,1,0,1.0,0,3.18,1,105723.93,1,9.369856347116443,0.6039013928914588,7082.815213429973,11728.43,7082.815213429973
12,txn_003355,cust_00669,11473.38,upi,abandoned,none,7,6,1,0.8571,0,1.49,1,37254.15,1,9.347872002967957,0.6103624961057087,7002.920855569316,11473.38,7002.920855569316
13,txn_003173,cust_02143,10880.4,wallet,abandoned,none,10,9,1,0.9,0,0.82,1,110652.05,1,9.294810188602415,0.6293531588963822,6847.614110056197,10880.4,6847.614110056197
14,txn_001739,cust_00772,12202.39,netbanking,abandoned,none,31,23,8,0.7419,0,0.46,1,67841.62,0,9.409469060975407,0.5452979498119306,6653.938249805603,12202.39,6653.938249805603
15,txn_004006,cust_01975,11700.19,card,abandoned,none,21,18,3,0.8571,0,1.99,1,76112.41,0,9.367445825015507,0.5512132857450783,6449.300173741708,11700.19,6449.300173741708
16,txn_000274,cust_00290,9332.01,wallet,failed,network_error,2,2,0,1.0,0,4.22,0,93579.01,0,9.14131285703201,0.6895799386943999,6435.166883695527,9332.01,6435.166883695527
17,txn_004355,cust_00593,18347.95,card,failed,bank_decline,6,5,1,0.8333,0,3.52,0,48994.66,1,9.817327631137102,0.34532277754988,6335.965056346321,18347.95,6335.965056346321
18,txn_002483,cust_00021,11885.98,wallet,abandoned,none,19,14,5,0.7368,0,0.67,1,124581.29,0,9.383198962468903,0.530446610206722,6304.8777999848935,11885.98,6304.8777999848935
19,txn_007765,cust_02346,10886.61,upi,abandoned,none,37,31,6,0.8378,0,1.22,1,97829.96,0,9.295380724439227,0.5753931515056792,6264.0808371132425,10886.61,6264.0808371132425
20,txn_002157,cust_01366,11075.82,netbanking,failed,bank_decline,3,3,0,1.0,0,1.41,0,68010.12,0,9.312609915497749,0.5332096934708574,5905.734587138392,11075.82,5905.734587138392
21,txn_005764,cust_01421,9688.65,wallet,abandoned,none,15,14,1,0.9333,0,3.4,1,78397.19,0,9.178813584521437,0.5834056227185683,5652.412886552257,9688.65,5652.412886552257
22,txn_000713,cust_00661,10530.71,card,failed,technical_error,30,23,7,0.7667,0,2.56,0,138253.2,1,9.262145985106072,0.515134167968273,5424.728533965173,10530.71,5424.728533965173
23,txn_004865,cust_00612,25905.59,wallet,failed,network_error,24,21,3,0.875,1,10.58,0,121953.62,0,10.162252655477664,0.19564278628963067,5068.241808076793,25905.59,5068.241808076793
24,txn_008438,cust_00577,10217.75,card,abandoned,none,23,19,4,0.8261,0,2.58,1,118707.71,0,9.231979547079664,0.49308388630861605,5038.2078793298615,10217.75,5038.2078793298615
25,txn_006769,cust_01834,7510.23,wallet,abandoned,none,3,3,0,1.0,0,2.79,1,80533.61,1,8.924154512971935,0.6577464230882352,4939.826919069956,7510.23,4939.826919069956
26,txn_000516,cust_00434,9875.64,upi,failed,insufficient_funds,8,6,2,0.75,0,2.42,0,69755.74,1,9.197927651929605,0.49964858682439567,4934.349569986474,9875.64,4934.349569986474
27,txn_008673,cust_01519,7803.45,wallet,abandoned,none,35,33,2,0.9429,0,2.25,1,114311.85,1,8.962449362817628,0.6159489035564409,4806.526471457509,7803.45,4806.526471457509
28,txn_002151,cust_01343,16288.26,card,failed,bank_decline,32,26,6,0.8125,0,5.14,0,44036.38,1,9.698261273922158,0.294508698219172,4797.034248855411,16288.26,4797.034248855411
29,txn_000352,cust_01670,9038.94,upi,failed,network_error,13,11,2,0.8462,0,6.58,0,61982.7,1,9.109407816196054,0.527654175788745,4769.434435703919,9038.94,4769.434435703919
30,txn_001587,cust_01993,16091.08,upi,failed,insufficient_funds,35,28,7,0.8,2,0.33,0,43603.27,0,9.686082504471688,0.28988254591016754,4664.523236844178,16091.08,4664.523236844178
31,txn_002751,cust_00750,12147.16,netbanking,abandoned,none,27,22,5,0.8148,0,4.62,1,144973.95,0,9.404932996971231,0.3827980593259015,4649.909274321218,12147.16,4649.909274321218
32,txn_006370,cust_00966,7009.83,card,abandoned,none,29,29,0,1.0,0,2.53,1,47740.18,1,8.855211375302092,0.653895912788878,4583.699186344861,7009.83,4583.699186344861
33,txn_004060,cust_02426,8845.7,card,abandoned,none,32,23,9,0.7188,0,0.15,1,149696.55,0,9.087799787108503,0.5149144851059849,4554.779060902011,8845.7,4554.779060902011
34,txn_006475,cust_00871,10942.35,card,abandoned,none,5,4,1,0.8,0,5.96,1,19673.69,0,9.300487244823627,0.41289765134507833,4518.070615195818,10942.35,4518.070615195818
35,txn_003008,cust_01849,10263.48,upi,failed,insufficient_funds,32,26,6,0.8125,1,1.28,0,54528.38,0,9.236444670595613,0.4288896693815395,4401.900543904043,10263.48,4401.900543904043
36,txn_006300,cust_01982,7371.15,card,abandoned,none,33,26,7,0.7879,0,1.16,1,45538.06,1,8.905464665842613,0.592987844648329,4371.00235107953,7371.15,4371.00235107953
37,txn_007136,cust_00965,8020.78,netbanking,abandoned,none,8,7,1,0.875,0,3.85,1,29426.86,1,8.989915621371539,0.5436205990040299,4360.261228079543,8020.78,4360.261228079543
38,txn_008210,cust_01517,8013.37,upi,abandoned,none,32,24,8,0.75,0,0.46,1,149670.28,1,8.988991459334217,0.5420341716598933,4343.52037015424,8013.37,4343.52037015424
39,txn_004143,cust_01020,7468.53,wallet,abandoned,none,39,30,9,0.7692,0,2.62,1,16987.8,1,8.918587357807395,0.5797228462984676,4329.677469265494,7468.53,4329.677469265494
40,txn_006094,cust_01419,20271.13,netbanking,failed,authentication_failed,1,1,0,1.0,1,8.35,0,32799.76,0,9.917002315326467,0.211083674671192,4278.904610137441,20271.13,4278.904610137441
41,txn_000546,cust_01875,12622.6,card,abandoned,none,23,14,9,0.6087,0,3.64,1,105812.08,0,9.44332335690558,0.33528573289161634,4232.1776919977165,12622.6,4232.1776919977165
42,txn_005088,cust_01973,5381.72,wallet,abandoned,none,9,9,0,1.0,0,0.46,1,16429.54,0,8.590949101603417,0.7754128150455041,4173.05465498669,5381.72,4173.05465498669
43,txn_008467,cust_00541,5768.15,upi,abandoned,none,5,5,0,1.0,0,0.75,1,95675.18,0,8.66028003495891,0.7144645556758485,4121.138726821646,5768.15,4121.138726821646
44,txn_000004,cust_01245,8615.97,upi,abandoned,none,11,10,1,0.9091,0,6.73,1,21687.17,1,9.061488793743628,0.47744772521083645,4113.67527698481,8615.97,4113.67527698481
45,txn_004265,cust_00954,6846.14,wallet,abandoned,none,2,2,0,1.0,0,5.16,1,55885.31,1,8.831586325823084,0.5969498288143926,4086.8021010393663,6846.14,4086.8021010393663
46,txn_008901,cust_01556,11127.57,card,failed,bank_decline,26,21,5,0.8077,0,3.14,0,77505.49,0,9.317270954433813,0.3578364919171611,3981.8506123626444,11127.57,3981.8506123626444
47,txn_004003,cust_00696,5367.34,netbanking,failed,technical_error,33,32,1,0.9697,0,1.68,0,58287.89,0,8.588274014946775,0.7282247081507055,3908.6296050456076,5367.34,3908.6296050456076
48,txn_006762,cust_01204,8766.41,card,abandoned,none,21,14,7,0.6667,0,3.84,1,3333.06,1,9.078796716777727,0.4426438733047465,3880.397677377463,8766.41,3880.397677377463
49,txn_008946,cust_01529,7313.02,netbanking,abandoned,none,4,3,1,0.75,0,0.28,1,145911.33,1,8.897548333187403,0.5301065897799438,3876.6800931925254,7313.02,3876.6800931925254
50,txn_007325,cust_00030,9423.05,card,abandoned,none,23,19,4,0.8261,0,6.56,1,32216.55,0,9.15102021148001,0.40902881404582453,3854.2989661945066,9423.05,3854.2989661945066
51,txn_005304,cust_00014,7887.1,netbanking,abandoned,none,14,12,2,0.8571,0,3.1,1,143624.75,0,8.973110573686899,0.48725791185373174,3843.0518765815677,7887.1,3843.0518765815677
52,txn_009099,cust_02097,8275.21,wallet,failed,technical_error,37,31,6,0.8378,1,2.07,0,127985.42,0,9.021140413120595,0.46405738525283396,3840.1723150181037,8275.21,3840.1723150181037
53,txn_001082,cust_02100,7857.3,wallet,abandoned,none,5,3,2,0.6,0,1.83,1,38352.45,1,8.969325577043003,0.48412774913032824,3803.9369632417283,7857.3,3803.9369632417283
54,txn_001653,cust_01277,7734.18,card,abandoned,none,16,13,3,0.8125,0,4.33,1,38649.57,0,8.953534033583205,0.4899244491188279,3789.163875885856,7734.18,3789.163875885856
55,txn_008960,cust_00226,10948.04,card,abandoned,none,16,13,3,0.8125,0,6.82,1,101246.55,0,9.301007060168423,0.3413330169311702,3736.9275226831287,10948.04,3736.9275226831287
56,txn_001771,cust_01588,5734.81,upi,failed,insufficient_funds,35,31,4,0.8857,0,0.38,0,119432.09,0,8.654484257602528,0.6497350875568224,3726.107277471741,5734.81,3726.107277471741
57,txn_003257,cust_00593,7291.56,card,failed,network_error,6,5,1,0.8333,1,2.65,0,48994.66,1,8.894609929339158,0.5102150164308074,3720.263405206218,7291.56,3720.263405206218
58,txn_002846,cust_01645,9059.73,netbanking,failed,network_error,22,19,3,0.8636,1,5.11,0,67547.86,1,9.111704969742553,0.4092428016513451,3707.6292874047404,9059.73,3707.6292874047404
59,txn_009726,cust_02323,7327.72,upi,failed,network_error,24,17,7,0.7083,1,1.25,0,55396.62,0,8.89955615480254,0.505372902608925,3703.231125905472,7327.72,3703.231125905472
60,txn_009956,cust_00571,5693.87,card,abandoned,none,10,9,1,0.9,0,0.34,1,118507.92,1,8.647321048579478,0.6495547987196051,3698.4805817855977,5693.87,3698.4805817855977
61,txn_006416,cust_01693,9399.63,netbanking,abandoned,none,7,5,2,0.7143,0,5.42,1,13770.39,1,9.148531987288866,0.392860815683167,3692.746308919967,9399.63,3692.746308919967
62,txn_000936,cust_00724,7906.3,netbanking,abandoned,none,28,22,6,0.7857,0,3.81,1,76764.78,0,8.975541662416063,0.46609033556345586,3685.050020065351,7906.3,3685.050020065351
63,txn_009329,cust_02399,5717.63,wallet,abandoned,none,28,26,2,0.9286,0,1.73,1,119896.75,1,8.651484545197116,0.6425129277094487,3673.651190859375,5717.63,3673.651190859375
64,txn_005788,cust_00828,5993.29,netbanking,abandoned,none,29,28,1,0.9655,0,3.32,1,53380.5,1,8.6985626284213,0.6118680856144127,3667.1028788320036,5993.29,3667.1028788320036
65,txn_004681,cust_00092,10459.03,wallet,failed,insufficient_funds,36,28,8,0.7778,0,8.54,0,35287.1,1,9.255316605683635,0.33626137031298564,3516.9677599446263,10459.03,3516.9677599446263
66,txn_000689,cust_01602,5921.8,card,abandoned,none,15,12,3,0.8,0,0.99,1,86778.12,1,8.686564589034564,0.5898678081190083,3493.0791861191433,5921.8,3493.0791861191433
67,txn_004473,cust_01685,11328.56,netbanking,failed,insufficient_funds,17,14,3,0.8235,0,9.39,0,14579.39,0,9.335170518316499,0.3057795534784898,3464.04201835428,11328.56,3464.04201835428
68,txn_001260,cust_00976,10420.96,card,failed,network_error,22,17,5,0.7727,2,1.29,0,82394.71,1,9.251670397426869,0.3302568070331024,3441.5929758196785,10420.96,3441.5929758196785
69,txn_009349,cust_01749,5076.67,netbanking,abandoned,none,33,31,2,0.9394,0,1.12,1,61104.39,1,8.532607773937883,0.677244114499313,3438.144878755227,5076.67,3438.144878755227
70,txn_002004,cust_02473,5833.16,netbanking,abandoned,none,18,17,1,0.9444,0,2.54,1,130281.61,1,8.671485575488688,0.583975352308003,3406.421666068951,5833.16,3406.421666068951
71,txn_002623,cust_01852,5711.4,wallet,abandoned,none,15,14,1,0.9333,0,3.4,1,109348.16,0,8.650394529578778,0.5956259934171516,3401.8582988027197,5711.4,3401.8582988027197
72,txn_001597,cust_00821,8047.48,netbanking,failed,technical_error,6,5,1,0.8333,1,2.72,0,109335.12,1,8.993238532708116,0.41599296090637944,3347.6950330348704,8047.48,3347.6950330348704
73,txn_005820,cust_00171,7714.38,netbanking,abandoned,none,24,18,6,0.75,0,4.15,1,87793.93,1,8.950971018282928,0.427943299298799,3301.317229244669,7714.38,3301.317229244669
74,txn_004000,cust_01680,5789.17,wallet,abandoned,none,7,4,3,0.5714,0,0.28,1,4834.62,0,8.6639169311032,0.5660476635458142,3276.946152369521,5789.17,3276.946152369521
75,txn_004938,cust_02070,4487.81,upi,failed,technical_error,28,25,3,0.8929,0,1.62,0,48144.23,1,8.409342912201167,0.7275167168693348,3264.95679713337,4487.81,3264.95679713337
76,txn_008822,cust_01506,5181.25,netbanking,abandoned,none,8,8,0,1.0,0,3.48,1,75804.1,1,8.55299460387962,0.6251893113410405,3239.2621193857663,5181.25,3239.2621193857663
77,txn_001725,cust_00493,4682.23,netbanking,abandoned,none,1,1,0,1.0,0,0.84,1,134937.37,1,8.451743321793428,0.6858164739859495,3211.1504689912317,4682.23,3211.1504689912317
78,txn_004489,cust_01229,5443.52,card,abandoned,none,21,17,4,0.8095,0,1.88,1,54744.33,1,8.602364877211272,0.5894220518351105,3208.5307276054614,5443.52,3208.5307276054614
79,txn_000648,cust_00702,5719.9,wallet,failed,insufficient_funds,4,3,1,0.75,0,2.11,0,68127.94,0,8.65188141465413,0.5597872100404943,3201.926862710623,5719.9,3201.926862710623
80,txn_008648,cust_00757,6158.52,wallet,failed,network_error,19,11,8,0.5789,0,4.76,0,13497.39,0,8.725754131413561,0.5149164539368574,3171.123279899215,6158.52,3171.123279899215
81,txn_002167,cust_02420,11716.59,wallet,failed,network_error,7,5,2,0.7143,2,3.56,0,43035.07,0,9.36884641058665,0.2699442716322859,3162.826353564125,11716.59,3162.826353564125
82,txn_000312,cust_01820,20396.49,wallet,failed,network_error,13,9,4,0.6923,1,11.3,0,52057.81,0,9.923167133046677,0.15469872386771125,3155.310974380534,20396.49,3155.310974380534
83,txn_000272,cust_01882,5329.04,upi,abandoned,none,37,34,3,0.9189,0,3.3,1,100684.27,1,8.581114021822161,0.5833157904189566,3108.5131797742365,5329.04,3108.5131797742365
84,txn_007012,cust_01593,7325.49,upi,failed,bank_decline,25,21,4,0.84,0,3.5,0,41294.92,1,8.899251826168939,0.42426843651815466,3107.9741890293767,7325.49,3107.9741890293767
85,txn_005080,cust_02326,19692.92,netbanking,failed,bank_decline,37,29,8,0.7838,1,4.45,0,103215.77,0,9.888065237648588,0.15616050962626746,3075.256423229315,19692.92,3075.256423229315
86,txn_009901,cust_01467,3998.94,upi,failed,network_error,35,32,3,0.9143,0,1.14,0,92791.01,1,8.294034639989526,0.7650685105540387,3059.4630695949677,3998.94,3059.4630695949677
87,txn_000511,cust_00075,5840.84,netbanking,failed,network_error,24,22,2,0.9167,1,2.53,0,131929.56,0,8.672801094691769,0.5177578079365899,3024.1405149083516,5840.84,3024.1405149083516
88,txn_008277,cust_01345,13839.44,card,failed,bank_decline,29,18,11,0.6207,0,4.49,0,93292.09,1,9.535350020573823,0.21731729178461304,3007.5496206156454,13839.44,3007.5496206156454
89,txn_007959,cust_00339,5185.65,wallet,abandoned,none,36,29,7,0.8056,0,2.68,1,80107.37,1,8.5538432956915,0.5773903207472071,2994.1441167827543,5185.65,2994.1441167827543
90,txn_004491,cust_00153,6753.57,wallet,failed,network_error,36,33,3,0.9167,2,2.54,0,45607.43,1,8.817974591817432,0.43763306641044886,2955.585548317615,6753.57,2955.585548317615
91,txn_000157,cust_02091,4309.53,wallet,failed,network_error,20,18,2,0.9,0,5.23,0,32297.88,1,8.36881614537521,0.6798865795744607,2929.9916112735255,4309.53,2929.9916112735255
92,txn_005441,cust_01277,6602.66,card,failed,insufficient_funds,16,13,3,0.8125,0,5.86,0,38649.57,1,8.795379319765553,0.4404238944388621,2907.9692308556973,6602.66,2907.9692308556973
93,txn_005695,cust_02448,4210.45,wallet,abandoned,none,21,19,2,0.9048,0,2.53,1,3245.09,1,8.345562285430402,0.6901549507426874,2905.862912354548,4210.45,2905.862912354548
94,txn_008649,cust_01053,6112.1,card,failed,network_error,14,13,1,0.9286,1,4.24,0,114517.08,1,8.718189288475001,0.475124209221891,2904.0066791851204,6112.1,2904.0066791851204
95,txn_003583,cust_02488,4672.28,card,abandoned,none,10,9,1,0.9,0,1.97,1,92342.85,1,8.449616459587162,0.6211493726650055,2902.1837909152514,4672.28,2902.1837909152514
96,txn_002802,cust_00219,5206.11,upi,abandoned,none,38,26,12,0.6842,0,1.05,1,91392.57,0,8.557780278347865,0.5525702414917154,2876.7414599324343,5206.11,2876.7414599324343
97,txn_003825,cust_00005,5911.71,card,failed,network_error,28,27,1,0.9643,2,2.15,0,5735.62,0,8.684859550139842,0.4819988886775546,2849.437650183986,5911.71,2849.437650183986
98,txn_007321,cust_01858,5049.25,upi,abandoned,none,40,36,4,0.9,0,5.31,1,8239.46,0,8.52719302599457,0.5633502353611199,2844.496175897135,5049.25,2844.496175897135
99,txn_002409,cust_01998,9763.54,netbanking,failed,bank_decline,11,8,3,0.7273,0,2.8,0,147546.33,0,9.18651273518636,0.2902163626392111,2833.539065282443,9763.54,2833.539065282443
100,txn_003934,cust_02196,4571.42,wallet,abandoned,none,9,6,3,0.6667,0,0.69,1,17176.95,1,8.427797884212568,0.6132710084474322,2803.5193534367604,4571.42,2803.5193534367604
101,txn_002515,cust_01488,5581.15,wallet,abandoned,none,28,20,8,0.7143,0,3.99,1,41525.11,0,8.627329285824077,0.4998827307036609,2789.9205024667367,5581.15,2789.9205024667367
102,txn_000443,cust_00118,6230.04,netbanking,abandoned,none,26,17,9,0.6538,0,1.72,1,135463.99,1,8.737298532038944,0.447221699900387,2786.2090792474073,6230.04,2786.2090792474073
103,txn_006127,cust_00844,4771.58,card,abandoned,none,21,16,5,0.7619,0,0.83,1,97784.55,1,8.470642318162396,0.5818093968025522,2776.1500815951217,4771.58,2776.1500815951217
104,txn_008299,cust_01345,10983.83,upi,failed,technical_error,29,18,11,0.6207,0,9.34,0,93292.09,1,9.30427050905035,0.2527193271765965,2775.826127422116,10983.83,2775.826127422116
105,txn_000014,cust_01627,5065.24,upi,failed,network_error,28,26,2,0.9286,0,7.29,0,118984.54,0,8.530354204094037,0.5452894116912295,2762.021739674883,5065.24,2762.021739674883
106,txn_001904,cust_00128,3885.87,upi,failed,network_error,38,37,1,0.9737,0,4.32,0,72041.49,1,8.26535948547688,0.7099107573054462,2758.620914490514,3885.87,2758.620914490514
107,txn_000838,cust_02208,5758.5,upi,failed,bank_decline,34,30,4,0.8824,0,2.61,0,64914.48,0,8.658605944366562,0.4788134026241483,2757.2469790111577,5758.5,2757.2469790111577
108,txn_008184,cust_00609,5009.42,upi,abandoned,none,31,26,5,0.8387,0,4.83,1,11002.86,0,8.519275022900507,0.5479896796620292,2745.110461092562,5009.42,2745.110461092562
109,txn_000484,cust_00196,4343.56,upi,failed,technical_error,2,2,0,1.0,0,7.2,0,18185.92,1,8.376679766748978,0.6254982993947119,2716.889393318895,4343.56,2716.889393318895
110,txn_005292,cust_00418,6040.45,card,abandoned,none,6,5,1,0.8333,0,5.99,1,47863.06,0,8.70639932834274,0.4495123456533644,2715.256848301865,6040.45,2715.256848301865
111,txn_008295,cust_00073,13714.23,wallet,failed,network_error,39,29,10,0.7436,3,2.29,0,49299.25,0,9.526262173190988,0.19782855828850046,2713.0663489369017,13714.23,2713.0663489369017
112,txn_005368,cust_02335,4253.64,netbanking,abandoned,none,20,15,5,0.75,0,0.28,1,38395.13,1,8.35576543108268,0.6348590944875955,2700.462038676216,4253.64,2700.462038676216
113,txn_007822,cust_00887,5561.74,upi,abandoned,none,11,7,4,0.6364,0,1.75,1,89179.46,1,8.623846071611146,0.4852074789371101,2698.5978439036826,5561.74,2698.5978439036826
114,txn_005199,cust_01412,4477.85,wallet,abandoned,none,18,11,7,0.6111,0,0.39,1,14907.66,0,8.407121596028292,0.6003861557238732,2688.439147408146,4477.85,2688.439147408146
115,txn_009523,cust_02034,3784.09,netbanking,failed,network_error,33,27,6,0.8182,0,2.61,0,24746.2,1,8.23882494366019,0.7058067494841729,2670.836262655564,3784.09,2670.836262655564
116,txn_000523,cust_01880,3829.16,netbanking,abandoned,none,1,1,0,1.0,0,3.15,1,2899.66,0,8.25066185675904,0.6974946989269529,2670.818801343131,3829.16,2670.818801343131
117,txn_004740,cust_01321,9668.32,card,failed,insufficient_funds,25,16,9,0.64,0,8.24,0,1663.06,0,9.176713265395621,0.27624173649678185,2670.793505806566,9668.32,2670.793505806566
118,txn_009662,cust_01820,6007.11,wallet,abandoned,none,13,9,4,0.6923,0,4.73,1,52057.81,1,8.700865502197802,0.44350464515862065,2664.1811889788014,6007.11,2664.1811889788014
119,txn_006580,cust_01734,10332.42,upi,failed,network_error,18,13,5,0.7222,2,2.46,0,134657.67,0,9.243138581860777,0.25576477218626187,2642.669047432776,10332.42,2642.669047432776
120,txn_008217,cust_01654,4722.39,netbanking,abandoned,none,31,25,6,0.8065,0,1.73,1,118520.77,1,8.460282041121786,0.5588058238765663,2638.8990346164583,4722.39,2638.8990346164583
121,txn_002761,cust_00385,4211.05,card,abandoned,none,30,25,5,0.8333,0,2.42,1,11605.78,1,8.345704744028613,0.6257557611912102,2635.088798164246,4211.05,2635.088798164246
122,txn_008441,cust_02113,4951.74,upi,failed,insufficient_funds,15,14,1,0.9333,0,4.97,0,107117.67,0,8.50769623777209,0.5309849368835013,2629.299351363509,4951.74,2629.299351363509
123,txn_001939,cust_01438,4664.39,wallet,abandoned,none,7,5,2,0.7143,0,2.72,1,21861.96,0,8.447926711073226,0.5630789866441127,2626.419994512933,4664.39,2626.419994512933
124,txn_002090,cust_02155,5297.84,upi,failed,network_error,18,13,5,0.7222,1,1.0,0,125395.97,0,8.575243207660606,0.4947009115462492,2620.846277226181,5297.84,2620.846277226181
125,txn_008371,cust_00791,4563.65,upi,abandoned,none,34,31,3,0.9118,0,4.07,1,82068.21,1,8.426097119772116,0.5736742265111985,2618.0483838178307,4563.65,2618.0483838178307
126,txn_009296,cust_02475,4012.78,wallet,abandoned,none,36,28,8,0.7778,0,1.55,1,24891.17,0,8.29748871968286,0.6521641489408967,2616.9912535870517,4012.78,2616.9912535870517
127,txn_000858,cust_01487,8172.99,netbanking,failed,bank_decline,2,2,0,1.0,1,3.9,0,50916.64,1,9.008712440732234,0.3200068733429106,2615.412975762875,8172.99,2615.412975762875
128,txn_007910,cust_02207,8311.05,upi,failed,insufficient_funds,24,15,9,0.625,0,5.17,0,131348.82,0,9.025461548160393,0.3134865228432032,2605.4021656760037,8311.05,2605.4021656760037
129,txn_007248,cust_00057,6026.14,upi,failed,authentication_failed,30,22,8,0.7333,0,3.2,0,79838.04,1,8.704027882016977,0.43211013384190866,2603.9561619500796,6026.14,2603.9561619500796
130,txn_008724,cust_01206,5832.86,wallet,abandoned,none,26,14,12,0.5385,0,1.05,1,139402.37,0,8.671434152882272,0.4449119019003964,2595.1088361187462,5832.86,2595.1088361187462
131,txn_000741,cust_00098,8230.3,card,failed,network_error,14,12,2,0.8571,2,3.47,0,81345.86,0,9.015699239884682,0.3144695985789855,2588.179137184624,8230.3,2588.179137184624
132,txn_004021,cust_00401,4815.76,netbanking,abandoned,none,39,37,2,0.9487,0,5.74,1,38304.82,0,8.479856781847364,0.536833968532527,2585.2635523002023,4815.76,2585.2635523002023
133,txn_004360,cust_01526,7720.81,card,failed,insufficient_funds,20,17,3,0.85,0,9.63,0,16488.4,0,8.951804071496868,0.3340144021960504,2578.861736619288,7720.81,2578.861736619288
134,txn_000438,cust_00612,4048.78,upi,abandoned,none,24,21,3,0.875,0,1.27,1,121953.62,1,8.306417837637492,0.6361669159707501,2575.699886044054,4048.78,2575.699886044054
135,txn_005121,cust_00839,5480.28,upi,abandoned,none,37,27,10,0.7297,0,5.4,1,5825.41,1,8.609093929309621,0.4685339558917051,2567.6972677941935,5480.28,2567.6972677941935
136,txn_003767,cust_00154,3293.55,wallet,failed,network_error,7,7,0,1.0,0,1.94,0,140900.57,1,8.100024867048543,0.7795036926382606,2567.334386888743,3293.55,2567.334386888743
137,txn_006695,cust_01561,10911.19,card,failed,network_error,16,12,4,0.75,1,9.6,0,15114.07,1,9.297635791955116,0.23457534731913582,2559.4961839150815,10911.19,2559.4961839150815
138,txn_007481,cust_02019,4465.46,upi,abandoned,none,5,3,2,0.6,0,0.16,1,28859.51,0,8.40435142754375,0.5714612401084226,2551.8373092545567,4465.46,2551.8373092545567
139,txn_001267,cust_01133,4351.61,netbanking,abandoned,none,36,30,6,0.8333,0,3.14,1,33335.46,1,8.378530944154697,0.5817891638109839,2531.7195431315154,4351.61,2531.7195431315154
140,txn_008034,cust_01486,6521.63,upi,abandoned,none,8,6,2,0.75,0,5.49,1,115943.11,1,8.783032947820313,0.3873527160513977,2526.171093582277,6521.63,2526.171093582277
141,txn_007386,cust_00707,4850.28,netbanking,abandoned,none,34,31,3,0.9118,0,4.98,1,78889.46,0,8.486997866637198,0.5195116363838003,2519.7768997196185,4850.28,2519.7768997196185
142,txn_005916,cust_00440,4388.99,netbanking,abandoned,none,16,13,3,0.8125,0,2.55,1,69061.18,0,8.387082228162294,0.5668598034544007,2487.94200876333,4388.99,2487.94200876333
143,txn_004606,cust_01561,3619.07,wallet,abandoned,none,16,12,4,0.75,0,0.31,1,15114.07,1,8.194248641649434,0.6864359341892808,2484.2596963464007,3619.07,2484.2596963464007
144,txn_005713,cust_01577,8154.76,wallet,failed,network_error,25,22,3,0.88,3,0.27,0,102798.72,0,9.006479705072078,0.3039210424815959,2478.403160387219,8154.76,2478.403160387219
145,txn_008350,cust_00389,5270.8,wallet,abandoned,none,35,28,7,0.8,0,6.31,1,34496.61,0,8.570127139195673,0.4700298291209545,2477.433223330727,5270.8,2477.433223330727
146,txn_002966,cust_02321,11906.15,upi,failed,bank_decline,12,11,1,0.9167,2,1.58,0,75316.73,0,9.384894339003472,0.20761913666081527,2471.944583954166,11906.15,2471.944583954166
147,txn_008519,cust_00744,3406.09,wallet,abandoned,none,16,15,1,0.9375,0,1.54,1,47110.72,0,8.133613833514001,0.7234286807068947,2464.063195068947,3406.09,2464.063195068947
148,txn_009615,cust_01738,5020.7,netbanking,abandoned,none,7,6,1,0.8571,0,3.77,1,145902.0,0,8.521523800776684,0.4891159680183149,2455.704540629554,5020.7,2455.704540629554
149,txn_001031,cust_00814,4411.44,netbanking,abandoned,none,22,18,4,0.8182,0,3.42,1,41709.27,1,8.392183103415391,0.5563732907234007,2454.4073896288387,4411.44,2454.4073896288387
150,txn_002702,cust_02426,5163.87,wallet,abandoned,none,32,23,9,0.7188,0,3.11,1,149696.55,1,8.549635211827496,0.4702537736238346,2428.329354002911,5163.87,2428.329354002911
151,txn_004456,cust_01596,3561.49,card,failed,technical_error,18,17,1,0.9444,1,0.22,0,9730.09,0,8.178215017555422,0.6815941869938413,2427.490881036696,3561.49,2427.490881036696
152,txn_007117,cust_00656,4916.29,wallet,abandoned,none,28,23,5,0.8214,0,6.22,1,27178.53,0,8.50051284472501,0.49302268759034534,2423.842508773539,4916.29,2423.842508773539
153,txn_005361,cust_00219,3822.43,netbanking,failed,technical_error,38,26,12,0.6842,0,0.63,0,91392.57,0,8.248903204483552,0.6320983286392587,2416.1516143405615,3822.43,2416.1516143405615
154,txn_009740,cust_02279,4274.23,netbanking,abandoned,none,31,28,3,0.9032,0,4.93,1,18323.98,1,8.36059318109322,0.5642189053204805,2411.601371687957,4274.23,2411.601371687957
155,txn_004214,cust_00300,4193.12,upi,failed,network_error,25,22,3,0.88,1,2.79,0,60101.51,0,8.341438823355832,0.574346169325224,2408.302409520983,4193.12,2408.302409520983
156,txn_004841,cust_02325,11074.42,netbanking,failed,bank_decline,12,9,3,0.75,0,6.69,0,86140.05,0,9.312483517444832,0.2167834990390137,2400.751517427634,11074.42,2400.751517427634
157,txn_009742,cust_00218,8593.61,upi,failed,network_error,14,12,2,0.8571,1,9.62,0,65053.33,0,9.058890541569314,0.2790913060156741,2398.4018382893573,8593.61,2398.4018382893573
158,txn_002302,cust_00896,5374.62,netbanking,failed,network_error,2,2,0,1.0,0,11.46,0,75207.67,1,8.589629195180907,0.4448274801883191,2390.7786715697434,5374.62,2390.7786715697434
159,txn_007236,cust_02074,3376.36,upi,abandoned,none,38,34,4,0.8947,0,1.65,1,7782.01,1,8.124849618198045,0.7079007557587597,2390.127795713646,3376.36,2390.127795713646
160,txn_008622,cust_00293,6169.72,netbanking,failed,bank_decline,14,12,2,0.8571,0,4.04,0,70290.06,0,8.727570803770348,0.38733731931796983,2389.762805742465,6169.72,2389.762805742465
161,txn_000098,cust_00447,3084.86,wallet,abandoned,none,1,1,0,1.0,0,1.21,1,43143.01,1,8.034585665724231,0.7699081387589912,2375.0588209320617,3084.86,2375.0588209320617
162,txn_002842,cust_01006,6326.15,netbanking,abandoned,none,31,24,7,0.7742,0,6.65,1,72139.83,1,8.7526051767843,0.37534523390150115,2374.4902514459814,6326.15,2374.4902514459814
163,txn_008252,cust_01116,5594.08,upi,abandoned,none,21,15,6,0.7143,0,4.5,1,104749.95,1,8.62964291912459,0.4227914653849918,2365.1292806808747,5594.08,2365.1292806808747
164,txn_007234,cust_01664,4732.58,upi,abandoned,none,6,4,2,0.6667,0,2.75,1,51354.64,0,8.462437066239481,0.4984666354159136,2359.0332294366444,4732.58,2359.0332294366444
165,txn_002464,cust_01188,3642.54,card,abandoned,none,15,15,0,1.0,0,4.04,1,45696.22,1,8.200711015504856,0.6457593441251637,2352.204241349674,3642.54,2352.204241349674
166,txn_005394,cust_00835,3733.18,upi,abandoned,none,10,8,2,0.8,0,0.37,1,127451.73,1,8.22528352861737,0.6280370360008952,2344.575302057822,3733.18,2344.575302057822
167,txn_000051,cust_01293,4286.52,wallet,failed,technical_error,33,21,12,0.6364,0,2.69,0,112281.1,1,8.363463756186349,0.5455696675616818,2338.5952913965007,4286.52,2338.5952913965007
168,txn_009082,cust_01829,6467.15,card,failed,network_error,11,7,4,0.6364,0,7.81,0,73946.99,1,8.774645411522707,0.36099739293456223,2334.624289716754,6467.15,2334.624289716754
169,txn_004405,cust_01183,3669.33,wallet,abandoned,none,34,27,7,0.7941,0,2.18,1,38610.31,0,8.208036855262343,0.6352783403468623,2331.045872584952,3669.33,2331.045872584952
170,txn_005435,cust_02119,3490.94,wallet,failed,network_error,7,6,1,0.8571,0,5.56,0,27189.75,1,8.158212734681294,0.662340971896428,2312.1925924321167,3490.94,2312.1925924321167
171,txn_009388,cust_00177,4579.34,upi,abandoned,none,36,31,5,0.8611,0,4.5,1,132736.07,0,8.42952851016075,0.49827636962699606,2281.7769104876884,4579.34,2281.7769104876884
172,txn_004161,cust_00640,4688.6,upi,abandoned,none,4,3,1,0.75,0,4.92,1,24181.41,1,8.453102569956629,0.4858377448878156,2277.8988506810124,4688.6,2277.8988506810124
173,txn_003848,cust_01150,3749.73,wallet,abandoned,none,24,21,3,0.875,0,4.11,1,47625.38,0,8.229705766686026,0.6019845033075965,2257.2793515875937,3749.73,2257.2793515875937
174,txn_002830,cust_01768,6741.93,wallet,abandoned,none,18,10,8,0.5556,0,4.83,1,98086.51,0,8.816249827544704,0.3335662451629402,2248.8802752513816,6741.93,2248.8802752513816
175,txn_004584,cust_00169,5333.95,upi,abandoned,none,8,6,2,0.75,0,6.73,1,12211.34,1,8.582034791620709,0.42067150319872776,2243.840764486854,5333.95,2243.840764486854
176,txn_005768,cust_01437,7521.49,wallet,failed,network_error,14,13,1,0.9286,2,7.3,0,13916.52,0,8.92565247915802,0.29797544198446607,2241.2193071317415,7521.49,2241.2193071317415
177,txn_003652,cust_00627,9716.7,netbanking,failed,insufficient_funds,36,29,7,0.8056,2,3.55,0,4911.82,0,9.181704243939848,0.22979962756499087,2232.894041160747,9716.7,2232.894041160747
178,txn_008977,cust_01930,3882.3,wallet,abandoned,none,4,4,0,1.0,0,6.35,1,76532.47,0,8.26444058659791,0.5748815188930303,2231.8625207984114,3882.3,2231.8625207984114
179,txn_006023,cust_02028,4238.59,wallet,failed,technical_error,40,35,5,0.875,0,6.48,0,126627.86,1,8.352221845437231,0.5235799609369397,2219.2407866277035,4238.59,2219.2407866277035
180,txn_006952,cust_01211,4536.6,card,abandoned,none,9,7,2,0.7778,0,3.26,1,118784.21,0,8.420153516897754,0.4889759556368064,2218.288320341936,4536.6,2218.288320341936
181,txn_000765,cust_01071,2926.22,wallet,abandoned,none,26,25,1,0.9615,0,1.12,1,38914.13,1,7.981808446149543,0.7554153521616483,2210.5115118024582,2926.22,2210.5115118024582
182,txn_001411,cust_01501,4678.38,upi,abandoned,none,3,2,1,0.6667,0,2.88,1,83376.85,0,8.450920901503144,0.47211427474023926,2208.7299806592405,4678.38,2208.7299806592405
183,txn_009162,cust_00702,4121.17,card,abandoned,none,4,3,1,0.75,0,2.6,1,68127.94,1,8.32413500271545,0.5346870676422459,2203.5363025551947,4121.17,2203.5363025551947
184,txn_003323,cust_01229,6086.29,wallet,failed,insufficient_funds,21,17,4,0.8095,0,8.75,0,54744.33,0,8.713958269875896,0.3616848658192558,2201.318981987078,6086.29,2201.318981987078
185,txn_006989,cust_01311,4771.93,card,abandoned,none,11,10,1,0.9091,0,5.65,1,139558.44,1,8.470715651069733,0.4611280098203539,2200.4705839020417,4771.93,2200.4705839020417
186,txn_005975,cust_02000,4361.3,card,abandoned,none,4,3,1,0.75,0,2.69,1,103898.63,0,8.38075472018755,0.5045263423696646,2200.3907369768185,4361.3,2200.3907369768185
187,txn_005952,cust_02170,7330.75,netbanking,failed,network_error,39,33,6,0.8462,0,12.21,0,107878.1,1,8.899969511269711,0.2970541845327525,2177.6299632634755,7330.75,2177.6299632634755
188,txn_003219,cust_00491,3014.25,upi,failed,network_error,30,27,3,0.9,0,2.92,0,96047.79,0,8.011438024463352,0.7215092639472701,2174.809298853059,3014.25,2174.809298853059
189,txn_002641,cust_01914,4539.04,netbanking,failed,bank_decline,5,4,1,0.8,0,1.65,0,39980.32,0,8.420691101569268,0.478210031180938,2170.614459931525,4539.04,2170.614459931525
190,txn_003085,cust_01821,4338.24,netbanking,failed,technical_error,37,33,4,0.8919,0,6.29,0,134033.92,0,8.375454496552619,0.4987317469111741,2163.6180137199317,4338.24,2163.6180137199317
191,txn_007161,cust_01221,4194.06,wallet,abandoned,none,23,14,9,0.6087,0,1.7,1,83402.62,1,8.341662921540383,0.5144267998202269,2157.536864054021,4194.06,2157.536864054021
192,txn_000260,cust_00796,5155.7,netbanking,abandoned,none,2,1,1,0.5,0,1.5,1,54206.99,1,8.548052119002222,0.4161913174661736,2145.7575754603513,5155.7,2145.7575754603513
193,txn_005457,cust_02380,14625.7,netbanking,failed,authentication_failed,23,22,1,0.9565,0,13.72,0,129194.95,0,9.59060390466103,0.1461674566102006,2137.8013701438113,14625.7,2137.8013701438113
194,txn_003009,cust_00489,2845.6,wallet,abandoned,none,16,15,1,0.9375,0,0.39,1,75152.42,1,7.953880578636525,0.7507112501490715,2136.2239334241976,2845.6,2136.2239334241976
195,txn_003565,cust_01322,3231.11,upi,failed,network_error,14,13,1,0.9286,1,2.03,0,31661.89,1,8.080890453715286,0.6603183413686132,2133.56119597954,3231.11,2133.56119597954
196,txn_003347,cust_01720,3507.36,upi,abandoned,none,10,8,2,0.8,0,2.9,1,23081.76,0,8.162903970803704,0.6080953469222523,2132.809295981231,3507.36,2132.809295981231
197,txn_008045,cust_02286,5377.53,wallet,failed,bank_decline,6,4,2,0.6667,0,2.08,0,60440.66,1,8.59017038161982,0.39542219910172033,2126.394738335474,5377.53,2126.394738335474
198,txn_001022,cust_01300,4005.2,netbanking,abandoned,none,19,15,4,0.7895,0,3.46,1,62980.34,0,8.295598440091878,0.5307386113628816,2125.714286230613,4005.2,2125.714286230613
199,txn_005387,cust_00559,7812.54,card,failed,network_error,23,19,4,0.8261,2,5.75,0,10021.96,1,8.963613405184976,0.27203036421107313,2125.248101613577,7812.54,2125.248101613577
200,txn_003070,cust_00446,3643.15,upi,abandoned,none,33,22,11,0.6667,0,1.41,1,40808.73,0,8.200878421089184,0.582628662301765,2122.603611064675,3643.15,2122.603611064675
201,txn_003331,cust_00533,4505.32,netbanking,abandoned,none,35,30,5,0.8571,0,6.7,1,19414.72,0,8.413236134893191,0.4707750508516094,2120.992252102773,4505.32,2120.992252102773
202,txn_008878,cust_00849,3097.86,card,abandoned,none,17,15,2,0.8824,0,0.26,1,105901.63,1,8.038789580904107,0.6836322601102347,2117.7970333050916,3097.86,2117.7970333050916
203,txn_001426,cust_02330,4363.37,card,abandoned,none,10,7,3,0.7,0,3.09,1,71475.07,0,8.381229127960234,0.4832856424364562,2108.75407363796,4363.37,2108.75407363796
204,txn_009714,cust_01753,3150.43,netbanking,abandoned,none,16,15,1,0.9375,0,3.27,1,5927.59,1,8.055611597061235,0.6672300036609868,2102.0614204336825,3150.43,2102.0614204336825
205,txn_009944,cust_01731,5371.3,upi,abandoned,none,26,15,11,0.5769,0,5.2,1,6778.6,0,8.589011401206706,0.3913081540256275,2101.833487717853,5371.3,2101.833487717853
206,txn_002306,cust_02272,9834.99,upi,failed,authentication_failed,35,27,8,0.7714,1,4.86,0,122158.96,1,9.193803386662122,0.21321061188426765,2096.9242357756534,9834.99,2096.9242357756534
207,txn_001761,cust_02063,3575.7,card,failed,network_error,10,9,1,0.9,0,8.01,0,4539.19,0,8.182195866577699,0.5848561424722309,2091.270108637956,3575.7,2091.270108637956
208,txn_003200,cust_00649,3662.35,wallet,abandoned,none,20,16,4,0.8,0,4.59,1,7767.19,1,8.206133308309745,0.570856723012397,2090.677119524452,3662.35,2090.677119524452
209,txn_005963,cust_00956,2715.44,wallet,abandoned,none,38,36,2,0.9474,0,0.33,1,46844.0,1,7.907077478503035,0.7687350032034003,2087.4537770986412,2715.44,2087.4537770986412
210,txn_000203,cust_00311,3298.65,wallet,abandoned,none,24,20,4,0.8333,0,2.01,1,95702.18,1,8.101571681223687,0.631212180791407,2082.1480601675744,3298.65,2082.1480601675744
211,txn_004203,cust_00853,4386.75,upi,failed,bank_decline,9,8,1,0.8889,0,2.21,0,128071.12,0,8.386571846207799,0.474351125808772,2080.8598011416307,4386.75,2080.8598011416307
212,txn_002792,cust_00373,5535.11,netbanking,failed,bank_decline,38,31,7,0.8158,0,2.61,0,148514.66,1,8.619047367042297,0.3751321402591309,2076.397660869718,5535.11,2076.397660869718
213,txn_005051,cust_02407,3960.46,card,abandoned,none,28,21,7,0.75,0,2.66,1,94173.13,1,8.28436792316891,0.5242285227857308,2076.1860953519754,3960.46,2076.1860953519754
214,txn_002148,cust_01058,2930.14,wallet,abandoned,none,8,7,1,0.875,0,2.04,1,10201.95,0,7.983146704837995,0.7068824205606128,2071.2644557814738,2930.14,2071.2644557814738
215,txn_004007,cust_01153,4026.54,upi,failed,technical_error,2,2,0,1.0,2,1.33,0,39855.34,1,8.30091104672124,0.5143623176863471,2071.1004466567842,4026.54,2071.1004466567842
216,txn_006453,cust_00694,3258.43,netbanking,abandoned,none,19,18,1,0.9474,0,4.27,1,12432.92,0,8.089307612447532,0.6325131156447623,2060.9997114103626,3258.43,2060.9997114103626
217,txn_006791,cust_01817,4046.72,netbanking,abandoned,none,25,17,8,0.68,0,2.15,1,79945.94,0,8.305909038614475,0.5081891083026076,2056.499028350328,4046.72,2056.499028350328
218,txn_007171,cust_00298,6557.32,upi,abandoned,none,7,4,3,0.5714,0,5.32,1,87224.03,0,8.78848975157858,0.31355111163955623,2056.054975376295,6557.32,2056.054975376295
219,txn_002359,cust_01205,2728.81,upi,abandoned,none,14,14,0,1.0,0,0.75,1,88468.38,1,7.91198728868742,0.7521509429605794,2052.4770146602586,2728.81,2052.4770146602586
220,txn_001605,cust_00814,2872.86,card,failed,technical_error,22,18,4,0.8182,0,1.39,0,41709.27,1,7.963411352856788,0.7142053054773315,2051.811853893607,2872.86,2051.811853893607
221,txn_004072,cust_01822,4991.24,netbanking,abandoned,none,30,22,8,0.7333,0,6.34,1,22340.4,0,8.515639985816682,0.41017373676461244,2047.2755618890042,4991.24,2047.2755618890042
222,txn_005647,cust_02478,3110.67,upi,failed,network_error,35,30,5,0.8571,1,0.72,0,55699.79,1,8.04291483854442,0.6548401074381672,2036.9914770046837,3110.67,2036.9914770046837
223,txn_006434,cust_00105,7752.65,wallet,failed,technical_error,4,3,1,0.75,2,2.85,0,101331.32,1,8.955918979218831,0.2627457164796374,2036.9755788658608,7752.65,2036.9755788658608
224,txn_009080,cust_01536,5703.42,card,failed,bank_decline,33,29,4,0.8788,0,6.4,0,20893.56,0,8.648996591921959,0.35507880097147637,2025.1635350367378,5703.42,2025.1635350367378
225,txn_005860,cust_02309,4901.18,netbanking,failed,authentication_failed,35,19,16,0.5429,0,2.24,0,5851.83,1,8.497435283120149,0.4112454510042244,2015.5879795528847,4901.18,2015.5879795528847
226,txn_005351,cust_00731,2690.15,upi,abandoned,none,7,7,0,1.0,0,1.22,1,76645.77,1,7.897723890533503,0.7473704175500228,2010.5385287721938,2690.15,2010.5385287721938
227,txn_002232,cust_00841,5842.44,card,failed,bank_decline,24,23,1,0.9583,0,7.3,0,56429.99,0,8.673074943501554,0.34268702100351833,2002.1283589917955,5842.44,2002.1283589917955
228,txn_006270,cust_00049,3823.8,card,abandoned,none,38,33,5,0.8684,0,5.17,1,60510.68,1,8.249261457311894,0.5199037217970542,1988.007851407576,3823.8,1988.007851407576
229,txn_003289,cust_01871,3417.8,wallet,failed,technical_error,8,7,1,0.875,0,5.5,0,117929.25,1,8.137044891291863,0.5792514153546273,1979.7654873990455,3417.8,1979.7654873990455
230,txn_002557,cust_02342,9509.13,wallet,failed,insufficient_funds,24,21,3,0.875,0,13.67,0,84492.16,0,9.160112825267246,0.2081721009233986,1979.5355700537173,9509.13,1979.5355700537173
231,txn_002704,cust_01841,7447.99,upi,failed,network_error,7,5,2,0.7143,2,3.8,0,58149.02,1,8.915833731713299,0.26556244535008394,1977.9064373429717,7447.99,1977.9064373429717
232,txn_003365,cust_00093,3069.33,wallet,abandoned,none,15,13,2,0.8667,0,3.95,1,2071.44,0,8.029540326661085,0.6430177341353831,1973.6336219137554,3069.33,1973.6336219137554
233,txn_005508,cust_00243,7039.76,wallet,failed,network_error,29,25,4,0.8621,2,5.59,0,92285.2,0,8.85947139787087,0.2795481859093259,1967.9521372370361,7039.76,1967.9521372370361
234,txn_004469,cust_00060,7040.39,upi,failed,insufficient_funds,8,8,0,1.0,2,4.13,0,102574.84,1,8.859560872844567,0.27921498932822447,1965.7824187165384,7040.39,1965.7824187165384
235,txn_002658,cust_02199,4045.71,wallet,abandoned,none,10,7,3,0.7,0,3.64,1,91221.14,1,8.305659484290022,0.4857109583454809,1965.0456812878956,4045.71,1965.0456812878956
236,txn_004494,cust_00837,7822.35,netbanking,failed,insufficient_funds,5,4,1,0.8,2,2.37,0,36163.31,0,8.964868130553898,0.2511152414495921,1964.3113089532167,7822.35,1964.3113089532167
237,txn_005295,cust_02392,4256.22,card,abandoned,none,27,23,4,0.8519,0,6.71,1,39711.25,1,8.356371644079372,0.4614320088973388,1963.9561449090315,4256.22,1963.9561449090315
238,txn_002384,cust_02481,5559.66,netbanking,failed,technical_error,12,10,2,0.8333,0,9.1,0,132556.92,1,8.623472085235713,0.3531164638749282,1963.2074795468832,5559.66,1963.2074795468832
239,txn_004144,cust_01581,6374.36,wallet,abandoned,none,3,1,2,0.3333,0,1.9,1,92501.88,0,8.760195839020458,0.30791036087921625,1962.7314879740409,6374.36,1962.7314879740409
240,txn_004380,cust_00599,2744.42,card,failed,technical_error,30,24,6,0.8,0,0.72,0,76327.11,0,7.91768934770397,0.7108592199457038,1950.8962604033884,2744.42,1950.8962604033884
241,txn_008422,cust_01696,3460.35,upi,abandoned,none,38,30,8,0.7895,0,3.93,1,34899.4,1,8.149413965364323,0.5631959479077543,1948.8550983425976,3460.35,1948.8550983425976
242,txn_006738,cust_01749,6416.99,wallet,failed,authentication_failed,33,31,2,0.9394,1,6.26,0,61104.39,0,8.766860263550795,0.3033217998694426,1946.4129565442142,6416.99,1946.4129565442142
243,txn_002930,cust_00972,4199.96,card,abandoned,none,21,18,3,0.8571,0,4.83,1,149720.31,0,8.343068349581563,0.46240650987806375,1942.0888452274726,4199.96,1942.0888452274726
244,txn_002366,cust_00949,6757.3,card,failed,technical_error,26,24,2,0.9231,1,7.65,0,148601.74,0,8.81852665812085,0.2871528818178142,1940.3781683075158,6757.3,1940.3781683075158
245,txn_001195,cust_01821,5074.75,upi,failed,network_error,37,33,4,0.8919,1,6.6,0,134033.92,0,8.53222957624235,0.38221035515954366,1939.6219998458942,5074.75,1939.6219998458942
246,txn_001409,cust_00400,3442.81,netbanking,abandoned,none,28,21,7,0.75,0,1.44,1,110445.55,1,8.144333695616961,0.5633397669980571,1939.4717832185809,3442.81,1939.4717832185809
247,txn_004441,cust_00797,3894.73,wallet,abandoned,none,5,4,1,0.8,0,5.64,1,52375.57,1,8.267636360512892,0.4975359396872207,1937.768150378009,3894.73,1937.768150378009
248,txn_009762,cust_01766,3662.86,upi,failed,authentication_failed,14,12,2,0.8571,0,2.38,0,128709.57,0,8.206272515457028,0.5272852018976859,1931.3718746229579,3662.86,1931.3718746229579
249,txn_003175,cust_01780,7769.08,upi,failed,technical_error,26,21,5,0.8077,1,8.58,0,88088.59,0,8.958035739318985,0.24755212871178173,1923.2522921321292,7769.08,1923.2522921321292
250,txn_006968,cust_00467,2655.27,wallet,abandoned,none,10,9,1,0.9,0,2.02,1,12149.41,1,7.8846781620561455,0.7232867900087792,1920.5217149066111,2655.27,1920.5217149066111
251,txn_006658,cust_01408,2450.5,upi,failed,technical_error,1,1,0,1.0,0,0.9,0,148783.9,1,7.804455361091288,0.7762007882510056,1902.0800316090892,2450.5,1902.0800316090892
252,txn_002808,cust_01475,4006.36,card,failed,bank_decline,16,12,4,0.75,0,1.87,0,9627.99,0,8.295887949375668,0.4743384135504883,1900.3704465121343,4006.36,1900.3704465121343
253,txn_005231,cust_02124,4881.64,upi,abandoned,none,5,4,1,0.8,0,6.87,1,109386.38,1,8.493441336174874,0.38782214953317984,1893.208118047152,4881.64,1893.208118047152
254,txn_003577,cust_02194,2948.7,card,abandoned,none,39,31,8,0.7949,0,0.7,1,88998.8,0,7.989458749247333,0.640346711768814,1888.1903489927017,2948.7,1888.1903489927017
255,txn_009034,cust_00418,2935.91,netbanking,abandoned,none,6,5,1,0.8333,0,1.74,1,47863.06,1,7.9851132872153086,0.6430815839098919,1888.0296530168907,2935.91,1888.0296530168907
256,txn_005759,cust_01492,4994.49,netbanking,failed,authentication_failed,24,19,5,0.7917,1,2.28,0,9260.43,0,8.516290784369447,0.3765911339573375,1880.8806526385824,4994.49,1880.8806526385824
257,txn_006173,cust_01714,3049.14,netbanking,abandoned,none,36,27,9,0.75,0,1.13,1,60205.89,1,8.022942770187354,0.6154568162161612,1876.6139965973457,3049.14,1876.6139965973457
258,txn_009710,cust_00214,3395.05,card,failed,technical_error,25,16,9,0.64,0,2.18,0,101920.37,1,8.130368270526622,0.5523842484533009,1875.3721427113794,3395.05,1875.3721427113794
259,txn_005567,cust_01604,2329.24,upi,failed,technical_error,12,11,1,0.9167,0,0.56,0,27238.95,1,7.753726545547014,0.804748012327254,1874.4512602331329,2329.24,1874.4512602331329
260,txn_008237,cust_01665,7443.44,wallet,failed,technical_error,40,37,3,0.925,3,1.07,0,134090.7,0,8.91522272402178,0.25174434967397846,1873.8439621372781,7443.44,1873.8439621372781
261,txn_001196,cust_01135,4658.09,upi,abandoned,none,22,10,12,0.4545,0,2.57,1,46175.02,0,8.446575429080314,0.40014095185262794,1863.8925664152077,4658.09,1863.8925664152077
262,txn_005178,cust_02112,3266.39,card,abandoned,none,21,17,4,0.8095,0,3.66,1,37680.1,0,8.091746780050295,0.5673008103216024,1853.0256938263788,3266.39,1853.0256938263788
263,txn_002071,cust_01658,2500.11,upi,abandoned,none,3,3,0,1.0,0,2.17,1,44941.38,0,7.824489912317459,0.7409783763795006,1852.5274485701534,2500.11,1852.5274485701534
264,txn_009226,cust_01834,3280.13,wallet,abandoned,none,3,3,0,1.0,0,6.88,1,80533.61,0,8.095943154242612,0.5637667149328921,1849.2281146528273,3280.13,1849.2281146528273
265,txn_009506,cust_00502,5656.72,netbanking,failed,bank_decline,25,22,3,0.88,0,6.04,0,86216.48,1,8.640776263185572,0.32678903074709337,1848.5540460076982,5656.72,1848.5540460076982
266,txn_008222,cust_02393,9080.76,upi,failed,technical_error,20,18,2,0.9,2,8.58,0,2572.82,0,9.114023285411347,0.20355994529516783,1848.4790088385482,9080.76,1848.4790088385482
267,txn_004523,cust_01366,2808.83,upi,abandoned,none,3,3,0,1.0,0,4.31,1,68010.12,1,7.940879262277059,0.6562003397367178,1843.155200262685,2808.83,1843.155200262685
268,txn_009315,cust_02409,3990.86,wallet,abandoned,none,40,36,4,0.9,0,6.89,1,121328.67,1,8.292012566676103,0.46129484203675786,1840.9631332908154,3990.86,1840.9631332908154
269,txn_004363,cust_02395,3170.09,upi,abandoned,none,9,9,0,1.0,0,6.56,1,52238.85,0,8.061830656349393,0.5788253458554401,1834.9284406428721,3170.09,1834.9284406428721
270,txn_000170,cust_00464,2760.57,wallet,abandoned,none,29,20,9,0.6897,0,0.65,1,15857.04,0,7.923554637562432,0.6642340052832791,1833.664467964862,2760.57,1833.664467964862
271,txn_000559,cust_01389,3908.94,upi,abandoned,none,27,22,5,0.8148,0,6.24,1,56900.68,0,8.27127730759313,0.46843793477814155,1831.0957807716686,3908.94,1831.0957807716686
272,txn_003002,cust_02461,2862.28,card,abandoned,none,15,11,4,0.7333,0,0.45,1,48194.19,1,7.959723099827057,0.63917884960635,1829.5088376512635,2862.28,1829.5088376512635
273,txn_008919,cust_00305,3443.82,wallet,abandoned,none,37,33,4,0.8919,0,5.2,1,117612.67,0,8.144626932445544,0.5311087821535474,1829.0430461560297,3443.82,1829.0430461560297
274,txn_005168,cust_01058,2850.08,card,abandoned,none,8,7,1,0.875,0,3.33,1,10201.95,0,7.955453148848697,0.6395605638860387,1822.798771920321,2850.08,1822.798771920321
275,txn_002940,cust_00825,3749.57,wallet,failed,authentication_failed,21,17,4,0.8095,0,3.67,0,99476.96,1,8.229663107413627,0.4859265027660494,1822.0154369764957,3749.57,1822.0154369764957
276,txn_002817,cust_00094,2810.45,card,abandoned,none,4,3,1,0.75,0,0.72,1,35112.33,0,7.941455643473104,0.6450930876811786,1813.001868273568,2810.45,1813.001868273568
277,txn_007827,cust_00624,2723.92,upi,abandoned,none,18,18,0,1.0,0,3.62,1,86540.9,1,7.910194348868231,0.665363235277147,1812.3962238361264,2723.92,1812.3962238361264
278,txn_002679,cust_01143,3498.83,netbanking,abandoned,none,19,15,4,0.7895,0,4.16,1,57718.6,1,8.160469674869304,0.5168204577537532,1808.2669222025643,3498.83,1808.2669222025643
279,txn_005622,cust_01591,3010.12,netbanking,abandoned,none,32,27,5,0.8438,0,3.06,1,52261.08,1,8.010067381556736,0.5999974203898044,1806.064235063758,3010.12,1806.064235063758
280,txn_005723,cust_01119,3572.92,netbanking,abandoned,none,35,19,16,0.5429,0,0.75,1,71554.3,1,8.181418311585247,0.5052542768654589,1805.2331108981355,3572.92,1805.2331108981355
281,txn_001367,cust_02273,3010.72,upi,abandoned,none,37,29,8,0.7838,0,3.04,1,38271.08,1,8.010266623111214,0.5983421471790877,1801.440669355023,3010.72,1801.440669355023
282,txn_004147,cust_01290,3091.88,upi,abandoned,none,22,21,1,0.9545,0,4.09,1,144891.8,0,8.036857974648246,0.5811231900756813,1796.7631689311975,3091.88,1796.7631689311975
283,txn_002949,cust_01228,9872.42,card,abandoned,none,10,4,6,0.4,0,5.99,1,111208.64,0,9.197601576967957,0.18199020469722038,1796.6837366569325,9872.42,1796.6837366569325
284,txn_001573,cust_01334,3247.78,wallet,abandoned,none,9,7,2,0.7778,0,4.19,1,47664.68,0,8.086034820233957,0.5526705389914516,1794.9523231256567,3247.78,1794.9523231256567
285,txn_007399,cust_01949,3405.61,upi,abandoned,none,8,6,2,0.75,0,4.53,1,15518.12,1,8.133472940900358,0.526758276505085,1793.9332540484827,3405.61,1793.9332540484827
286,txn_008958,cust_01395,11107.14,card,failed,insufficient_funds,1,1,0,1.0,2,7.24,0,130467.26,0,9.315433451876254,0.16149445932231232,1793.741568917228,11107.14,1793.741568917228
287,txn_002847,cust_01519,2607.35,wallet,abandoned,none,35,33,2,0.9429,0,1.97,1,114311.85,1,7.866473116496188,0.6870218615967926,1791.306450834397,2607.35,1791.306450834397
288,txn_005883,cust_00973,3185.36,card,abandoned,none,31,25,6,0.8065,0,3.09,1,79296.1,1,8.066634478436896,0.5623448025629275,1791.2706402918468,3185.36,1791.2706402918468
289,txn_005697,cust_01962,4794.77,upi,failed,network_error,3,2,1,0.6667,1,3.26,0,139067.35,1,8.475489558366924,0.3732384622904738,1789.5925818364954,4794.77,1789.5925818364954
290,txn_002655,cust_02178,2919.89,card,failed,network_error,38,33,5,0.8684,0,6.7,0,25008.24,0,7.979643643342461,0.6121749864569109,1787.4836212056696,2919.89,1787.4836212056696
291,txn_005687,cust_01556,5795.67,wallet,failed,technical_error,26,21,5,0.8077,1,7.61,0,77505.49,0,8.665038893723182,0.30829973441980896,1786.8035217848542,5795.67,1786.8035217848542
292,txn_003778,cust_00851,8198.46,card,failed,authentication_failed,19,18,1,0.9474,2,3.11,0,104403.12,1,9.01182357742536,0.21792836941175123,1786.6770194874657,8198.46,1786.6770194874657
293,txn_001906,cust_00782,2660.16,wallet,failed,network_error,32,26,6,0.8125,0,3.99,0,89914.12,0,7.886517396941602,0.6713670005151706,1785.9436400904362,2660.16,1785.9436400904362
294,txn_007370,cust_02052,5009.42,netbanking,abandoned,none,3,2,1,0.6667,0,6.22,1,45168.66,0,8.519275022900507,0.3546097159386128,1776.3890032172058,5009.42,1776.3890032172058
295,txn_003235,cust_01268,4275.8,upi,abandoned,none,37,26,11,0.7027,0,6.47,1,30770.21,1,8.360960345384655,0.41497316932244693,1774.3422773889188,4275.8,1774.3422773889188
296,txn_006463,cust_00647,2441.15,card,abandoned,none,8,7,1,0.875,0,0.29,1,43203.72,1,7.800634077845634,0.7258600915766378,1771.9333625523093,2441.15,1771.9333625523093
297,txn_002876,cust_01982,7325.71,card,failed,insufficient_funds,33,26,7,0.7879,2,2.69,0,45538.06,0,8.89928185373971,0.24169616220577003,1770.5959924324316,7325.71,1770.5959924324316
298,txn_005358,cust_00194,8137.64,card,failed,bank_decline,33,29,4,0.8788,0,9.74,0,60552.08,1,9.004378368870732,0.21736134592673137,1768.8083830672063,8137.64,1768.8083830672063
299,txn_006852,cust_01122,3497.57,card,failed,technical_error,4,4,0,1.0,1,4.92,0,84795.51,0,8.160109592560886,0.5052902555912454,1767.2880392482723,3497.57,1767.2880392482723
300,txn_003634,cust_02163,2893.94,card,abandoned,none,23,22,1,0.9565,0,4.24,1,73542.37,1,7.97071966440372,0.6102427244287423,1766.0058299333145,2893.94,1766.0058299333145
301,txn_008139,cust_00655,2034.36,wallet,failed,network_error,1,1,0,1.0,0,0.15,0,75110.41,1,7.618427986407901,0.8613282962843349,1752.2518328289996,2034.36,1752.2518328289996
302,txn_003129,cust_01935,3509.59,card,abandoned,none,32,25,7,0.7812,0,4.52,1,67613.15,0,8.163539393502266,0.49824131071190086,1748.6227216613802,3509.59,1748.6227216613802
303,txn_001285,cust_02357,5937.78,netbanking,failed,network_error,22,21,1,0.9545,1,11.21,0,35004.47,0,8.689259004056463,0.2944796825040644,1748.5555691789837,5937.78,1748.5555691789837
304,txn_008244,cust_01018,3384.96,netbanking,abandoned,none,19,17,2,0.8947,0,4.58,1,131634.73,1,8.127392749274218,0.5143559230886888,1741.074225418288,3384.96,1741.074225418288
305,txn_001870,cust_02433,6328.57,wallet,failed,insufficient_funds,1,1,0,1.0,2,6.44,0,19172.27,1,8.75298758234111,0.2739268669468351,1733.5653523537321,6328.57,1733.5653523537321
306,txn_002108,cust_02101,4191.41,wallet,abandoned,none,13,10,3,0.7692,0,6.36,1,109112.8,0,8.341031026561758,0.4135821541973762,1733.4923769244244,4191.41,1733.4923769244244
307,txn_004762,cust_00422,3346.48,wallet,failed,bank_decline,35,32,3,0.9143,0,3.24,0,69834.48,0,8.115963102939563,0.5178394348964767,1732.9393120923612,3346.48,1732.9393120923612
308,txn_002719,cust_01805,3821.51,upi,failed,bank_decline,17,17,0,1.0,1,0.71,0,109052.81,1,8.248662553888742,0.4529557628331217,1730.9749772244031,3821.51,1730.9749772244031
309,txn_009832,cust_02095,9585.77,card,failed,network_error,17,15,2,0.8824,2,9.49,0,29954.61,0,9.168139301968308,0.18056759149484977,1730.8794015235862,9585.77,1730.8794015235862
310,txn_004951,cust_02113,3231.05,card,failed,insufficient_funds,15,14,1,0.9333,1,0.79,0,107117.67,1,8.080871889818352,0.535299931107744,1729.5808424056763,3231.05,1729.5808424056763
311,txn_008040,cust_02433,2388.89,upi,failed,network_error,1,1,0,1.0,0,6.44,0,19172.27,1,7.7790026187617665,0.7202133440544206,1720.5104554781647,2388.89,1720.5104554781647
312,txn_002553,cust_01082,4069.16,card,failed,bank_decline,25,20,5,0.8,0,3.08,0,67832.03,1,8.311437589703255,0.4211913254109395,1713.8948937091786,4069.16,1713.8948937091786
313,txn_000956,cust_01175,2902.08,card,abandoned,none,35,34,1,0.9714,0,4.82,1,83194.89,0,7.973527521343856,0.5883599027377782,1707.4675065372512,2902.08,1707.4675065372512
314,txn_000904,cust_01122,2510.73,card,abandoned,none,4,4,0,1.0,0,3.04,1,84795.51,1,7.828727037734829,0.6797859916497476,1706.7590828147709,2510.73,1706.7590828147709
315,txn_000593,cust_00318,3536.48,upi,failed,authentication_failed,38,32,6,0.8421,0,5.01,0,40990.94,0,8.171169888225263,0.4823159317210941,1705.7006462130148,3536.48,1705.7006462130148
316,txn_009565,cust_01728,3683.01,card,abandoned,none,31,22,9,0.7097,0,5.44,1,6582.38,0,8.21175711181234,0.46288181957931274,1704.7983703288046,3683.01,1704.7983703288046
317,txn_005487,cust_00335,2688.36,upi,abandoned,none,2,2,0,1.0,0,6.01,1,14864.95,1,7.897058526073243,0.6334475170047488,1702.9349668148866,2688.36,1702.9349668148866
318,txn_008809,cust_01718,3048.28,netbanking,abandoned,none,40,30,10,0.75,0,2.25,1,88548.84,1,8.022660776159823,0.5585771481804902,1702.6995492556248,3048.28,1702.6995492556248
319,txn_003775,cust_01985,2751.4,netbanking,failed,technical_error,13,10,3,0.7692,0,3.68,0,32247.19,0,7.920228537328325,0.6183937292933475,1701.4485067777161,2751.4,1701.4485067777161
320,txn_006110,cust_02263,2867.92,netbanking,failed,network_error,23,20,3,0.8696,1,2.36,0,52773.79,1,7.961690931312354,0.5929357746794934,1700.4923669188129,2867.92,1700.4923669188129
321,txn_005305,cust_01364,2668.33,upi,abandoned,none,28,25,3,0.8929,0,4.11,1,16260.05,1,7.889582783574919,0.6360918011567537,1697.3028357806004,2668.33,1697.3028357806004
322,txn_007969,cust_00650,2587.11,netbanking,abandoned,none,26,24,2,0.9231,0,1.17,1,147682.4,1,7.858683158581515,0.6558107204553361,1696.6544729972045,2587.11,1696.6544729972045
323,txn_005518,cust_00136,3748.8,wallet,failed,network_error,6,5,1,0.8333,0,10.28,0,63464.51,1,8.22945778420885,0.45238247297556894,1695.891414690813,3748.8,1695.891414690813
324,txn_001932,cust_00849,2988.02,card,failed,insufficient_funds,17,15,2,0.8824,0,3.62,0,105901.63,0,8.002700853462622,0.5674157904352009,1695.449730136189,2988.02,1695.449730136189
325,txn_001949,cust_00450,2492.0,card,abandoned,none,32,29,3,0.9062,0,0.63,1,129923.83,1,7.821242083523558,0.68020884494122,1695.0804415935204,2492.0,1695.0804415935204
326,txn_001461,cust_01646,11587.87,wallet,failed,network_error,17,11,6,0.6471,3,3.7,0,32242.96,0,9.357800433737605,0.1461845996169904,1693.9681363637346,11587.87,1693.9681363637346
327,txn_008404,cust_00775,3246.19,netbanking,failed,network_error,10,8,2,0.8,0,6.87,0,82771.83,0,8.085545285943695,0.5204890988733829,1689.6065078717868,3246.19,1689.6065078717868
328,txn_000447,cust_00214,3908.52,netbanking,abandoned,none,25,16,9,0.64,0,3.35,1,101920.37,1,8.271169883295185,0.43026641152787193,1681.704874784918,3908.52,1681.704874784918
329,txn_002622,cust_01743,3572.68,card,failed,insufficient_funds,6,5,1,0.8333,1,2.21,0,29002.42,1,8.181351156176413,0.47002927392604216,1679.2641863700921,3572.68,1679.2641863700921
330,txn_000878,cust_00547,3171.98,netbanking,abandoned,none,16,13,3,0.8125,0,3.02,1,133201.64,1,8.062426488380224,0.5281790929832937,1675.3735193611478,3171.98,1675.3735193611478
331,txn_001091,cust_01524,2757.35,card,failed,insufficient_funds,1,1,0,1.0,0,4.53,0,114080.44,1,7.9223879538549715,0.604525412279921,1666.88814555004,2757.35,1666.88814555004
332,txn_005822,cust_01785,3479.49,upi,failed,network_error,31,26,5,0.8387,1,5.98,0,10511.72,0,8.154928367454184,0.4790091400885856,1666.7075128468325,3479.49,1666.7075128468325
333,txn_005613,cust_00836,3047.45,card,failed,technical_error,29,28,1,0.9655,2,0.34,0,6185.05,0,8.022388543704425,0.546549969926358,1665.5837058520794,3047.45,1665.5837058520794
334,txn_007129,cust_00343,5407.62,card,failed,insufficient_funds,17,15,2,0.8824,2,2.5,0,35350.17,0,8.595749256121982,0.30800436488296,1665.5705636283922,5407.62,1665.5705636283922
335,txn_008720,cust_00171,4483.94,netbanking,failed,network_error,24,18,6,0.75,0,9.68,0,87793.93,0,8.408480396476989,0.37100315046438465,1663.5558664932728,4483.94,1663.5558664932728
336,txn_001215,cust_00022,2853.46,netbanking,failed,technical_error,40,36,4,0.9,0,4.84,0,132932.31,0,7.956637962344142,0.5820973561610469,1660.9915219113009,2853.46,1660.9915219113009
337,txn_007679,cust_00987,6278.62,card,abandoned,none,25,13,12,0.52,0,5.32,1,134468.31,1,8.745064748077327,0.2643895528704756,1660.0015344436256,6278.62,1660.0015344436256
338,txn_008969,cust_01937,2766.23,card,failed,authentication_failed,2,2,0,1.0,0,4.79,0,16293.85,1,7.925602098847801,0.5984760354096454,1655.5223634312235,2766.23,1655.5223634312235
339,txn_006174,cust_01198,4432.05,netbanking,failed,authentication_failed,3,3,0,1.0,0,9.77,0,35235.21,0,8.396843113724982,0.37349716926521564,1655.358129041899,4432.05,1655.358129041899
340,txn_006451,cust_00357,3118.3,upi,abandoned,none,32,27,5,0.8438,0,6.1,1,16285.56,1,8.04536389665693,0.5300919134993792,1652.9856138651144,3118.3,1652.9856138651144
341,txn_006792,cust_02123,2390.39,card,abandoned,none,13,12,1,0.9231,0,2.33,1,40221.96,0,7.77963006582582,0.6892250703338603,1647.516715875356,2390.39,1647.516715875356
342,txn_007942,cust_00409,9233.95,netbanking,failed,insufficient_funds,28,23,5,0.8214,1,8.75,0,95582.92,0,9.13075047843352,0.17818460369918906,1645.347721328127,9233.95,1645.347721328127
343,txn_008670,cust_00152,3629.31,netbanking,failed,insufficient_funds,34,29,5,0.8529,0,7.72,0,2165.64,1,8.197073323061607,0.4525506560119555,1642.44662137075,3629.31,1642.44662137075
344,txn_000918,cust_00781,12041.2,card,failed,insufficient_funds,8,6,2,0.75,0,13.19,0,125666.47,0,9.396172426423261,0.1361499796458987,1639.4091349121954,12041.2,1639.4091349121954
345,txn_006508,cust_00114,3214.72,wallet,failed,authentication_failed,35,24,11,0.6857,0,1.11,0,125568.11,0,8.075806561831891,0.5093974580564172,1637.5701963631254,3214.72,1637.5701963631254
346,txn_000118,cust_01449,2373.45,upi,abandoned,none,26,23,3,0.8846,0,2.04,1,45035.77,1,7.7725211107028285,0.6899454331737982,1637.5509883663512,2373.45,1637.5509883663512
347,txn_007719,cust_00861,3072.87,card,failed,technical_error,33,25,8,0.7576,1,1.54,0,34412.0,0,8.03069263302862,0.5326032279502007,1636.620481071333,3072.87,1636.620481071333
348,txn_002795,cust_00510,2793.79,wallet,failed,network_error,15,12,3,0.8,0,6.13,0,91452.68,0,7.935512248598329,0.5857633580373897,1636.499812051279,2793.79,1636.499812051279
349,txn_009297,cust_00653,3196.56,upi,abandoned,none,9,7,2,0.7778,0,3.76,1,114859.97,0,8.070143297936834,0.5107443804280253,1632.6250567010084,3196.56,1632.6250567010084
350,txn_004228,cust_01371,2423.86,wallet,failed,technical_error,38,27,11,0.7105,0,1.25,0,103680.9,0,7.793529069746267,0.6733643496067125,1632.1409124377265,2423.86,1632.1409124377265
351,txn_006222,cust_00497,3044.15,upi,failed,network_error,38,27,11,0.7105,0,6.6,0,45573.98,0,8.021305440014453,0.5357505051656308,1630.9049002999552,3044.15,1630.9049002999552
352,txn_004440,cust_01426,3516.19,card,failed,bank_decline,25,24,1,0.96,0,5.51,0,14310.33,0,8.165417654330101,0.4629804574886265,1627.9272548169336,3516.19,1627.9272548169336
353,txn_002337,cust_01595,2928.17,upi,abandoned,none,15,8,7,0.5333,0,0.91,1,5366.22,0,7.9824743854302485,0.5536637922466232,1621.2217065427947,2928.17,1621.2217065427947
354,txn_006560,cust_00200,3474.8,netbanking,abandoned,none,21,17,4,0.8095,0,5.71,1,66022.69,0,8.153579947330634,0.46627311057423737,1620.20580462336,3474.8,1620.20580462336
355,txn_007798,cust_02298,2867.19,wallet,abandoned,none,6,5,1,0.8333,0,3.99,1,101696.01,0,7.961436447781817,0.5646991879990727,1619.0998648390614,2867.19,1619.0998648390614
356,txn_008448,cust_02218,3419.04,upi,failed,technical_error,8,6,2,0.75,0,6.68,0,78444.51,1,8.137407525894687,0.47353481312296103,1619.0344674599287,3419.04,1619.0344674599287
357,txn_004069,cust_01411,2350.04,wallet,abandoned,none,20,19,1,0.95,0,3.96,1,24687.64,0,7.762613062431913,0.6858655970321739,1611.8115876494899,2350.04,1611.8115876494899
358,txn_000539,cust_02347,3354.11,card,failed,technical_error,35,23,12,0.6571,1,1.56,0,27006.29,0,8.11823983575355,0.4790070858832779,1606.6424568319612,3354.11,1606.6424568319612
359,txn_006389,cust_00209,2618.63,card,abandoned,none,8,7,1,0.875,0,2.49,1,108243.39,0,7.870788365408419,0.6134867124622065,1606.494709854908,2618.63,1606.494709854908
360,txn_003041,cust_00313,3780.9,netbanking,failed,technical_error,28,24,4,0.8571,0,9.99,0,27244.41,0,8.237981807832345,0.4231858233296189,1600.0232794269562,3780.9,1600.0232794269562
361,txn_000327,cust_02357,2641.92,upi,failed,bank_decline,22,21,1,0.9545,0,2.13,0,35004.47,1,7.879639645512057,0.6036862185498005,1594.8906945110891,2641.92,1594.8906945110891
362,txn_004375,cust_00141,11994.49,card,failed,network_error,26,24,2,0.9231,2,12.34,0,20500.86,1,9.392286024793757,0.13279136785190906,1592.7647337860446,11994.49,1592.7647337860446
363,txn_004123,cust_01753,2095.76,wallet,failed,network_error,16,15,1,0.9375,0,4.89,0,5927.59,0,7.648148575138947,0.7574302373736739,1587.3919942782509,2095.76,1587.3919942782509
364,txn_003112,cust_01752,2921.27,netbanking,failed,insufficient_funds,13,11,2,0.8462,0,3.31,0,125709.52,0,7.980115990505865,0.5433158304394298,1587.172235987793,2921.27,1587.172235987793
365,txn_001012,cust_01811,3188.65,card,abandoned,none,22,20,2,0.9091,0,6.8,1,56380.68,1,8.067666471891107,0.496814698940443,1584.1681897764436,3188.65,1584.1681897764436
366,txn_000200,cust_02434,3526.71,card,abandoned,none,16,11,5,0.6875,0,4.5,1,58334.89,0,8.16840421420163,0.4484810179356033,1581.6624907636715,3526.71,1581.6624907636715
367,txn_003115,cust_01729,2799.46,wallet,failed,network_error,18,16,2,0.8889,1,4.28,0,61043.12,1,7.937538968384161,0.5645423275172559,1580.4136641914572,2799.46,1580.4136641914572
368,txn_003811,cust_00795,3644.46,upi,failed,network_error,24,20,4,0.8333,2,2.24,0,38793.89,1,8.201237836754522,0.43217267984701646,1575.0360447952576,3644.46,1575.0360447952576
369,txn_009947,cust_00754,3155.52,card,abandoned,none,24,17,7,0.7083,0,3.26,1,83626.57,1,8.057225433919399,0.4991137793370656,1574.963512973697,3155.52,1574.963512973697
370,txn_009247,cust_00052,6026.59,wallet,failed,insufficient_funds,6,5,1,0.8333,1,6.91,0,113611.54,0,8.704102541507519,0.2610859117241898,1573.4577447378852,6026.59,1573.4577447378852
371,txn_004433,cust_02443,2619.13,wallet,abandoned,none,17,13,4,0.7647,0,2.63,1,72703.21,1,7.870979213844805,0.6000977689663146,1571.7340696327437,2619.13,1571.7340696327437
372,txn_005586,cust_00678,2777.81,netbanking,abandoned,none,10,7,3,0.7,0,2.16,1,36204.06,0,7.929778057487938,0.5647156259344183,1568.6727128768864,2777.81,1568.6727128768864
373,txn_007207,cust_00751,5880.88,wallet,failed,technical_error,13,10,3,0.7692,2,3.22,0,120387.62,0,8.67963171768176,0.26627082982526934,1565.90679770283,5880.88,1565.90679770283
374,txn_006191,cust_00634,3753.07,netbanking,failed,authentication_failed,2,2,0,1.0,2,0.49,0,14671.89,0,8.230595863749377,0.41680280242872597,1564.2900937111785,3753.07,1564.2900937111785
375,txn_008797,cust_02482,3764.23,card,failed,insufficient_funds,40,32,8,0.8,1,1.45,0,128667.56,0,8.233564227345562,0.4154732306569273,1563.9367990357255,3764.23,1563.9367990357255
376,txn_006721,cust_02082,4829.47,card,abandoned,none,26,15,11,0.5769,0,4.95,1,119718.8,0,8.482699050401067,0.3236009752678746,1562.8212020269425,4829.47,1562.8212020269425
377,txn_006636,cust_00287,3071.1,netbanking,abandoned,none,5,4,1,0.8,0,3.69,1,117403.72,1,8.030116645821089,0.5071611907579751,1557.5427329368172,3071.1,1557.5427329368172
378,txn_005096,cust_02003,3221.53,netbanking,failed,insufficient_funds,29,27,2,0.931,1,3.64,0,16269.52,0,8.07792204431229,0.4826433199008399,1554.849934360153,3221.53,1554.849934360153
379,txn_008794,cust_00761,4754.48,card,abandoned,none,15,8,7,0.5333,0,3.95,1,122688.79,0,8.467052916256987,0.3266735683067715,1553.162947043179,4754.48,1553.162947043179
380,txn_007555,cust_01368,3224.11,upi,abandoned,none,6,5,1,0.8333,0,6.3,1,66421.42,0,8.078722337175321,0.4806914778420225,1549.8022006252431,3224.11,1549.8022006252431
381,txn_004600,cust_00094,3377.73,wallet,abandoned,none,4,3,1,0.75,0,6.43,1,35112.33,0,8.125255178224267,0.45856600311451684,1548.912145699997,3377.73,1548.912145699997
382,txn_002029,cust_00274,3535.28,card,failed,technical_error,40,32,8,0.8,0,8.06,0,80584.42,0,8.170830606142887,0.4376725731980737,1547.295094575686,3535.28,1547.295094575686
383,txn_007418,cust_01625,4512.23,card,failed,technical_error,22,14,8,0.6364,1,4.1,0,45963.01,0,8.414768362410506,0.3423648517525765,1544.8289550235281,4512.23,1544.8289550235281
384,txn_006376,cust_01219,2928.12,card,failed,network_error,18,15,3,0.8333,0,6.88,0,117748.67,1,7.982457315602704,0.5272172959250923,1543.755508544181,2928.12,1543.755508544181
385,txn_006782,cust_01819,2396.87,netbanking,failed,network_error,10,8,2,0.8,0,5.07,0,21467.42,0,7.782336122274741,0.6417513016862578,1538.1944424727408,2396.87,1538.1944424727408
386,txn_006815,cust_00370,2836.98,card,abandoned,none,40,33,7,0.825,0,4.94,1,34627.38,1,7.950847810478806,0.5414429952973641,1536.062948798716,2836.98,1536.062948798716
387,txn_006100,cust_01443,4654.63,wallet,failed,bank_decline,6,5,1,0.8333,0,7.34,0,37976.89,0,8.445832518899625,0.3297865815208141,1535.034515944227,4654.63,1535.034515944227
388,txn_009926,cust_02033,2486.89,upi,abandoned,none,12,10,2,0.8333,0,2.77,1,78570.34,1,7.819190240663032,0.6171047916628889,1534.6717353385218,2486.89,1534.6717353385218
389,txn_002480,cust_02365,6993.14,card,failed,technical_error,2,2,0,1.0,2,9.33,0,19630.95,1,8.852827934580544,0.21935333322415915,1533.9685687031963,6993.14,1533.9685687031963
390,txn_004646,cust_01150,6096.56,netbanking,failed,authentication_failed,24,21,3,0.875,2,2.14,0,47625.38,1,8.715643970140063,0.25143982265069814,1532.9179651793404,6096.56,1532.9179651793404
391,txn_004742,cust_01305,2823.33,wallet,abandoned,none,23,18,5,0.7826,0,4.44,1,71948.22,1,7.946026447310137,0.5417786312595807,1529.6198629941118,2823.33,1529.6198629941118
392,txn_007625,cust_01123,2621.6,wallet,abandoned,none,27,23,4,0.8519,0,4.29,1,84035.73,1,7.871921471097324,0.5818288453426536,1525.3225009503005,2621.6,1525.3225009503005
393,txn_006089,cust_01748,5146.61,wallet,failed,network_error,11,8,3,0.7273,0,13.6,0,10776.93,0,8.54628780827051,0.29586440481226106,1522.6987044508307,5146.61,1522.6987044508307
394,txn_009160,cust_01822,2397.05,wallet,abandoned,none,30,22,8,0.7333,0,2.31,1,22340.4,1,7.782411186079011,0.634369347544503,1520.6150445315511,2397.05,1520.6150445315511
395,txn_004932,cust_00305,5273.81,netbanking,failed,authentication_failed,37,33,4,0.8919,1,4.49,0,117612.67,1,8.570697938738222,0.2871018821094174,1514.1207768874667,5273.81,1514.1207768874667
396,txn_000862,cust_00700,2508.38,netbanking,abandoned,none,21,18,3,0.8571,0,2.79,1,91145.87,1,7.827790989661161,0.6027503936757199,1511.9270324883023,2508.38,1511.9270324883023
397,txn_002272,cust_01187,2998.38,upi,abandoned,none,16,11,5,0.6875,0,2.11,1,148544.72,1,8.006160879625082,0.5033505678414211,1509.2362756043601,2998.38,1509.2362756043601
398,txn_006303,cust_00744,2131.45,netbanking,failed,authentication_failed,16,15,1,0.9375,0,0.2,0,47110.72,1,7.665026832432106,0.7076908492755244,1508.4076606883164,2131.45,1508.4076606883164
399,txn_000487,cust_00736,3067.63,card,failed,insufficient_funds,25,20,5,0.8,0,5.89,0,23983.66,0,8.0289864869086,0.4904216869623135,1504.4322795762018,3067.63,1504.4322795762018
400,txn_004004,cust_01012,3443.41,netbanking,failed,insufficient_funds,3,2,1,0.6667,0,2.81,0,137071.23,1,8.144507906081063,0.4362709790099234,1502.2598518325603,3443.41,1502.2598518325603
401,txn_001061,cust_01066,2010.38,card,abandoned,none,4,4,0,1.0,0,1.51,1,68561.41,1,7.606576332637887,0.7457313839318688,1499.2034596289504,2010.38,1499.2034596289504
402,txn_000474,cust_00668,2257.84,wallet,failed,network_error,24,20,4,0.8333,1,1.78,0,14131.35,1,7.7226066861596845,0.6637060432395862,1498.5420526680673,2257.84,1498.5420526680673
403,txn_002469,cust_02441,3607.91,wallet,failed,authentication_failed,3,2,1,0.6667,0,3.08,0,111963.96,0,8.19116106667598,0.41470334569170075,1496.212347954544,3607.91,1496.212347954544
404,txn_009407,cust_02123,2090.21,card,failed,network_error,13,12,1,0.9231,0,4.71,0,40221.96,1,7.645498124801906,0.7153512364099334,1495.2343078564068,2090.21,1495.2343078564068
405,txn_000609,cust_01481,4172.8,upi,failed,bank_decline,11,8,3,0.7273,0,3.96,0,74965.53,0,8.33658217082073,0.35747632774044114,1491.6772203953128,4172.8,1491.6772203953128
406,txn_005494,cust_00707,2133.17,netbanking,abandoned,none,34,31,3,0.9118,0,1.18,1,78889.46,0,7.665833091294238,0.6989625807339388,1491.0060083442163,2133.17,1491.0060083442163
407,txn_007277,cust_01483,2280.22,card,failed,network_error,17,14,3,0.8235,0,5.21,0,25877.48,0,7.732465666559399,0.653610042387286,1490.3746908523372,2280.22,1490.3746908523372
408,txn_008746,cust_01842,3169.16,netbanking,failed,authentication_failed,38,33,5,0.8684,1,0.94,0,46611.15,1,8.061537338783717,0.4692722484811745,1487.1988389965989,3169.16,1487.1988389965989
409,txn_005432,cust_00789,3306.79,card,abandoned,none,6,4,2,0.6667,0,3.77,1,78999.2,1,8.104035571661738,0.44940701123590093,1486.0946106847648,3306.79,1486.0946106847648
410,txn_008684,cust_02206,17011.44,card,failed,authentication_failed,28,16,12,0.5714,0,12.71,0,78784.59,0,9.741700120134986,0.08730357387323617,1485.1595087301246,17011.44,1485.1595087301246
411,txn_009912,cust_02500,2451.95,netbanking,abandoned,none,24,23,1,0.9583,0,5.28,1,33887.69,0,7.805046660846509,0.6055469003402771,1484.7707222893425,2451.95,1484.7707222893425
412,txn_008574,cust_01232,2035.8,card,abandoned,none,18,16,2,0.8889,0,1.18,1,16232.48,1,7.619135227803142,0.728735747260863,1483.560234273665,2035.8,1483.560234273665
413,txn_009170,cust_01411,3821.37,netbanking,failed,technical_error,20,19,1,0.95,1,8.08,0,24687.64,1,8.24862592806858,0.3876247447122162,1481.2575707009216,3821.37,1481.2575707009216
414,txn_008038,cust_00389,2069.31,wallet,abandoned,none,35,28,7,0.8,0,0.83,1,34496.61,1,7.635453633500843,0.7150587786321928,1479.678281211383,2069.31,1479.678281211383
415,txn_008592,cust_00759,4516.22,netbanking,failed,authentication_failed,33,25,8,0.7576,1,3.23,0,22954.95,0,8.415652039361188,0.3271065574582976,1477.2851769243127,4516.22,1477.2851769243127
416,txn_000788,cust_00235,2851.26,netbanking,failed,insufficient_funds,1,1,0,1.0,0,6.45,0,134006.31,0,7.955866941474365,0.5166472844719822,1473.0957363235839,2851.26,1473.0957363235839
417,txn_004648,cust_01351,2893.63,card,abandoned,none,27,23,4,0.8519,0,4.93,1,106811.21,1,7.9706125752761015,0.5070675936293046,1467.2660009535648,2893.63,1467.2660009535648
418,txn_001819,cust_01888,2951.42,netbanking,failed,insufficient_funds,4,2,2,0.5,0,0.88,0,15871.53,1,7.990380452022797,0.49643440386907256,1465.1864282672582,2951.42,1465.1864282672582
419,txn_000139,cust_00540,5277.15,upi,failed,authentication_failed,40,22,18,0.55,0,6.43,0,33983.71,0,8.571330936515439,0.2767150443992621,1460.266796551566,5277.15,1460.266796551566
420,txn_005463,cust_00708,2222.48,wallet,abandoned,none,11,9,2,0.8182,0,2.38,1,55220.8,0,7.706828815082323,0.6566624023044592,1459.4190558736143,2222.48,1459.4190558736143
421,txn_008301,cust_02398,3253.47,upi,failed,network_error,31,30,1,0.9677,1,8.18,0,45641.97,0,8.087784714964117,0.44832776933105134,1458.6209476854956,3253.47,1458.6209476854956
422,txn_008011,cust_00724,4774.01,upi,failed,technical_error,28,22,6,0.7857,0,11.67,0,76764.78,1,8.471151347153475,0.30539740034008467,1457.9702431975677,4774.01,1457.9702431975677
423,txn_005850,cust_00862,5262.74,netbanking,failed,technical_error,13,11,2,0.8462,0,12.04,0,119017.79,0,8.56859707968806,0.27696728113776536,1457.6067891349633,5262.74,1457.6067891349633
424,txn_004034,cust_02036,4919.23,netbanking,failed,insufficient_funds,6,6,0,1.0,1,8.9,0,53061.04,0,8.501110556361182,0.2959795508337883,1455.9914858480963,4919.23,1455.9914858480963
425,txn_006393,cust_02315,2205.06,upi,failed,technical_error,14,11,3,0.7857,0,3.17,0,57534.77,0,7.698963397992984,0.6600389883519212,1455.4255716552873,2205.06,1455.4255716552873
426,txn_009119,cust_00936,2589.24,netbanking,abandoned,none,40,32,8,0.8,0,2.92,1,102379.4,1,7.859505814493196,0.560637973171173,1451.6262656537278,2589.24,1451.6262656537278
427,txn_004254,cust_00943,2111.61,upi,abandoned,none,3,3,0,1.0,0,4.97,1,6798.18,0,7.655679428881599,0.6857018749584866,1447.9349361810898,2111.61,1447.9349361810898
428,txn_008323,cust_00971,2822.45,wallet,failed,technical_error,34,21,13,0.6176,1,1.11,0,31893.91,1,7.945714820438297,0.5126782239140322,1447.00865308616,2822.45,1447.00865308616
429,txn_001929,cust_00772,3021.08,upi,failed,technical_error,31,23,8,0.7419,0,6.98,0,67841.62,0,8.013700615017038,0.47876125126401026,1446.376040968676,3021.08,1446.376040968676
430,txn_001474,cust_01126,3067.15,netbanking,abandoned,none,6,5,1,0.8333,0,4.85,1,138411.69,1,8.028830053078162,0.4707349204083596,1443.8146111305002,3067.15,1443.8146111305002
431,txn_007343,cust_00372,2672.81,card,abandoned,none,29,27,2,0.931,0,6.44,1,45305.62,1,7.891259700537541,0.5391995132659742,1441.1778510524284,2672.81,1441.1778510524284
432,txn_006592,cust_01609,2919.1,upi,failed,network_error,37,34,3,0.9189,0,11.18,0,22173.24,1,7.979373141251269,0.4930964707430455,1439.3979077460242,2919.1,1439.3979077460242
433,txn_007821,cust_01128,3380.38,upi,failed,authentication_failed,13,11,2,0.8462,0,7.25,0,8678.96,1,8.12603918917549,0.42557499249509895,1438.6051931305826,3380.38,1438.6051931305826
434,txn_003832,cust_02104,2550.56,wallet,failed,technical_error,16,13,3,0.8125,1,2.9,0,15906.71,1,7.844460215806611,0.5639496730350516,1438.3874780562812,2550.56,1438.3874780562812
435,txn_008112,cust_01973,1828.59,card,failed,network_error,9,9,0,1.0,0,4.0,0,16429.54,0,7.511847177018077,0.7866098815384769,1438.3869632824433,1828.59,1438.3869632824433
436,txn_005629,cust_02480,16110.09,upi,failed,technical_error,33,30,3,0.9091,3,8.9,0,57477.49,0,9.687263133720807,0.08911107135288113,1435.5873794913368,16110.09,1435.5873794913368
437,txn_002265,cust_01531,4125.68,netbanking,failed,insufficient_funds,6,5,1,0.8333,1,5.71,0,7541.14,1,8.32522848858303,0.3475365868599661,1433.824745676425,4125.68,1433.824745676425
438,txn_007668,cust_01381,2182.88,netbanking,failed,technical_error,7,6,1,0.8571,0,4.52,0,21202.75,1,7.688858390300316,0.6566263299159936,1433.336483047024,2182.88,1433.336483047024
439,txn_000545,cust_01803,4598.07,wallet,failed,authentication_failed,36,21,15,0.5833,1,2.11,0,27989.24,1,8.433609388124243,0.31053585464197186,1427.8655971536116,4598.07,1427.8655971536116
440,txn_001518,cust_02201,3313.12,upi,failed,technical_error,40,25,15,0.625,0,6.2,0,90372.26,0,8.105947407349046,0.4299932954810477,1424.6193871241687,3313.12,1424.6193871241687
441,txn_007527,cust_02369,3612.33,wallet,failed,network_error,5,4,1,0.8,0,10.07,0,140582.26,1,8.192385063815877,0.3935960241629185,1421.7987259644353,3612.33,1421.7987259644353
442,txn_002633,cust_01674,2285.41,netbanking,failed,authentication_failed,7,6,1,0.8571,0,2.15,0,8395.68,1,7.734738180853932,0.621748120728304,1420.9493725936732,2285.41,1420.9493725936732
443,txn_008896,cust_00664,2587.76,upi,failed,technical_error,27,26,1,0.963,0,9.05,0,44137.77,1,7.858934275570513,0.5466972305869754,1414.7212254237515,2587.76,1414.7212254237515
444,txn_007621,cust_00127,2305.47,upi,abandoned,none,21,15,6,0.7143,0,2.44,1,9517.63,1,7.743473496193149,0.6134064947021757,1414.1902713410248,2305.47,1414.1902713410248
445,txn_001910,cust_01965,3763.09,upi,failed,bank_decline,38,35,3,0.9211,1,1.01,0,143472.36,0,8.233261411152675,0.3750466001964501,1411.3341107332594,3763.09,1411.3341107332594
446,txn_003147,cust_01944,2417.93,card,failed,technical_error,24,21,3,0.875,0,5.0,0,123971.34,1,7.791080572613816,0.5836387729314901,1411.1976982342378,2417.93,1411.1976982342378
447,txn_003763,cust_01959,2643.68,upi,abandoned,none,26,17,9,0.6538,0,3.16,1,33122.84,1,7.8803053539866,0.533547620174377,1410.5291725025968,2643.68,1410.5291725025968
448,txn_002341,cust_01201,3121.78,upi,failed,network_error,18,12,6,0.6667,0,6.4,0,134997.44,0,8.046478909716853,0.45144563630228574,1409.3139584957496,3121.78,1409.3139584957496
449,txn_002235,cust_00048,1966.13,upi,failed,insufficient_funds,38,34,4,0.8947,0,1.26,0,64836.64,1,7.584330906698315,0.7140179336702172,1403.852079927024,1966.13,1403.852079927024
450,txn_004074,cust_01324,8285.57,netbanking,failed,network_error,35,30,5,0.8571,2,9.8,0,28857.02,1,9.022391411002728,0.16931655275905405,1402.8841500438355,8285.57,1402.8841500438355
451,txn_001076,cust_01421,2184.56,wallet,abandoned,none,15,14,1,0.9333,0,4.24,1,78397.19,1,7.689627367598453,0.6418360591578477,1402.1293813938678,2184.56,1402.1293813938678
452,txn_007660,cust_00804,2491.05,wallet,abandoned,none,9,6,3,0.6667,0,3.3,1,10401.98,0,7.8208609439115175,0.5609656147460033,1397.3933946130314,2491.05,1397.3933946130314
453,txn_001244,cust_00844,3647.62,wallet,failed,network_error,21,16,5,0.7619,1,6.27,0,97784.55,1,8.202104292893663,0.38222042679046964,1394.1948731694529,3647.62,1394.1948731694529
454,txn_008992,cust_00207,3452.21,card,abandoned,none,5,4,1,0.8,0,6.02,1,142382.3,0,8.14705951222188,0.40256528710581474,1389.7399097995647,3452.21,1389.7399097995647
455,txn_003051,cust_00578,2676.42,wallet,failed,bank_decline,16,14,2,0.875,0,2.79,0,88739.09,1,7.8926089232574155,0.5159924424284253,1381.0124927642862,2676.42,1381.0124927642862
456,txn_007242,cust_01667,3248.76,wallet,failed,technical_error,11,10,1,0.9091,0,10.81,0,91490.33,0,8.086336426443175,0.42503182899045516,1380.8264047510313,3248.76,1380.8264047510313
457,txn_006308,cust_01094,5092.03,wallet,failed,authentication_failed,10,8,2,0.8,0,10.34,0,42071.81,0,8.535628217305112,0.2703530273913997,1376.645726067829,5092.03,1376.645726067829
458,txn_007099,cust_00698,6830.88,netbanking,failed,network_error,3,3,0,1.0,3,5.98,0,68010.32,0,8.82935517091134,0.20096265022833357,1372.7517481917191,6830.88,1372.7517481917191
459,txn_000451,cust_02064,2179.74,wallet,abandoned,none,22,21,1,0.9545,0,6.16,1,6645.06,1,7.687419547724458,0.6296657060066106,1372.5075260108495,2179.74,1372.5075260108495
460,txn_001564,cust_01104,2213.85,card,abandoned,none,19,16,3,0.8421,0,3.36,1,35890.07,0,7.702939960095834,0.6198590784844932,1372.2750209028952,2213.85,1372.2750209028952
461,txn_003686,cust_02479,1747.75,wallet,abandoned,none,1,1,0,1.0,0,0.39,1,116611.77,1,7.466656525979691,0.7820775870893651,1366.876102835438,1747.75,1366.876102835438
462,txn_002105,cust_01730,3179.7,netbanking,abandoned,none,40,29,11,0.725,0,5.29,1,91689.63,0,8.06485657733626,0.4297925759468026,1366.611453738048,3179.7,1366.611453738048
463,txn_002171,cust_02377,2580.88,upi,abandoned,none,29,18,11,0.6207,0,1.82,1,94345.62,0,7.856273094726254,0.5280323433110516,1362.788114204627,2580.88,1362.788114204627
464,txn_007643,cust_00023,3159.15,wallet,abandoned,none,24,15,9,0.625,0,4.65,1,87025.47,1,8.0583747738088,0.4310124142748267,1361.632868556319,3159.15,1361.632868556319
465,txn_007437,cust_01352,3081.76,card,abandoned,none,29,23,6,0.7931,0,6.34,1,73816.23,0,8.033580578602324,0.44134450266907715,1360.1178345454553,3081.76,1360.1178345454553
466,txn_002476,cust_01616,3129.22,upi,failed,insufficient_funds,22,16,6,0.7273,1,0.34,0,137766.53,0,8.048858568604082,0.4343410124096651,1359.1485828525722,3129.22,1359.1485828525722
467,txn_004566,cust_01260,2887.8,wallet,failed,bank_decline,21,18,3,0.8571,0,3.62,0,90878.48,0,7.968596469963248,0.4691508862818325,1354.813929404676,2887.8,1354.813929404676
468,txn_005927,cust_02071,2006.38,upi,failed,authentication_failed,25,23,2,0.92,0,0.63,0,101321.51,1,7.604585668193672,0.6741153306695881,1352.5315171488483,2006.38,1352.5315171488483
469,txn_002681,cust_01786,2285.58,wallet,abandoned,none,18,16,2,0.8889,0,4.71,1,96448.62,1,7.734812530458929,0.587363130637194,1342.465424121758,2285.58,1342.465424121758
470,txn_004325,cust_00020,1860.7,netbanking,abandoned,none,25,20,5,0.8,0,0.26,1,12741.23,1,7.5292453277778515,0.7198548188399033,1339.433861415408,1860.7,1339.433861415408
471,txn_008154,cust_00650,1973.43,upi,abandoned,none,26,24,2,0.9231,0,1.49,1,147682.4,1,7.588035028085099,0.6775751529322909,1337.1471340511707,1973.43,1337.1471340511707
472,txn_003109,cust_02316,4157.64,card,failed,technical_error,7,7,0,1.0,2,6.1,0,49489.99,0,8.332943376727387,0.3210763659837663,1334.9199422687464,4157.64,1334.9199422687464
473,txn_000750,cust_01971,2359.19,upi,abandoned,none,12,9,3,0.75,0,2.58,1,104080.84,1,7.766497403253599,0.5642514234021581,1331.1763155761373,2359.19,1331.1763155761373
474,txn_007590,cust_00560,2068.46,upi,abandoned,none,18,16,2,0.8889,0,4.07,1,29281.48,0,7.635042982661814,0.6428334959480053,1329.6753730286111,2068.46,1329.6753730286111
475,txn_000138,cust_00812,3260.23,upi,abandoned,none,13,8,5,0.6154,0,5.31,1,43630.52,0,8.089859703814273,0.4070327681495927,1327.0204417043467,3260.23,1327.0204417043467
476,txn_002556,cust_01063,2120.71,upi,failed,technical_error,14,11,3,0.7857,0,3.37,0,107820.78,0,7.659977646309642,0.6253265465885903,1326.1362606158893,2120.71,1326.1362606158893
477,txn_000611,cust_00336,1811.3,upi,abandoned,none,15,14,1,0.9333,0,1.66,1,61255.77,1,7.502352035812805,0.73004364007638,1322.328045270347,1811.3,1322.328045270347
478,txn_000463,cust_01164,10831.19,card,failed,technical_error,35,28,7,0.8,2,7.93,0,148558.21,0,9.290277535618605,0.12204259700021197,1321.8665562027259,10831.19,1321.8665562027259
479,txn_009393,cust_01388,2715.91,card,failed,insufficient_funds,37,35,2,0.9459,0,7.04,0,95227.9,0,7.907250484107744,0.48670942157403174,1321.8589851471286,2715.91,1321.8589851471286
480,txn_005825,cust_02460,4998.43,card,failed,network_error,7,7,0,1.0,3,5.0,0,19748.29,0,8.517079184917744,0.2644446555988231,1321.8080998848252,4998.43,1321.8080998848252
481,txn_001805,cust_00066,1898.72,wallet,abandoned,none,12,11,1,0.9167,0,2.62,1,76644.57,1,7.549461785873686,0.6953249351932939,1320.2273609502108,1898.72,1320.2273609502108
482,txn_001589,cust_00310,2432.25,upi,abandoned,none,7,6,1,0.8571,0,5.49,1,65594.99,0,7.796983091306603,0.5426304776683007,1319.8129793087246,2432.25,1319.8129793087246
483,txn_000826,cust_00215,2420.47,upi,abandoned,none,12,10,2,0.8333,0,4.59,1,92711.72,0,7.7921300727514655,0.5445821175939851,1318.1446781727132,2420.47,1318.1446781727132
484,txn_003015,cust_02017,8913.51,wallet,failed,bank_decline,13,10,3,0.7692,1,7.85,0,44832.48,0,9.095435565242102,0.14785279320342104,1317.8873507466255,8913.51,1317.8873507466255
485,txn_005902,cust_02128,1844.17,upi,abandoned,none,38,31,7,0.8158,0,0.94,1,32701.34,0,7.520326693151323,0.7133121256029858,1315.4688226732585,1844.17,1315.4688226732585
486,txn_000859,cust_00911,3282.63,wallet,abandoned,none,16,9,7,0.5625,0,5.5,1,21990.77,1,8.096704796746177,0.40059429445422373,1315.0028488042685,3282.63,1315.0028488042685
487,txn_007500,cust_00995,1805.79,upi,abandoned,none,36,32,4,0.8889,0,0.27,1,104729.52,1,7.4993070691182435,0.7269612418001612,1312.739340830313,1805.79,1312.739340830313
488,txn_008607,cust_00922,2579.28,card,abandoned,none,33,25,8,0.7576,0,4.47,1,69127.37,1,7.8556531991588034,0.5059196603621358,1304.9084615788497,2579.28,1304.9084615788497
489,txn_000308,cust_01825,1882.0,upi,abandoned,none,12,11,1,0.9167,0,2.82,1,47698.7,1,7.5406215286571525,0.6928337169347746,1303.9130552712459,1882.0,1303.9130552712459
490,txn_003978,cust_01875,3389.19,wallet,abandoned,none,23,14,9,0.6087,0,5.24,1,105812.08,0,8.12864124600155,0.3847081271464249,1303.8489374433918,3389.19,1303.8489374433918
491,txn_007115,cust_00228,1648.93,netbanking,failed,technical_error,10,9,1,0.9,0,1.36,0,4639.38,1,7.408488141752269,0.7904232225329297,1303.352564331224,1648.93,1303.352564331224
492,txn_006167,cust_00555,2319.35,upi,failed,insufficient_funds,24,22,2,0.9167,0,6.43,0,33373.18,1,7.749473315350784,0.5615371742832097,1302.4012451737624,2319.35,1302.4012451737624
493,txn_003045,cust_01596,2086.84,netbanking,abandoned,none,18,17,1,0.9444,0,5.28,1,9730.09,0,7.643885317713937,0.6238767255341423,1301.9309059136697,2086.84,1301.9309059136697
494,txn_001762,cust_01399,1974.76,netbanking,abandoned,none,35,31,4,0.8857,0,2.52,1,60259.66,1,7.588708413441377,0.6586773221784751,1300.7296287451654,1974.76,1300.7296287451654
495,txn_009186,cust_01799,3695.41,wallet,failed,authentication_failed,15,14,1,0.9333,1,4.95,0,103261.4,0,8.215117357345147,0.3516449754107342,1299.4723585825811,3695.41,1299.4723585825811
496,txn_005128,cust_01178,2118.45,netbanking,failed,network_error,19,9,10,0.4737,0,1.49,0,3554.25,0,7.6589119000449815,0.6125255975363372,1297.6048521008533,2118.45,1297.6048521008533
497,txn_002472,cust_00404,3269.45,card,failed,authentication_failed,2,2,0,1.0,0,7.72,0,149936.29,1,8.092682869102166,0.39564180850802655,1293.5311108265673,3269.45,1293.5311108265673
498,txn_002952,cust_01354,2240.11,netbanking,failed,network_error,15,14,1,0.9333,1,4.37,0,44521.4,1,7.714726557826094,0.5767822822718314,1292.0557583399523,2240.11,1292.0557583399523
499,txn_004783,cust_00363,3820.33,card,failed,bank_decline,5,4,1,0.8,1,1.31,0,60705.41,1,8.248353808543635,0.3372713032574452,1288.4876779735157,3820.33,1288.4876779735157
500,txn_002189,cust_02116,4855.32,netbanking,failed,insufficient_funds,22,15,7,0.6818,0,7.98,0,131804.99,0,8.488036228426486,0.2647445403488379,1285.4194616465195,4855.32,1285.4194616465195
501,txn_002264,cust_01599,2487.13,netbanking,abandoned,none,11,8,3,0.7273,0,4.46,1,15920.02,1,7.8192867032979025,0.5167381555398769,1285.1949687878941,2487.13,1285.1949687878941
502,txn_005409,cust_01049,3178.16,wallet,failed,network_error,30,26,4,0.8667,0,11.59,0,112412.49,0,8.06437228993682,0.40294847079358975,1280.6347119373552,3178.16,1280.6347119373552
503,txn_007260,cust_00338,4535.66,netbanking,failed,network_error,38,32,6,0.8421,3,1.32,0,55984.05,0,8.419946337468607,0.2820768563306197,1279.4047141845385,4535.66,1279.4047141845385
504,txn_005887,cust_01119,4450.22,card,failed,technical_error,35,19,16,0.5429,1,4.26,0,71554.3,0,8.400933494889411,0.28727301419461504,1278.4281132291599,4450.22,1278.4281132291599
505,txn_008416,cust_00788,3057.8,upi,failed,technical_error,12,8,4,0.6667,1,2.42,0,99991.32,0,8.02577796117007,0.4164978422811848,1273.567102127407,3057.8,1273.567102127407
506,txn_000783,cust_00251,2471.05,netbanking,failed,insufficient_funds,16,9,7,0.5625,0,1.45,0,41915.02,0,7.812803044910245,0.5153683654514175,1273.5009994487252,2471.05,1273.5009994487252
507,txn_000963,cust_02045,3656.78,netbanking,abandoned,none,16,11,5,0.6875,0,5.69,1,143875.63,0,8.204611684988016,0.3476944741080659,1271.4421990288934,3656.78,1271.4421990288934
508,txn_001727,cust_01382,2519.05,wallet,abandoned,none,27,20,7,0.7407,0,3.88,1,137896.54,1,7.832034021578475,0.5044170019277681,1270.6516487061442,2519.05,1270.6516487061442
509,txn_004978,cust_01691,2397.13,netbanking,abandoned,none,18,13,5,0.7222,0,2.95,1,85072.74,1,7.782444545961253,0.5287593865738988,1267.50498833789,2397.13,1267.50498833789
510,txn_007618,cust_02432,1750.11,wallet,abandoned,none,17,15,2,0.8824,0,0.47,1,122770.36,0,7.468005151557683,0.7233262267303976,1265.900462663136,1750.11,1265.900462663136
511,txn_001239,cust_00931,3400.13,wallet,failed,technical_error,26,24,2,0.9231,0,13.87,0,8622.5,1,8.131863008328425,0.37186704869189674,1264.396308268779,3400.13,1264.396308268779
512,txn_009282,cust_01268,2719.0,upi,failed,network_error,37,26,11,0.7027,1,4.51,0,30770.21,0,7.908387159290043,0.46480933562312543,1263.8165835592781,2719.0,1263.8165835592781
513,txn_000533,cust_01279,2456.09,netbanking,failed,bank_decline,25,17,8,0.68,0,0.49,0,12020.81,0,7.806733001886946,0.514333137344764,1263.2484753011015,2456.09,1263.2484753011015
514,txn_006996,cust_01238,2934.41,upi,failed,authentication_failed,39,37,2,0.9487,0,6.88,0,117881.37,0,7.984602415862036,0.43023754612893467,1262.4933577362071,2934.41,1262.4933577362071
515,txn_002708,cust_02036,1603.74,upi,failed,insufficient_funds,6,6,0,1.0,0,0.98,0,53061.04,1,7.380717028672238,0.7856007740393479,1259.8993853578638,1603.74,1259.8993853578638
516,txn_007881,cust_01217,3019.17,wallet,failed,bank_decline,26,23,3,0.8846,0,4.42,0,145369.16,0,8.013068400175342,0.41709596615392275,1259.283628132939,3019.17,1259.283628132939
517,txn_008132,cust_00661,2920.98,wallet,failed,technical_error,30,23,7,0.7667,0,7.86,0,138253.2,1,7.980016747660253,0.4309228489814757,1258.717023417911,2920.98,1258.717023417911
518,txn_005724,cust_01084,2041.27,card,abandoned,none,35,29,6,0.8286,0,3.7,1,20815.48,0,7.621817213294359,0.6160383260747744,1257.5005538666546,2041.27,1257.5005538666546
519,txn_004575,cust_01096,1768.21,wallet,failed,technical_error,27,27,0,1.0,0,4.95,0,92623.56,0,7.478288398250411,0.7109882483548072,1257.1765306234538,1768.21,1257.1765306234538
520,txn_005789,cust_01092,3166.56,wallet,failed,insufficient_funds,25,20,5,0.8,1,3.14,0,123680.71,0,8.060716854399473,0.39666884176020945,1256.0756875642087,3166.56,1256.0756875642087
521,txn_003075,cust_00178,2109.04,wallet,failed,network_error,27,20,7,0.7407,1,0.19,0,146101.72,0,7.6544621836363955,0.5951358855302227,1255.165388018661,2109.04,1255.165388018661
522,txn_000344,cust_00396,1799.79,upi,abandoned,none,20,18,2,0.9,0,1.52,1,105260.32,0,7.495980736489587,0.695042889239952,1250.9312416251732,1799.79,1250.9312416251732
523,txn_005538,cust_01259,3384.24,netbanking,failed,bank_decline,39,30,9,0.7692,0,5.21,0,21282.55,0,8.127180083866989,0.3695314953553459,1250.5832678413758,3384.24,1250.5832678413758
524,txn_000875,cust_00030,6502.01,wallet,failed,network_error,23,19,4,0.8261,1,13.92,0,32216.55,0,8.780020425619776,0.1921951490268777,1249.654780924249,6502.01,1249.654780924249
525,txn_009441,cust_00022,1734.49,card,failed,technical_error,40,36,4,0.9,0,1.67,0,132932.31,1,7.459045073257006,0.7184310830086224,1246.1115291676253,1734.49,1246.1115291676253
526,txn_007578,cust_01554,1648.59,netbanking,failed,technical_error,21,18,3,0.8571,0,1.74,0,23100.25,1,7.4082820511686664,0.7545800798195544,1243.993173789719,1648.59,1243.993173789719
527,txn_007265,cust_02349,2295.58,upi,failed,authentication_failed,33,28,5,0.8485,0,3.63,0,73636.57,0,7.739176338778523,0.5417636069879272,1243.661700929346,2295.58,1243.661700929346
528,txn_001777,cust_00086,3218.08,wallet,failed,bank_decline,13,12,1,0.9231,0,6.49,0,107229.4,0,8.076850883428637,0.3860590939746163,1242.3690491378331,3218.08,1242.3690491378331
529,txn_001352,cust_01603,3884.15,card,failed,network_error,25,23,2,0.92,2,6.01,0,53865.89,0,8.264916872095009,0.31937652689786616,1240.5063369503468,3884.15,1240.5063369503468
530,txn_009309,cust_00803,2587.95,upi,failed,technical_error,31,29,2,0.9355,0,9.56,0,95128.64,0,7.85900766708919,0.47903206664029446,1239.71103686175,2587.95,1239.71103686175
531,txn_007870,cust_00486,1604.78,upi,abandoned,none,12,11,1,0.9167,0,0.72,1,26327.56,1,7.3813648988218565,0.7717786168307823,1238.5348887177029,1604.78,1238.5348887177029
532,txn_002138,cust_01981,2858.76,upi,abandoned,none,9,6,3,0.6667,0,5.24,1,62499.08,0,7.958492984208831,0.4325628788082129,1236.593455421767,2858.76,1236.593455421767
533,txn_009588,cust_00162,1923.89,wallet,abandoned,none,4,3,1,0.75,0,2.68,1,14752.47,1,7.562624102232027,0.6410030603554427,1233.2193777872328,1923.89,1233.2193777872328
534,txn_008922,cust_02473,2282.39,netbanking,failed,insufficient_funds,18,17,1,0.9444,0,5.24,0,130281.61,0,7.73341645979846,0.5402913147248107,1233.1554938147608,2282.39,1233.1554938147608
535,txn_005184,cust_00863,2830.7,upi,abandoned,none,16,11,5,0.6875,0,4.6,1,118765.59,1,7.948632516999008,0.43501654565212017,1231.4013357774566,2830.7,1231.4013357774566
536,txn_002382,cust_02222,2434.34,wallet,abandoned,none,38,24,14,0.6316,0,4.23,1,38791.28,0,7.797841656159418,0.5050073230559653,1229.3595268080587,2434.34,1229.3595268080587
537,txn_002275,cust_00501,1849.23,wallet,failed,bank_decline,31,29,2,0.9355,0,1.35,0,16891.34,0,7.523065234669066,0.6644610160182267,1228.7412446513854,1849.23,1228.7412446513854
538,txn_008609,cust_01092,2569.29,card,failed,insufficient_funds,25,20,5,0.8,0,4.76,0,123680.71,0,7.851774011990185,0.4779259306509385,1227.9303143621498,2569.29,1227.9303143621498
539,txn_003814,cust_00915,2549.16,upi,abandoned,none,11,9,2,0.8182,0,5.46,1,122208.2,1,7.84391138128212,0.4812999630060007,1226.9106136963767,2549.16,1226.9106136963767
540,txn_009063,cust_00269,1881.76,wallet,abandoned,none,15,14,1,0.9333,0,4.28,1,73746.19,0,7.540494064346986,0.6517401737077388,1226.4185892762746,1881.76,1226.4185892762746
541,txn_006570,cust_00420,2061.66,upi,failed,network_error,26,15,11,0.5769,0,2.03,0,129871.68,0,7.631751690957568,0.5948533112766284,1226.3852777265738,2061.66,1226.3852777265738
542,txn_006124,cust_01816,5398.4,netbanking,failed,insufficient_funds,13,11,2,0.8462,0,12.65,0,75571.13,0,8.594043115267958,0.22715569516858938,1226.277304798113,5398.4,1226.277304798113
543,txn_002209,cust_02064,1635.99,card,abandoned,none,22,21,1,0.9545,0,2.02,1,6645.06,1,7.400614468616984,0.7481311299006979,1223.9350472062426,1635.99,1223.9350472062426
544,txn_005834,cust_00134,4371.13,card,failed,insufficient_funds,37,34,3,0.9189,2,4.23,0,37686.09,0,8.383005583529568,0.2797028704848596,1222.6176082624843,4371.13,1222.6176082624843
545,txn_007451,cust_01944,2326.07,upi,abandoned,none,24,21,3,0.875,0,5.32,1,123971.34,0,7.752365244500042,0.5235815507696117,1217.8873377986706,2326.07,1217.8873377986706
546,txn_009290,cust_00474,2200.84,card,abandoned,none,3,3,0,1.0,0,6.8,1,93001.46,0,7.697048653425596,0.5526209381573957,1216.2302655343228,2200.84,1216.2302655343228
547,txn_004997,cust_01081,2690.26,wallet,abandoned,none,27,18,9,0.6667,0,5.54,1,56794.68,0,7.897764764417141,0.4520466851345355,1216.1231151500356,2690.26,1216.1231151500356
548,txn_009940,cust_02298,2243.1,card,failed,authentication_failed,6,5,1,0.8333,0,2.48,0,101696.01,0,7.716059828929531,0.5416060858684073,1214.8766112114245,2243.1,1214.8766112114245
549,txn_007485,cust_01603,4061.17,card,failed,authentication_failed,25,23,2,0.92,2,1.87,0,53865.89,0,8.309472592569364,0.2987186708108921,1213.1473043370706,4061.17,1213.1473043370706
550,txn_001776,cust_00715,3639.61,wallet,abandoned,none,39,23,16,0.5897,0,6.19,1,131118.67,1,8.199906529008004,0.33302834129788816,1212.0932812712067,3639.61,1212.0932812712067
551,txn_000977,cust_00587,3098.09,wallet,failed,authentication_failed,34,32,2,0.9412,2,0.85,0,45942.92,1,8.038863798992379,0.38891950150638016,1204.9076184219014,3098.09,1204.9076184219014
552,txn_004260,cust_00903,2234.26,upi,abandoned,none,22,20,2,0.9091,0,6.06,1,91392.38,1,7.712112831377929,0.539090523734885,1204.4683935599041,2234.26,1204.4683935599041
553,txn_005734,cust_02047,1921.79,card,abandoned,none,8,6,2,0.75,0,1.54,1,58495.51,0,7.561532535257374,0.6257953790762025,1202.6473015548552,1921.79,1202.6473015548552
554,txn_007391,cust_00325,2055.16,wallet,abandoned,none,12,8,4,0.6667,0,1.91,1,73644.94,1,7.628595444558831,0.5836865474882015,1199.569244935852,2055.16,1199.569244935852
555,txn_000158,cust_00218,3000.83,upi,failed,network_error,14,12,2,0.8571,0,12.07,0,65053.33,0,8.006977381675872,0.3996231184174924,1199.2010424407636,3000.83,1199.2010424407636
556,txn_003128,cust_00524,3504.35,card,abandoned,none,31,22,9,0.7097,0,6.52,1,145140.23,1,8.162045651829924,0.3412334693043184,1195.8015081565882,3504.35,1195.8015081565882
557,txn_008359,cust_02013,6546.39,wallet,failed,bank_decline,29,23,6,0.7931,2,1.33,0,124667.54,0,8.78682177593528,0.18263237673762697,1195.5827647514338,6546.39,1195.5827647514338
558,txn_002374,cust_00653,2438.68,upi,abandoned,none,9,7,2,0.7778,0,4.78,1,114859.97,0,7.799622162145673,0.48998548987181223,1194.917814440591,2438.68,1194.917814440591
559,txn_008420,cust_01307,1951.39,wallet,abandoned,none,29,23,6,0.7931,0,3.72,1,48517.51,0,7.5768095420986254,0.6115360951309244,1193.3454206775348,1951.39,1193.3454206775348
560,txn_004690,cust_01254,1808.73,card,abandoned,none,9,8,1,0.8889,0,3.08,1,46394.04,1,7.500932941862013,0.6595356338370075,1192.9218869900105,1808.73,1192.9218869900105
561,txn_000738,cust_00156,2165.32,card,abandoned,none,7,6,1,0.8571,0,4.23,1,111620.09,0,7.680785154414253,0.5502643847276566,1191.4984775384894,2165.32,1191.4984775384894
562,txn_006620,cust_01576,2041.51,upi,abandoned,none,26,17,9,0.6538,0,1.5,1,74922.83,0,7.621934722683005,0.5827372476708859,1189.6639184925903,2041.51,1189.6639184925903
563,txn_003166,cust_01428,2617.42,card,abandoned,none,24,19,5,0.7917,0,5.22,1,132267.36,0,7.870326361410167,0.4528638285159794,1185.3348420342948,2617.42,1185.3348420342948
564,txn_009733,cust_02262,5916.68,upi,failed,bank_decline,36,28,8,0.7778,0,8.61,0,137336.34,0,8.685699759176464,0.20030323464080407,1185.1301423345526,5916.68,1185.1301423345526
565,txn_004801,cust_01586,3066.42,upi,failed,network_error,9,7,2,0.7778,1,6.82,0,63465.99,0,8.02859209637538,0.3864456922752049,1185.004799706534,3066.42,1185.004799706534
566,txn_002114,cust_00162,2021.76,wallet,abandoned,none,4,3,1,0.75,0,4.18,1,14752.47,1,7.6122181944404055,0.585723689076816,1184.1927256279437,2021.76,1184.1927256279437
567,txn_001695,cust_00086,3762.71,wallet,failed,authentication_failed,13,12,1,0.9231,1,5.83,0,107229.4,0,8.23316045204103,0.3146357252022777,1183.8829895758624,3762.71,1183.8829895758624
568,txn_008883,cust_00718,1750.2,upi,failed,network_error,20,18,2,0.9,0,4.46,0,145186.78,1,7.468056546208653,0.6760085806068914,1183.1502177781813,1750.2,1183.1502177781813
569,txn_001140,cust_00086,2281.15,card,abandoned,none,13,12,1,0.9231,0,6.18,1,107229.4,1,7.732873260075978,0.5163758093037035,1177.9306773931432,2281.15,1177.9306773931432
570,txn_004241,cust_00011,3153.42,upi,failed,bank_decline,1,1,0,1.0,0,7.69,0,114062.3,0,8.056559922893305,0.3728427733863944,1175.7298584521238,3153.42,1175.7298584521238
571,txn_005818,cust_01851,4989.67,card,failed,authentication_failed,26,22,4,0.8462,2,3.52,0,3849.59,0,8.515325448269426,0.23523696801677235,1173.7548422042485,4989.67,1173.7548422042485
572,txn_009191,cust_02381,3384.21,wallet,abandoned,none,21,13,8,0.619,0,6.06,1,129771.93,1,8.1271712218268,0.34648834022860053,1172.5893058850322,3384.21,1172.5893058850322
573,txn_006832,cust_01000,2510.43,upi,failed,network_error,15,15,0,1.0,3,0.68,0,8821.17,0,7.828607591011907,0.4666221921766273,1171.4223499059703,2510.43,1171.4223499059703
574,txn_009550,cust_01940,2025.5,netbanking,abandoned,none,6,5,1,0.8333,0,2.97,1,118975.71,0,7.614065446068364,0.5778247987015577,1170.384129770005,2025.5,1170.384129770005
575,txn_003110,cust_02059,3148.84,wallet,failed,insufficient_funds,28,21,7,0.75,0,7.48,0,125514.1,1,8.055106936878843,0.3710580382018403,1168.402393011483,3148.84,1168.402393011483
576,txn_007745,cust_01304,3784.75,wallet,failed,authentication_failed,14,12,2,0.8571,1,5.48,0,78646.11,1,8.238999296836765,0.3087109484514537,1168.3937621516393,3784.75,1168.3937621516393
577,txn_001833,cust_01827,2603.09,upi,abandoned,none,18,11,7,0.6111,0,4.75,1,32197.97,1,7.864838564943182,0.4486884859247398,1167.976510825831,2603.09,1167.976510825831
578,txn_004142,cust_01146,1949.39,netbanking,abandoned,none,33,26,7,0.7879,0,1.62,1,132538.98,0,7.575784631560459,0.5980697919597322,1165.8712717483825,1949.39,1165.8712717483825
579,txn_003859,cust_02212,5752.4,wallet,failed,insufficient_funds,9,8,1,0.8889,1,11.44,0,38923.19,1,8.65754626338769,0.20265521531675476,1165.7538605881,5752.4,1165.7538605881
580,txn_003708,cust_00180,1938.2,upi,abandoned,none,16,11,5,0.6875,0,0.51,1,129826.25,0,7.570030795874995,0.6002767486228076,1163.4563941807257,1938.2,1163.4563941807257
581,txn_006230,cust_02083,2250.36,netbanking,abandoned,none,35,31,4,0.8857,0,6.57,1,44951.79,1,7.719289757039945,0.5170080693836556,1163.4542790182034,2250.36,1163.4542790182034
582,txn_009687,cust_00992,1858.12,card,abandoned,none,29,20,9,0.6897,0,0.17,1,98739.84,1,7.52785853647191,0.6250608384843266,1161.4380452044968,1858.12,1161.4380452044968
583,txn_007786,cust_00232,4343.35,wallet,failed,bank_decline,37,21,16,0.5676,1,1.62,0,29970.85,0,8.376631429270505,0.26603623543378907,1155.4884831713478,4343.35,1155.4884831713478
584,txn_000326,cust_01057,2471.65,wallet,abandoned,none,5,4,1,0.8,0,5.75,1,137669.46,1,7.813045728997427,0.46605179666712837,1151.916923232308,2471.65,1151.916923232308
585,txn_002991,cust_00504,1555.16,wallet,failed,network_error,19,18,1,0.9474,0,6.18,0,4269.0,1,7.349976527215421,0.7402202925727758,1151.160990197478,1555.16,1151.160990197478
586,txn_003062,cust_00963,1648.77,upi,abandoned,none,25,24,1,0.96,0,3.92,1,23018.58,1,7.408391163238994,0.6977827205159074,1150.4832161050126,1648.77,1150.4832161050126
587,txn_009465,cust_00551,11453.41,netbanking,failed,insufficient_funds,10,8,2,0.8,2,7.5,0,132926.65,0,9.346130087668499,0.10031816668857278,1148.9850935325665,11453.41,1148.9850935325665
588,txn_002574,cust_02478,5994.46,wallet,failed,network_error,35,30,5,0.8571,3,5.43,0,55699.79,0,8.698757795126813,0.19161293494032403,1148.6160739823747,5994.46,1148.6160739823747
589,txn_007186,cust_00600,1719.22,wallet,abandoned,none,28,23,5,0.8214,0,3.31,1,15777.59,0,7.450207468604843,0.6664100236020108,1145.705440777049,1719.22,1145.705440777049
590,txn_002059,cust_02245,1745.06,upi,abandoned,none,26,20,6,0.7692,0,1.16,1,92480.87,0,7.4651171000702785,0.6523986254971568,1138.4747454100684,1745.06,1138.4747454100684
591,txn_007403,cust_01316,2909.97,wallet,failed,insufficient_funds,26,20,6,0.7692,0,7.85,0,94834.29,0,7.976241637955659,0.3911466701706158,1138.2250757963866,2909.97,1138.2250757963866
592,txn_003571,cust_02382,3407.6,card,failed,technical_error,30,23,7,0.7667,0,9.45,0,146272.25,0,8.134056928791136,0.33285553733267115,1134.2385290148102,3407.6,1134.2385290148102
593,txn_003602,cust_00233,1896.49,card,abandoned,none,25,20,5,0.8,0,3.01,1,74662.2,0,7.548287239163671,0.5953611028548277,1129.0963779531521,1896.49,1129.0963779531521
594,txn_004919,cust_00368,1948.73,netbanking,abandoned,none,8,6,2,0.75,0,2.34,1,84152.88,0,7.575446180432647,0.5772330674513909,1124.871395534549,1948.73,1124.871395534549
595,txn_005522,cust_00820,1377.55,wallet,failed,technical_error,34,31,3,0.9118,0,0.96,0,40741.38,1,7.228787501115457,0.8161438676995925,1124.2789849495737,1377.55,1124.2789849495737
596,txn_000581,cust_01005,1840.98,wallet,abandoned,none,11,9,2,0.8182,0,3.93,1,61629.21,1,7.518596358993006,0.6106574094096604,1124.2080775749967,1840.98,1124.2080775749967
597,txn_000526,cust_00619,1943.35,upi,abandoned,none,7,7,0,1.0,0,6.86,1,87109.86,0,7.572683009967185,0.5761265829419847,1119.615594960306,1943.35,1119.615594960306
598,txn_004756,cust_02348,1809.03,upi,abandoned,none,19,17,2,0.8947,0,4.66,1,53911.25,1,7.50109869870815,0.6183225812633206,1118.564099182785,1809.03,1118.564099182785
599,txn_000050,cust_01584,1930.94,card,abandoned,none,36,29,7,0.8056,0,3.61,1,72375.61,0,7.566279958389598,0.5786501328418655,1117.338687509672,1930.94,1117.338687509672
600,txn_005075,cust_00776,2154.26,netbanking,failed,technical_error,39,29,10,0.7436,0,5.85,0,79637.95,1,7.675666644912236,0.5173526252492681,1114.5120664694882,2154.26,1114.5120664694882
601,txn_008235,cust_01959,3186.63,netbanking,failed,authentication_failed,26,17,9,0.6538,1,1.38,0,33122.84,0,8.06703297294875,0.34924730639152385,1112.9219439664216,3186.63,1112.9219439664216
602,txn_000295,cust_00682,8640.97,card,failed,network_error,32,23,9,0.7188,1,13.63,0,70129.01,0,9.0643858450672,0.1287400161517369,1112.438617366674,8640.97,1112.438617366674
603,txn_001705,cust_01131,2773.71,netbanking,abandoned,none,5,3,2,0.6,0,5.12,1,29036.33,0,7.928301516215054,0.40057331619034253,1111.074212850315,2773.71,1111.074212850315
604,txn_005935,cust_00045,3276.7,card,failed,bank_decline,30,22,8,0.7333,0,5.68,0,22287.87,0,8.0948972358966,0.3388010123712362,1110.1492772368297,3276.7,1110.1492772368297
605,txn_007845,cust_02226,2466.33,wallet,abandoned,none,27,13,14,0.4815,0,2.59,1,83263.64,1,7.810891873290859,0.4480671474811819,1105.0814478472635,2466.33,1105.0814478472635
606,txn_003281,cust_00060,5015.27,netbanking,failed,insufficient_funds,8,8,0,1.0,1,10.68,0,102574.84,1,8.520441908615291,0.21998075889010563,1103.2629006387801,5015.27,1103.2629006387801
607,txn_007033,cust_01395,3954.11,card,failed,insufficient_funds,1,1,0,1.0,1,8.62,0,130467.26,0,8.282763692710052,0.27842225585448066,1100.9122260967606,3954.11,1100.9122260967606
608,txn_007846,cust_00918,1846.87,card,abandoned,none,32,23,9,0.7188,0,0.59,1,149399.44,1,7.521788903406865,0.5950987113298761,1099.0699569938083,1846.87,1099.0699569938083
609,txn_000497,cust_00625,1633.44,wallet,abandoned,none,28,27,1,0.9643,0,3.35,1,126928.12,0,7.399055517016953,0.6721722919747584,1097.9531086032493,1633.44,1097.9531086032493
610,txn_002210,cust_01430,1952.81,netbanking,failed,technical_error,9,7,2,0.7778,1,0.47,0,96594.85,1,7.577536591436884,0.5617287580937139,1096.9495360929855,1952.81,1096.9495360929855
611,txn_004223,cust_01154,1681.36,card,abandoned,none,38,34,4,0.8947,0,2.72,1,87292.3,1,7.427952848547121,0.6523750400762051,1096.877297382528,1681.36,1096.877297382528
612,txn_005757,cust_02325,2416.12,wallet,abandoned,none,12,9,3,0.75,0,6.28,1,86140.05,0,7.790332027795415,0.45369182510165895,1096.1738924646202,2416.12,1096.1738924646202
613,txn_008042,cust_01939,4177.44,netbanking,failed,network_error,36,26,10,0.7222,3,1.41,0,1025.29,0,8.33769325011858,0.26222137550031005,1095.4140628700152,4177.44,1095.4140628700152
614,txn_009850,cust_02255,2466.48,upi,failed,insufficient_funds,1,1,0,1.0,0,8.98,0,146371.24,0,7.81095266590498,0.4440538454564108,1095.2499287413282,2466.48,1095.2499287413282
615,txn_001514,cust_01818,4337.25,card,failed,authentication_failed,27,22,5,0.8148,0,11.27,0,9055.23,0,8.375226319970613,0.25248708074694676,1095.0995909696949,4337.25,1095.0995909696949
616,txn_005934,cust_01983,1624.36,wallet,failed,network_error,36,27,9,0.75,0,3.17,0,129245.42,1,7.393484608689355,0.6739447309644031,1094.7288631893377,1624.36,1094.7288631893377
617,txn_004718,cust_02447,1768.72,card,abandoned,none,16,13,3,0.8125,0,2.26,1,95303.44,1,7.478576620963791,0.6185708355551747,1094.0786082631485,1768.72,1094.0786082631485
618,txn_008173,cust_01684,3386.09,card,failed,technical_error,26,16,10,0.6154,2,0.14,0,71170.72,0,8.127726424652515,0.3224595571220008,1091.8770817752359,3386.09,1091.8770817752359
619,txn_001387,cust_02426,2722.04,netbanking,abandoned,none,32,23,9,0.7188,0,5.19,1,149696.55,0,7.9095041822463665,0.4002501327744233,1089.4968714172912,2722.04,1089.4968714172912
620,txn_007756,cust_00456,1489.39,wallet,abandoned,none,15,14,1,0.9333,0,1.2,1,128545.93,1,7.30679310965671,0.7301695892396176,1087.5072845175941,1489.39,1087.5072845175941
621,txn_009432,cust_02434,2382.73,netbanking,abandoned,none,16,11,5,0.6875,0,4.85,1,58334.89,1,7.7764217667378475,0.45629790733811015,1087.2347127517353,2382.73,1087.2347127517353
622,txn_004296,cust_01672,1912.8,card,failed,technical_error,35,26,9,0.7429,0,5.44,0,40524.45,0,7.556846073345162,0.5671286112217071,1084.8036075448813,1912.8,1084.8036075448813
623,txn_006482,cust_00103,4058.35,netbanking,failed,bank_decline,23,19,4,0.8261,1,3.79,0,64113.21,1,8.308778141256475,0.2667438793727791,1082.540022852518,4058.35,1082.540022852518
624,txn_005156,cust_00160,3388.57,upi,failed,bank_decline,17,13,4,0.7647,1,1.72,0,76305.95,1,8.128458348671343,0.31934202891213825,1082.1128189108044,3388.57,1082.1128189108044
625,txn_001780,cust_01853,1552.53,wallet,abandoned,none,9,8,1,0.8889,0,3.3,1,32467.34,1,7.348285039879343,0.6956729052468723,1080.0530555829266,1552.53,1080.0530555829266
626,txn_009353,cust_01426,3749.83,wallet,failed,bank_decline,25,24,1,0.96,2,2.67,0,14310.33,1,8.229732427807182,0.2880266892308562,1080.0511200785415,3749.83,1080.0511200785415
627,txn_004240,cust_02426,2274.52,card,abandoned,none,32,23,9,0.7188,0,3.54,1,149696.55,1,7.7299638766951535,0.47446214999566816,1079.1736494081472,2274.52,1079.1736494081472
628,txn_009839,cust_01772,1653.51,card,abandoned,none,39,34,5,0.8718,0,1.86,1,120328.86,1,7.411260171465493,0.6516857623537124,1077.5689249094871,1653.51,1077.5689249094871
629,txn_006596,cust_02056,1933.3,netbanking,abandoned,none,35,29,6,0.8286,0,4.29,1,80447.67,1,7.567500782908052,0.5570173166678947,1076.8815783140408,1933.3,1076.8815783140408
630,txn_003522,cust_00456,2098.5,card,abandoned,none,15,14,1,0.9333,0,6.21,1,128545.93,0,7.649454500124248,0.5120686403687574,1074.5760418138375,2098.5,1074.5760418138375
631,txn_003146,cust_00824,2113.37,card,failed,technical_error,21,20,1,0.9524,1,6.04,0,16287.09,1,7.656512174767175,0.5078581496297907,1073.2921776831108,2113.37,1073.2921776831108
632,txn_002324,cust_01482,3235.94,card,failed,technical_error,23,22,1,0.9565,1,9.24,0,78927.8,0,8.08238371807327,0.3312458394450702,1071.8916616938805,3235.94,1071.8916616938805
633,txn_001298,cust_02423,1289.62,upi,abandoned,none,10,10,0,1.0,0,0.41,1,3194.0,1,7.162878002049884,0.8284684150108187,1068.409437366252,1289.62,1068.409437366252
634,txn_001709,cust_02404,2784.89,netbanking,failed,technical_error,16,12,4,0.75,0,10.0,0,25327.15,1,7.932322670430336,0.38346874453238916,1067.9182719608052,2784.89,1067.9182719608052
635,txn_009422,cust_00642,1784.97,wallet,abandoned,none,6,4,2,0.6667,0,2.25,1,41543.32,1,7.487716963982938,0.5976685351509656,1066.820405188419,1784.97,1066.820405188419
636,txn_001277,cust_01476,2471.83,netbanking,abandoned,none,6,5,1,0.8333,0,6.29,1,138769.54,1,7.8131185227404325,0.4312608382866531,1066.0034779020978,2471.83,1066.0034779020978
637,txn_005499,cust_00833,4987.37,card,failed,network_error,26,17,9,0.6538,3,0.98,0,55133.36,0,8.514864482076138,0.21333656390015077,1063.988378698695,4987.37,1063.988378698695
638,txn_005181,cust_01846,2122.49,card,abandoned,none,39,26,13,0.6667,0,3.53,1,79093.53,1,7.6608162405357385,0.5007262158959148,1062.7863859769202,2122.49,1062.7863859769202
639,txn_009072,cust_02347,2034.21,upi,failed,technical_error,35,23,12,0.6571,0,6.04,0,27006.29,1,7.6183542866557445,0.5212143665885244,1060.259476658042,2034.21,1060.259476658042
640,txn_001453,cust_00007,4912.75,wallet,failed,bank_decline,33,30,3,0.9091,1,7.05,0,90700.79,1,8.49979267673607,0.21559232628213354,1059.1512009425514,4912.75,1059.1512009425514
641,txn_005185,cust_01909,1848.14,wallet,abandoned,none,12,7,5,0.5833,0,0.75,1,92087.15,0,7.522475945124337,0.5728688142255991,1058.7417703228987,1848.14,1058.7417703228987
642,txn_004883,cust_00208,2943.51,upi,failed,technical_error,22,15,7,0.6818,2,0.23,0,93850.16,1,7.987697698541195,0.35931826783464815,1057.6569145539652,2943.51,1057.6569145539652
643,txn_000060,cust_00568,2725.2,card,failed,network_error,36,25,11,0.6944,1,6.08,0,31866.45,0,7.910663977136743,0.3874238520344658,1055.807481564326,2725.2,1055.807481564326
644,txn_003560,cust_01681,2025.04,wallet,failed,network_error,11,9,2,0.8182,0,8.64,0,96090.41,0,7.6138384279503555,0.5211262006982844,1055.301401462054,2025.04,1055.301401462054
645,txn_004169,cust_02087,2171.03,card,abandoned,none,36,24,12,0.6667,0,4.87,1,22064.71,0,7.683417493113136,0.4858489238196863,1054.7925890802537,2171.03,1054.7925890802537
646,txn_003847,cust_01755,5292.92,netbanking,failed,technical_error,13,9,4,0.6923,3,0.87,0,41822.65,0,8.574314271225946,0.1989745570106143,1053.1564122926206,5292.92,1053.1564122926206
647,txn_009395,cust_01622,2444.35,card,failed,technical_error,34,19,15,0.5588,0,4.53,0,129239.75,0,7.801943540948344,0.43085320039161373,1053.156020377241,2444.35,1053.156020377241
648,txn_008188,cust_00118,2736.0,wallet,abandoned,none,26,17,9,0.6538,0,5.81,1,135463.99,1,7.914617709040679,0.38411199219196335,1050.9304106372117,2736.0,1050.9304106372117
649,txn_007851,cust_02307,3230.9,netbanking,failed,technical_error,9,8,1,0.8889,3,0.88,0,9068.08,1,8.080825478568256,0.3250931157564803,1050.3433476976122,3230.9,1050.3433476976122
650,txn_001821,cust_00016,2126.16,wallet,failed,bank_decline,25,22,3,0.88,1,0.79,0,15410.74,1,7.662543035690334,0.4939913817156511,1050.3047161485488,2126.16,1050.3047161485488
651,txn_002268,cust_01261,2027.1,wallet,failed,network_error,13,12,1,0.9231,0,10.83,0,72372.45,0,7.614854673160086,0.5166723927923712,1047.3466074294156,2027.1,1047.3466074294156
652,txn_005581,cust_02211,1834.4,card,abandoned,none,37,22,15,0.5946,0,1.99,1,15559.82,0,7.515017720384913,0.5691586556476429,1044.0646379200361,1834.4,1044.0646379200361
653,txn_008657,cust_00552,1822.32,netbanking,abandoned,none,7,6,1,0.8571,0,3.57,1,125220.27,0,7.50841429410692,0.5724788535817492,1043.239664459093,1822.32,1043.239664459093
654,txn_005941,cust_00355,1817.42,wallet,abandoned,none,36,22,14,0.6111,0,2.44,1,44528.36,1,7.505723271158007,0.5730388057948826,1041.4521864277356,1817.42,1041.4521864277356
655,txn_000760,cust_00510,1517.72,wallet,abandoned,none,15,12,3,0.8,0,1.22,1,91452.68,0,7.325623153807344,0.6855457290673557,1040.4664639201071,1517.72,1040.4664639201071
656,txn_004012,cust_01709,1470.9,wallet,abandoned,none,28,24,4,0.8571,0,2.89,1,12676.91,1,7.294309362198541,0.7064410842338914,1039.104190799631,1470.9,1039.104190799631
657,txn_008932,cust_00248,2914.22,card,failed,network_error,16,13,3,0.8125,2,2.46,0,126139.57,1,7.9777005676348605,0.3563774611195046,1038.5623247436827,2914.22,1038.5623247436827
658,txn_000425,cust_01798,3110.42,netbanking,failed,authentication_failed,22,13,9,0.5909,0,3.91,0,109255.93,1,8.042834492606907,0.33300558461764274,1035.7872305064084,3110.42,1035.7872305064084
659,txn_004963,cust_00984,2625.15,wallet,failed,authentication_failed,23,15,8,0.6522,1,0.36,0,84512.65,1,7.8732741743281185,0.3942122415832699,1034.866265992321,2625.15,1034.866265992321
660,txn_006304,cust_00004,2765.84,netbanking,failed,technical_error,35,25,10,0.7143,1,5.76,0,13953.89,0,7.9254611537565225,0.3740017441346186,1034.4289839972937,2765.84,1034.4289839972937
661,txn_005524,cust_00945,1722.25,card,abandoned,none,34,22,12,0.6471,0,0.99,1,69091.3,1,7.451967321765761,0.5998380552407683,1033.0710906384131,1722.25,1033.0710906384131
662,txn_009238,cust_00450,1698.03,netbanking,abandoned,none,32,29,3,0.9062,0,3.34,1,129923.83,0,7.4378127789615975,0.6073867113997218,1031.3608575580695,1698.03,1031.3608575580695
663,txn_007443,cust_00408,2323.0,wallet,abandoned,none,12,9,3,0.75,0,5.52,1,149544.88,1,7.751045117971802,0.44281340448103546,1028.6555386094453,2323.0,1028.6555386094453
664,txn_000120,cust_02438,5034.59,upi,failed,network_error,14,13,1,0.9286,2,9.97,0,71451.01,1,8.52428597802946,0.2040466725268449,1027.291337036928,5034.59,1027.291337036928
665,txn_007614,cust_02440,3781.86,wallet,failed,insufficient_funds,11,9,2,0.8182,0,11.8,0,94745.47,0,8.238235616282354,0.2712391039765585,1025.7883177647875,3781.86,1025.7883177647875
666,txn_008912,cust_00688,6594.75,wallet,failed,bank_decline,5,4,1,0.8,1,7.95,0,70869.24,0,8.794180781202558,0.15540670685855837,1024.8683800554777,6594.75,1024.8683800554777
667,txn_005800,cust_01399,1881.58,upi,abandoned,none,35,31,4,0.8857,0,6.39,1,60259.66,0,7.5403984554510375,0.5441043073958751,1023.7757827099307,1881.58,1023.7757827099307
668,txn_004290,cust_01432,1641.75,wallet,abandoned,none,37,29,8,0.7838,0,4.42,1,2262.74,0,7.4041269457779775,0.6225066269047116,1022.0002547208103,1641.75,1022.0002547208103
669,txn_001795,cust_01946,2754.09,netbanking,failed,network_error,22,16,6,0.7273,2,1.51,0,84462.48,0,7.921205388930019,0.37067808292580867,1020.8808014051405,2754.09,1020.8808014051405
670,txn_002456,cust_00890,2147.67,card,abandoned,none,39,31,8,0.7949,0,6.49,1,51305.32,1,7.672604325055745,0.47524181471060534,1020.6625881995258,2147.67,1020.6625881995258
671,txn_005574,cust_01700,1368.42,netbanking,failed,network_error,31,22,9,0.7097,0,0.3,0,86334.43,1,7.22214257151678,0.7454485087301518,1020.0866483165144,1368.42,1020.0866483165144
672,txn_002117,cust_01899,3641.09,card,abandoned,none,22,9,13,0.4091,0,5.86,1,28247.54,1,8.200312971679095,0.2796675040996182,1018.2945525020789,3641.09,1018.2945525020789
673,txn_002070,cust_01115,1835.34,netbanking,abandoned,none,25,18,7,0.72,0,2.17,1,118084.88,0,7.515529739220961,0.5534278422030565,1015.7282559089577,1835.34,1015.7282559089577
674,txn_006604,cust_00696,2704.67,card,failed,technical_error,33,32,1,0.9697,1,8.73,0,58287.89,0,7.903104850074566,0.37518360107031856,1014.7478303068585,2704.67,1014.7478303068585
675,txn_005241,cust_02106,1450.81,wallet,abandoned,none,13,10,3,0.7692,0,1.16,1,48350.1,1,7.28056633282812,0.6984247544971727,1013.2816180720431,1450.81,1013.2816180720431
676,txn_000037,cust_01249,2235.67,card,abandoned,none,20,13,7,0.65,0,4.35,1,73150.47,0,7.712743431609473,0.4532112318657789,1013.2307547453659,2235.67,1013.2307547453659
677,txn_009915,cust_02429,1525.18,upi,abandoned,none,10,9,1,0.9,0,4.53,1,9349.71,1,7.330523160327263,0.6628250670060258,1010.9275356962505,1525.18,1010.9275356962505
678,txn_004106,cust_01454,1340.58,upi,abandoned,none,1,1,0,1.0,0,0.94,1,148045.5,1,7.201603302824833,0.7540561348532839,1010.8725732616153,1340.58,1010.8725732616153
679,txn_002857,cust_01172,1721.34,upi,abandoned,none,4,4,0,1.0,0,6.68,1,93057.45,0,7.451439110329602,0.5871085867568484,1010.6134947280334,1721.34,1010.6134947280334
680,txn_000988,cust_02291,8837.17,upi,failed,authentication_failed,13,12,1,0.9231,3,4.45,0,75350.9,0,9.08683512062676,0.11435019590045369,1010.5321207056123,8837.17,1010.5321207056123
681,txn_005342,cust_01894,4755.44,card,failed,bank_decline,9,9,0,1.0,1,7.76,0,99839.9,0,8.4672547682497,0.21234449557113766,1009.7915080188108,4755.44,1009.7915080188108
682,txn_000099,cust_02437,2257.13,card,abandoned,none,7,5,2,0.7143,0,5.27,1,78649.73,1,7.722292316125858,0.44676526748375756,1008.4072881956138,2257.13,1008.4072881956138
683,txn_003845,cust_02059,2393.04,upi,abandoned,none,28,21,7,0.75,0,6.2,1,125514.1,1,7.780737594416095,0.4211751455031145,1007.8889701947732,2393.04,1007.8889701947732
684,txn_008234,cust_00883,1542.84,card,abandoned,none,6,5,1,0.8333,0,2.82,1,38340.19,0,7.342028098272074,0.6522132040295909,1006.260619705014,1542.84,1006.260619705014
685,txn_001944,cust_00526,1700.37,upi,abandoned,none,22,18,4,0.8182,0,3.17,1,120830.65,1,7.439189087848419,0.5917684862129654,1006.22538090194,1700.37,1006.22538090194
686,txn_001748,cust_01269,2491.68,card,abandoned,none,35,18,17,0.5143,0,4.61,1,27809.15,0,7.821113715878447,0.40380201573607466,1006.1454065692625,2491.68,1006.1454065692625
687,txn_003540,cust_01282,1388.62,wallet,failed,network_error,27,26,1,0.963,1,1.37,0,82003.14,1,7.236785607454295,0.7244897929416874,1006.0410162746858,1388.62,1006.0410162746858
688,txn_003471,cust_02463,1701.01,card,abandoned,none,23,16,7,0.6957,0,0.91,1,121023.28,1,7.4395651845567174,0.5912918843502799,1005.7934081986696,1701.01,1005.7934081986696
689,txn_005114,cust_00080,1780.89,upi,abandoned,none,35,34,1,0.9714,0,6.21,1,115109.33,1,7.485429877730417,0.5631003123222444,1002.819715211562,1780.89,1002.819715211562
690,txn_003160,cust_02177,1784.98,card,failed,network_error,3,2,1,0.6667,1,1.42,0,20054.88,1,7.487722563165457,0.5612354950791187,1001.7941340063254,1784.98,1001.7941340063254
691,txn_000301,cust_02046,2097.28,card,abandoned,none,21,17,4,0.8095,0,6.5,1,57824.52,1,7.648873240489704,0.4774568024183754,1001.3606025760105,2097.28,1001.3606025760105
692,txn_002736,cust_01221,1924.68,wallet,failed,technical_error,23,14,9,0.6087,0,4.7,0,83402.62,1,7.5630344310981865,0.5196149255062086,1000.0924548232896,1924.68,1000.0924548232896
693,txn_006282,cust_01069,1871.19,card,abandoned,none,30,24,6,0.8,0,4.27,1,101242.39,1,7.53486414761369,0.5342374252096003,999.659727677952,1871.19,999.659727677952
694,txn_008600,cust_01512,4838.18,netbanking,failed,insufficient_funds,36,22,14,0.6111,0,10.47,0,69055.18,1,8.484500563869632,0.2062488609552141,997.8691140962978,4838.18,997.8691140962978
695,txn_006196,cust_00420,2420.25,card,failed,technical_error,26,15,11,0.5769,1,0.83,0,129871.68,1,7.792039214721205,0.4116935066682432,996.4012095138156,2420.25,996.4012095138156
696,txn_008081,cust_01677,4257.89,netbanking,failed,insufficient_funds,24,17,7,0.7083,0,12.07,0,1568.52,0,8.356763841930599,0.23339145266951777,993.7551324070131,4257.89,993.7551324070131
697,txn_006997,cust_01023,1540.52,upi,failed,technical_error,9,8,1,0.8889,0,4.6,0,127807.9,1,7.340524221617647,0.6449667773413205,993.584219829851,1540.52,993.584219829851
698,txn_002711,cust_02294,1187.29,netbanking,failed,network_error,14,13,1,0.9286,0,0.91,0,35151.92,1,7.080270577877251,0.836593721167403,993.279359204846,1187.29,993.279359204846
699,txn_001405,cust_00125,1855.96,wallet,abandoned,none,4,3,1,0.75,0,4.46,1,87297.86,1,7.526696021002244,0.5341105079196742,991.2877382785986,1855.96,991.2877382785986
700,txn_001458,cust_00436,1963.2,wallet,failed,network_error,10,8,2,0.8,0,9.22,0,75257.95,1,7.582840316723674,0.5045699132563788,990.5716537049228,1963.2,990.5716537049228
701,txn_008647,cust_01851,1519.6,upi,abandoned,none,26,22,4,0.8462,0,4.15,1,3849.59,0,7.326860272794336,0.6510020239146459,989.2626755406958,1519.6,989.2626755406958
702,txn_001233,cust_00933,1386.82,upi,abandoned,none,36,27,9,0.75,0,0.28,1,44001.65,0,7.235489449660065,0.7133299348968841,989.2602203136968,1386.82,989.2602203136968
703,txn_000337,cust_01486,3519.84,card,failed,technical_error,8,6,2,0.75,2,2.49,0,115943.11,1,8.166454876486652,0.28090700274949565,988.7477045577848,3519.84,988.7477045577848
704,txn_005877,cust_00190,2602.21,card,failed,authentication_failed,15,12,3,0.8,0,7.38,0,34215.61,0,7.864500577883333,0.37992019364655333,988.6321271089976,2602.21,988.6321271089976
705,txn_001724,cust_00728,4697.31,card,failed,authentication_failed,32,18,14,0.5625,0,8.75,0,29608.78,0,8.454958148567664,0.21035738269590243,988.1138373112896,4697.31,988.1138373112896
706,txn_003181,cust_02067,5296.37,upi,failed,authentication_failed,37,27,10,0.7297,0,10.79,0,123421.28,0,8.574965749964045,0.18651932882612451,987.8753776148211,5296.37,987.8753776148211
707,txn_006161,cust_02116,2181.17,netbanking,failed,authentication_failed,22,15,7,0.6818,0,2.05,0,131804.99,1,7.688075073532328,0.4528974146708606,987.846253957641,2181.17,987.846253957641
708,txn_005415,cust_02349,2470.66,wallet,failed,bank_decline,33,28,5,0.8485,0,6.0,0,73636.57,0,7.8126452686649515,0.39930378358450075,986.5438859508826,2470.66,986.5438859508826
709,txn_003410,cust_00762,1606.28,netbanking,abandoned,none,23,21,2,0.913,0,3.2,1,139640.32,1,7.382298588269904,0.6140617398469297,986.3550914813262,1606.28,986.3550914813262
710,txn_000616,cust_00299,1735.46,wallet,failed,authentication_failed,20,14,6,0.7,0,1.29,0,86793.71,1,7.459603837078627,0.5678167053128915,985.4231794023108,1735.46,985.4231794023108
711,txn_006159,cust_01253,2499.91,card,failed,technical_error,13,11,2,0.8462,1,6.33,0,69221.38,0,7.824409944624364,0.3941770261587916,985.4070894646246,2499.91,985.4070894646246
712,txn_005477,cust_00981,5628.76,upi,failed,technical_error,20,17,3,0.85,2,7.88,0,115904.97,1,8.635822091450681,0.17500130725864335,985.0403582451614,5628.76,985.0403582451614
713,txn_006920,cust_01360,2177.29,wallet,abandoned,none,18,14,4,0.7778,0,6.43,1,116491.84,1,7.686295444307878,0.4521050067043907,984.3637100474028,2177.29,984.3637100474028
714,txn_006561,cust_01066,2255.3,netbanking,failed,insufficient_funds,4,4,0,1.0,0,10.17,0,68561.41,1,7.721481582500467,0.43628636544897176,983.9566399970661,2255.3,983.9566399970661
715,txn_009059,cust_01497,2044.82,card,failed,network_error,33,19,14,0.5758,0,7.14,0,1382.71,1,7.623553966101819,0.48050132430819137,982.5387179718758,2044.82,982.5387179718758
716,txn_006065,cust_01349,1847.69,card,failed,network_error,33,25,8,0.7576,1,2.47,0,98307.39,0,7.522232559137301,0.531483303111601,982.0163843262741,1847.69,982.0163843262741
717,txn_004141,cust_01824,2900.22,card,failed,network_error,32,22,10,0.6875,0,11.3,0,50561.79,0,7.972886617164654,0.33818227063217654,980.802984932851,2900.22,980.802984932851
718,txn_003644,cust_00555,1364.33,netbanking,failed,network_error,24,22,2,0.9167,1,0.87,0,33373.18,1,7.2191514366420035,0.7180713091512743,979.6862292143579,1364.33,979.6862292143579
719,txn_006302,cust_02360,3226.96,netbanking,failed,insufficient_funds,26,23,3,0.8846,2,3.35,0,41415.97,0,8.079605637739334,0.3028604613695201,977.3185944209866,3226.96,977.3185944209866
720,txn_000986,cust_02344,2262.08,netbanking,failed,authentication_failed,27,25,2,0.9259,1,3.88,0,19064.39,1,7.724481996312274,0.4318224731094306,976.8169799713808,2262.08,976.8169799713808
721,txn_005331,cust_02143,1324.91,wallet,abandoned,none,10,9,1,0.9,0,0.97,1,110652.05,1,7.189854295139144,0.7370815482182135,976.5667140497933,1324.91,976.5667140497933
722,txn_001512,cust_00718,1910.01,wallet,abandoned,none,20,18,2,0.9,0,6.46,1,145186.78,1,7.555387177088957,0.509177602761085,972.5343130497,1910.01,972.5343130497
723,txn_007454,cust_01447,1276.13,wallet,abandoned,none,20,18,2,0.9,0,1.52,1,31611.41,1,7.152370651947479,0.7616853953015117,972.0095835061182,1276.13,972.0095835061182
724,txn_009535,cust_02130,1739.55,wallet,failed,network_error,35,26,9,0.7429,1,1.85,0,134203.9,1,7.461956434216061,0.5580569106865758,970.767898984833,1739.55,970.767898984833
725,txn_003433,cust_01536,1684.02,card,abandoned,none,33,29,4,0.8788,0,5.87,1,20893.56,0,7.4295327121522226,0.5760087897738668,970.0103221549872,1684.02,970.0103221549872
726,txn_004393,cust_00207,2508.13,wallet,failed,authentication_failed,5,4,1,0.8,0,6.13,0,142382.3,1,7.827691358495653,0.38665650812810765,969.7847877313507,2508.13,969.7847877313507
727,txn_009409,cust_01206,2910.1,card,abandoned,none,26,14,12,0.5385,0,4.59,1,139402.37,1,7.976286295611792,0.3332129301688996,969.6829480845147,2910.1,969.6829480845147
728,txn_001143,cust_02324,4242.42,netbanking,failed,technical_error,26,21,5,0.8077,1,10.59,0,42664.8,0,8.353124826869587,0.22854201896969217,969.5712321174015,4242.42,969.5712321174015
729,txn_006112,cust_00774,1296.67,upi,failed,technical_error,2,2,0,1.0,0,4.98,0,39132.67,1,7.168325627652122,0.7476090105310343,969.4021756852763,1296.67,969.4021756852763
730,txn_008002,cust_00576,1908.72,wallet,failed,technical_error,2,2,0,1.0,0,12.23,0,20638.68,1,7.554711913435667,0.5074436404763693,968.5678254500556,1908.72,968.5678254500556
731,txn_003795,cust_00989,2440.76,upi,failed,authentication_failed,10,8,2,0.8,1,2.9,0,44277.45,0,7.800474369742565,0.3963297483395271,967.3457965571843,2440.76,967.3457965571843
732,txn_003071,cust_00643,1553.79,card,failed,technical_error,28,25,3,0.8929,1,1.48,0,73363.59,1,7.34909576726199,0.6214203788685817,965.5567704822136,1553.79,965.5567704822136
733,txn_008708,cust_00920,3501.99,wallet,failed,authentication_failed,20,14,6,0.7,0,8.72,0,75108.17,0,8.161372168497437,0.27566382635069575,965.371963241873,3501.99,965.371963241873
734,txn_009587,cust_00204,1153.74,netbanking,failed,network_error,1,1,0,1.0,0,1.44,0,78468.13,1,7.051630489390126,0.836235739896917,964.7986225486691,1153.74,964.7986225486691
735,txn_002219,cust_00445,2165.38,upi,failed,bank_decline,27,18,9,0.6667,0,2.24,0,51641.41,1,7.680812850769876,0.44508573906837606,963.7797576638802,2165.38,963.7797576638802
736,txn_003589,cust_01035,1661.11,card,failed,technical_error,31,22,9,0.7097,0,4.67,0,49216.65,1,7.415843158544135,0.5794437834707872,962.5198631611593,1661.11,962.5198631611593
737,txn_001665,cust_00690,1622.58,wallet,failed,bank_decline,38,29,9,0.7632,0,1.33,0,9369.65,0,7.392388866583871,0.5929520764462164,962.1121802001018,1622.58,962.1121802001018
738,txn_003662,cust_02495,6683.65,upi,failed,authentication_failed,32,22,10,0.6875,3,0.46,0,29550.88,0,8.807569132144478,0.14392829514503844,961.9663498461362,6683.65,961.9663498461362
739,txn_007804,cust_01871,1854.89,wallet,abandoned,none,8,7,1,0.875,0,6.41,1,117929.25,0,7.526119644348395,0.5170581027439617,959.0859041987471,1854.89,959.0859041987471
740,txn_000227,cust_02374,1324.54,card,abandoned,none,40,31,9,0.775,0,0.35,1,24135.88,1,7.189575202565343,0.7224617431359025,956.9294772532282,1324.54,956.9294772532282
741,txn_005248,cust_02387,4053.33,card,failed,bank_decline,37,34,3,0.9189,2,1.96,0,65811.63,0,8.307540724784404,0.23595856966949882,956.4179491984696,4053.33,956.4179491984696
742,txn_003967,cust_01656,1350.89,netbanking,failed,technical_error,15,13,2,0.8667,0,3.82,0,25235.82,0,7.209258892346183,0.7073216023832197,955.5136794434678,1350.89,955.5136794434678
743,txn_003991,cust_01170,4217.8,wallet,failed,technical_error,10,10,0,1.0,2,10.98,0,2362.08,0,8.347306006402459,0.22639036137742818,954.8692662177166,4217.8,954.8692662177166
744,txn_001146,cust_01880,4639.72,upi,failed,network_error,1,1,0,1.0,2,12.49,0,2899.66,0,8.4426248055961,0.20563504768754826,954.0890434568714,4639.72,954.0890434568714
745,txn_007789,cust_01655,1656.82,upi,failed,authentication_failed,37,32,5,0.8649,0,3.07,0,97994.46,0,7.413258765266099,0.5749171593671042,952.5342479826055,1656.82,952.5342479826055
746,txn_004302,cust_02448,2501.74,netbanking,failed,authentication_failed,21,19,2,0.9048,2,0.79,0,3245.09,0,7.825141410686776,0.38049373456354546,951.8963955070042,2501.74,951.8963955070042
747,txn_000064,cust_01122,1691.38,card,failed,insufficient_funds,4,4,0,1.0,1,2.67,0,84795.51,0,7.43389110123886,0.5624572022449519,951.3288627330668,1691.38,951.3288627330668
748,txn_005840,cust_00539,3052.43,netbanking,failed,insufficient_funds,36,31,5,0.8611,2,2.67,0,49872.94,0,8.024020827887565,0.31146173299186225,950.71513763635,3052.43,950.71513763635
749,txn_006466,cust_00886,1625.53,upi,abandoned,none,6,4,2,0.6667,0,1.77,1,75883.4,0,7.394204190256065,0.5841538060075239,949.5595362794103,1625.53,949.5595362794103
750,txn_005355,cust_01282,1381.36,netbanking,abandoned,none,27,26,1,0.963,0,3.01,1,82003.14,1,7.231547462445976,0.687287122538229,949.3909395894079,1381.36,949.3909395894079
751,txn_007965,cust_02151,2169.86,upi,failed,network_error,30,28,2,0.9333,1,7.13,0,132351.25,0,7.682878681387162,0.43743880519055617,949.1809658307802,2169.86,949.1809658307802
752,txn_004776,cust_00043,1501.75,card,failed,technical_error,21,20,1,0.9524,1,2.87,0,32681.36,0,7.315052041919271,0.6319738565506766,949.0667390749786,1501.75,949.0667390749786
753,txn_008703,cust_01642,8493.59,netbanking,failed,technical_error,5,3,2,0.6,1,11.91,0,36461.39,0,9.047184769256782,0.11168815754682247,948.6334180581159,8493.59,948.6334180581159
754,txn_000744,cust_02014,1377.65,upi,abandoned,none,24,19,5,0.7917,0,0.46,1,113511.05,0,7.228860038472228,0.6866422696410506,945.9527227709934,1377.65,945.9527227709934
755,txn_005274,cust_01544,3745.6,upi,failed,network_error,13,10,3,0.7692,2,7.0,0,21280.67,1,8.228604041026959,0.25229337848800515,944.990078464672,3745.6,944.990078464672
756,txn_008143,cust_02279,1559.83,card,abandoned,none,31,28,3,0.9032,0,5.57,1,18323.98,0,7.352973010036535,0.6056188829558894,944.6625022010849,1559.83,944.6625022010849
757,txn_001908,cust_00839,5905.05,upi,failed,insufficient_funds,37,27,10,0.7297,3,2.53,0,5825.41,1,8.683732528234845,0.15992424314328252,944.3606519732405,5905.05,944.3606519732405
758,txn_008509,cust_00701,4205.27,card,failed,network_error,33,27,6,0.8182,2,8.2,0,23478.3,1,8.344331548210857,0.22441338567216412,943.7188783655818,4205.27,943.7188783655818
759,txn_006143,cust_01501,1904.28,netbanking,abandoned,none,3,2,1,0.6667,0,3.24,1,83376.85,1,7.552384258387357,0.49523459482171245,943.0653342270906,1904.28,943.0653342270906
760,txn_006343,cust_02229,1668.97,card,abandoned,none,31,27,4,0.871,0,5.76,1,38812.87,1,7.420560941177588,0.5650503615459976,943.0521019094236,1668.97,943.0521019094236
761,txn_001721,cust_00114,12452.04,netbanking,failed,bank_decline,35,24,11,0.6857,1,8.95,0,125568.11,0,9.429720048793401,0.07569498870813077,942.5570271931927,12452.04,942.5570271931927
762,txn_002639,cust_00953,1915.2,netbanking,failed,network_error,37,30,7,0.8108,2,0.76,0,45668.79,0,7.558099337216773,0.4914313133709542,941.1892513680515,1915.2,941.1892513680515
763,txn_007476,cust_01645,1648.44,card,failed,bank_decline,22,19,3,0.8636,0,1.49,0,67547.86,0,7.408191115348075,0.569945725465679,939.521331686644,1648.44,939.521331686644
764,txn_002182,cust_00057,2047.47,wallet,failed,technical_error,30,22,8,0.7333,0,8.25,0,79838.04,1,7.624848452017595,0.45852018454671706,938.8063222538668,2047.47,938.8063222538668
765,txn_008216,cust_00669,3693.27,netbanking,failed,bank_decline,7,6,1,0.8571,1,5.34,0,37254.15,0,8.21453824958786,0.2539362348287409,937.8550780059438,3693.27,937.8550780059438
766,txn_003605,cust_01037,1544.14,netbanking,abandoned,none,25,22,3,0.88,0,4.8,1,36092.67,0,7.342869800113297,0.6072217562565531,937.6354027059939,1544.14,937.6354027059939
767,txn_009908,cust_00031,1475.09,card,abandoned,none,18,14,4,0.7778,0,1.39,1,105571.23,0,7.297151978911237,0.6346837706543461,936.2156832545194,1475.09,936.2156832545194
768,txn_007450,cust_00137,9598.29,wallet,failed,technical_error,38,32,6,0.8421,2,12.42,0,85218.81,0,9.169444416387542,0.09737387597464334,934.6227000286594,9598.29,934.6227000286594
769,txn_001668,cust_01148,4349.02,netbanking,failed,technical_error,31,26,5,0.8387,2,5.93,0,114482.72,0,8.37793572177331,0.21478679059327258,934.1120480259544,4349.02,934.1120480259544
770,txn_009811,cust_01409,1429.95,card,abandoned,none,28,25,3,0.8929,0,3.99,1,31145.41,0,7.266093838345036,0.6522193513208181,932.6410614212039,1429.95,932.6410614212039
771,txn_000882,cust_01613,2996.15,card,abandoned,none,6,3,3,0.5,0,6.51,1,9369.03,0,8.005417116114252,0.31075675330689667,931.0738464204585,2996.15,931.0738464204585
772,txn_002865,cust_01830,2069.14,upi,failed,technical_error,6,6,0,1.0,2,4.52,0,20281.49,1,7.635371516822659,0.44984117716115063,930.7843733112231,2069.14,930.7843733112231
773,txn_007882,cust_00096,4207.66,wallet,failed,authentication_failed,5,4,1,0.8,2,3.16,0,77609.26,0,8.344899586225258,0.21998385668961354,925.6172744386192,4207.66,925.6172744386192
774,txn_008808,cust_00791,1962.65,wallet,failed,technical_error,34,31,3,0.9118,1,6.17,0,82068.21,1,7.582560265294218,0.4713192408121638,925.0347079799933,1962.65,925.0347079799933
775,txn_009676,cust_02265,5589.54,netbanking,failed,technical_error,13,10,3,0.7692,2,7.39,0,68759.09,0,8.628831162556907,0.16540613500002294,924.5442078280282,5589.54,924.5442078280282
776,txn_004394,cust_01496,1637.27,upi,failed,technical_error,8,8,0,1.0,2,1.55,0,35032.26,1,7.401396085994027,0.5630054605069232,921.7919503241702,1637.27,921.7919503241702
777,txn_009971,cust_02397,1747.92,upi,abandoned,none,32,30,2,0.9375,0,6.3,1,142096.67,1,7.466753733549378,0.5263679688703501,920.0491001478624,1747.92,920.0491001478624
778,txn_001646,cust_00069,2181.39,card,failed,network_error,33,31,2,0.9394,1,7.92,0,91736.56,0,7.688175885527208,0.4217127659032659,919.9200104137251,2181.39,919.9200104137251
779,txn_000650,cust_01303,1615.15,wallet,abandoned,none,22,13,9,0.5909,0,1.79,1,68844.56,1,7.387802056555544,0.5689963872538899,919.0145148731203,1615.15,919.0145148731203
780,txn_001600,cust_01342,1518.6,netbanking,abandoned,none,12,11,1,0.9167,0,4.64,1,83681.97,1,7.326202421313471,0.6050617047495938,918.846704832733,1518.6,918.846704832733
781,txn_005099,cust_01744,1414.97,card,abandoned,none,14,13,1,0.9286,0,2.81,1,137101.49,1,7.255570087588551,0.6490497591857332,918.3859377550368,1414.97,918.3859377550368
782,txn_002239,cust_02065,1390.19,netbanking,failed,network_error,5,4,1,0.8,1,1.28,0,9085.94,0,7.2379147749751365,0.660398948858192,918.0800147131699,1390.19,918.0800147131699
783,txn_009317,cust_00734,8616.72,wallet,failed,network_error,22,14,8,0.6364,2,9.16,0,131582.52,0,9.061575827511044,0.10641688373676969,916.964490432298,8616.72,916.964490432298
784,txn_001800,cust_00082,1710.34,netbanking,abandoned,none,36,25,11,0.6944,0,4.14,1,25603.92,1,7.445031968353362,0.5360793222736083,916.8779080574433,1710.34,916.8779080574433
785,txn_007190,cust_01373,3212.71,upi,failed,insufficient_funds,11,10,1,0.9091,2,3.96,0,92806.53,0,8.075181311983776,0.2852761615117516,916.5095768504195,3212.71,916.5095768504195
786,txn_006437,cust_00099,1378.59,upi,abandoned,none,37,33,4,0.8919,0,3.12,1,86855.54,1,7.229541632558596,0.6635192279928003,914.7209725185945,1378.59,914.7209725185945
787,txn_009876,cust_00840,1594.32,upi,abandoned,none,10,9,1,0.9,0,5.43,1,102180.25,1,7.374829622055295,0.5718857759573205,911.7689303242752,1594.32,911.7689303242752
788,txn_003596,cust_01213,1477.94,netbanking,failed,network_error,23,22,1,0.9565,0,9.28,0,9000.77,1,7.29908089393658,0.615238970787006,909.2862844849476,1477.94,909.2862844849476
789,txn_005070,cust_01487,1470.07,netbanking,failed,insufficient_funds,2,2,0,1.0,1,1.86,0,50916.64,1,7.293745306144959,0.6182819803297389,908.9177908233393,1470.07,908.9177908233393
790,txn_001786,cust_01769,1110.64,card,abandoned,none,33,32,1,0.9697,0,0.26,1,3987.8,1,7.013591681387901,0.8136035497257926,903.6206464674544,1110.64,903.6206464674544
791,txn_003188,cust_02192,1422.05,upi,failed,insufficient_funds,33,28,5,0.8485,0,4.04,0,40413.58,1,7.260557734506995,0.6349136813631551,902.8790005824746,1422.05,902.8790005824746
792,txn_004870,cust_01240,1600.88,upi,abandoned,none,27,25,2,0.9259,0,6.75,1,58782.13,0,7.378933218455641,0.5639819815514219,902.8674746260403,1600.88,902.8674746260403
793,txn_002121,cust_00196,1813.28,upi,failed,network_error,2,2,0,1.0,3,0.33,0,18185.92,0,7.50344397378011,0.4978977104602143,902.8279604232973,1813.28,902.8279604232973
794,txn_009023,cust_01670,2060.43,netbanking,failed,network_error,13,11,2,0.8462,2,2.29,0,61982.7,0,7.631155195713056,0.4378292292945062,902.1164789152793,2060.43,902.1164789152793
795,txn_006234,cust_01452,1315.88,netbanking,failed,technical_error,8,6,2,0.75,0,2.51,0,36921.18,0,7.1830205814188295,0.6849729595449255,901.3422180059767,1315.88,901.3422180059767
796,txn_008857,cust_00212,1724.83,netbanking,abandoned,none,19,16,3,0.8421,0,5.55,1,83607.46,1,7.4534633731656745,0.5222673794260644,900.8224440554586,1724.83,900.8224440554586
797,txn_006977,cust_00783,1343.83,netbanking,abandoned,none,2,2,0,1.0,0,4.15,1,95161.29,0,7.2040228899954935,0.6694677863483736,899.6508953285348,1343.83,899.6508953285348
798,txn_001879,cust_00963,1489.92,upi,failed,network_error,25,24,1,0.96,2,1.23,0,23018.58,1,7.307148658060321,0.6030087376472271,898.4347783953566,1489.92,898.4347783953566
799,txn_000488,cust_01286,5311.06,wallet,failed,authentication_failed,16,13,3,0.8125,2,4.84,0,98982.65,0,8.577734986273203,0.16905147494704978,897.8425265322783,5311.06,897.8425265322783
800,txn_004647,cust_00822,1175.81,upi,abandoned,none,6,6,0,1.0,0,2.32,1,65160.47,1,7.07056266687179,0.7612599969191269,895.0971169774785,1175.81,895.0971169774785
801,txn_005710,cust_00482,4880.96,netbanking,failed,technical_error,4,3,1,0.75,1,11.19,0,44711.8,0,8.493302057555963,0.18326719535642172,894.5198498468801,4880.96,894.5198498468801
802,txn_007551,cust_01517,1442.07,wallet,abandoned,none,32,24,8,0.75,0,1.59,1,149670.28,1,7.274528067645806,0.6197592589185573,893.7362345086839,1442.07,893.7362345086839
803,txn_002749,cust_02318,1292.98,netbanking,failed,insufficient_funds,12,11,1,0.9167,0,2.29,0,82735.95,1,7.165478018990861,0.6904910319935199,892.7910945469814,1292.98,892.7910945469814
804,txn_002129,cust_00313,1536.54,card,failed,insufficient_funds,28,24,4,0.8571,1,1.02,0,27244.41,0,7.3379390156024185,0.5809925763382995,892.7183332468506,1536.54,892.7183332468506
805,txn_005311,cust_01034,2199.58,upi,failed,bank_decline,12,11,1,0.9167,0,5.36,0,147271.09,1,7.696476240964084,0.4056858140066608,892.338402772771,2199.58,892.338402772771
806,txn_000493,cust_01478,1457.87,wallet,failed,insufficient_funds,39,35,4,0.8974,1,1.98,0,9199.26,1,7.285417442428212,0.611265799409164,891.146070984638,1457.87,891.146070984638
807,txn_004894,cust_00913,1803.44,card,abandoned,none,25,19,6,0.76,0,4.31,1,129760.41,0,7.498005573322229,0.4937946706299759,890.5290608009237,1803.44,890.5290608009237
808,txn_006474,cust_02384,1314.67,upi,abandoned,none,36,31,5,0.8611,0,2.7,1,67281.89,1,7.182101320561328,0.6769434028000265,889.9571833591109,1314.67,889.9571833591109
809,txn_001210,cust_01547,1897.43,card,abandoned,none,30,18,12,0.6,0,4.06,1,47790.96,1,7.548782507777981,0.46869723730020085,889.3201989705201,1897.43,889.3201989705201
810,txn_001236,cust_00513,1571.04,wallet,failed,technical_error,9,7,2,0.7778,1,1.71,0,94608.97,1,7.3601294179580465,0.5652859273149735,888.086803248916,1571.04,888.086803248916
811,txn_008427,cust_00634,1706.93,upi,failed,bank_decline,2,2,0,1.0,0,6.41,0,14671.89,1,7.4430373899021065,0.5199168972655891,887.461749449552,1706.93,887.461749449552
812,txn_007772,cust_00765,1847.03,wallet,failed,insufficient_funds,25,16,9,0.64,0,3.25,0,149184.28,1,7.521875485836097,0.4804440986856387,887.3946635953353,1847.03,887.3946635953353
813,txn_001300,cust_00552,1258.61,card,failed,technical_error,7,6,1,0.8571,0,2.22,0,125220.27,1,7.138557428223619,0.7040255259966633,886.0935672746604,1258.61,886.0935672746604
814,txn_004207,cust_02122,1430.22,netbanking,abandoned,none,9,8,1,0.8889,0,3.04,1,133803.26,0,7.266282506384181,0.6183626232934847,884.3945910868076,1430.22,884.3945910868076
815,txn_004139,cust_01397,1639.88,card,failed,bank_decline,30,25,5,0.8333,0,1.41,0,95591.24,0,7.402987962273648,0.5389203253517023,883.7646631377496,1639.88,883.7646631377496
816,txn_003944,cust_00223,1627.25,card,abandoned,none,11,8,3,0.7273,0,3.08,1,99168.76,1,7.395261097426511,0.5430247577858515,883.6370371070268,1627.25,883.6370371070268
817,txn_004348,cust_02449,1619.14,netbanking,abandoned,none,18,13,5,0.7222,0,3.11,1,88119.83,1,7.390267844245544,0.5451652452776262,882.6988552388158,1619.14,882.6988552388158
818,txn_001924,cust_00654,1700.15,card,abandoned,none,19,15,4,0.7895,0,5.57,1,49890.23,0,7.43905977192945,0.5184263901958541,881.4026272914814,1700.15,881.4026272914814
819,txn_009054,cust_01917,1489.98,wallet,failed,network_error,37,30,7,0.8108,1,2.62,0,108842.26,1,7.307188900858542,0.5910210482655465,880.609541494699,1489.98,880.609541494699
820,txn_002848,cust_02436,1296.1,wallet,abandoned,none,3,2,1,0.6667,0,0.54,1,30677.8,1,7.167886282346627,0.6792270384548273,880.3461645413016,1296.1,880.3461645413016
821,txn_002433,cust_00475,1435.88,netbanking,failed,insufficient_funds,16,15,1,0.9375,1,0.18,0,95042.99,1,7.270229375285206,0.6127905399069221,879.8936804415514,1435.88,879.8936804415514
822,txn_008959,cust_01685,1275.16,wallet,abandoned,none,17,14,3,0.8235,0,3.13,1,14579.39,1,7.151610847893364,0.6892624084676342,878.9198527815885,1275.16,878.9198527815885
823,txn_001745,cust_01355,1710.32,card,abandoned,none,18,14,4,0.7778,0,5.8,1,34501.67,1,7.445020281536676,0.5128583277123359,877.1518550529622,1710.32,877.1518550529622
824,txn_001732,cust_02179,11867.62,wallet,failed,bank_decline,33,15,18,0.4545,2,4.55,0,6839.44,0,9.381653221367381,0.0738851691732164,876.8411113834464,11867.62,876.8411113834464
825,txn_001225,cust_00455,2400.36,wallet,abandoned,none,16,10,6,0.625,0,6.9,1,86197.85,0,7.783790522507776,0.36430264920000704,874.4575070337289,2400.36,874.4575070337289
826,txn_002672,cust_00123,1634.18,wallet,failed,insufficient_funds,32,28,4,0.875,0,7.71,0,24064.73,0,7.399508169014822,0.5342247208381983,873.0193542993669,1634.18,873.0193542993669
827,txn_004837,cust_01336,2332.11,wallet,abandoned,none,12,7,5,0.5833,0,6.47,1,56622.6,0,7.754957420502722,0.3741269566928801,872.5052169730327,2332.11,872.5052169730327
828,txn_006117,cust_02480,1216.98,upi,abandoned,none,33,30,3,0.9091,0,2.41,1,57477.49,1,7.104949027773779,0.7169009582268283,872.4541281428856,1216.98,872.4541281428856
829,txn_007396,cust_00957,1335.62,upi,abandoned,none,2,2,0,1.0,0,5.29,1,89939.53,1,7.197899318304837,0.6526616107074391,871.7079004930697,1335.62,871.7079004930697
830,txn_004164,cust_00900,3217.68,card,failed,technical_error,5,5,0,1.0,3,2.89,0,103603.42,1,8.076726616602748,0.27047278732629443,870.294878324071,3217.68,870.294878324071
831,txn_000107,cust_02039,2594.71,wallet,failed,technical_error,14,14,0,1.0,1,9.95,0,142595.93,0,7.861615361260343,0.33475180705770896,868.583861290708,2594.71,868.583861290708
832,txn_004283,cust_02342,1190.26,upi,abandoned,none,24,21,3,0.875,0,1.06,1,84492.16,0,7.082766849476725,0.729480252414543,868.2711652389339,1190.26,868.2711652389339
833,txn_002721,cust_01982,6693.47,netbanking,failed,insufficient_funds,33,26,7,0.7879,2,7.91,0,45538.06,0,8.809037091436782,0.12958460525918625,867.3706677642055,6693.47,867.3706677642055
834,txn_000106,cust_02153,1438.88,netbanking,abandoned,none,21,17,4,0.8095,0,4.34,1,16380.53,1,7.272315055764298,0.6024685988436417,866.8800175041392,1438.88,866.8800175041392
835,txn_000891,cust_01104,1403.94,upi,abandoned,none,19,16,3,0.8421,0,4.63,1,35890.07,1,7.247749876229643,0.6173827297432557,866.7683095957465,1403.94,866.7683095957465
836,txn_008344,cust_02229,1363.33,upi,failed,network_error,31,27,4,0.871,0,7.54,0,38812.87,0,7.218418744625609,0.6354140014617055,866.2789706127869,1363.33,866.2789706127869
837,txn_009603,cust_00751,2796.5,card,failed,bank_decline,13,10,3,0.7692,1,1.18,0,120387.62,1,7.93648144018608,0.30972503252811295,866.1460534648679,2796.5,866.1460534648679
838,txn_009939,cust_00797,1870.64,upi,failed,insufficient_funds,5,4,1,0.8,1,2.97,0,52375.57,1,7.534570330851735,0.46293307617869317,865.9811296229107,1870.64,865.9811296229107
839,txn_001135,cust_01129,12808.4,card,failed,authentication_failed,25,21,4,0.84,3,5.56,0,101377.12,0,9.457934555386334,0.06759701290006702,865.8095800292184,12808.4,865.8095800292184
840,txn_000870,cust_01252,1283.31,wallet,failed,insufficient_funds,32,24,8,0.75,0,1.17,0,89477.15,1,7.157976888131452,0.673444914874414,864.2385937074843,1283.31,864.2385937074843
841,txn_000614,cust_00099,2410.96,netbanking,failed,bank_decline,37,33,4,0.8919,0,6.68,0,86855.54,0,7.788194973961637,0.3579631155749283,863.0347531265292,2410.96,863.0347531265292
842,txn_003528,cust_00130,13886.2,wallet,failed,bank_decline,33,22,11,0.6667,2,8.5,0,12936.61,0,9.53872283155434,0.06205411261066538,861.6958185342216,13886.2,861.6958185342216
843,txn_007604,cust_01870,1109.99,upi,abandoned,none,40,37,3,0.925,0,1.34,1,18542.45,1,7.013006788699031,0.7757152046288546,861.0361199859823,1109.99,861.0361199859823
844,txn_001207,cust_01574,1041.15,wallet,abandoned,none,30,29,1,0.9667,0,0.53,1,8545.02,1,6.94904116588768,0.8261007865532983,860.0948339199666,1041.15,860.0948339199666
845,txn_002558,cust_02202,2993.62,netbanking,abandoned,none,35,10,25,0.2857,0,3.61,1,75996.05,0,8.004572624369622,0.28728703014849133,860.0281991931266,2993.62,860.0281991931266
846,txn_005176,cust_01852,1169.59,netbanking,abandoned,none,15,14,1,0.9333,0,0.85,1,109348.16,1,7.0652631741929195,0.7348511387123665,859.4745433265967,1169.59,859.4745433265967
847,txn_002550,cust_00956,1818.78,card,failed,authentication_failed,38,36,2,0.9474,1,3.03,0,46844.0,0,7.506470893643492,0.4711494208714806,856.9171436926315,1818.78,856.9171436926315
848,txn_009339,cust_01612,2301.75,netbanking,abandoned,none,12,7,5,0.5833,0,5.31,1,74075.03,0,7.741859339868345,0.37193782299057787,856.1078840685626,2301.75,856.1078840685626
849,txn_005998,cust_02331,1357.39,wallet,failed,technical_error,1,1,0,1.0,1,4.99,0,27314.48,1,7.214055453928101,0.6280860771107872,852.5577602094115,1357.39,852.5577602094115
850,txn_009836,cust_01400,1232.28,card,abandoned,none,28,27,1,0.9643,0,2.44,1,123902.3,0,7.117432565785947,0.691362261271278,851.9518873193704,1232.28,851.9518873193704
851,txn_006985,cust_00708,5713.44,wallet,failed,network_error,11,9,2,0.8182,2,11.32,0,55220.8,0,8.650751583676266,0.1487719194335235,849.9994353682704,5713.44,849.9994353682704
852,txn_003806,cust_00631,1394.0,card,failed,network_error,23,22,1,0.9565,2,1.06,0,1909.76,1,7.240649694255466,0.6095633176886376,849.7312648579608,1394.0,849.7312648579608
853,txn_009586,cust_00768,1864.53,wallet,abandoned,none,22,11,11,0.5,0,2.38,1,118915.71,0,7.531300474011403,0.45560764328428704,849.4941191328517,1864.53,849.4941191328517
854,txn_002429,cust_00487,2688.04,upi,failed,authentication_failed,6,5,1,0.8333,2,0.45,0,91814.28,0,7.896939531576598,0.3159400007639309,849.2593596534768,2688.04,849.2593596534768
855,txn_002065,cust_00863,1412.28,upi,abandoned,none,16,11,5,0.6875,0,1.23,1,118765.59,1,7.253668522996822,0.6006329921728276,848.261962185841,1412.28,848.261962185841
856,txn_001925,cust_01624,2411.32,upi,failed,insufficient_funds,26,17,9,0.6538,0,7.32,0,88316.48,0,7.788344219030608,0.3513489254290443,847.214690865563,2411.32,847.214690865563
857,txn_004009,cust_00303,1849.3,netbanking,failed,insufficient_funds,20,16,4,0.8,0,5.67,0,127693.69,0,7.52310306708767,0.45799562172147473,846.9713032495232,1849.3,846.9713032495232
858,txn_005841,cust_01913,1316.2,wallet,failed,technical_error,27,21,6,0.7778,0,4.78,0,66662.49,1,7.183263550502209,0.6416840605024018,844.5845604332612,1316.2,844.5845604332612
859,txn_003851,cust_00163,1964.0,wallet,failed,authentication_failed,28,21,7,0.75,0,5.0,0,124572.87,1,7.583247524303362,0.42976686869576947,844.0621301184913,1964.0,844.0621301184913
860,txn_006562,cust_01029,1860.06,wallet,abandoned,none,37,27,10,0.7297,0,6.34,1,101485.77,1,7.52890149685332,0.45366312705668005,843.8406361130483,1860.06,843.8406361130483
861,txn_003239,cust_00321,3377.81,wallet,failed,bank_decline,29,20,9,0.6897,1,4.13,0,37335.65,0,8.1252788554796,0.24970482541936095,843.4554563497716,3377.81,843.4554563497716
862,txn_006169,cust_01272,2351.51,wallet,failed,insufficient_funds,14,12,2,0.8571,0,10.97,0,66329.79,1,7.763238122247524,0.35826473382946,842.4631042473136,2351.51,842.4631042473136
863,txn_004204,cust_00838,3037.55,card,failed,authentication_failed,24,21,3,0.875,1,6.76,0,54960.44,0,8.019135706927925,0.27646925333184685,839.7891804581515,3037.55,839.7891804581515
864,txn_002192,cust_00014,1341.4,card,abandoned,none,14,12,2,0.8571,0,2.36,1,143624.75,1,7.202214335712942,0.6254788937269268,839.0173880452996,1341.4,839.0173880452996
865,txn_008292,cust_01976,2830.16,card,failed,technical_error,25,20,5,0.8,1,8.5,0,63381.05,0,7.948441800646622,0.2962732141479645,838.5005997530031,2830.16,838.5005997530031
866,txn_001115,cust_01150,1692.68,netbanking,failed,authentication_failed,24,21,3,0.875,1,1.38,0,47625.38,0,7.4346589553606846,0.49526355673254363,838.322717210042,1692.68,838.322717210042
867,txn_008677,cust_00482,1871.5,upi,failed,network_error,4,3,1,0.75,1,5.84,0,44711.8,0,7.535029715391374,0.446067139740768,834.8146520248473,1871.5,834.8146520248473
868,txn_007142,cust_00504,2479.85,netbanking,failed,insufficient_funds,19,18,1,0.9474,0,13.09,0,4269.0,0,7.816356522371912,0.33612048194531596,833.5283771520917,2479.85,833.5283771520917
869,txn_000351,cust_00741,2056.58,netbanking,abandoned,none,16,9,7,0.5625,0,3.03,1,145468.7,0,7.629285813933851,0.40528709429944937,833.5053323943615,2056.58,833.5053323943615
870,txn_007873,cust_01672,4767.75,wallet,failed,authentication_failed,35,26,9,0.7429,0,13.56,0,40524.45,0,8.469839495032767,0.17469092849127366,832.8826743142699,4767.75,832.8826743142699
871,txn_005365,cust_00291,1186.58,netbanking,abandoned,none,16,14,2,0.875,0,2.62,1,19806.93,1,7.0796729020606985,0.701676272717292,832.5950316808844,1186.58,832.5950316808844
872,txn_003361,cust_01590,1692.67,card,failed,network_error,23,20,3,0.8696,0,10.13,0,72472.98,1,7.434653051040198,0.49157504358907506,832.0743290319197,1692.67,832.0743290319197
873,txn_007896,cust_02008,3193.03,netbanking,failed,authentication_failed,4,3,1,0.75,1,3.66,0,139046.24,1,8.069038721341993,0.25953465805074255,828.7019491957625,3193.03,828.7019491957625
874,txn_001601,cust_00669,1117.04,wallet,abandoned,none,7,6,1,0.8571,0,1.71,1,37254.15,0,7.019332431250334,0.7418622342871616,828.6897901881309,1117.04,828.6897901881309
875,txn_008193,cust_00943,3105.15,wallet,failed,authentication_failed,3,3,0,1.0,2,6.47,0,6798.18,0,8.041139296167774,0.2664076849060636,827.2358227860634,3105.15,827.2358227860634
876,txn_003263,cust_01230,1138.71,upi,abandoned,none,6,6,0,1.0,0,4.77,1,1774.09,1,7.038529123062031,0.7255583720390972,826.2005738246404,1138.71,826.2005738246404
877,txn_005630,cust_01658,1074.91,upi,abandoned,none,3,3,0,1.0,0,2.58,1,44941.38,1,6.980922094100772,0.7686022823071045,826.1782792747298,1074.91,826.1782792747298
878,txn_009045,cust_02084,1559.02,netbanking,abandoned,none,10,8,2,0.8,0,5.54,1,45410.42,0,7.352453920674221,0.5288672430566319,824.5146092701502,1559.02,824.5146092701502
879,txn_002310,cust_01509,2857.0,upi,failed,network_error,26,24,2,0.9231,1,13.1,0,11270.04,0,7.957877358489813,0.28848394854288334,824.1986409870177,2857.0,824.1986409870177
880,txn_002163,cust_02088,1201.86,card,abandoned,none,3,2,1,0.6667,0,0.14,1,1749.45,1,7.09245733347515,0.6856725716742018,824.0824369923562,1201.86,824.0824369923562
881,txn_001571,cust_01319,2800.74,wallet,failed,network_error,40,37,3,0.925,1,11.18,0,132581.51,0,7.9379959317279445,0.29392450820048865,823.2061270974365,2800.74,823.2061270974365
882,txn_004194,cust_00269,1086.17,wallet,failed,network_error,15,14,1,0.9333,0,4.73,0,73746.19,0,6.991333268637233,0.7575660408987978,822.8455066430472,1086.17,822.8455066430472
883,txn_006970,cust_00983,1179.52,upi,abandoned,none,32,29,3,0.9062,0,3.23,1,48239.07,1,7.073710298355794,0.6973024781742021,822.4822190560349,1179.52,822.4822190560349
884,txn_004538,cust_00780,3037.72,wallet,failed,network_error,40,26,14,0.65,0,13.48,0,69109.93,0,8.019191653101139,0.2703177942515178,821.1497699537206,3037.72,821.1497699537206
885,txn_009137,cust_02319,1965.58,card,failed,network_error,16,15,1,0.9375,0,13.52,0,41141.83,0,7.584051272458077,0.41751674152541923,820.6625568075335,1965.58,820.6625568075335
886,txn_005133,cust_01703,2515.16,upi,failed,bank_decline,3,2,1,0.6667,0,4.69,0,75813.12,1,7.830489208803151,0.32604377692603903,820.0522659732962,2515.16,820.0522659732962
887,txn_009400,cust_01744,3255.74,card,failed,technical_error,14,13,1,0.9286,1,10.44,0,137101.49,0,8.08848197402717,0.25181895629877876,819.8570487801859,3255.74,819.8570487801859
888,txn_000055,cust_01239,1762.48,card,abandoned,none,25,18,7,0.72,0,6.85,1,2838.75,1,7.475044408528722,0.4626972928979253,815.4947247867354,1762.48,815.4947247867354
889,txn_008587,cust_00463,1686.09,netbanking,abandoned,none,7,6,1,0.8571,0,6.03,1,131254.37,1,7.430760430263439,0.4832445619696105,814.7938234913406,1686.09,814.7938234913406
890,txn_002279,cust_00925,2730.35,upi,failed,insufficient_funds,19,18,1,0.9474,0,13.39,0,74739.24,0,7.912551271445962,0.29834548577766745,814.5875970930543,2730.35,814.5875970930543
891,txn_006080,cust_02186,4942.6,card,failed,bank_decline,14,11,3,0.7857,2,2.64,0,67931.3,0,8.50584908971558,0.1647069126075728,814.0803862541894,4942.6,814.0803862541894
892,txn_000811,cust_01161,2987.39,card,failed,insufficient_funds,32,29,3,0.9062,2,4.39,0,69663.52,0,8.002490059823794,0.2723503555618402,813.6167287018857,2987.39,813.6167287018857
893,txn_005755,cust_00185,2603.69,card,failed,authentication_failed,16,14,2,0.875,1,6.11,0,40754.05,1,7.865068945186791,0.31224771739583995,812.9962593063746,2603.69,812.9962593063746
894,txn_003673,cust_01007,2022.54,upi,failed,network_error,13,10,3,0.7692,2,1.73,0,113630.75,1,7.612603731849723,0.40180256187928354,812.6617535033262,2022.54,812.6617535033262
895,txn_002738,cust_00328,1436.96,netbanking,abandoned,none,39,24,15,0.6154,0,1.2,1,105476.38,1,7.270980721482426,0.5631797065978271,809.2667111928137,1436.96,809.2667111928137
896,txn_007264,cust_02442,1929.14,netbanking,failed,network_error,36,27,9,0.75,2,1.3,0,78618.01,0,7.565347818128219,0.4183736163233836,807.1012781940923,1929.14,807.1012781940923
897,txn_009426,cust_01085,5086.86,netbanking,failed,network_error,23,19,4,0.8261,3,6.52,0,18676.34,0,8.534612588918122,0.15848925284958443,806.212640750437,5086.86,806.212640750437
898,txn_003835,cust_00901,1403.81,card,abandoned,none,11,8,3,0.7273,0,3.06,1,66501.22,0,7.2476573413065415,0.5738533136122274,805.5810201819809,1403.81,805.5810201819809
899,txn_002986,cust_01837,2244.09,netbanking,failed,bank_decline,34,29,5,0.8529,1,2.89,0,29395.93,0,7.716500888459668,0.35883754763679554,805.2637522762566,2244.09,805.2637522762566
900,txn_001825,cust_00326,1302.11,card,abandoned,none,23,18,5,0.7826,0,1.92,1,119877.02,0,7.17250899412955,0.6183093164587535,805.1067440541075,1302.11,805.1067440541075
901,txn_009284,cust_00071,3177.28,card,failed,network_error,11,11,0,1.0,1,13.74,0,81367.48,0,8.064095448942451,0.25311486146486595,804.2167870350893,3177.28,804.2167870350893
902,txn_009888,cust_00662,2250.75,wallet,failed,authentication_failed,21,19,2,0.9048,2,1.1,0,86788.11,1,7.7194629706638525,0.3572492342474201,804.0787139823808,2250.75,804.0787139823808
903,txn_008466,cust_00995,1266.75,upi,abandoned,none,36,32,4,0.8889,0,3.77,1,104729.52,1,7.1449989546751285,0.6344942889945328,803.7456405838244,1266.75,803.7456405838244
904,txn_006335,cust_02054,1137.26,wallet,abandoned,none,6,6,0,1.0,0,3.33,1,142283.56,1,7.037256059592509,0.7063098389291675,803.257927420585,1137.26,803.257927420585
905,txn_002597,cust_02118,2928.06,upi,failed,network_error,20,19,1,0.95,1,12.88,0,73558.74,0,7.982436831425024,0.273820554580085,801.7630130437636,2928.06,801.7630130437636
906,txn_006236,cust_00937,1071.3,card,failed,network_error,8,6,2,0.75,0,2.34,0,20170.85,1,6.9775611532261,0.74728346288157,800.5647737850259,1071.3,800.5647737850259
907,txn_008391,cust_02114,1136.77,netbanking,abandoned,none,28,22,6,0.7857,0,0.89,1,42225.3,1,7.036825485296414,0.7041166424051309,800.4186755868807,1136.77,800.4186755868807
908,txn_005714,cust_01841,1178.94,wallet,abandoned,none,7,5,2,0.7143,0,1.06,1,58149.02,0,7.073218868709308,0.6781646877204873,799.5154769411913,1178.94,799.5154769411913
909,txn_001722,cust_02193,1239.18,card,abandoned,none,22,17,5,0.7727,0,0.77,1,138430.44,1,7.123011809354525,0.6440313846345823,798.0708112114818,1239.18,798.0708112114818
910,txn_005665,cust_01354,1980.51,card,failed,bank_decline,15,14,1,0.9333,0,7.26,0,44521.4,1,7.591614459299562,0.4027062253749755,797.5637064173927,1980.51,797.5637064173927
911,txn_000378,cust_01548,1877.74,netbanking,failed,network_error,8,6,2,0.75,2,0.95,0,80852.76,0,7.538356618365062,0.4240324592125106,796.2227099616996,1877.74,796.2227099616996
912,txn_003426,cust_00114,2904.97,card,failed,technical_error,35,24,11,0.6857,2,2.15,0,125568.11,1,7.9745225206082555,0.2740424766938647,796.0851735213762,2904.97,796.0851735213762
913,txn_002854,cust_00745,2046.01,upi,failed,bank_decline,31,29,2,0.9355,0,6.4,0,135692.18,0,7.624135470847207,0.38772190954708524,793.2829041524319,2046.01,793.2829041524319
914,txn_004843,cust_00961,1300.1,card,failed,technical_error,11,10,1,0.9091,0,6.65,0,79110.62,1,7.17096533950943,0.6100158179275993,793.0815648876718,1300.1,793.0815648876718
915,txn_008823,cust_01781,2860.75,upi,failed,authentication_failed,1,1,0,1.0,0,13.31,0,77215.54,1,7.959188604798586,0.27700018126695974,792.4282685594551,2860.75,792.4282685594551
916,txn_007852,cust_00495,1008.74,card,abandoned,none,35,35,0,1.0,0,1.67,1,24538.37,0,6.917448150953037,0.7854229314542052,792.287527875115,1008.74,792.287527875115
917,txn_000562,cust_02363,1205.6,upi,abandoned,none,34,33,1,0.9706,0,3.7,1,144863.38,0,7.095561766006662,0.6552594033243747,789.9807366478661,1205.6,789.9807366478661
918,txn_002345,cust_00665,3679.17,upi,failed,authentication_failed,26,23,3,0.8846,1,10.19,0,4107.63,0,8.210714225748164,0.21448734233751932,789.1353953079309,3679.17,789.1353953079309
919,txn_007074,cust_00806,4685.37,wallet,failed,network_error,13,10,3,0.7692,2,10.74,0,7527.14,0,8.45241357455076,0.16837395333366634,788.8942697309602,4685.37,788.8942697309602
920,txn_007288,cust_01206,1752.03,card,abandoned,none,26,14,12,0.5385,0,2.1,1,139402.37,0,7.46910099829448,0.4500248326408817,788.457007531804,1752.03,788.457007531804
921,txn_000805,cust_02426,3579.76,card,failed,insufficient_funds,32,23,9,0.7188,2,1.87,0,149696.55,0,8.183330347367098,0.2201745600114113,788.1720829464498,3579.76,788.1720829464498
922,txn_002316,cust_01206,9599.3,upi,failed,network_error,26,14,12,0.5385,1,13.35,0,139402.37,0,9.169549626967656,0.08188358086270277,786.0250577753426,9599.3,786.0250577753426
923,txn_004777,cust_02234,1945.83,card,failed,network_error,11,10,1,0.9091,1,9.59,0,15941.51,0,7.573957687743999,0.4038999825895478,785.9207031222197,1945.83,785.9207031222197
924,txn_004529,cust_02084,1930.57,wallet,failed,bank_decline,10,8,2,0.8,1,1.56,0,45410.42,1,7.566088422712904,0.4070420484514693,785.823167478953,1930.57,785.823167478953
925,txn_009499,cust_02239,1257.28,netbanking,abandoned,none,1,1,0,1.0,0,5.19,1,120851.03,1,7.1375009880108236,0.623215017900457,783.5557777058865,1257.28,783.5557777058865
926,txn_003478,cust_00525,2794.3,wallet,failed,network_error,19,19,0,1.0,3,4.53,0,112237.34,0,7.935694714355201,0.2802276179639744,783.0400328767337,2794.3,783.0400328767337
927,txn_002321,cust_01873,1057.23,wallet,abandoned,none,13,11,2,0.8462,0,0.31,1,116915.88,1,6.964352980096527,0.7393102111096762,781.620934491483,1057.23,781.620934491483
928,txn_004167,cust_01589,1700.1,netbanking,failed,technical_error,25,19,6,0.76,1,2.94,0,117505.45,0,7.439030379615537,0.4594171897303881,781.0551642606328,1700.1,781.0551642606328
929,txn_007258,cust_00904,4814.33,upi,failed,authentication_failed,21,17,4,0.8095,0,13.07,0,129361.28,1,8.4795598577093,0.16217951367035763,780.7856980486129,4814.33,780.7856980486129
930,txn_005977,cust_01213,2649.04,netbanking,failed,network_error,23,22,1,0.9565,1,13.05,0,9000.77,1,7.882330013205972,0.29469350326414057,780.6548778868389,2649.04,780.6548778868389
931,txn_004333,cust_01558,1611.33,card,failed,network_error,12,9,3,0.75,0,9.72,0,5631.23,0,7.385435616755589,0.48431903695275746,780.3977938130867,1611.33,780.3977938130867
932,txn_007149,cust_01212,2332.58,wallet,failed,bank_decline,6,5,1,0.8333,1,3.35,0,75618.13,0,7.755158848067693,0.33422501728846726,779.6065908267329,2332.58,779.6065908267329
933,txn_006461,cust_00834,1251.87,wallet,abandoned,none,11,10,1,0.9091,0,4.26,1,142965.62,0,7.133192198515955,0.6216132033934265,778.1789209321288,1251.87,778.1789209321288
934,txn_005597,cust_01660,1184.06,netbanking,abandoned,none,7,6,1,0.8571,0,3.9,1,12055.86,1,7.077548685198821,0.6561886893588201,776.9667795222045,1184.06,776.9667795222045
935,txn_006940,cust_01671,1386.95,netbanking,abandoned,none,36,27,9,0.75,0,3.17,1,108583.68,0,7.235583117363149,0.5594659132923596,775.9512484408382,1386.95,775.9512484408382
936,txn_003536,cust_02196,3546.68,netbanking,failed,authentication_failed,9,6,3,0.6667,1,5.91,0,17176.95,0,8.174049147704686,0.21790698929977287,772.8463608097184,3546.68,772.8463608097184
937,txn_002693,cust_00318,1349.22,wallet,failed,insufficient_funds,38,32,6,0.8421,1,1.86,0,40990.94,0,7.2080228211184165,0.5725340284226402,772.4743618283946,1349.22,772.4743618283946
938,txn_006781,cust_02289,4844.96,card,failed,bank_decline,23,19,4,0.8261,0,12.91,0,33566.35,0,8.485900647112112,0.1592587186076392,771.6021213052677,4844.96,771.6021213052677
939,txn_002348,cust_00660,1014.73,upi,failed,network_error,3,3,0,1.0,0,5.62,0,65996.72,1,6.923362844789666,0.7602574470973289,771.4560392930725,1014.73,771.4560392930725
940,txn_006682,cust_00751,1481.39,card,failed,technical_error,13,10,3,0.7692,0,5.97,0,120387.62,1,7.301410929130804,0.5207516910778546,771.436347645823,1481.39,771.436347645823
941,txn_001803,cust_01230,3242.58,wallet,failed,insufficient_funds,6,6,0,1.0,1,13.47,0,1774.09,0,8.084432937062985,0.23787257240520732,771.3208458296771,3242.58,771.3208458296771
942,txn_001271,cust_00934,1398.8,upi,abandoned,none,25,23,2,0.92,0,6.94,1,76134.07,0,7.2440846482554395,0.5512725717944588,771.1200734260889,1398.8,771.1200734260889
943,txn_007487,cust_01316,2267.05,upi,failed,network_error,26,20,6,0.7692,1,8.1,0,94834.29,0,7.7266757104600154,0.3399755775659621,770.7416331209145,2267.05,770.7416331209145
944,txn_005507,cust_01804,1159.95,wallet,abandoned,none,7,5,2,0.7143,0,1.31,1,71146.35,1,7.056993914448375,0.663417190445239,769.5307700569549,1159.95,769.5307700569549
945,txn_008906,cust_00566,6348.37,card,failed,authentication_failed,16,12,4,0.75,0,13.2,0,148334.31,1,8.756110874366417,0.12118267736084289,769.3124734772541,6348.37,769.3124734772541
946,txn_008047,cust_00932,1228.07,wallet,failed,network_error,36,31,5,0.8611,1,4.05,0,30003.64,1,7.114013064819562,0.6262931259091884,769.131799135297,1228.07,769.131799135297
947,txn_009090,cust_01909,7725.72,card,failed,authentication_failed,12,7,5,0.5833,2,4.01,0,92087.15,0,8.952439730703968,0.09953887109830298,769.0094472215814,7725.72,769.0094472215814
948,txn_001603,cust_01801,1712.03,upi,failed,authentication_failed,23,19,4,0.8261,0,6.27,0,76589.91,0,7.4460190113056175,0.4483956996308788,767.6668896390534,1712.03,767.6668896390534
949,txn_001444,cust_00605,1867.85,card,failed,network_error,30,21,9,0.7,2,1.22,0,60410.8,1,7.533078547412982,0.4106222531111422,766.9807754736469,1867.85,766.9807754736469
950,txn_002851,cust_02346,1600.37,netbanking,abandoned,none,37,31,6,0.8378,0,6.56,1,97829.96,0,7.3786147918549645,0.47895554694587333,766.5060886657673,1600.37,766.5060886657673
951,txn_008800,cust_00034,1210.78,card,abandoned,none,16,11,5,0.6875,0,1.79,1,25346.97,0,7.099845632001031,0.6328806128798838,766.2791884627057,1210.78,766.2791884627057
952,txn_001490,cust_00622,3796.35,wallet,failed,authentication_failed,7,5,2,0.7143,1,7.5,0,53166.99,0,8.24205873401896,0.2016079602986155,765.374380079649,3796.35,765.374380079649
953,txn_001389,cust_00887,1641.74,upi,abandoned,none,11,7,4,0.6364,0,4.34,1,89179.46,1,7.404120858405927,0.4656670963385885,764.5042987429143,1641.74,764.5042987429143
954,txn_007143,cust_01652,1531.4,netbanking,failed,network_error,25,22,3,0.88,0,10.49,0,53333.44,1,7.334590412826494,0.49911564668106473,764.3457013273826,1531.4,764.3457013273826
955,txn_007320,cust_00926,1088.88,wallet,abandoned,none,31,21,10,0.6774,0,0.47,1,43576.51,1,6.99382287741953,0.6993938631500514,761.555989706828,1088.88,761.555989706828
956,txn_002899,cust_01197,1209.26,netbanking,abandoned,none,7,6,1,0.8571,0,2.49,1,134323.89,0,7.098590491541296,0.6293125532686239,761.0024981656161,1209.26,761.0024981656161
957,txn_003658,cust_02358,1268.07,card,abandoned,none,21,14,7,0.6667,0,1.11,1,98298.95,1,7.146039627737569,0.5997254266765466,760.4938218057284,1268.07,760.4938218057284
958,txn_000548,cust_02290,1114.66,netbanking,abandoned,none,37,27,10,0.7297,0,0.92,1,41092.29,0,7.017201437024916,0.6813816551890801,759.5088757730601,1114.66,759.5088757730601
959,txn_008005,cust_01858,958.11,card,failed,insufficient_funds,40,36,4,0.9,0,0.23,0,8239.46,1,6.866005771121006,0.7925178592006054,759.319286078692,958.11,759.319286078692
960,txn_007815,cust_02476,1008.82,wallet,abandoned,none,34,26,8,0.7647,0,0.45,1,24098.8,0,6.91752737613084,0.7515211785215516,758.1495953161118,1008.82,758.1495953161118
961,txn_009150,cust_01429,3673.19,netbanking,failed,authentication_failed,9,7,2,0.7778,1,7.37,0,58025.44,0,8.209087979190222,0.20625223062565115,757.6036310118355,3673.19,757.6036310118355
962,txn_003833,cust_00529,15174.53,netbanking,failed,technical_error,15,12,3,0.8,3,9.78,0,129160.95,0,9.627439541182715,0.04991858978700213,757.4911382805575,15174.53,757.4911382805575
963,txn_002717,cust_00005,1086.03,card,failed,insufficient_funds,28,27,1,0.9643,0,4.48,0,5735.62,1,6.991204485636411,0.6970299340490593,756.9954192752999,1086.03,756.9954192752999
964,txn_006513,cust_02090,1659.7,wallet,abandoned,none,36,23,13,0.6389,0,4.45,1,142099.93,1,7.414994479212708,0.4560280946995239,756.8698287727998,1659.7,756.8698287727998
965,txn_006232,cust_01751,3828.71,upi,failed,authentication_failed,2,2,0,1.0,2,8.02,0,26886.87,0,8.250544361292272,0.19706101927015293,754.4894950898272,3828.71,754.4894950898272
966,txn_004506,cust_02145,1835.98,netbanking,failed,authentication_failed,3,2,1,0.6667,0,4.78,0,33604.05,0,7.515878197839582,0.4109014981373209,754.4069325501584,1835.98,754.4069325501584
967,txn_009106,cust_00251,3713.89,wallet,failed,technical_error,16,9,7,0.5625,2,4.62,0,41915.02,0,8.22010434702304,0.2026828005040238,752.7416259638889,3713.89,752.7416259638889
968,txn_004741,cust_02239,2267.56,card,failed,technical_error,1,1,0,1.0,2,5.58,0,120851.03,0,7.726900547949748,0.33180484088362494,752.3873849940726,2267.56,752.3873849940726
969,txn_006428,cust_01167,1274.15,card,abandoned,none,4,3,1,0.75,0,2.22,1,114886.49,1,7.150819097731477,0.5901395748482344,751.926339292878,1274.15,751.926339292878
970,txn_002585,cust_02457,1412.73,card,abandoned,none,40,33,7,0.825,0,6.12,1,51424.89,0,7.2539868805574965,0.5303733062093674,749.2742808811596,1412.73,749.2742808811596
971,txn_009919,cust_01254,2458.93,wallet,failed,bank_decline,9,8,1,0.8889,2,1.26,0,46394.04,0,7.8078881732369965,0.3040927477772905,747.7427802920129,2458.93,747.7427802920129
972,txn_006845,cust_01699,5349.66,upi,failed,insufficient_funds,35,29,6,0.8286,1,12.14,0,103373.12,0,8.58497519676726,0.1397436272568341,747.5808929907951,5349.66,747.5808929907951
973,txn_008463,cust_00163,2577.94,wallet,failed,authentication_failed,28,21,7,0.75,1,4.38,0,124572.87,0,7.855133740779385,0.2889584437587206,744.9175305033561,2577.94,744.9175305033561
974,txn_003941,cust_00010,1302.58,card,failed,technical_error,29,27,2,0.931,1,3.5,0,88800.59,0,7.172869604716227,0.5703405976836476,742.9142557307657,1302.58,742.9142557307657
975,txn_001886,cust_00953,1035.65,card,abandoned,none,37,30,7,0.8108,0,1.05,1,45668.79,1,6.943749639205513,0.7171776029607072,742.7449845062565,1035.65,742.7449845062565
976,txn_006473,cust_01312,1967.05,wallet,failed,insufficient_funds,16,13,3,0.8125,0,9.82,0,77883.09,0,7.584798483793524,0.3773147366225741,742.1969526734343,1967.05,742.1969526734343
977,txn_001058,cust_01612,5222.79,upi,failed,technical_error,12,7,5,0.5833,3,1.89,0,74075.03,0,8.560978471067099,0.1417647786216194,740.4076681372076,5222.79,740.4076681372076
978,txn_005973,cust_00235,1603.85,netbanking,failed,technical_error,1,1,0,1.0,0,10.86,0,134006.31,0,7.380785573252725,0.4605661319760237,738.6789907697456,1603.85,738.6789907697456
979,txn_006199,cust_01793,1531.47,card,failed,network_error,2,2,0,1.0,1,7.89,0,98654.68,0,7.334636091762313,0.48209085702607374,738.3076848097212,1531.47,738.3076848097212
980,txn_008852,cust_00058,1204.54,upi,abandoned,none,36,31,5,0.8611,0,3.65,1,129256.18,1,7.094682878323332,0.6128868577690595,738.246735657143,1204.54,738.246735657143
981,txn_004067,cust_01924,1664.33,wallet,failed,network_error,40,31,9,0.775,1,7.75,0,9130.35,1,7.417778580974074,0.44353863116311376,738.1946500037051,1664.33,738.1946500037051
982,txn_008504,cust_02178,1154.38,netbanking,abandoned,none,38,33,5,0.8684,0,4.39,1,25008.24,1,7.052184573174842,0.6389484311680457,737.5892899717686,1154.38,737.5892899717686
983,txn_009268,cust_00179,1395.55,card,abandoned,none,10,9,1,0.9,0,5.78,1,138938.81,1,7.2417601885394935,0.5278439594780387,736.632637649577,1395.55,736.632637649577
984,txn_006077,cust_01340,4912.32,upi,failed,network_error,12,9,3,0.75,2,9.74,0,73513.86,0,8.499705163367329,0.1493601774124187,733.7049867065725,4912.32,733.7049867065725
985,txn_008412,cust_00555,1085.81,wallet,abandoned,none,24,22,2,0.9167,0,4.91,1,33373.18,0,6.9910020788348515,0.6754999005083353,733.4645469709556,1085.81,733.4645469709556
986,txn_000842,cust_00144,1288.95,upi,abandoned,none,40,32,8,0.8,0,3.59,1,149769.71,1,7.162358736914619,0.5676608373798712,731.686436340785,1288.95,731.686436340785
987,txn_007116,cust_01491,2788.47,card,failed,authentication_failed,32,31,1,0.9688,1,8.5,0,68824.47,0,7.933606892612229,0.26215049004553587,730.9987769772754,2788.47,730.9987769772754
988,txn_004909,cust_00869,1680.07,card,failed,network_error,31,27,4,0.871,1,7.24,0,79328.65,0,7.42718577442145,0.434629317069932,730.2076767296807,1680.07,730.2076767296807
989,txn_002559,cust_00290,998.71,wallet,failed,network_error,2,2,0,1.0,1,2.33,0,93579.01,1,6.907465236924006,0.7292615926174065,728.3208451629301,998.71,728.3208451629301
990,txn_006801,cust_00212,1081.2,card,abandoned,none,19,16,3,0.8421,0,2.16,1,83607.46,0,6.986751285208635,0.6724253745654225,727.0263149801349,1081.2,727.0263149801349
991,txn_008698,cust_00513,1394.71,card,abandoned,none,9,7,2,0.7778,0,4.86,1,94608.97,0,7.24115852535244,0.5191199484906573,724.0217833594047,1394.71,724.0217833594047
992,txn_001801,cust_00082,1215.15,wallet,abandoned,none,36,25,11,0.6944,0,4.01,1,25603.92,0,7.103445410181635,0.5954722669947647,723.5881252386885,1215.15,723.5881252386885
993,txn_005946,cust_00032,6588.76,upi,failed,network_error,5,4,1,0.8,3,7.74,0,91760.52,1,8.793272208016983,0.10958714221315459,722.0433791283444,6588.76,722.0433791283444
994,txn_005213,cust_02000,1696.27,wallet,failed,bank_decline,4,3,1,0.75,0,3.75,0,103898.63,0,7.436776356880189,0.42518109282194144,721.2219323210746,1696.27,721.2219323210746
995,txn_002540,cust_01354,1180.57,upi,failed,insufficient_funds,15,14,1,0.9333,0,6.31,0,44521.4,1,7.074599341592216,0.6098505362076018,719.9712475306084,1180.57,719.9712475306084
996,txn_007380,cust_00874,1150.4,card,failed,technical_error,34,30,4,0.8824,0,6.43,0,52332.7,1,7.048733872241709,0.6255298838090985,719.609578333987,1150.4,719.609578333987
997,txn_008739,cust_01306,2641.9,wallet,failed,authentication_failed,29,21,8,0.7241,0,9.17,0,108577.1,0,7.879632078095837,0.2720708913684615,718.7840879063385,2641.9,718.7840879063385
998,txn_000681,cust_01353,1154.77,wallet,abandoned,none,6,4,2,0.6667,0,1.51,1,85244.27,1,7.052522067499054,0.622178550112481,718.4731243133897,1154.77,718.4731243133897
999,txn_009512,cust_01203,1217.21,wallet,failed,network_error,12,10,2,0.8333,0,7.07,0,139386.19,1,7.105137847201396,0.5901752170953158,718.3671760005894,1217.21,718.3671760005894
1000,txn_003303,cust_00066,1433.87,card,failed,technical_error,12,11,1,0.9167,0,9.67,0,76644.57,1,7.268829531755493,0.5003908457606526,717.4954220108269,1433.87,717.4954220108269
1001,txn_009879,cust_02490,1242.04,card,abandoned,none,21,18,3,0.8571,0,6.09,1,17459.16,1,7.125315271202111,0.5774448573422059,717.2096106133133,1242.04,717.2096106133133
1002,txn_008750,cust_00829,1637.93,netbanking,abandoned,none,3,2,1,0.6667,0,4.62,1,109295.34,1,7.401798868862892,0.4371448915045665,716.0127321420746,1637.93,716.0127321420746
1003,txn_001912,cust_01690,1052.14,card,abandoned,none,30,28,2,0.9333,0,4.08,1,40246.72,1,6.9595314567627335,0.6800841081808896,715.5436935814413,1052.14,715.5436935814413
1004,txn_005458,cust_01060,1239.11,upi,failed,technical_error,13,10,3,0.7692,0,5.75,0,86332.55,0,7.122955364342031,0.5774621017757983,715.5390649314094,1239.11,715.5390649314094
1005,txn_002036,cust_01922,6357.5,card,failed,bank_decline,25,23,2,0.92,2,8.08,0,23149.51,0,8.757547779460802,0.1122308622455655,713.5077067261826,6357.5,713.5077067261826
1006,txn_002536,cust_01801,29357.81,netbanking,failed,authentication_failed,23,19,4,0.8261,3,11.54,0,76589.91,0,10.287347950571885,0.024303412550265108,713.4949680022985,29357.81,713.4949680022985
1007,txn_008658,cust_01469,9845.15,upi,failed,bank_decline,6,4,2,0.6667,1,10.42,0,77184.4,0,9.194835794815141,0.07246518316546428,713.4305980414707,9845.15,713.4305980414707
1008,txn_007784,cust_00641,2780.44,upi,failed,network_error,40,29,11,0.725,1,11.52,0,8414.61,1,7.9307240581879554,0.2552205452957084,709.6254129619996,2780.44,709.6254129619996
1009,txn_008119,cust_00041,1764.2,upi,failed,network_error,14,8,6,0.5714,0,7.16,0,137057.28,0,7.476019277395392,0.402035569671902,709.2711520151696,1764.2,709.2711520151696
1010,txn_006528,cust_02276,2454.7,wallet,failed,network_error,16,14,2,0.875,3,2.53,0,113863.52,0,7.8061671319690005,0.2886686272121998,708.5948792177869,2454.7,708.5948792177869
1011,txn_009139,cust_00958,1250.54,upi,abandoned,none,17,15,2,0.8824,0,4.95,1,145093.53,0,7.132130072007091,0.5660607312728495,707.8815868859492,1250.54,707.8815868859492
1012,txn_009566,cust_02044,1348.26,upi,failed,technical_error,40,34,6,0.85,1,3.07,0,137872.49,1,7.2073115729962085,0.5248371362295247,707.6169172928189,1348.26,707.6169172928189
1013,txn_006969,cust_00683,1575.04,wallet,failed,authentication_failed,37,28,9,0.7568,0,5.18,0,114221.7,0,7.3626706508063995,0.44921681759657484,707.5344563873092,1575.04,707.5344563873092
1014,txn_002620,cust_01716,1370.71,netbanking,failed,insufficient_funds,34,27,7,0.7941,0,5.61,0,69265.42,1,7.223813415681597,0.51577586814423,706.9791402239775,1370.71,706.9791402239775
1015,txn_000948,cust_00585,2550.92,upi,failed,insufficient_funds,15,9,6,0.6,0,7.64,0,141866.93,0,7.84460129601094,0.27705952910267806,706.7566939786035,2550.92,706.7566939786035
1016,txn_003060,cust_01623,3640.86,card,failed,insufficient_funds,5,5,0,1.0,2,8.88,0,56665.03,0,8.200249819131349,0.19405370964548738,706.5223892998692,3640.86,706.5223892998692
1017,txn_001314,cust_02340,2808.82,wallet,failed,technical_error,7,6,1,0.8571,1,11.65,0,68028.37,1,7.940875703336556,0.2514152082354592,706.1800651959226,2808.82,706.1800651959226
1018,txn_005367,cust_01212,1069.69,netbanking,abandoned,none,6,5,1,0.8333,0,2.45,1,75618.13,1,6.976058579436291,0.6598263408199416,705.8096385116834,1069.69,705.8096385116834
1019,txn_002725,cust_02109,912.89,card,abandoned,none,10,10,0,1.0,0,1.5,1,85267.25,1,6.817710214102085,0.7724101225468287,705.1254767717745,912.89,705.1254767717745
1020,txn_004030,cust_01427,1040.92,netbanking,failed,insufficient_funds,7,7,0,1.0,1,1.25,0,16377.03,1,6.948820443934066,0.6773425035788397,705.0593588252859,1040.92,705.0593588252859
1021,txn_001681,cust_01877,3831.03,netbanking,failed,bank_decline,36,32,4,0.8889,1,7.86,0,74956.85,0,8.251149967870127,0.1839925812231251,704.881098443229,3831.03,704.881098443229
1022,txn_002069,cust_00638,7362.17,netbanking,failed,bank_decline,21,19,2,0.9048,1,11.43,0,116748.51,0,8.904245825517231,0.09554910136441103,703.448727592026,7362.17,703.448727592026
1023,txn_005490,cust_02115,896.84,netbanking,abandoned,none,24,23,1,0.9583,0,1.37,1,21011.57,1,6.799991878708,0.7838963303975024,703.029584953696,896.84,703.029584953696
1024,txn_002203,cust_00421,1578.05,wallet,failed,bank_decline,1,1,0,1.0,1,3.14,0,98991.4,1,7.364578679365444,0.4454121007106506,702.8825655264422,1578.05,702.8825655264422
1025,txn_009458,cust_00676,4348.77,wallet,failed,authentication_failed,13,11,2,0.8462,1,9.76,0,135982.49,1,8.377878249121656,0.16157135827023786,702.6366757048623,4348.77,702.6366757048623
1026,txn_002380,cust_02220,1313.06,netbanking,failed,insufficient_funds,21,18,3,0.8571,1,1.86,0,61917.92,0,7.18087686010253,0.5341794846149993,701.409714068571,1313.06,701.409714068571
1027,txn_002937,cust_00575,944.35,wallet,abandoned,none,12,11,1,0.9167,0,3.3,1,17379.03,1,6.851555229293938,0.7414338527643162,700.173058857982,944.35,700.173058857982
1028,txn_005504,cust_01708,1076.36,wallet,failed,technical_error,13,11,2,0.8462,1,2.38,0,19801.71,1,6.982268883141786,0.6489931247712247,698.5502397787553,1076.36,698.5502397787553
1029,txn_008087,cust_02383,2936.28,upi,failed,network_error,35,20,15,0.5714,0,11.84,0,140293.78,0,7.985239262030726,0.23789627439017402,698.5300725663802,2936.28,698.5300725663802
1030,txn_008774,cust_00817,1136.66,netbanking,abandoned,none,25,16,9,0.64,0,1.3,1,51516.46,1,7.036728800274167,0.6130516769122789,696.831319079111,1136.66,696.831319079111
1031,txn_005460,cust_01687,2271.42,netbanking,failed,insufficient_funds,24,17,7,0.7083,1,3.92,0,132938.41,0,7.728600621911624,0.30645705788259375,696.0926904156811,2271.42,696.0926904156811
1032,txn_001163,cust_02057,1211.1,card,abandoned,none,5,4,1,0.8,0,5.02,1,32406.44,1,7.100109671476466,0.5745648822095406,695.8555288439745,1211.1,695.8555288439745
1033,txn_004699,cust_01497,1141.44,wallet,abandoned,none,33,19,14,0.5758,0,2.42,1,1382.71,1,7.040921604977946,0.6091360856801242,695.292293638721,1141.44,695.292293638721
1034,txn_004146,cust_02367,1129.23,netbanking,failed,insufficient_funds,6,5,1,0.8333,0,4.36,0,32375.15,0,7.030176430817976,0.6148257495016222,694.2796811097168,1129.23,694.2796811097168
1035,txn_006787,cust_01326,1245.25,netbanking,failed,authentication_failed,8,6,2,0.75,0,2.73,0,40090.66,1,7.127894321276048,0.556516329626388,693.0019594672597,1245.25,693.0019594672597
1036,txn_006141,cust_00272,2243.64,upi,failed,network_error,26,20,6,0.7692,3,0.13,0,108903.03,1,7.716300430970462,0.3087897537047655,692.81304300216,2243.64,692.81304300216
1037,txn_002461,cust_01490,2202.22,card,failed,technical_error,37,21,16,0.5676,1,4.55,0,94502.39,0,7.697675205638344,0.31452713559102563,692.6579485412684,2202.22,692.6579485412684
1038,txn_006730,cust_00854,1442.58,netbanking,abandoned,none,29,19,10,0.6552,0,5.32,1,26725.8,0,7.274881418419406,0.47862484649879844,690.4546310622367,1442.58,690.4546310622367
1039,txn_005344,cust_01043,3814.82,upi,failed,bank_decline,30,27,3,0.9,2,4.86,0,46714.14,0,8.246910861644325,0.18085470572184817,689.9281484818208,3814.82,689.9281484818208
1040,txn_002286,cust_02442,1439.63,upi,abandoned,none,36,27,9,0.75,0,6.36,1,78618.01,0,7.272835796894825,0.47894940943548486,689.5099383056071,1439.63,689.5099383056071
1041,txn_002797,cust_02254,4502.9,upi,failed,network_error,3,3,0,1.0,3,9.69,0,54601.26,0,8.412698967086369,0.15308995841886908,689.3487737643255,4502.9,689.3487737643255
1042,txn_008918,cust_00567,3971.36,card,failed,insufficient_funds,37,20,17,0.5405,2,3.33,0,31575.63,1,8.287115655499099,0.17344345789656934,688.8064109521197,3971.36,688.8064109521197
1043,txn_001309,cust_00694,892.27,netbanking,abandoned,none,19,18,1,0.9474,0,1.89,1,12432.92,1,6.794888886801198,0.7713079193874796,688.2149172318664,892.27,688.2149172318664
1044,txn_000981,cust_01706,5759.8,card,failed,authentication_failed,29,20,9,0.6897,1,10.5,0,26758.97,0,8.658831632934657,0.11927964347726638,687.026890500359,5759.8,687.026890500359
1045,txn_009727,cust_02321,868.53,wallet,failed,insufficient_funds,12,11,1,0.9167,0,0.47,0,75316.73,1,6.767952835786831,0.790321509374247,686.4179405368147,868.53,686.4179405368147
1046,txn_001002,cust_00577,1160.67,card,abandoned,none,23,19,4,0.8261,0,3.56,1,118707.71,0,7.0576139039628565,0.5911405519216957,686.1191043989546,1160.67,686.1191043989546
1047,txn_004692,cust_02309,1545.99,card,abandoned,none,35,19,16,0.5429,0,5.11,1,5851.83,0,7.344066386428063,0.44344793062532206,685.5660662674417,1545.99,685.5660662674417
1048,txn_001784,cust_01853,2015.94,netbanking,failed,technical_error,9,8,1,0.8889,3,0.81,0,32467.34,1,7.609336790362525,0.339828393563922,685.073651721253,2015.94,685.073651721253
1049,txn_001663,cust_01399,897.54,netbanking,abandoned,none,35,31,4,0.8857,0,0.38,1,60259.66,0,6.80077122387487,0.7629219104539228,684.7529315088138,897.54,684.7529315088138
1050,txn_009355,cust_01070,1988.86,card,failed,authentication_failed,20,19,1,0.95,0,9.88,0,108768.73,0,7.595819563484943,0.34366800657321683,683.507551553208,1988.86,683.507551553208
1051,txn_001726,cust_02418,2115.77,card,failed,authentication_failed,2,2,0,1.0,1,8.49,0,23670.25,0,7.657646620924662,0.3229532270041377,683.2947490985445,2115.77,683.2947490985445
1052,txn_004867,cust_02194,1404.87,netbanking,failed,insufficient_funds,39,31,8,0.7949,0,6.07,0,88998.8,1,7.248411607213905,0.48560692543587214,682.2146013370937,1404.87,682.2146013370937
1053,txn_007973,cust_01541,3689.98,upi,failed,authentication_failed,26,21,5,0.8077,1,8.51,0,105408.12,0,8.21364728442957,0.18479013082015858,681.8718869237688,3689.98,681.8718869237688
1054,txn_001342,cust_01484,1459.45,card,abandoned,none,9,7,2,0.7778,0,5.88,1,112716.68,1,7.286499886390692,0.4669410376353384,681.4770973768947,1459.45,681.4770973768947
1055,txn_002128,cust_01183,1185.41,netbanking,abandoned,none,34,27,7,0.7941,0,4.87,1,38610.31,0,7.078687219648618,0.5747851160145236,681.3560243747766,1185.41,681.3560243747766
1056,txn_004644,cust_01731,2417.53,wallet,failed,authentication_failed,26,15,11,0.5769,0,8.59,0,6778.6,0,7.790915196568986,0.28166240378799773,680.9273110295982,2417.53,680.9273110295982
1057,txn_008208,cust_01563,1018.13,card,abandoned,none,9,7,2,0.7778,0,2.5,1,19096.54,0,6.926704601140548,0.6681797354962355,680.2938341007823,1018.13,680.2938341007823
1058,txn_009976,cust_01807,3123.26,upi,failed,technical_error,12,8,4,0.6667,1,8.03,0,142091.58,0,8.046952734128954,0.21766832939146868,679.8347864551986,3123.26,679.8347864551986
1059,txn_009218,cust_00418,806.98,wallet,failed,network_error,6,5,1,0.8333,0,0.49,0,47863.06,1,6.6945373057395,0.8421539479440797,679.6013929119134,806.98,679.6013929119134
1060,txn_003609,cust_00369,1028.44,card,abandoned,none,27,24,3,0.8889,0,3.26,1,91341.33,1,6.936770244050662,0.6575783870248352,676.2799163518215,1028.44,676.2799163518215
1061,txn_007565,cust_01975,2519.93,wallet,failed,authentication_failed,21,18,3,0.8571,2,3.21,0,76112.41,0,7.832383160043194,0.2679459189985625,675.2049596620476,2519.93,675.2049596620476
1062,txn_005676,cust_01673,1311.6,netbanking,abandoned,none,19,12,7,0.6316,0,3.68,1,45312.7,0,7.179765182039622,0.5146381591417564,674.9994095303276,1311.6,674.9994095303276
1063,txn_008035,cust_01048,1949.22,netbanking,failed,network_error,9,8,1,0.8889,2,5.5,0,72249.1,0,7.575697465706858,0.34607086224633005,674.5682461077914,1949.22,674.5682461077914
1064,txn_006746,cust_01400,1205.29,netbanking,abandoned,none,28,27,1,0.9643,0,6.27,1,123902.3,0,7.095304812725156,0.5580322228535654,672.5906578831738,1205.29,672.5906578831738
1065,txn_001930,cust_01256,1467.84,card,failed,network_error,40,36,4,0.9,1,7.63,0,57603.6,1,7.2922282526108795,0.45722715229146366,671.136303219502,1467.84,671.136303219502
1066,txn_001294,cust_02272,4234.83,wallet,failed,bank_decline,35,27,8,0.7714,0,11.69,0,122158.96,1,8.35133457371579,0.1584765897511147,671.121416575713,4234.83,671.121416575713
1067,txn_003618,cust_02335,962.28,wallet,abandoned,none,20,15,5,0.75,0,1.82,1,38395.13,1,6.870344127583963,0.6971030589254421,670.8083315427745,962.28,670.8083315427745
1068,txn_003573,cust_01715,1660.38,netbanking,abandoned,none,21,14,7,0.6667,0,5.41,1,128637.0,0,7.415403861292306,0.40369890078380305,670.293580883411,1660.38,670.293580883411
1069,txn_007292,cust_02473,1256.87,upi,failed,network_error,18,17,1,0.9444,1,5.72,0,130281.61,1,7.137175093287831,0.5326738203487011,669.5017445816719,1256.87,669.5017445816719
1070,txn_006083,cust_00335,820.28,card,abandoned,none,2,2,0,1.0,0,1.19,1,14864.95,0,6.710864098811993,0.8159218092652083,669.284341704065,820.28,669.284341704065
1071,txn_008700,cust_00155,2380.66,card,failed,insufficient_funds,9,7,2,0.7778,1,7.37,0,40405.42,0,7.775553002531688,0.28110581546078267,669.2173706348668,2380.66,669.2173706348668
1072,txn_000506,cust_00900,1090.84,netbanking,abandoned,none,5,5,0,1.0,0,5.99,1,103603.42,0,6.995619625423205,0.613099453650407,668.7934080200099,1090.84,668.7934080200099
1073,txn_007800,cust_02169,1279.52,card,failed,insufficient_funds,12,9,3,0.75,0,5.65,0,24446.25,0,7.155021524416473,0.5224371714941434,668.4688096701863,1279.52,668.4688096701863
1074,txn_003722,cust_00050,1349.62,card,abandoned,none,15,10,5,0.6667,0,2.92,1,149601.54,0,7.208319025264479,0.49423161631901324,667.0248740164666,1349.62,667.0248740164666
1075,txn_004826,cust_00199,2457.22,upi,failed,network_error,39,33,6,0.8462,2,7.48,0,65750.0,0,7.80719278978228,0.2714426208905882,666.994236904771,2457.22,666.994236904771
1076,txn_009130,cust_01284,951.48,wallet,abandoned,none,35,29,6,0.8286,0,2.05,1,89479.17,1,6.85906910940508,0.700510464904399,666.5216971472377,951.48,666.5216971472377
1077,txn_008239,cust_00991,900.15,upi,abandoned,none,6,5,1,0.8333,0,1.08,1,52608.16,0,6.803671725438814,0.7398680791123828,665.9922514130114,900.15,665.9922514130114
1078,txn_009410,cust_00882,1205.79,card,abandoned,none,34,21,13,0.6176,0,1.34,1,134343.96,1,7.095719220873378,0.5520391601058029,665.643298863976,1205.79,665.643298863976
1079,txn_006206,cust_02378,914.01,netbanking,abandoned,none,9,8,1,0.8889,0,1.36,1,79484.61,1,6.81893499417755,0.7277970309114874,665.2137642234086,914.01,665.2137642234086
1080,txn_004991,cust_00593,1124.22,card,failed,network_error,6,5,1,0.8333,1,3.59,0,48994.66,1,7.0257338510755805,0.5907657710237562,664.1506951003272,1124.22,664.1506951003272
1081,txn_005377,cust_00611,1592.36,upi,failed,insufficient_funds,7,7,0,1.0,1,6.68,0,111943.76,1,7.373600273079013,0.4166916766322409,663.523158202115,1592.36,663.523158202115
1082,txn_005703,cust_02145,4994.32,upi,failed,authentication_failed,3,2,1,0.6667,3,0.85,0,33604.05,0,8.516256753094703,0.13282358176803463,663.3634708957306,4994.32,663.3634708957306
1083,txn_003551,cust_00357,1867.72,netbanking,failed,technical_error,32,27,5,0.8438,0,13.14,0,16285.56,1,7.533008983498432,0.35476215696729857,662.5963758109629,1867.72,662.5963758109629
1084,txn_002820,cust_00894,932.46,upi,abandoned,none,14,11,3,0.7857,0,0.3,1,115276.89,1,6.838898112572549,0.7068482050241843,659.1076772568509,932.46,659.1076772568509
1085,txn_009092,cust_00531,1302.51,netbanking,abandoned,none,36,26,10,0.7222,0,5.29,1,55500.48,0,7.17281590499737,0.505694908597487,658.6726753973128,1302.51,658.6726753973128
1086,txn_007743,cust_02257,1164.86,upi,abandoned,none,26,21,5,0.8077,0,5.61,1,53616.02,1,7.06121429109099,0.5646420922410339,657.7289875678907,1164.86,657.7289875678907
1087,txn_004245,cust_00470,1116.8,wallet,abandoned,none,22,14,8,0.6364,0,1.5,1,127998.86,1,7.019117746835597,0.5887457219164837,657.5112222363289,1116.8,657.5112222363289
1088,txn_000635,cust_01915,2719.3,netbanking,failed,technical_error,21,19,2,0.9048,2,8.66,0,2841.67,0,7.9084974473257414,0.24152631991702903,656.7825217503771,2719.3,656.7825217503771
1089,txn_003300,cust_01318,1061.85,wallet,abandoned,none,28,22,6,0.7857,0,4.29,1,59941.77,1,6.968709258319135,0.6164384954441597,654.5652163873809,1061.85,654.5652163873809
1090,txn_009633,cust_02012,2045.54,netbanking,failed,network_error,17,15,2,0.8824,2,6.83,0,31260.0,0,7.623905841307045,0.3199120974828305,654.3929918850291,2045.54,654.3929918850291
1091,txn_003456,cust_02029,1085.49,netbanking,failed,insufficient_funds,20,18,2,0.9,1,0.72,0,74092.09,1,6.990707595788505,0.6026842510350394,654.207727656025,1085.49,654.207727656025
1092,txn_006617,cust_01567,1062.4,netbanking,abandoned,none,6,6,0,1.0,0,6.26,1,87766.25,1,6.969226601070238,0.614721480156815,653.0801005186004,1062.4,653.0801005186004
1093,txn_008963,cust_00465,2430.3,netbanking,failed,technical_error,30,19,11,0.6333,2,3.89,0,3286.79,0,7.796181372707988,0.26858044743809845,652.7310614088107,2430.3,652.7310614088107
1094,txn_007180,cust_01923,930.02,upi,abandoned,none,36,31,5,0.8611,0,1.4,1,133917.22,1,6.836280759323448,0.6991283214959882,650.2033215576989,930.02,650.2033215576989
1095,txn_009216,cust_02313,851.96,upi,abandoned,none,30,25,5,0.8333,0,0.47,1,48032.04,1,6.748712653074451,0.7625774123694271,649.6854522422572,851.96,649.6854522422572
1096,txn_009511,cust_01198,5615.1,netbanking,failed,authentication_failed,3,3,0,1.0,3,6.62,0,35235.21,0,8.633392751814924,0.11547162374458068,648.3847144881951,5615.1,648.3847144881951
1097,txn_009280,cust_00008,1647.92,netbanking,failed,network_error,36,28,8,0.7778,0,12.23,0,30626.81,1,7.407875807131683,0.3929980060965201,647.6292742065774,1647.92,647.6292742065774
1098,txn_006641,cust_00644,1416.82,upi,abandoned,none,29,20,9,0.6897,0,6.34,1,62713.38,1,7.256875759683393,0.4568075398575664,647.2140586209972,1416.82,647.2140586209972
1099,txn_005391,cust_01772,4185.52,card,failed,authentication_failed,39,34,5,0.8718,3,1.31,0,120328.86,0,8.339625118893316,0.15433511906629488,645.9727275543586,4185.52,645.9727275543586
1100,txn_006084,cust_01283,1355.0,card,abandoned,none,24,20,4,0.8333,0,6.78,1,105543.51,0,7.212294468500341,0.47658115697676895,645.7674677035219,1355.0,645.7674677035219
1101,txn_006877,cust_01363,5134.93,upi,failed,network_error,29,27,2,0.931,3,9.28,0,82406.64,0,8.544016215993429,0.12574730837391265,645.7036261884554,5134.93,645.7036261884554
1102,txn_007365,cust_01294,1098.8,wallet,abandoned,none,36,26,10,0.7222,0,3.71,1,87497.23,0,7.002883624073714,0.5871518908457565,645.1624976613172,1098.8,645.1624976613172
1103,txn_001624,cust_01949,1163.06,wallet,abandoned,none,8,6,2,0.75,0,6.01,1,15518.12,1,7.059669173354666,0.5538422427505449,644.1517588534488,1163.06,644.1517588534488
1104,txn_002000,cust_00224,1123.75,upi,failed,network_error,19,15,4,0.7895,0,7.72,0,77802.35,1,7.025316067721282,0.5726547401431321,643.5207642358447,1123.75,643.5207642358447
1105,txn_004944,cust_01447,794.81,wallet,abandoned,none,20,18,2,0.9,0,0.42,1,31611.41,1,6.679360463885226,0.8087180662742455,642.777206255433,794.81,642.777206255433
1106,txn_002923,cust_00998,3239.77,wallet,failed,technical_error,4,4,0,1.0,3,6.53,0,100805.26,0,8.083566234872048,0.19811090218470348,641.8337575709368,3239.77,641.8337575709368
1107,txn_001926,cust_01044,3997.06,card,failed,network_error,26,15,11,0.5769,3,1.73,0,103224.97,0,8.293564522451486,0.16052533452405615,641.6293936127239,3997.06,641.6293936127239
1108,txn_008603,cust_00108,1066.1,netbanking,abandoned,none,7,6,1,0.8571,0,5.2,1,38049.79,1,6.972699967622519,0.601777817111178,641.5553308222268,1066.1,641.5553308222268
1109,txn_005742,cust_00734,2889.23,wallet,failed,bank_decline,22,14,8,0.6364,1,2.89,0,131582.52,0,7.969091362714864,0.2218514340671814,640.9798188499226,2889.23,640.9798188499226
1110,txn_008319,cust_01548,1827.93,upi,failed,bank_decline,8,6,2,0.75,1,1.44,0,80852.76,0,7.511486375378529,0.35051508882575244,640.7170463172577,1827.93,640.7170463172577
1111,txn_002501,cust_00071,2656.0,card,failed,network_error,11,11,0,1.0,2,10.13,0,81367.48,0,7.884952945759814,0.24106103255585018,640.258102468338,2656.0,640.258102468338
1112,txn_005026,cust_02300,3525.62,wallet,failed,technical_error,35,27,8,0.7714,2,7.17,0,143740.97,0,8.168095184142452,0.18152696781021244,639.9951082510412,3525.62,639.9951082510412
1113,txn_002742,cust_00957,1048.77,upi,abandoned,none,2,2,0,1.0,0,6.98,1,89939.53,1,6.956326371538088,0.6086800147286477,638.3653390469639,1048.77,638.3653390469639
1114,txn_007332,cust_02200,1733.27,wallet,failed,network_error,12,11,1,0.9167,2,6.42,0,71904.51,1,7.458341854561606,0.3681326762724929,638.0733238028238,1733.27,638.0733238028238
1115,txn_009708,cust_00961,2096.74,upi,failed,bank_decline,11,10,1,0.9091,2,0.88,0,79110.62,1,7.648615853726541,0.3033428391911489,636.0310646456495,2096.74,636.0310646456495
1116,txn_001436,cust_01636,2035.6,wallet,failed,network_error,37,35,2,0.9459,2,8.45,0,59348.61,0,7.619037029737565,0.3101754957474004,631.3932391434082,2035.6,631.3932391434082
1117,txn_004182,cust_00311,1380.83,card,failed,bank_decline,24,20,4,0.8333,0,3.91,0,95702.18,0,7.231163986631002,0.4572243397462165,631.3490850517682,1380.83,631.3490850517682
1118,txn_002678,cust_00070,1147.88,wallet,failed,authentication_failed,10,8,2,0.8,1,0.15,0,56713.16,0,7.046542833752364,0.54974574451727,631.042145216484,1147.88,631.042145216484
1119,txn_007897,cust_01427,862.94,wallet,abandoned,none,7,7,0,1.0,0,5.21,1,16377.03,1,6.761503321948235,0.7304436091974297,630.32900812083,862.94,630.32900812083
1120,txn_006665,cust_02060,4359.09,card,failed,technical_error,14,13,1,0.9286,3,6.91,0,81125.38,0,8.380247978331868,0.14458698340838397,630.2676735056525,4359.09,630.2676735056525
1121,txn_004532,cust_00196,2453.76,wallet,failed,insufficient_funds,2,2,0,1.0,3,4.29,0,18185.92,0,7.805784275775698,0.25683195707347733,630.2039829886158,2453.76,630.2039829886158
1122,txn_008367,cust_00942,1909.15,card,failed,technical_error,26,17,9,0.6538,2,1.37,0,75511.61,1,7.554937051988453,0.3298862225179021,629.8022817200529,1909.15,629.8022817200529
1123,txn_000244,cust_00155,1312.66,card,failed,technical_error,9,7,2,0.7778,0,8.82,0,40405.42,0,7.180572413659919,0.4797452467960129,629.7423956592543,1312.66,629.7423956592543
1124,txn_009017,cust_00587,766.08,wallet,abandoned,none,34,32,2,0.9412,0,0.19,1,45942.92,1,6.6425910984053145,0.8218452264521605,629.5991910804712,766.08,629.5991910804712
1125,txn_009623,cust_01797,1796.05,wallet,failed,network_error,37,31,6,0.8378,2,4.78,0,122586.19,1,7.493901710547838,0.35030187579094557,629.1596840143278,1796.05,629.1596840143278
1126,txn_002385,cust_01851,962.72,wallet,abandoned,none,26,22,4,0.8462,0,5.28,1,3849.59,1,6.870800795988371,0.652594635828695,628.2659078050013,962.72,628.2659078050013
1127,txn_003733,cust_01538,932.37,netbanking,failed,network_error,37,29,8,0.7838,1,1.45,0,10280.15,0,6.838801692437808,0.672746599593208,627.2487470627194,932.37,627.2487470627194
1128,txn_001706,cust_02011,6215.55,wallet,failed,bank_decline,4,3,1,0.75,3,3.09,0,2931.82,0,8.734970369471721,0.10089004736791927,627.0871339176707,6215.55,627.0871339176707
1129,txn_006354,cust_02223,7028.58,netbanking,failed,technical_error,35,31,4,0.8857,3,9.33,0,64110.67,1,8.85788223906549,0.08891830071715355,624.9693900545711,7028.58,624.9693900545711
1130,txn_004588,cust_00992,1324.91,upi,failed,insufficient_funds,29,20,9,0.6897,1,0.98,0,98739.84,1,7.189854295139144,0.47124714084565233,624.3600493778133,1324.91,624.3600493778133
1131,txn_007622,cust_01294,1241.61,card,abandoned,none,36,26,10,0.7222,0,4.98,1,87497.23,0,7.124969285239252,0.5027667244758588,624.240192776471,1241.61,624.240192776471
1132,txn_008549,cust_01760,2275.17,wallet,failed,insufficient_funds,31,19,12,0.6129,1,5.41,0,88445.16,0,7.730249484899762,0.2735930480451368,622.4706951208539,2275.17,622.4706951208539
1133,txn_006588,cust_00942,1056.98,upi,abandoned,none,26,17,9,0.6538,0,2.45,1,75511.61,0,6.964116708647887,0.5880896793953475,621.5990293272944,1056.98,621.5990293272944
1134,txn_001422,cust_01696,997.25,card,failed,network_error,38,30,8,0.7895,1,2.56,0,34899.4,1,6.90600374594333,0.6231302199008497,621.4166117961224,997.25,621.4166117961224
1135,txn_000529,cust_02162,7507.61,card,failed,authentication_failed,23,18,5,0.7826,1,12.44,0,122768.28,0,8.923805641076285,0.08271591380462902,620.9988216387709,7507.61,620.9988216387709
1136,txn_007962,cust_00391,1309.85,netbanking,abandoned,none,10,5,5,0.5,0,3.16,1,11640.07,0,7.178431060741663,0.4740775849796024,620.9705246855322,1309.85,620.9705246855322
1137,txn_000147,cust_00999,909.31,card,abandoned,none,34,28,6,0.8235,0,2.75,1,34625.08,1,6.813785200840337,0.6827755648335212,620.8546488587691,909.31,620.8546488587691
1138,txn_003504,cust_02413,1460.06,netbanking,failed,insufficient_funds,5,5,0,1.0,0,11.93,0,28178.67,1,7.286917478669249,0.42474763614388283,620.1570336282375,1460.06,620.1570336282375
1139,txn_006867,cust_00557,891.4,netbanking,failed,technical_error,24,18,6,0.75,0,3.32,0,15803.84,1,6.793914462558377,0.6955159574705512,619.9829244892493,891.4,619.9829244892493
1140,txn_002353,cust_00044,1210.94,card,failed,bank_decline,32,22,10,0.6875,0,1.19,0,59949.15,1,7.099977660453354,0.5117348454011662,619.6801936900882,1210.94,619.6801936900882
1141,txn_004765,cust_00152,1313.99,netbanking,failed,bank_decline,34,29,5,0.8529,0,5.48,0,2165.64,0,7.181584340020213,0.47090834191581715,618.7688521939646,1313.99,618.7688521939646
1142,txn_008663,cust_00238,855.95,wallet,abandoned,none,34,31,3,0.9118,0,3.02,1,70217.93,1,6.753379573838581,0.7228692261339243,618.7399141093326,855.95,618.7399141093326
1143,txn_008021,cust_01001,1775.76,upi,failed,network_error,27,17,10,0.6296,0,11.36,0,50213.75,0,7.482546759945,0.34792087188665083,617.8239674614391,1775.76,617.8239674614391
1144,txn_002238,cust_02478,1668.84,upi,failed,network_error,35,30,5,0.8571,2,5.37,0,55699.79,1,7.420483092437651,0.3701590894092579,617.7362947697459,1668.84,617.7362947697459
1145,txn_002809,cust_00208,1322.35,netbanking,abandoned,none,22,15,7,0.6818,0,4.9,1,93850.16,1,7.187921679392255,0.46705637300624386,617.6119948448065,1322.35,617.6119948448065
1146,txn_006960,cust_01573,843.71,wallet,abandoned,none,22,20,2,0.9091,0,3.64,1,19256.62,0,6.738993373185929,0.7318620285855281,617.4793121378959,843.71,617.4793121378959
1147,txn_006154,cust_00126,824.39,wallet,abandoned,none,35,34,1,0.9714,0,4.09,1,10082.68,1,6.715856001907072,0.7488175367023446,617.3176890820458,824.39,617.3176890820458
1148,txn_008263,cust_00253,3233.64,card,failed,technical_error,16,15,1,0.9375,2,10.35,0,41485.55,0,8.081672917898711,0.19055619293760598,616.1901277307602,3233.64,616.1901277307602
1149,txn_009299,cust_02237,1354.16,card,abandoned,none,40,31,9,0.775,0,6.61,1,104861.55,1,7.211674807523579,0.4545150394449168,615.4860858147285,1354.16,615.4860858147285
1150,txn_009910,cust_00276,1161.16,card,abandoned,none,2,1,1,0.5,0,1.73,1,13508.17,0,7.0580356215646285,0.5297169805776739,615.0861691675719,1161.16,615.0861691675719
1151,txn_009344,cust_01807,1120.62,card,abandoned,none,12,8,4,0.6667,0,1.86,1,142091.58,1,7.022529347790387,0.5482196664819385,614.3459226529899,1120.62,614.3459226529899
1152,txn_007796,cust_00643,1785.47,netbanking,failed,network_error,28,25,3,0.8929,1,10.07,0,73363.59,0,7.487996884711216,0.34385578253653803,613.9441840455125,1785.47,613.9441840455125
1153,txn_000387,cust_02346,1512.2,upi,failed,insufficient_funds,37,31,6,0.8378,1,4.77,0,97829.96,0,7.321981892758874,0.4054302172222102,613.0915744834263,1512.2,613.0915744834263
1154,txn_008469,cust_00330,5646.34,upi,failed,bank_decline,34,17,17,0.5,0,9.52,0,142261.32,0,8.63893991682086,0.1083490374265504,611.7755039830286,5646.34,611.7755039830286
1155,txn_005037,cust_01967,2295.66,upi,failed,bank_decline,1,1,0,1.0,2,3.49,0,80024.29,1,7.739211172577762,0.2658213684922219,610.235482792854,2295.66,610.235482792854
1156,txn_006579,cust_01949,5195.23,card,failed,bank_decline,8,6,2,0.75,1,9.91,0,15518.12,0,8.555688641629924,0.11738326866389232,609.8330788607133,5195.23,609.8330788607133
1157,txn_005717,cust_00871,1356.07,wallet,failed,technical_error,5,4,1,0.8,1,6.78,0,19673.69,0,7.213083242881743,0.44961362797924476,609.7075524938144,1356.07,609.7075524938144
1158,txn_002548,cust_00419,1029.1,wallet,failed,insufficient_funds,21,19,2,0.9048,1,3.11,0,18272.32,1,6.937411163889648,0.5919218939232828,609.1468210364502,1029.1,609.1468210364502
1159,txn_000402,cust_00264,3238.89,card,failed,network_error,37,29,8,0.7838,2,9.08,0,57676.77,0,8.083294657592756,0.18780140194895972,608.2680827584661,3238.89,608.2680827584661
1160,txn_007651,cust_01873,836.86,netbanking,failed,insufficient_funds,13,11,2,0.8462,0,0.18,0,116915.88,1,6.730851022086124,0.7248587602703119,606.6053021198132,836.86,606.6053021198132
1161,txn_004899,cust_01234,5586.29,wallet,failed,bank_decline,29,28,1,0.9655,3,4.61,0,83990.77,1,8.628249654322914,0.10855953361123237,606.4450370170913,5586.29,606.4450370170913
1162,txn_007583,cust_00595,5246.03,upi,failed,bank_decline,18,14,4,0.7778,0,13.9,0,94023.31,0,8.565417481223253,0.11558366024063287,606.3553491321672,5246.03,606.3553491321672
1163,txn_003895,cust_01380,1491.18,upi,abandoned,none,33,23,10,0.697,0,6.29,1,147837.76,1,7.307993416918508,0.40633189890475147,605.9140010087873,1491.18,605.9140010087873
1164,txn_007561,cust_01679,2101.11,wallet,failed,technical_error,39,22,17,0.5641,0,11.05,0,72568.93,1,7.650696881180897,0.28809373573795927,605.3166290963836,2101.11,605.3166290963836
1165,txn_008832,cust_00528,3498.32,upi,failed,network_error,10,7,3,0.7,2,7.63,0,113368.57,1,8.160323942887304,0.17257497884133338,603.7224999802135,3498.32,603.7224999802135
1166,txn_002273,cust_00886,1399.72,card,abandoned,none,6,4,2,0.6667,0,5.79,1,75883.4,1,7.244741669118062,0.43071938141978433,602.8865325609005,1399.72,602.8865325609005
1167,txn_001108,cust_01511,988.87,upi,abandoned,none,20,18,2,0.9,0,6.09,1,49767.84,1,6.897573621374998,0.6092550876695153,602.4740785437536,988.87,602.4740785437536
1168,txn_008804,cust_02480,2758.59,netbanking,failed,authentication_failed,33,30,3,0.9091,3,0.69,0,57477.49,1,7.922837396951806,0.2181941653844413,601.9082426878659,2758.59,601.9082426878659
1169,txn_008203,cust_00648,2940.92,card,failed,technical_error,38,22,16,0.5789,2,4.19,0,73508.28,0,7.986817708405531,0.20452736953224573,601.4986316047722,2940.92,601.4986316047722
1170,txn_001047,cust_01792,1965.6,netbanking,failed,insufficient_funds,21,18,3,0.8571,0,11.3,0,102432.61,1,7.584061442346056,0.3059467087419777,601.3688507032314,1965.6,601.3688507032314
1171,txn_009995,cust_00061,2514.35,upi,failed,insufficient_funds,35,26,9,0.7429,0,11.9,0,112880.79,0,7.830167237861228,0.23905701348389388,601.0730018532286,2514.35,601.0730018532286
1172,txn_001077,cust_02138,775.63,netbanking,abandoned,none,1,1,0,1.0,0,1.43,1,99739.09,1,6.654964046476766,0.7742688080577467,600.54611559383,775.63,600.54611559383
1173,txn_005338,cust_00711,770.54,card,abandoned,none,4,4,0,1.0,0,0.99,1,118594.81,1,6.648388517510402,0.7790454795518471,600.2857038138802,770.54,600.2857038138802
1174,txn_003616,cust_02183,1415.45,wallet,failed,network_error,26,24,2,0.9231,0,13.6,0,90304.27,0,7.255909020377188,0.42385709644878244,599.9485271684291,1415.45,599.9485271684291
1175,txn_000270,cust_00051,833.4,wallet,abandoned,none,9,7,2,0.7778,0,1.02,1,76919.42,1,6.726712903686563,0.7191507568975328,599.3402407984039,833.4,599.3402407984039
1176,txn_003894,cust_01995,1010.33,netbanking,failed,technical_error,34,25,9,0.7353,0,6.0,0,16864.1,1,6.91902157525603,0.5930490144167246,599.1752107356494,1010.33,599.1752107356494
1177,txn_002204,cust_01051,5517.87,upi,failed,authentication_failed,36,24,12,0.6667,0,13.88,0,137006.74,0,8.615928408170232,0.10842814508954325,598.292408945238,5517.87,598.292408945238
1178,txn_005022,cust_00333,1531.09,upi,abandoned,none,16,8,8,0.5,0,4.26,1,103900.79,0,7.334388095311307,0.3899440662097589,597.0394603330998,1531.09,597.0394603330998
1179,txn_007461,cust_01140,913.0,wallet,failed,bank_decline,39,37,2,0.9487,0,1.43,0,105861.52,0,6.81783057145415,0.6537820388003307,596.903001424702,913.0,596.903001424702
1180,txn_008105,cust_01098,1393.03,card,failed,authentication_failed,5,5,0,1.0,1,6.24,0,16033.61,0,7.239954111892343,0.42830330507732456,596.6393530718655,1393.03,596.6393530718655
1181,txn_002362,cust_00581,5300.48,wallet,failed,authentication_failed,27,22,5,0.8148,1,12.82,0,79386.74,1,8.575741305841525,0.11250762851963436,596.3444348157515,5300.48,596.3444348157515
1182,txn_006298,cust_01770,1975.52,card,failed,bank_decline,1,1,0,1.0,1,6.63,0,71640.48,1,7.589093001582585,0.30121576767866076,595.0577733645479,1975.52,595.0577733645479
1183,txn_007494,cust_01830,1706.27,upi,failed,authentication_failed,6,6,0,1.0,2,4.19,0,20281.49,1,7.442650882518518,0.3480932129417382,593.9410064460995,1706.27,593.9410064460995
1184,txn_006264,cust_00350,1109.47,card,abandoned,none,7,4,3,0.5714,0,0.94,1,125061.63,1,7.012538628111402,0.5352562138381144,593.8507115669728,1109.47,593.8507115669728
1185,txn_007801,cust_00947,3806.96,upi,failed,bank_decline,9,7,2,0.7778,1,8.48,0,49866.91,0,8.244848891654406,0.15585712901877263,593.3418558893067,3806.96,593.3418558893067
1186,txn_006031,cust_01667,1861.56,wallet,failed,authentication_failed,11,10,1,0.9091,0,11.31,0,91490.33,0,7.529707164499931,0.3186270486686091,593.1433687195359,1861.56,593.1433687195359
1187,txn_008905,cust_01959,967.62,upi,abandoned,none,26,17,9,0.6538,0,2.66,1,33122.84,0,6.87587237811441,0.6125142124416182,592.6810022427586,967.62,592.6810022427586
1188,txn_001517,cust_02129,12227.02,wallet,failed,insufficient_funds,3,3,0,1.0,3,13.41,0,83187.51,0,9.411485318599835,0.048464916330999766,592.5815012774608,12227.02,592.5815012774608
1189,txn_009229,cust_00412,1212.94,card,failed,network_error,22,17,5,0.7727,1,5.38,0,48837.68,0,7.101626547004328,0.4885159164029321,592.5404956417725,1212.94,592.5404956417725
1190,txn_006071,cust_00495,911.64,card,failed,insufficient_funds,35,35,0,1.0,0,6.36,0,24538.37,0,6.816341498345822,0.6498791555046398,592.4558333242499,911.64,592.4558333242499
1191,txn_005141,cust_00475,1948.43,netbanking,failed,network_error,16,15,1,0.9375,2,7.14,0,95042.99,0,7.575292301135264,0.3039446532192647,592.214880672012,1948.43,592.214880672012
1192,txn_004029,cust_01553,856.5,upi,failed,network_error,39,36,3,0.9231,1,3.57,0,7009.14,1,6.754021179040095,0.6909376243748544,591.7880752770628,856.5,591.7880752770628
1193,txn_005164,cust_01345,1434.34,wallet,abandoned,none,29,18,11,0.6207,0,6.4,1,93292.09,0,7.269157033927251,0.41244919374380334,591.5923765544868,1434.34,591.5923765544868
1194,txn_009989,cust_01777,1710.7,wallet,failed,network_error,30,24,6,0.8,3,1.58,0,38547.81,1,7.445242307701618,0.34561699772825405,591.2469980137242,1710.7,591.2469980137242
1195,txn_008741,cust_01103,944.61,card,abandoned,none,4,3,1,0.75,0,3.36,1,21880.2,1,6.851830221892024,0.6257546759527652,591.0941244517415,944.61,591.0941244517415
1196,txn_008620,cust_01976,982.08,netbanking,failed,insufficient_funds,25,20,5,0.8,0,3.98,0,63381.05,0,6.890690500355545,0.600831101846448,590.0642085013596,982.08,590.0642085013596
1197,txn_007191,cust_00190,2140.46,wallet,failed,technical_error,15,12,3,0.8,3,2.28,0,34215.61,0,7.6692431183846,0.275358619927468,589.3941116099483,2140.46,589.3941116099483
1198,txn_001971,cust_01482,1678.09,card,failed,authentication_failed,23,22,1,0.9565,0,10.56,0,78927.8,1,7.426007258976252,0.35088840346724554,588.8223209743501,1678.09,588.8223209743501
1199,txn_003555,cust_01489,1408.1,wallet,failed,authentication_failed,5,3,2,0.6,0,4.79,0,40179.5,1,7.250706481701059,0.41811467288475784,588.7472708890275,1408.1,588.7472708890275
1200,txn_002696,cust_00323,7104.46,upi,failed,technical_error,25,19,6,0.76,2,13.09,0,51123.1,0,8.868618781574089,0.0828542915041217,588.6349998193724,7104.46,588.6349998193724
1201,txn_005040,cust_01426,6042.57,card,failed,insufficient_funds,25,24,1,0.96,3,9.1,0,14310.33,0,8.706750175924581,0.09731124329232317,588.0099993808932,6042.57,588.0099993808932
1202,txn_006148,cust_00314,1329.2,card,failed,technical_error,34,25,9,0.7353,0,7.51,0,144855.59,0,7.193084585850321,0.44166830177249483,587.0655067160002,1329.2,587.0655067160002
1203,txn_003018,cust_00788,1659.93,card,failed,insufficient_funds,12,8,4,0.6667,1,2.91,0,99991.32,1,7.415132965438065,0.3536066652565725,586.9623118593424,1659.93,586.9623118593424
1204,txn_006666,cust_01387,1652.41,upi,abandoned,none,26,11,15,0.4231,0,4.79,1,73929.35,1,7.410595100943505,0.3542971264777101,585.444114763033,1652.41,585.444114763033
1205,txn_002403,cust_01980,1959.1,card,failed,network_error,29,27,2,0.931,3,2.43,0,120914.73,0,7.580750771331229,0.2985713182972221,584.9310696760878,1959.1,584.9310696760878
1206,txn_005621,cust_00743,2047.44,wallet,failed,bank_decline,29,22,7,0.7586,0,9.13,0,35866.44,0,7.624833806833785,0.2852249818555905,583.9810368504102,2047.44,583.9810368504102
1207,txn_005445,cust_01105,1199.87,wallet,abandoned,none,37,25,12,0.6757,0,6.38,1,48516.65,1,7.090801573090548,0.48581418909488866,582.913871069284,1199.87,582.913871069284
1208,txn_001293,cust_00812,1424.53,card,failed,insufficient_funds,13,8,5,0.6154,1,1.78,0,43630.52,1,7.2622989533785605,0.4090203889797491,582.661814713322,1424.53,582.661814713322
1209,txn_005235,cust_00080,1600.85,wallet,failed,network_error,35,34,1,0.9714,3,2.26,0,115109.33,0,7.378914490285664,0.3637213552260578,582.2633315136346,1600.85,582.2633315136346
1210,txn_000169,cust_01504,1100.46,upi,abandoned,none,21,13,8,0.619,0,4.02,1,41417.44,0,7.004391851465911,0.5290306031763123,582.1770175714047,1100.46,582.1770175714047
1211,txn_006837,cust_00142,735.08,card,abandoned,none,20,19,1,0.95,0,0.52,1,69126.46,0,6.601338808474106,0.7919774681504664,582.1667972880449,735.08,582.1667972880449
1212,txn_000040,cust_00352,4678.15,upi,failed,bank_decline,12,11,1,0.9167,1,12.18,0,46037.87,0,8.450871748484445,0.12440903881814952,582.0041449471262,4678.15,582.0041449471262
1213,txn_007455,cust_00508,808.01,card,abandoned,none,32,28,4,0.875,0,0.87,1,125093.0,0,6.6958112779215275,0.7202007743330047,581.9294276688111,808.01,581.9294276688111
1214,txn_001730,cust_02011,1530.33,card,failed,insufficient_funds,4,3,1,0.75,2,0.91,0,2931.82,0,7.333891917826279,0.37965732056479584,581.000987379924,1530.33,581.000987379924
1215,txn_008471,cust_00880,862.3,wallet,abandoned,none,11,10,1,0.9091,0,5.44,1,25133.08,0,6.760762255241477,0.6733073210570425,580.5929029474877,862.3,580.5929029474877
1216,txn_007840,cust_02402,913.63,card,abandoned,none,13,13,0,1.0,0,6.41,1,62348.64,1,6.8185196119105855,0.6350746666921886,580.2232677299843,913.63,580.2232677299843
1217,txn_009532,cust_02189,1498.65,wallet,failed,bank_decline,27,21,6,0.7778,0,5.85,0,90524.97,1,7.312987026530511,0.38681253066076693,579.6965990747584,1498.65,579.6965990747584
1218,txn_000127,cust_00017,1193.48,netbanking,abandoned,none,23,16,7,0.6957,0,4.84,1,90955.18,0,7.0854662232184085,0.4856112099426748,579.5672668423836,1193.48,579.5672668423836
1219,txn_002237,cust_00403,1099.38,wallet,failed,technical_error,37,33,4,0.8919,2,0.9,0,88481.32,0,7.003410853676233,0.5261732014838021,578.4642942472624,1099.38,578.4642942472624
1220,txn_003697,cust_01600,2751.17,upi,failed,technical_error,16,15,1,0.9375,2,10.24,0,40712.52,0,7.920144970401159,0.21006624243234828,577.9279441926036,2751.17,577.9279441926036
1221,txn_002118,cust_01085,2247.85,netbanking,failed,insufficient_funds,23,19,4,0.8261,1,9.39,0,18676.34,0,7.718174253425547,0.25692014212287767,577.5179414709105,2247.85,577.5179414709105
1222,txn_008611,cust_01496,900.13,card,failed,insufficient_funds,8,8,0,1.0,1,2.37,0,35032.26,1,6.80364953132913,0.6403469490035192,576.3954992065377,900.13,576.3954992065377
1223,txn_005683,cust_00479,1883.28,upi,failed,technical_error,7,5,2,0.7143,1,7.79,0,67108.1,1,7.541301064050994,0.30605552587241014,576.3882507649926,1883.28,576.3882507649926
1224,txn_006722,cust_01585,1952.05,upi,failed,network_error,6,6,0,1.0,2,9.95,0,42686.62,0,7.5771475321874675,0.29472862176363046,575.3250061136948,1952.05,575.3250061136948
1225,txn_000153,cust_02379,6422.43,upi,failed,bank_decline,11,11,0,1.0,3,7.48,0,5257.12,0,8.767707521926493,0.08955902531863577,575.186570977166,6422.43,575.186570977166
1226,txn_000412,cust_02457,3775.87,upi,failed,network_error,40,33,7,0.825,2,11.67,0,51424.89,0,8.236650903269174,0.15217726035155546,574.6015520436277,3775.87,574.6015520436277
1227,txn_000500,cust_01769,893.66,wallet,failed,technical_error,33,32,1,0.9697,2,0.61,0,3987.8,1,6.796443757830871,0.6424663988335778,574.1465219816151,893.66,574.1465219816151
1228,txn_002913,cust_00298,1395.79,card,abandoned,none,7,4,3,0.5714,0,4.65,1,87224.03,1,7.241932025838634,0.41007595872790553,572.3799224328233,1395.79,572.3799224328233
1229,txn_000398,cust_01915,807.28,netbanking,abandoned,none,21,19,2,0.9048,0,3.78,1,2841.67,1,6.694908533145296,0.7089421448008779,572.3148146548527,807.28,572.3148146548527
1230,txn_003260,cust_01828,1039.88,wallet,failed,authentication_failed,11,8,3,0.7273,0,2.99,0,86865.56,1,6.9478217881952204,0.5496902284940606,571.6118748064038,1039.88,571.6118748064038
1231,txn_008876,cust_01590,846.44,wallet,abandoned,none,23,20,3,0.8696,0,3.99,1,72472.98,1,6.742220040288241,0.673619662779835,570.1786273633636,846.44,570.1786273633636
1232,txn_005146,cust_02186,2252.76,upi,failed,technical_error,14,11,3,0.7857,3,1.74,0,67931.3,0,7.720355211557045,0.25303639989926513,570.0302802370686,2252.76,570.0302802370686
1233,txn_007003,cust_00907,1006.33,netbanking,abandoned,none,9,7,2,0.7778,0,3.68,1,114339.08,0,6.915058545092257,0.5660112922321298,569.5941437119592,1006.33,569.5941437119592
1234,txn_001181,cust_00498,1549.7,upi,failed,technical_error,28,24,4,0.8571,1,7.91,0,103856.71,0,7.346461720870104,0.3669537131414118,568.6681692552459,1549.7,568.6681692552459
1235,txn_007255,cust_00663,1390.5,netbanking,abandoned,none,37,21,16,0.5676,0,5.56,1,61259.01,0,7.238137580965946,0.4088048888193836,568.4431979033529,1390.5,568.4431979033529
1236,txn_001687,cust_01481,916.39,card,abandoned,none,11,8,3,0.7273,0,2.33,1,74965.53,1,6.82153268173305,0.6198777319117786,568.0497547466348,916.39,568.0497547466348
1237,txn_005483,cust_00266,1039.79,wallet,abandoned,none,20,15,5,0.75,0,4.76,1,113267.79,1,6.947735319158287,0.5461793181920636,567.9117932629257,1039.79,567.9117932629257
1238,txn_003524,cust_01061,1973.31,netbanking,failed,authentication_failed,10,8,2,0.8,2,2.01,0,25516.04,1,7.587974249203715,0.2876278566546681,567.5789258152231,1973.31,567.5789258152231
1239,txn_000510,cust_02016,2102.69,upi,failed,authentication_failed,13,12,1,0.9231,2,3.36,0,116645.87,0,7.65144822459919,0.269732481846763,567.1637922543702,2102.69,567.1637922543702
1240,txn_007154,cust_01004,970.71,netbanking,abandoned,none,36,22,14,0.6111,0,0.45,1,146708.7,0,6.879057406034592,0.5837801379974464,566.6812177555013,970.71,566.6812177555013
1241,txn_003171,cust_02379,2280.23,netbanking,failed,network_error,11,11,0,1.0,2,11.37,0,5257.12,0,7.732470050169082,0.24841817568679891,566.4505767463095,2280.23,566.4505767463095
1242,txn_009338,cust_01436,2113.95,card,failed,bank_decline,40,34,6,0.85,1,4.63,0,103298.36,0,7.656786450538995,0.26768254928647417,565.867525064142,2113.95,565.867525064142
1243,txn_005867,cust_01378,3055.22,card,failed,network_error,19,14,5,0.7368,2,8.75,0,44110.65,0,8.024934137224085,0.18472147608453987,564.3647481630079,3055.22,564.3647481630079
1244,txn_003480,cust_00582,1247.98,upi,failed,authentication_failed,5,4,1,0.8,0,6.34,0,71960.65,0,7.130082497187123,0.45143914811029073,563.3870280586806,1247.98,563.3870280586806
1245,txn_002928,cust_00116,795.58,wallet,abandoned,none,16,15,1,0.9375,0,4.9,1,25780.36,0,6.680327563728875,0.7075561734841623,562.9175405005299,795.58,562.9175405005299
1246,txn_008760,cust_00057,2046.2,card,failed,technical_error,30,22,8,0.7333,1,8.51,0,79838.04,0,7.624228284845579,0.27498668931623543,562.677763678881,2046.2,562.677763678881
1247,txn_002960,cust_00472,2203.34,wallet,failed,authentication_failed,21,19,2,0.9048,2,4.29,0,94393.08,0,7.698183423347965,0.2550119502948512,561.8780305626575,2203.34,561.8780305626575
1248,txn_005500,cust_02170,1019.55,card,abandoned,none,39,33,6,0.8462,0,5.4,1,107878.1,1,6.9280969766400515,0.5509830432568597,561.7547617525312,1019.55,561.7547617525312
1249,txn_007226,cust_01515,911.69,upi,failed,network_error,40,27,13,0.675,1,1.73,0,37145.02,1,6.816396282960125,0.6156764217483484,561.3060369437518,911.69,561.3060369437518
1250,txn_006798,cust_01695,893.94,upi,abandoned,none,27,24,3,0.8889,0,3.86,1,145635.13,1,6.796756676921489,0.6272498029628449,560.7236888606056,893.94,560.7236888606056
1251,txn_000651,cust_02406,1021.85,card,failed,network_error,15,12,3,0.8,1,4.65,0,40184.06,1,6.930348127634772,0.5457790617917077,557.7043342918565,1021.85,557.7043342918565
1252,txn_000449,cust_01561,959.76,netbanking,abandoned,none,16,12,4,0.75,0,4.73,1,15114.07,1,6.867724637925783,0.58031152722559,556.9597913700322,959.76,556.9597913700322
1253,txn_001894,cust_00655,1011.45,card,failed,network_error,1,1,0,1.0,2,2.82,0,75110.41,0,6.920128415045278,0.5498662149948543,556.1621831565454,1011.45,556.1621831565454
1254,txn_003081,cust_02187,2648.59,wallet,failed,technical_error,31,27,4,0.871,2,8.09,0,130228.06,1,7.8821601900292295,0.20991321185587358,555.9740337893483,2648.59,555.9740337893483
1255,txn_001806,cust_02103,907.95,netbanking,abandoned,none,23,21,2,0.913,0,6.34,1,20104.06,1,6.812290087164071,0.6120473751959821,555.708414309192,907.95,555.708414309192
1256,txn_001701,cust_02475,1330.44,card,failed,technical_error,36,28,8,0.7778,1,6.57,0,24891.17,0,7.194016342278471,0.4176138744257005,555.6102030909291,1330.44,555.6102030909291
1257,txn_002503,cust_02034,3985.9,upi,failed,bank_decline,33,27,6,0.8182,3,1.75,0,24746.2,0,8.290769265551885,0.13923319519430505,554.9695927249805,3985.9,554.9695927249805
1258,txn_008084,cust_02003,1739.83,card,failed,technical_error,29,27,2,0.931,1,11.38,0,16269.52,1,7.462117289969012,0.3185529428244825,554.2279665143193,1739.83,554.2279665143193
1259,txn_006046,cust_00014,1077.54,card,abandoned,none,14,12,2,0.8571,0,5.83,1,143624.75,1,6.983363553690358,0.5139684971034061,553.8216143688041,1077.54,553.8216143688041
1260,txn_009862,cust_01789,1228.05,wallet,abandoned,none,34,25,9,0.7353,0,6.94,1,115055.68,0,7.11399679222099,0.45054328254313375,553.2896781270954,1228.05,553.2896781270954
1261,txn_003463,cust_00465,872.12,card,abandoned,none,30,19,11,0.6333,0,2.06,1,3286.79,0,6.772073003437922,0.6342423268148657,553.1354180617807,872.12,553.1354180617807
1262,txn_008641,cust_00725,757.76,netbanking,abandoned,none,2,2,0,1.0,0,3.89,1,55027.05,1,6.631685521858522,0.72935851757055,552.67871027426,757.76,552.67871027426
1263,txn_001613,cust_00186,1108.13,card,failed,bank_decline,7,5,2,0.7143,0,1.88,0,57998.72,1,7.011331203203494,0.49872162809320436,552.6483977389227,1108.13,552.6483977389227
1264,txn_008833,cust_01630,916.41,upi,failed,insufficient_funds,36,34,2,0.9444,0,5.95,0,104340.5,1,6.8215544824742755,0.6022422627637791,551.9008320193548,916.41,551.9008320193548
1265,txn_000190,cust_00049,814.24,netbanking,abandoned,none,38,33,5,0.8684,0,3.2,1,60510.68,1,6.703482548418179,0.6770160819133092,551.2535745370928,814.24,551.2535745370928
1266,txn_008163,cust_01522,1586.44,wallet,failed,technical_error,35,29,6,0.8286,2,5.01,0,52617.13,1,7.369877934776997,0.3473470385744551,551.0452358760585,1586.44,551.0452358760585
1267,txn_002014,cust_02014,1823.87,wallet,failed,technical_error,24,19,5,0.7917,2,4.58,0,113511.05,0,7.509264030602697,0.30029739779699816,547.703414920011,1823.87,547.703414920011
1268,txn_009840,cust_01467,731.85,wallet,failed,authentication_failed,35,32,3,0.9143,0,0.34,0,92791.01,1,6.5969410424733095,0.7474286884439385,547.0056856376964,731.85,547.0056856376964
1269,txn_007609,cust_00923,1748.62,upi,failed,authentication_failed,16,12,4,0.75,0,9.75,0,33056.52,0,7.4671539004814935,0.31272965355363136,546.8453267969509,1748.62,546.8453267969509
1270,txn_000454,cust_01151,938.43,netbanking,abandoned,none,3,2,1,0.6667,0,2.05,1,84816.18,0,6.845273308360811,0.5813753058006653,545.5800282225183,938.43,545.5800282225183
1271,txn_008718,cust_02057,12632.88,card,failed,bank_decline,5,4,1,0.8,2,11.88,0,32406.44,0,9.444137373234023,0.04318536912857269,545.5555859569633,12632.88,545.5555859569633
1272,txn_008652,cust_01776,2223.01,wallet,failed,network_error,25,14,11,0.56,0,12.31,0,127886.34,1,7.707067151763242,0.24522926039085696,545.147098141479,2223.01,545.147098141479
1273,txn_007977,cust_01986,1111.58,netbanking,failed,insufficient_funds,19,12,7,0.6316,0,3.51,0,103305.08,0,7.014436921567347,0.49003878755074304,544.7173154656549,1111.58,544.7173154656549
1274,txn_008742,cust_01460,1868.68,upi,failed,bank_decline,5,5,0,1.0,1,8.66,0,3055.22,0,7.53352257221077,0.2912272935454163,544.2106189024486,1868.68,544.2106189024486
1275,txn_004790,cust_01038,1351.37,card,failed,technical_error,18,17,1,0.9444,2,3.0,0,143151.19,1,7.209613887801531,0.40180929407163973,542.9930257295917,1351.37,542.9930257295917
1276,txn_004013,cust_00136,747.18,upi,failed,technical_error,6,5,1,0.8333,0,3.53,0,63464.51,1,6.617643590736135,0.725388849270607,541.996040398012,747.18,541.996040398012
1277,txn_003883,cust_02043,4255.52,card,failed,network_error,23,15,8,0.6522,3,5.19,0,67404.42,0,8.356207204009184,0.12703537663975825,540.6015859980241,4255.52,540.6015859980241
1278,txn_009087,cust_00495,669.35,wallet,abandoned,none,35,35,0,1.0,0,2.35,1,24538.37,1,6.50779996404757,0.8057796466829211,539.3486065072133,669.35,539.3486065072133
1279,txn_006646,cust_00646,1253.12,card,failed,network_error,8,6,2,0.75,1,6.41,0,52430.76,0,7.134189410394413,0.4303655083107863,539.2996257744124,1253.12,539.2996257744124
1280,txn_003428,cust_00722,876.13,card,abandoned,none,22,15,7,0.6818,0,1.12,1,122164.53,1,6.77665521399799,0.6148496777737523,538.6882481879176,876.13,538.6882481879176
1281,txn_004114,cust_01395,1221.56,wallet,failed,network_error,1,1,0,1.0,3,0.99,0,130467.26,0,7.108702299899257,0.4403871938114232,537.9593804722821,1221.56,537.9593804722821
1282,txn_003887,cust_02291,829.11,netbanking,abandoned,none,13,12,1,0.9231,0,4.67,1,75350.9,1,6.721558222129785,0.6476180881631408,536.9466330769417,829.11,536.9466330769417
1283,txn_007619,cust_01283,773.83,upi,abandoned,none,24,20,4,0.8333,0,1.97,1,105543.51,1,6.652643650452846,0.6937721731014547,536.8617207110987,773.83,536.8617207110987
1284,txn_007016,cust_02354,2771.4,netbanking,failed,network_error,22,17,5,0.7727,1,12.99,0,63850.66,0,7.92746865004383,0.19364365817595522,536.6640342688423,2771.4,536.6640342688423
1285,txn_007879,cust_01233,766.44,upi,failed,network_error,6,5,1,0.8333,0,6.12,0,28921.38,1,6.643060300509692,0.6998916813024917,536.4249802174818,766.44,536.4249802174818
1286,txn_007271,cust_01107,730.05,upi,failed,authentication_failed,21,21,0,1.0,0,2.75,0,36298.7,1,6.594481856863447,0.7343241389588574,536.0933376469138,730.05,536.0933376469138
1287,txn_007095,cust_00747,761.28,upi,abandoned,none,37,36,1,0.973,0,2.95,1,147681.53,0,6.636313942260175,0.7029672181933765,535.1548838662536,761.28,535.1548838662536
1288,txn_006946,cust_01435,696.59,wallet,abandoned,none,10,9,1,0.9,0,0.51,1,138064.22,1,6.5476315376296395,0.7661518749460374,533.6937345686603,696.59,533.6937345686603
1289,txn_001679,cust_00117,7947.6,wallet,failed,network_error,32,15,17,0.4688,2,11.48,0,72722.4,0,8.98075109151191,0.0671372715175888,533.5801791131888,7947.6,533.5801791131888
1290,txn_000088,cust_00615,1508.98,card,failed,bank_decline,8,6,2,0.75,0,5.93,0,62210.49,1,7.319851684688142,0.3533875862119629,533.2547998421278,1508.98,533.2547998421278
1291,txn_007983,cust_02108,661.06,wallet,failed,technical_error,20,18,2,0.9,0,1.38,0,104325.26,0,6.495356186271043,0.8061434035926066,532.9091583789285,661.06,532.9091583789285
1292,txn_003850,cust_00830,1040.44,upi,abandoned,none,23,18,5,0.7826,0,6.16,1,92612.87,1,6.948359649824077,0.5119926907184791,532.6976751311344,1040.44,532.6976751311344
1293,txn_007069,cust_00322,4882.57,card,failed,network_error,30,21,9,0.7,2,10.95,0,85907.6,0,8.493631788766576,0.10900320705051107,532.2157886486139,4882.57,532.2157886486139
1294,txn_001552,cust_01980,747.77,netbanking,abandoned,none,29,27,2,0.931,0,2.17,1,120914.73,0,6.61843186025823,0.7090908026268943,530.2368294803127,747.77,530.2368294803127
1295,txn_002234,cust_00675,696.62,netbanking,abandoned,none,8,8,0,1.0,0,2.43,1,80060.12,1,6.547674541908572,0.7602398118319403,529.5982577183663,696.62,529.5982577183663
1296,txn_000183,cust_00719,4790.72,netbanking,failed,bank_decline,26,21,5,0.8077,3,2.61,0,20213.8,0,8.474644707370281,0.11047891601541114,529.2735525333505,4790.72,529.2735525333505
1297,txn_001731,cust_01968,9601.77,upi,failed,insufficient_funds,4,3,1,0.75,2,12.77,0,83430.72,0,9.169806877502454,0.05506855210185921,528.7555715150687,9601.77,528.7555715150687
1298,txn_007958,cust_01443,4296.49,card,failed,bank_decline,6,5,1,0.8333,3,2.1,0,37976.89,0,8.365786410320032,0.12295155802443626,528.2601395364102,4296.49,528.2601395364102
1299,txn_000069,cust_00062,683.91,netbanking,abandoned,none,22,20,2,0.9091,0,1.64,1,17621.27,1,6.529287442768902,0.771593571366164,527.7005593930332,683.91,527.7005593930332
1300,txn_002674,cust_00253,1907.06,card,failed,network_error,16,15,1,0.9375,2,9.13,0,41485.55,0,7.55384229805468,0.2764453277798684,527.1978267958758,1907.06,527.1978267958758
1301,txn_006642,cust_01171,1041.18,card,failed,network_error,33,29,4,0.8788,1,6.4,0,68945.44,0,6.94906995211635,0.5057970004394103,526.6257209175053,1041.18,526.6257209175053
1302,txn_001611,cust_00268,852.12,wallet,abandoned,none,35,30,5,0.8571,0,4.6,1,120180.36,1,6.748900217550289,0.6179620012331634,526.5777804908032,852.12,526.5777804908032
1303,txn_005226,cust_00461,1684.02,upi,failed,bank_decline,3,2,1,0.6667,0,6.78,0,19810.69,1,7.4295327121522226,0.3125930840000669,526.4130053177927,1684.02,526.4130053177927
1304,txn_009892,cust_01630,1590.75,upi,failed,bank_decline,36,34,2,0.9444,2,0.46,0,104340.5,0,7.372589318897135,0.3307635518779716,526.1621201498833,1590.75,526.1621201498833
1305,txn_008260,cust_00259,6629.94,wallet,failed,bank_decline,22,19,3,0.8636,3,5.22,0,81849.06,0,8.799501852918942,0.07928339505603009,525.6441522177761,6629.94,525.6441522177761
1306,txn_007770,cust_00970,2712.51,card,failed,technical_error,4,3,1,0.75,3,2.02,0,106160.51,0,7.905998278773986,0.19373465075213617,525.5071775116769,2712.51,525.5071775116769
1307,txn_005960,cust_01294,1305.78,wallet,failed,network_error,36,26,10,0.7222,2,2.79,0,87497.23,0,7.17532137504904,0.402401099180431,525.4473072878232,1305.78,525.4473072878232
1308,txn_006251,cust_02006,1777.83,wallet,failed,insufficient_funds,33,26,7,0.7879,2,2.79,0,117861.77,0,7.483711123796775,0.2949293385963799,524.334226036802,1777.83,524.334226036802
1309,txn_009961,cust_01598,913.7,wallet,abandoned,none,38,34,4,0.8947,0,5.77,1,149941.26,1,6.818596142662319,0.5723254408841877,522.9337553358823,913.7,522.9337553358823
1310,txn_007326,cust_02104,986.4,netbanking,failed,authentication_failed,16,13,3,0.8125,1,0.98,0,15906.71,1,6.895075225824763,0.5288829883162248,521.6901796751241,986.4,521.6901796751241
1311,txn_009745,cust_01122,690.3,upi,failed,technical_error,4,4,0,1.0,0,4.93,0,84795.51,0,6.538573882951219,0.7554411313248651,521.4810129535543,690.3,521.4810129535543
1312,txn_000824,cust_00605,826.19,wallet,abandoned,none,30,21,9,0.7,0,3.05,1,60410.8,0,6.718034414706238,0.630784820465045,521.1481108200156,826.19,521.1481108200156
1313,txn_006267,cust_02114,689.6,wallet,abandoned,none,28,22,6,0.7857,0,0.89,1,42225.3,1,6.537560784955892,0.7556729489613422,521.1120656037416,689.6,521.1120656037416
1314,txn_002799,cust_00207,1232.05,netbanking,failed,authentication_failed,5,4,1,0.8,1,1.03,0,142382.3,0,7.1172460538425595,0.4225274277108207,520.5749173111166,1232.05,520.5749173111166
1315,txn_004045,cust_01549,923.22,wallet,failed,network_error,14,13,1,0.9286,0,11.05,0,68335.64,1,6.828950138539606,0.56275723746471,519.5487367721695,923.22,519.5487367721695
1316,txn_009748,cust_00146,3337.8,upi,failed,authentication_failed,14,11,3,0.7857,2,5.87,0,76376.82,0,8.113366739976582,0.1554769610580086,518.9510006194212,3337.8,518.9510006194212
1317,txn_007635,cust_01563,3021.04,netbanking,failed,network_error,9,7,2,0.7778,2,10.3,0,19096.54,1,8.01368737901246,0.17155087872306027,518.262066657514,3021.04,518.262066657514
1318,txn_000807,cust_00778,664.73,wallet,abandoned,none,16,15,1,0.9375,0,2.31,1,45871.53,1,6.500884182935995,0.7785717334452295,517.5399883730474,664.73,517.5399883730474
1319,txn_003348,cust_00075,762.09,netbanking,failed,insufficient_funds,24,22,2,0.9167,0,2.63,0,131929.56,1,6.6373759797673175,0.678862522018835,517.354339405334,762.09,517.354339405334
1320,txn_008465,cust_01938,2844.65,wallet,failed,network_error,27,21,6,0.7778,3,6.83,0,6338.96,0,7.953546791466664,0.18177605756470264,517.0892621514314,2844.65,517.0892621514314
1321,txn_009983,cust_01312,621.1,wallet,failed,network_error,16,13,3,0.8125,0,0.62,0,77883.09,1,6.433100851520974,0.8315675188969611,516.4865859869026,621.1,516.4865859869026
1322,txn_003341,cust_00705,777.76,upi,abandoned,none,12,10,2,0.8333,0,4.65,1,6832.18,1,6.65770291111071,0.6629853594959452,515.6434932015663,777.76,515.6434932015663
1323,txn_009980,cust_02156,746.05,netbanking,abandoned,none,17,13,4,0.7647,0,0.89,1,87216.08,0,6.616132117297094,0.6896558775730898,514.5177674634036,746.05,514.5177674634036
1324,txn_005016,cust_01012,2638.26,upi,failed,authentication_failed,3,2,1,0.6667,2,1.34,0,137071.23,0,7.878253853817822,0.19483938973579917,514.0369683643696,2638.26,514.0369683643696
1325,txn_000787,cust_01292,804.46,card,abandoned,none,7,6,1,0.8571,0,4.69,1,39552.02,1,6.691413542786855,0.638399558503817,513.5669088339806,804.46,513.5669088339806
1326,txn_006481,cust_00468,1291.13,card,failed,bank_decline,17,13,4,0.7647,0,5.39,0,51445.62,0,7.164047298475822,0.3977380678503669,513.5315515436442,1291.13,513.5315515436442
1327,txn_008161,cust_01029,864.97,card,abandoned,none,37,27,10,0.7297,0,2.96,1,101485.77,0,6.763850265930054,0.5936174444223669,513.4612809020147,864.97,513.4612809020147
1328,txn_005678,cust_01940,898.74,wallet,abandoned,none,6,5,1,0.8333,0,5.46,1,118975.71,0,6.802105832698988,0.5712038340404465,513.363733805511,898.74,513.363733805511
1329,txn_003460,cust_00643,701.73,netbanking,abandoned,none,28,25,3,0.8929,0,1.81,1,73363.59,1,6.554972749758749,0.731497283857357,513.3135890012231,701.73,513.3135890012231
1330,txn_002363,cust_00662,761.25,upi,failed,technical_error,21,19,2,0.9048,1,1.52,0,86788.11,1,6.636274585868364,0.6735156625149814,512.7137980895296,761.25,512.7137980895296
1331,txn_002936,cust_01159,1069.08,wallet,failed,network_error,22,20,2,0.9091,3,0.2,0,39341.69,1,6.975488691016228,0.47950435968845667,512.6285208557352,1069.08,512.6285208557352
1332,txn_003860,cust_02001,2046.63,upi,failed,authentication_failed,19,15,4,0.7895,0,12.24,0,31396.13,1,7.624438305775181,0.25030363909361764,512.2789368781707,2046.63,512.2789368781707
1333,txn_000002,cust_00328,5143.47,wallet,failed,insufficient_funds,39,24,15,0.6154,2,7.86,0,105476.38,0,8.54567763032836,0.09954119992576502,511.98717558217464,5143.47,511.98717558217464
1334,txn_005013,cust_02457,1448.37,netbanking,failed,authentication_failed,40,33,7,0.825,2,0.48,0,51424.89,1,7.278884258241017,0.35345317597581977,511.93097648809805,1448.37,511.93097648809805
1335,txn_006097,cust_02259,2176.8,card,failed,technical_error,13,12,1,0.9231,1,12.72,0,78143.66,0,7.686070471911961,0.2345502447031825,510.5689726698877,2176.8,510.5689726698877
1336,txn_002068,cust_01404,2180.96,netbanking,failed,network_error,32,30,2,0.9375,2,8.88,0,118457.24,0,7.687978834419304,0.2339596026728317,510.25653504533904,2180.96,510.25653504533904
1337,txn_009785,cust_00314,3631.73,netbanking,failed,bank_decline,34,25,9,0.7353,1,6.7,0,144855.59,0,8.197739710714588,0.1404329542806315,510.0145730495978,3631.73,510.0145730495978
1338,txn_002300,cust_02489,2315.63,upi,failed,insufficient_funds,21,18,3,0.8571,3,2.24,0,62060.87,0,7.747868822427345,0.22003790238847995,509.52636790783583,2315.63,509.52636790783583
1339,txn_000371,cust_02215,671.73,upi,abandoned,none,35,28,7,0.8,0,0.32,1,61888.36,1,6.511344060439727,0.7582438283995437,509.33512685082553,671.73,509.33512685082553
1340,txn_001733,cust_00812,928.81,netbanking,abandoned,none,13,8,5,0.6154,0,3.04,1,43630.52,1,6.834980264199725,0.5479985848006612,508.9865655487021,928.81,508.9865655487021
1341,txn_002807,cust_01142,624.27,card,failed,technical_error,36,32,4,0.8889,0,1.02,0,48920.64,0,6.438183556451267,0.8152274060866099,508.92201279768796,624.27,508.92201279768796
1342,txn_003719,cust_00866,1533.58,netbanking,failed,network_error,36,28,8,0.7778,2,5.63,0,20335.91,0,7.336012006946531,0.3318032841200742,508.84688046086336,1533.58,508.84688046086336
1343,txn_009498,cust_01449,1279.45,upi,failed,authentication_failed,26,23,3,0.8846,0,9.61,0,45035.77,0,7.154966857630047,0.3975618466817087,508.6605047369122,1279.45,508.6605047369122
1344,txn_001029,cust_01222,1566.08,wallet,failed,technical_error,25,20,5,0.8,1,9.41,0,65345.34,1,7.356969294020316,0.324392855237037,508.02516272961884,1566.08,508.02516272961884
1345,txn_008637,cust_02044,778.69,card,abandoned,none,40,34,6,0.85,0,2.5,1,137872.49,1,6.658896404787623,0.6521488584308243,507.8217945714986,778.69,507.8217945714986
1346,txn_009097,cust_01265,841.45,card,abandoned,none,16,12,4,0.75,0,3.8,1,49557.05,0,6.736314313284394,0.6030290386374441,507.4187845614773,841.45,507.4187845614773
1347,txn_001034,cust_00814,948.22,upi,failed,technical_error,22,18,4,0.8182,1,4.6,0,41709.27,0,6.855640594714684,0.5350381376225952,507.33386285649726,948.22,507.33386285649726
1348,txn_005771,cust_00978,2043.89,netbanking,failed,network_error,13,13,0,1.0,2,9.1,0,143643.27,0,7.623099277299131,0.24791247380862885,506.70582609271844,2043.89,506.70582609271844
1349,txn_005835,cust_01837,5237.27,card,failed,network_error,34,29,5,0.8529,3,10.62,0,29395.93,0,8.56374657013094,0.0966851391421551,506.3661786750347,5237.27,506.3661786750347
1350,txn_005310,cust_00542,3499.41,card,failed,insufficient_funds,30,20,10,0.6667,3,0.49,0,136498.76,0,8.16063538347396,0.14465417138679265,506.204253892656,3499.41,506.204253892656
1351,txn_006388,cust_01012,2486.85,card,failed,technical_error,3,2,1,0.6667,1,8.54,0,137071.23,1,7.819174162652525,0.20347845048146962,506.0203845798427,2486.85,506.0203845798427
1352,txn_009236,cust_00045,976.53,card,failed,network_error,30,22,8,0.7333,0,9.25,0,22287.87,1,6.88502898192566,0.517576402245577,505.4288840848733,976.53,505.4288840848733
1353,txn_009237,cust_01061,842.25,netbanking,abandoned,none,10,8,2,0.8,0,4.99,1,25516.04,1,6.73726347394176,0.5990892563979814,504.5829262011998,842.25,504.5829262011998
1354,txn_001011,cust_01888,1537.24,netbanking,abandoned,none,4,2,2,0.5,0,6.85,1,15871.53,0,7.338394184705596,0.32761437886883493,503.6219277723278,1537.24,503.6219277723278
1355,txn_001913,cust_00259,3439.27,netbanking,failed,authentication_failed,22,19,3,0.8636,1,11.25,0,81849.06,1,8.143305235659486,0.1462404761287854,502.9604823354478,3439.27,502.9604823354478
1356,txn_003484,cust_01450,783.79,card,failed,network_error,4,3,1,0.75,0,4.52,0,117786.44,1,6.665416166070074,0.6413282298162498,502.6666532476784,783.79,502.6666532476784
1357,txn_008773,cust_02152,2288.65,wallet,failed,technical_error,3,1,2,0.3333,0,7.6,0,147107.88,0,7.736154246439355,0.21946537851440048,502.2794385369827,2288.65,502.2794385369827
1358,txn_000998,cust_01458,3181.38,card,failed,insufficient_funds,31,24,7,0.7742,2,5.76,0,143213.49,0,8.065384623514852,0.1578236859280386,502.09711793774346,3181.38,502.09711793774346
1359,txn_000202,cust_02319,2228.42,card,failed,bank_decline,16,15,1,0.9375,2,4.19,0,41141.83,0,7.709496740938878,0.2251088905889137,501.6371539661471,2228.42,501.6371539661471
1360,txn_004849,cust_00280,1828.68,upi,failed,network_error,14,14,0,1.0,3,5.87,0,68750.2,0,7.511896367157104,0.27384652191119535,500.7776576885647,1828.68,500.7776576885647
1361,txn_003762,cust_01697,832.15,upi,abandoned,none,4,3,1,0.75,0,2.87,1,126278.78,1,6.725213697984633,0.6006753907745657,499.8520264330548,832.15,499.8520264330548
1362,txn_002125,cust_01347,617.64,card,abandoned,none,32,29,3,0.9062,0,0.24,1,21343.67,1,6.42752352030078,0.8088744192908628,499.5931963308085,617.64,499.5931963308085
1363,txn_008080,cust_01009,755.07,card,abandoned,none,4,4,0,1.0,0,4.74,1,136282.61,0,6.628133964485696,0.6606583224785871,498.8432795539068,755.07,498.8432795539068
1364,txn_000001,cust_00291,642.43,upi,abandoned,none,16,14,2,0.875,0,1.54,1,19806.93,1,6.466813241010416,0.7763821655301423,498.77119460152926,642.43,498.77119460152926
1365,txn_002024,cust_02399,1383.94,card,failed,authentication_failed,28,26,2,0.9286,2,0.77,0,119896.75,1,7.233412096383406,0.35907949546685264,496.94447695639604,1383.94,496.94447695639604
1366,txn_004037,cust_02076,727.58,card,abandoned,none,33,20,13,0.6061,0,0.31,1,16814.2,1,6.591097434293783,0.6828349983176208,496.8170880759346,727.58,496.8170880759346
1367,txn_009871,cust_01773,812.56,netbanking,failed,network_error,15,10,5,0.6667,1,1.07,0,38606.18,1,6.701419679317294,0.6112358387013844,496.6657930951969,812.56,496.6657930951969
1368,txn_006421,cust_02320,8840.86,netbanking,failed,authentication_failed,40,29,11,0.725,2,11.07,0,52121.37,1,9.087252540739009,0.056167632736943224,496.5701775587319,8840.86,496.5701775587319
1369,txn_009824,cust_01977,1161.02,netbanking,failed,network_error,39,38,1,0.9744,1,8.39,0,137470.63,0,7.0579151489676955,0.4269032795625159,495.6432456376722,1161.02,495.6432456376722
1370,txn_009849,cust_01319,7426.59,upi,failed,authentication_failed,40,37,3,0.925,3,7.66,0,132581.51,0,8.91295672439563,0.0666778794556584,495.1892727865981,7426.59,495.1892727865981
1371,txn_005564,cust_00688,3205.6,netbanking,failed,authentication_failed,5,4,1,0.8,1,10.11,0,70869.24,0,8.072966464754737,0.15428869408468548,494.58783775786776,3205.6,494.58783775786776
1372,txn_002280,cust_02069,1749.34,wallet,failed,network_error,29,21,8,0.7241,3,1.42,0,94902.37,0,7.46756533376082,0.28250560160117694,494.1983491050028,1749.34,494.1983491050028
1373,txn_007203,cust_01520,1063.12,upi,failed,insufficient_funds,16,14,2,0.875,2,1.24,0,23434.39,1,6.96990344549707,0.4646927345179786,494.0241399207534,1063.12,494.0241399207534
1374,txn_000125,cust_02145,3415.93,netbanking,failed,bank_decline,3,2,1,0.6667,0,11.53,0,33604.05,0,8.136497766099192,0.14457612942059303,493.8619377716863,3415.93,493.8619377716863
1375,txn_001676,cust_01888,1244.78,upi,abandoned,none,4,2,2,0.5,0,5.71,1,15871.53,0,7.127517118749937,0.396345750661644,493.3632635086012,1244.78,493.3632635086012
1376,txn_002133,cust_00723,2881.82,wallet,failed,technical_error,34,26,8,0.7647,2,10.18,0,14924.49,0,7.966524260725679,0.17111934235076035,493.1351431732682,2881.82,493.1351431732682
1377,txn_004336,cust_01064,944.0,wallet,abandoned,none,32,20,12,0.625,0,5.61,1,14550.31,0,6.851184927493743,0.5220794650115149,492.84301497087006,944.0,492.84301497087006
1378,txn_005071,cust_02173,2632.16,card,failed,insufficient_funds,8,7,1,0.875,3,3.07,0,72745.98,1,7.875939924835778,0.1870726329226762,492.40510147375136,2632.16,492.40510147375136
1379,txn_003168,cust_02392,1045.38,wallet,failed,technical_error,27,23,4,0.8519,0,11.5,0,39711.25,1,6.9530918673704285,0.4703701973079987,491.71559686183576,1045.38,491.71559686183576
1380,txn_005912,cust_00009,1082.37,upi,failed,network_error,35,29,6,0.8286,0,11.91,0,63508.45,1,6.987831832236751,0.4538130621220751,491.1936440490704,1082.37,491.1936440490704
1381,txn_003209,cust_01730,852.67,card,abandoned,none,40,29,11,0.725,0,3.61,1,91689.63,1,6.749544702248509,0.57600184463339,491.1394928635526,852.67,491.1394928635526
1382,txn_002206,cust_00487,741.36,upi,failed,technical_error,6,5,1,0.8333,1,0.71,0,91814.28,0,6.609834300710104,0.6622613190058994,490.9740514582136,741.36,490.9740514582136
1383,txn_001383,cust_01125,2162.13,netbanking,failed,authentication_failed,17,15,2,0.8824,2,5.21,0,31297.17,0,7.67931152585761,0.2270333429147963,490.8756017163685,2162.13,490.8756017163685
1384,txn_002088,cust_00162,5749.05,upi,failed,bank_decline,4,3,1,0.75,1,12.57,0,14752.47,0,8.656963829405763,0.08522566582227864,489.966614095571,5749.05,489.966614095571
1385,txn_009330,cust_01848,2998.6,upi,failed,technical_error,9,8,1,0.8889,2,11.25,0,52067.19,0,8.006234225427235,0.1633588809842013,489.847940519226,2998.6,489.847940519226
1386,txn_002479,cust_00668,592.54,card,failed,technical_error,24,20,4,0.8333,0,0.42,0,14131.35,1,6.3861046085773125,0.8259704925059134,489.4205556294539,592.54,489.4205556294539
1387,txn_001019,cust_00914,4601.65,wallet,failed,insufficient_funds,27,13,14,0.4815,2,6.58,0,37992.27,0,8.43438750355932,0.10630799149174933,489.1921690480082,4601.65,489.1921690480082
1388,txn_005335,cust_01839,1776.59,card,failed,authentication_failed,16,15,1,0.9375,0,13.4,0,34713.59,1,7.483013793306986,0.27504037814172483,488.6339854028069,1776.59,488.6339854028069
1389,txn_005924,cust_00769,7322.36,card,failed,technical_error,9,8,1,0.8889,3,12.6,0,6707.18,0,8.898824518033,0.06656559485784987,487.41724916332555,7322.36,487.41724916332555
1390,txn_007948,cust_00593,3361.07,upi,failed,technical_error,6,5,1,0.8333,2,11.19,0,48994.66,0,8.120312134691725,0.14476287842997634,486.5581678046406,3361.07,486.5581678046406
1391,txn_001691,cust_01578,625.38,upi,failed,network_error,12,11,1,0.9167,0,4.6,0,53737.54,1,6.439957215686664,0.7775497091839335,486.26403712944835,625.38,486.26403712944835
1392,txn_004293,cust_02078,3156.98,wallet,failed,insufficient_funds,19,16,3,0.8421,3,3.93,0,115025.86,0,8.057687861673303,0.15397479978720074,486.095363432197,3156.98,486.095363432197
1393,txn_009679,cust_02329,2422.85,card,failed,network_error,25,20,5,0.8,2,9.69,0,30213.42,0,7.7931124640863665,0.20046518494095428,485.69707333419103,2422.85,485.69707333419103
1394,txn_002563,cust_00384,1117.98,card,failed,authentication_failed,19,13,6,0.6842,0,4.26,0,105745.15,1,7.020172835051216,0.4339495348503247,485.14690097196603,1117.98,485.14690097196603
1395,txn_000336,cust_00478,756.38,card,abandoned,none,7,6,1,0.8571,0,3.41,1,114295.08,1,6.629865108992825,0.6403697918385368,484.3629031508325,756.38,484.3629031508325
1396,txn_001798,cust_01152,715.63,card,abandoned,none,15,15,0,1.0,0,4.68,1,111446.6,1,6.574559668354041,0.6767036662508139,484.26944467907,715.63,484.26944467907
1397,txn_004024,cust_02186,987.84,wallet,failed,network_error,14,11,3,0.7857,2,2.0,0,67931.3,1,6.896532538959656,0.4896963298602314,483.74162248913103,987.84,483.74162248913103
1398,txn_009935,cust_00304,9313.17,card,failed,authentication_failed,39,26,13,0.6667,2,9.61,0,121023.67,0,9.139292175469377,0.0518222962017965,482.6298543176851,9313.17,482.6298543176851
1399,txn_001897,cust_01588,3874.58,upi,failed,bank_decline,35,31,4,0.8857,1,10.66,0,119432.09,0,8.262450608006255,0.1245622939329557,482.6265728267515,3874.58,482.6265728267515
1400,txn_003505,cust_00666,675.68,card,abandoned,none,21,15,6,0.7143,0,0.7,1,26609.1,1,6.517198487607091,0.714007580357156,482.4406418957231,675.68,482.4406418957231
1401,txn_001105,cust_02021,665.13,upi,failed,technical_error,8,5,3,0.625,0,0.51,0,57202.54,1,6.501484846687481,0.7253230245429807,482.43410331427276,665.13,482.43410331427276
1402,txn_006932,cust_00392,814.6,netbanking,failed,insufficient_funds,11,7,4,0.6364,0,0.92,0,119101.66,0,6.7039240387003005,0.5918487397433433,482.11998339492743,814.6,482.11998339492743
1403,txn_004121,cust_00485,809.81,netbanking,abandoned,none,37,26,11,0.7027,0,2.53,1,102588.26,0,6.698033747999568,0.5951354753217372,481.9466592702959,809.81,481.9466592702959
1404,txn_002233,cust_00293,962.24,wallet,failed,technical_error,14,12,2,0.8571,0,10.35,0,70290.06,1,6.870302601931486,0.5006105932938003,481.7075372910264,962.24,481.7075372910264
1405,txn_004705,cust_01999,632.74,netbanking,abandoned,none,17,14,3,0.8235,0,0.77,1,22817.83,1,6.4516387756882,0.7611673265656022,481.62101421111913,632.74,481.62101421111913
1406,txn_007871,cust_01856,638.45,card,abandoned,none,3,3,0,1.0,0,3.39,1,56903.67,1,6.460608431879329,0.7531941556382565,480.8768086672449,638.45,480.8768086672449
1407,txn_005440,cust_01104,1555.05,netbanking,failed,network_error,19,16,3,0.8421,3,2.58,0,35890.07,1,7.349905837898154,0.3090805382719181,480.63569103974623,1555.05,480.63569103974623
1408,txn_003691,cust_01405,1850.19,card,failed,bank_decline,4,4,0,1.0,1,9.25,0,7845.5,1,7.523583954523352,0.2594993672652675,480.1231343205253,1850.19,480.1231343205253
1409,txn_003215,cust_02198,1053.89,netbanking,abandoned,none,33,18,15,0.5455,0,3.61,1,102970.81,0,6.961191775071309,0.4552050195438664,479.7360180470854,1053.89,479.7360180470854
1410,txn_003007,cust_01155,1896.03,netbanking,failed,bank_decline,27,24,3,0.8889,1,6.85,0,44983.65,0,7.548044784253826,0.2525694461882694,478.87924705634435,1896.03,478.87924705634435
1411,txn_002137,cust_01772,1049.82,upi,failed,authentication_failed,39,34,5,0.8718,1,2.43,0,120328.86,0,6.957326090747882,0.456112246292655,478.83575840295504,1049.82,478.83575840295504
1412,txn_000558,cust_01333,1822.97,upi,failed,technical_error,38,37,1,0.9737,3,5.48,0,13628.04,0,7.5087707231305965,0.262602525719271,478.71652631045947,1822.97,478.71652631045947
1413,txn_002291,cust_00109,1198.9,card,failed,authentication_failed,13,10,3,0.7692,1,2.47,0,80906.58,0,7.089993498970343,0.3990562114334435,478.4284918875554,1198.9,478.4284918875554
1414,txn_006884,cust_01616,4204.65,netbanking,failed,technical_error,22,16,6,0.7273,3,4.68,0,137766.53,0,8.344184138344591,0.11348559574442672,477.16721014680377,4204.65,477.16721014680377
1415,txn_003526,cust_01179,4174.08,upi,failed,bank_decline,28,25,3,0.8929,3,2.58,0,121118.99,0,8.33688879877802,0.11430917459385448,477.1356394887161,4174.08,477.1356394887161
1416,txn_008086,cust_01945,4507.75,wallet,failed,technical_error,15,6,9,0.4,1,9.78,0,126803.3,0,8.413775232217748,0.10583665856849794,477.0851976621466,4507.75,477.0851976621466
1417,txn_003272,cust_01796,726.49,upi,abandoned,none,3,2,1,0.6667,0,0.86,1,87870.53,1,6.589600253246707,0.6541262638191426,475.21618940196896,726.49,475.21618940196896
1418,txn_006266,cust_01325,1026.55,wallet,failed,bank_decline,21,19,2,0.9048,1,3.01,0,30364.07,0,6.934932606986929,0.4617839562036928,474.0443202409008,1026.55,474.0443202409008
1419,txn_004189,cust_00421,869.79,wallet,failed,technical_error,1,1,0,1.0,1,6.82,0,98991.4,1,6.769400845601298,0.5442597724887583,473.3917075129971,869.79,473.3917075129971
1420,txn_001524,cust_01822,2206.98,netbanking,failed,network_error,30,22,8,0.7333,2,8.36,0,22340.4,0,7.699833349384948,0.2144282774716717,473.23891981443,2206.98,473.23891981443
1421,txn_002737,cust_01820,4121.2,netbanking,failed,authentication_failed,13,9,4,0.6923,2,6.34,0,52057.81,0,8.324142280409196,0.11458786818846947,472.2395223783204,4121.2,472.2395223783204
1422,txn_009396,cust_00147,742.26,upi,abandoned,none,9,9,0,1.0,0,5.84,1,140055.65,0,6.611045916210839,0.6353640351375924,471.60530872122933,742.26,471.60530872122933
1423,txn_003389,cust_01545,5615.44,wallet,failed,technical_error,38,28,10,0.7368,3,9.81,0,17236.95,0,8.633453290214984,0.08388251186456225,471.0372124247374,5615.44,471.0372124247374
1424,txn_002529,cust_01179,897.41,netbanking,abandoned,none,28,25,3,0.8929,0,6.68,1,121118.99,1,6.800626534261662,0.5246151164119398,470.7948516192389,897.41,470.7948516192389
1425,txn_000938,cust_02257,2702.51,card,failed,bank_decline,26,21,5,0.8077,2,3.84,0,53616.02,0,7.902306207724041,0.17416869300506374,470.69263453311487,2702.51,470.69263453311487
1426,txn_006022,cust_01800,3540.87,netbanking,failed,insufficient_funds,31,19,12,0.6129,2,4.63,0,136072.45,0,8.172410115241222,0.13292379076128466,470.66586299291,3540.87,470.66586299291
1427,txn_000749,cust_02362,630.87,wallet,abandoned,none,24,21,3,0.875,0,1.49,1,112436.43,0,6.4486836767859606,0.7452408157085386,470.15007340604575,630.87,470.15007340604575
1428,txn_001148,cust_00085,995.65,card,abandoned,none,35,26,9,0.7429,0,6.01,1,113534.51,0,6.904399655168775,0.4720940979170833,470.04048859114397,995.65,470.04048859114397
1429,txn_006697,cust_00620,703.36,upi,abandoned,none,14,13,1,0.9286,0,5.86,1,24054.8,1,6.557289589092577,0.667753353246814,469.6709985396791,703.36,469.6709985396791
1430,txn_005302,cust_02101,668.22,netbanking,failed,network_error,13,10,3,0.7692,0,3.37,0,109112.8,1,6.506112855097639,0.7010543756194627,468.4585548764374,668.22,468.4585548764374
1431,txn_007902,cust_00474,5679.1,card,failed,bank_decline,3,3,0,1.0,3,6.39,0,93001.46,0,8.644724117194023,0.08241308946580449,468.0321763852503,5679.1,468.0321763852503
1432,txn_000408,cust_00173,841.79,wallet,failed,insufficient_funds,3,2,1,0.6667,0,4.46,0,46930.49,1,6.736717816648441,0.555830514320105,467.89256864952114,841.79,467.89256864952114
1433,txn_007688,cust_00485,2249.08,netbanking,failed,network_error,37,26,11,0.7027,2,6.8,0,102588.26,0,7.718721050121937,0.20778821851573545,467.33232649937025,2249.08,467.33232649937025
1434,txn_002939,cust_01835,1030.37,wallet,abandoned,none,24,17,7,0.7083,0,6.21,1,142560.22,1,6.938643294515532,0.45249489863262493,466.2371687040977,1030.37,466.2371687040977
1435,txn_000188,cust_01235,1063.05,wallet,failed,technical_error,33,23,10,0.697,1,5.38,0,61798.58,0,6.969837661278681,0.438318034375074,465.9539864424224,1063.05,465.9539864424224
1436,txn_003826,cust_00182,587.94,card,abandoned,none,2,2,0,1.0,0,2.54,1,27724.74,1,6.378324310890577,0.7923383421232226,465.84740486792754,587.94,465.84740486792754
1437,txn_000959,cust_00485,1070.4,netbanking,abandoned,none,37,26,11,0.7027,0,6.45,1,102588.26,0,6.97672148344686,0.43491948578992856,465.5378175895396,1070.4,465.5378175895396
1438,txn_008020,cust_00147,1318.36,netbanking,failed,technical_error,9,9,0,1.0,2,5.35,0,140055.65,1,7.184902049518535,0.3528438865288639,465.175266244193,1318.36,465.175266244193
1439,txn_006857,cust_01392,839.2,card,abandoned,none,18,14,4,0.7778,0,4.63,1,104510.84,0,6.7336399587352815,0.5542289509200949,465.1089356121437,839.2,465.1089356121437
1440,txn_000659,cust_01545,692.64,card,abandoned,none,38,28,10,0.7368,0,2.68,1,17236.95,1,6.541953093930348,0.6707558084337516,464.5923031535537,692.64,464.5923031535537
1441,txn_006364,cust_00538,1016.71,wallet,failed,technical_error,40,32,8,0.8,0,9.55,0,132750.99,0,6.925310284228022,0.45680161909447214,464.4347741495408,1016.71,464.4347741495408
1442,txn_000284,cust_00269,638.79,card,failed,authentication_failed,15,14,1,0.9333,0,1.21,0,73746.19,0,6.461139997508931,0.7252354458678478,463.27315046592247,638.79,463.27315046592247
1443,txn_003074,cust_00082,716.58,wallet,abandoned,none,36,25,11,0.6944,0,3.43,1,25603.92,1,6.575884439676147,0.646416368373788,463.20904124928904,716.58,463.20904124928904
1444,txn_001096,cust_01783,1234.63,netbanking,failed,bank_decline,39,29,10,0.7436,1,0.79,0,91748.47,0,7.119336240451848,0.37505762380081054,463.05739407319476,1234.63,463.05739407319476
1445,txn_004328,cust_00953,1117.14,card,failed,technical_error,37,30,7,0.8108,2,2.71,0,45668.79,0,7.019421869488818,0.4142307405997276,462.7537295535797,1117.14,462.7537295535797
1446,txn_009893,cust_01858,751.51,netbanking,failed,network_error,40,36,4,0.9,1,5.21,0,8239.46,1,6.623414285571277,0.6144832058542316,461.79027403151355,751.51,461.79027403151355
1447,txn_008965,cust_00296,1681.24,upi,failed,insufficient_funds,8,6,2,0.75,0,11.15,0,116890.99,0,7.427881517631083,0.27467212118811135,461.7897570263003,1681.24,461.7897570263003
1448,txn_001830,cust_01748,1791.94,netbanking,failed,bank_decline,11,8,3,0.7273,0,9.2,0,10776.93,0,7.491612009576173,0.2576035102661909,461.6100341863981,1791.94,461.6100341863981
1449,txn_004432,cust_01284,2411.02,wallet,failed,insufficient_funds,35,29,6,0.8286,3,2.88,0,89479.17,1,7.788219849686662,0.1914116798070724,461.4973882484477,2411.02,461.4973882484477
1450,txn_006132,cust_00380,1329.0,upi,failed,bank_decline,36,25,11,0.6944,0,7.06,0,12184.67,1,7.1929342212158,0.34706217700769987,461.2456332432331,1329.0,461.2456332432331
1451,txn_007042,cust_00889,717.43,card,abandoned,none,40,39,1,0.975,0,5.18,1,108374.28,1,6.577068275581566,0.6428396715847837,461.1924655850714,717.43,461.1924655850714
1452,txn_000799,cust_00867,780.26,card,failed,insufficient_funds,6,5,1,0.8333,0,6.15,0,10796.47,0,6.660908000968692,0.590598217766248,460.82016539429264,780.26,460.82016539429264
1453,txn_002399,cust_00575,921.58,netbanking,failed,technical_error,12,11,1,0.9167,2,2.68,0,17379.03,1,6.827174093021854,0.49984696117984095,460.6489624841179,921.58,460.6489624841179
1454,txn_003760,cust_00634,2272.22,card,failed,authentication_failed,2,2,0,1.0,1,12.8,0,14671.89,0,7.728952607554243,0.20267604127313846,460.52455450165064,2272.22,460.52455450165064
1455,txn_008074,cust_02274,666.19,netbanking,abandoned,none,29,23,6,0.7931,0,0.5,1,144942.26,1,6.503074862922624,0.6911154707463962,460.41421545654174,666.19,460.41421545654174
1456,txn_002180,cust_00252,1254.57,upi,failed,technical_error,5,4,1,0.8,2,2.93,0,107318.18,1,7.135344931722816,0.36675690861485327,460.12221484093646,1254.57,460.12221484093646
1457,txn_002647,cust_01945,3117.94,netbanking,failed,technical_error,15,6,9,0.4,0,11.24,0,126803.3,1,8.045248479487856,0.1475356376092306,460.0072659273245,3117.94,460.0072659273245
1458,txn_007670,cust_02346,7724.95,wallet,failed,network_error,37,31,6,0.8378,3,12.94,0,97829.96,0,8.95234007155113,0.05953883313560304,459.9345090308767,7724.95,459.9345090308767
1459,txn_007703,cust_01937,4922.2,wallet,failed,bank_decline,2,2,0,1.0,3,7.91,0,16293.85,0,8.501714004567777,0.0933860217859424,459.6646764347656,4922.2,459.6646764347656
1460,txn_003464,cust_00137,2867.43,card,failed,technical_error,38,32,6,0.8421,2,9.76,0,85218.81,0,7.961520120746085,0.16004442218584172,458.9161775083481,2867.43,458.9161775083481
1461,txn_004880,cust_01260,1685.4,card,failed,insufficient_funds,21,18,3,0.8571,1,8.63,0,90878.48,0,7.4303513583470435,0.2720502648536338,458.51351638431447,1685.4,458.51351638431447
1462,txn_001264,cust_01315,2063.89,netbanking,failed,authentication_failed,30,25,5,0.8333,3,0.34,0,35546.48,1,7.632832235211169,0.22154861731270625,457.25197578552127,2063.89,457.25197578552127
1463,txn_007474,cust_00962,1137.25,card,failed,authentication_failed,40,28,12,0.7,0,5.4,0,116416.31,0,7.0372472742148915,0.4016989018906214,456.8320761751092,1137.25,456.8320761751092
1464,txn_008205,cust_01326,1458.63,netbanking,failed,technical_error,8,6,2,0.75,0,12.88,0,40090.66,0,7.285938257927393,0.31313593489030334,456.7494687090432,1458.63,456.7494687090432
1465,txn_007626,cust_01341,2068.41,netbanking,failed,network_error,35,25,10,0.7143,3,2.18,0,104321.51,0,7.635018821477721,0.22077879758809385,456.6610727191892,2068.41,456.6610727191892
1466,txn_009001,cust_01658,2921.56,netbanking,failed,bank_decline,3,3,0,1.0,1,12.07,0,44941.38,0,7.980215223503314,0.1560711785358583,455.9713123632222,2921.56,455.9713123632222
1467,txn_008096,cust_00895,1168.46,card,abandoned,none,27,17,10,0.6296,0,6.64,1,93098.16,0,7.064297382788604,0.39018297450833556,455.9131983940098,1168.46,455.9131983940098
1468,txn_005669,cust_00602,2453.12,netbanking,failed,bank_decline,36,29,7,0.8056,0,11.12,0,108405.15,0,7.805523523830804,0.18551196288207053,455.08310638526484,2453.12,455.08310638526484
1469,txn_007922,cust_01912,1546.71,card,failed,network_error,32,30,2,0.9375,1,13.59,0,17827.68,1,7.344531698098332,0.29400936395460275,454.74722332222365,1546.71,454.74722332222365
1470,txn_002894,cust_02020,770.06,wallet,abandoned,none,12,10,2,0.8333,0,5.36,1,110526.84,1,6.647766191547105,0.5898845227777252,454.24647561021504,770.06,454.24647561021504
1471,txn_006662,cust_01221,2918.46,upi,failed,technical_error,23,14,9,0.6087,1,11.25,0,83402.62,0,7.979153946653539,0.15553027347371381,453.90888192209485,2918.46,453.90888192209485
1472,txn_009620,cust_02338,801.39,card,failed,technical_error,4,3,1,0.75,0,6.95,0,33104.63,0,6.687594773957903,0.5660417181671448,453.62017252196813,801.39,453.62017252196813
1473,txn_007760,cust_01643,2883.79,netbanking,failed,insufficient_funds,21,14,7,0.6667,2,6.25,0,26015.23,0,7.967207385998231,0.1572814084815937,453.5665529651351,2883.79,453.5665529651351
1474,txn_000752,cust_01776,3180.99,card,failed,authentication_failed,25,14,11,0.56,0,10.69,0,127886.34,0,8.065262066215233,0.14258394955388123,453.55811769140064,3180.99,453.55811769140064
1475,txn_009924,cust_01665,677.76,netbanking,abandoned,none,40,37,3,0.925,0,3.25,1,134090.7,1,6.5202676041046255,0.6686329806631091,453.1726889742288,677.76,453.1726889742288
1476,txn_003597,cust_00604,634.84,netbanking,abandoned,none,15,12,3,0.8,0,1.37,1,62658.22,1,6.454946959363452,0.7132339851799683,452.7894631516511,634.84,452.7894631516511
1477,txn_000639,cust_01970,1447.75,netbanking,failed,authentication_failed,31,28,3,0.9032,1,5.66,0,138731.26,0,7.278456394653961,0.31221928245420644,452.01546617307736,1447.75,452.01546617307736
1478,txn_006406,cust_02078,640.72,wallet,abandoned,none,19,16,3,0.8421,0,2.31,1,115025.86,1,6.464152071482875,0.704433786636881,451.3448157739825,640.72,451.3448157739825
1479,txn_000670,cust_01420,1296.62,wallet,abandoned,none,5,2,3,0.4,0,5.77,1,20772.27,0,7.1682870963126515,0.34805111699830027,451.29003932233604,1296.62,451.29003932233604
1480,txn_000067,cust_00550,1434.54,wallet,failed,network_error,35,30,5,0.8571,1,11.94,0,63449.89,0,7.269296364028352,0.3141146137348879,450.6099779872461,1434.54,450.6099779872461
1481,txn_000472,cust_01159,1616.0,netbanking,failed,insufficient_funds,22,20,2,0.9091,3,1.39,0,39341.69,1,7.388327859577107,0.2781935037605961,449.56070207712327,1616.0,449.56070207712327
1482,txn_009372,cust_00602,1390.38,netbanking,failed,authentication_failed,36,29,7,0.8056,1,4.52,0,108405.15,0,7.238051339374447,0.32330685688268457,449.519387672547,1390.38,449.519387672547
1483,txn_009300,cust_00359,1208.2,netbanking,failed,network_error,31,19,12,0.6129,0,10.21,0,72328.42,0,7.097714262905303,0.3715455614118274,448.90134729776986,1208.2,448.90134729776986
1484,txn_006310,cust_01546,2561.84,upi,failed,bank_decline,7,7,0,1.0,1,12.22,0,25491.87,1,7.8488712975718915,0.17452937627993292,447.1163373289834,2561.84,447.1163373289834
1485,txn_001737,cust_00366,2892.34,netbanking,failed,technical_error,37,20,17,0.5405,1,9.01,0,142419.72,0,7.970166823131097,0.15443779826786674,446.68662144208173,2892.34,446.68662144208173
1486,txn_000514,cust_01456,3194.31,upi,failed,technical_error,37,34,3,0.9189,2,12.56,0,63708.67,0,8.069439388708927,0.1396797483311857,446.18041689178983,3194.31,446.18041689178983
1487,txn_007526,cust_01143,690.44,wallet,abandoned,none,19,15,4,0.7895,0,4.21,1,57718.6,0,6.538776379444383,0.645934722580006,445.97916985813936,690.44,445.97916985813936
1488,txn_002992,cust_01960,2360.49,netbanking,failed,network_error,13,10,3,0.7692,1,12.59,0,107801.4,1,7.767048054730551,0.18875766236296068,445.560574431145,2360.49,445.560574431145
1489,txn_004429,cust_02238,1693.83,wallet,failed,authentication_failed,4,4,0,1.0,2,7.28,0,24949.96,1,7.4353377197994215,0.26300154183377594,445.4799016043047,1693.83,445.4799016043047
1490,txn_003266,cust_00453,827.04,netbanking,abandoned,none,35,22,13,0.6286,0,3.81,1,57204.3,0,6.7190614623971525,0.5377597896253203,444.7488564117249,827.04,444.7488564117249
1491,txn_007762,cust_01990,1007.48,netbanking,failed,network_error,23,15,8,0.6522,1,4.49,0,84779.75,1,6.9161995257648,0.439523265714194,442.81089974173614,1007.48,442.81089974173614
1492,txn_004763,cust_00663,2616.35,wallet,failed,network_error,37,21,16,0.5676,3,3.67,0,61259.01,0,7.8699176345123485,0.16919893084138024,442.6836227068452,2616.35,442.6836227068452
1493,txn_001980,cust_01340,6319.77,netbanking,failed,authentication_failed,12,9,3,0.75,3,5.47,0,73513.86,0,8.751596315162606,0.0699131783847155,441.83520736037354,6319.77,441.83520736037354
1494,txn_005166,cust_02216,5794.52,netbanking,failed,bank_decline,13,11,2,0.8462,2,10.3,0,1814.95,0,8.664840484276171,0.07624472052115197,441.80155795422553,5794.52,441.80155795422553
1495,txn_006293,cust_00449,2136.13,wallet,failed,network_error,38,31,7,0.8158,1,12.98,0,149836.45,1,7.667219086412278,0.20676181598267543,441.67011797507246,2136.13,441.67011797507246
1496,txn_008889,cust_00501,845.7,upi,failed,network_error,31,29,2,0.9355,0,12.84,0,16891.34,0,6.741346440648232,0.5220716575692276,441.5160008062958,845.7,441.5160008062958
1497,txn_000359,cust_02419,858.04,upi,failed,bank_decline,35,29,6,0.8286,0,5.16,0,4297.5,1,6.755815486674259,0.5144530176230391,441.4212672412724,858.04,441.4212672412724
1498,txn_000586,cust_00504,1139.43,card,failed,network_error,19,18,1,0.9474,3,3.03,0,4269.0,0,7.039160663251607,0.3871901545896135,441.17607784404333,1139.43,441.17607784404333
1499,txn_007875,cust_00333,933.81,upi,abandoned,none,16,8,8,0.5,0,2.81,1,103900.79,1,6.840343300082881,0.47228527230260603,441.0247101288965,933.81,441.0247101288965
1500,txn_000123,cust_00154,1325.12,card,failed,authentication_failed,7,7,0,1.0,0,11.21,0,140900.57,0,7.190012664388691,0.3325759300968359,440.70301648991915,1325.12,440.70301648991915
1501,txn_004338,cust_01247,1761.27,netbanking,failed,network_error,10,6,4,0.6,1,9.67,0,10426.81,0,7.47435802971712,0.24997816066783238,440.27903503943315,1761.27,440.27903503943315
1502,txn_008841,cust_01409,824.49,wallet,failed,network_error,28,25,3,0.8929,0,12.11,0,31145.41,1,6.715977149416427,0.5336792375979356,440.0131946071219,824.49,440.0131946071219
1503,txn_001168,cust_01786,1270.13,netbanking,failed,bank_decline,18,16,2,0.8889,1,3.58,0,96448.62,0,7.147661547627019,0.34626335114532003,439.79947019020534,1270.13,439.79947019020534
1504,txn_000156,cust_01248,734.1,wallet,failed,network_error,28,21,7,0.75,0,8.2,0,42118.32,0,6.600006544380042,0.5990559137603194,439.7669462914505,734.1,439.7669462914505
1505,txn_003016,cust_00088,1067.75,netbanking,failed,bank_decline,24,20,4,0.8333,1,1.67,0,66276.91,1,6.97424502025097,0.41185202331326176,439.7549978927352,1067.75,439.7549978927352
1506,txn_008331,cust_01312,1166.08,netbanking,failed,technical_error,16,13,3,0.8125,0,11.69,0,77883.09,1,7.062260181779316,0.3769976483551314,439.6094177939516,1166.08,439.6094177939516
1507,txn_009905,cust_00966,1003.33,wallet,failed,network_error,29,29,0,1.0,3,2.6,0,47740.18,1,6.9120759315054725,0.4380660467824103,439.52480671819575,1003.33,439.52480671819575
1508,txn_007554,cust_00863,710.53,card,failed,network_error,16,11,5,0.6875,1,0.14,0,118765.59,0,6.567417581082333,0.6170344349611059,438.42147707291457,710.53,438.42147707291457
1509,txn_005805,cust_01635,536.42,upi,failed,technical_error,1,1,0,1.0,0,1.87,0,142369.43,1,6.286779911715159,0.8168171642864681,438.1570632665472,536.42,438.1570632665472
1510,txn_006252,cust_01030,662.69,wallet,abandoned,none,13,10,3,0.7692,0,4.03,1,27148.74,0,6.497815172990005,0.6608156272005214,437.9159079895136,662.69,437.9159079895136
1511,txn_008099,cust_01316,642.91,upi,abandoned,none,26,20,6,0.7692,0,1.93,1,94834.29,1,6.4675589647854,0.6809332481116667,437.7787945434716,642.91,437.7787945434716
1512,txn_003250,cust_00051,3594.2,upi,failed,bank_decline,9,7,2,0.7778,3,1.34,0,76919.42,0,8.187354901431064,0.12171226002598441,437.45820498539314,3594.2,437.45820498539314
1513,txn_004225,cust_00747,930.46,card,failed,technical_error,37,36,1,0.973,0,10.67,0,147681.53,1,6.836753247627414,0.46994584587112614,437.26581174924803,930.46,437.26581174924803
1514,txn_004815,cust_01919,1120.35,card,failed,authentication_failed,22,20,2,0.9091,0,9.41,0,78345.85,1,7.022288595572298,0.3897756640308914,436.68516519700916,1120.35,436.68516519700916
1515,txn_009352,cust_01189,716.63,wallet,failed,bank_decline,6,5,1,0.8333,0,1.61,0,98406.62,1,6.575954115890806,0.6088319614329187,436.30724852167253,716.63,436.30724852167253
1516,txn_001813,cust_01739,3298.74,wallet,failed,bank_decline,15,15,0,1.0,2,10.1,0,21023.44,0,8.101598956471856,0.13187044104801596,435.0062987027321,3298.74,435.0062987027321
1517,txn_003529,cust_00185,2668.49,netbanking,failed,insufficient_funds,16,14,2,0.875,3,4.66,0,40754.05,0,7.88964272191337,0.16263464429975596,433.9889219674558,2668.49,433.9889219674558
1518,txn_004404,cust_00802,1963.61,wallet,failed,insufficient_funds,30,26,4,0.8667,1,10.24,0,147142.06,1,7.58304903132249,0.22060877185489017,433.1895905019809,1963.61,433.1895905019809
1519,txn_003966,cust_01460,1722.15,wallet,failed,insufficient_funds,5,5,0,1.0,2,9.67,0,3055.22,0,7.451909290196571,0.251536106381967,433.1829056057045,1722.15,433.1829056057045
1520,txn_008837,cust_00802,976.35,netbanking,failed,authentication_failed,30,26,4,0.8667,1,1.85,0,147142.06,1,6.884844827399031,0.4426675292104015,432.1984421445755,976.35,432.1984421445755
1521,txn_000386,cust_02409,612.89,upi,abandoned,none,40,36,4,0.9,0,2.71,1,121328.67,1,6.419815759002847,0.7039998270952396,431.47445402840134,612.89,431.47445402840134
1522,txn_005809,cust_00037,795.39,netbanking,failed,technical_error,21,17,4,0.8095,0,6.9,0,126584.94,1,6.680089015606939,0.541629771934979,430.8069042993629,795.39,430.8069042993629
1523,txn_007964,cust_00969,696.31,wallet,abandoned,none,40,33,7,0.825,0,4.16,1,138157.62,1,6.547230075153819,0.6184864340258854,430.65828887656426,696.31,430.65828887656426
1524,txn_006650,cust_02386,1512.1,upi,failed,technical_error,39,27,12,0.6923,2,4.46,0,69024.97,0,7.321915805457525,0.28479265978276164,430.6349808575138,1512.1,430.6349808575138
1525,txn_006743,cust_02009,8203.83,netbanking,failed,bank_decline,25,21,4,0.84,3,6.9,0,63068.37,0,9.012478284235813,0.05247690521150888,430.5116092813329,8203.83,430.5116092813329
1526,txn_003787,cust_02053,1688.71,card,failed,bank_decline,13,11,2,0.8462,1,6.36,0,48726.6,0,7.432312195559425,0.25461014325573034,429.96269501738436,1688.71,429.96269501738436
1527,txn_002652,cust_00426,3040.47,upi,failed,authentication_failed,4,4,0,1.0,3,6.69,0,31330.18,0,8.020096230157947,0.14098666935846793,428.66573858434094,3040.47,428.66573858434094
1528,txn_002298,cust_00528,2127.68,wallet,failed,insufficient_funds,10,7,3,0.7,0,13.22,0,113368.57,0,7.663257348288848,0.20097902923376412,427.6190609200952,2127.68,427.6190609200952
1529,txn_004895,cust_01118,1980.92,wallet,failed,bank_decline,25,20,5,0.8,1,8.1,0,28397.97,0,7.59182135080589,0.21526675603101667,426.42622235696155,1980.92,426.42622235696155
1530,txn_002060,cust_01353,733.42,wallet,failed,network_error,6,4,2,0.6667,1,2.08,0,85244.27,0,6.599081072050934,0.5814177935620024,426.4234381542438,733.42,426.4234381542438
1531,txn_007961,cust_01841,623.75,upi,abandoned,none,7,5,2,0.7143,0,1.58,1,58149.02,1,6.437351569715061,0.6828121447110236,425.90407526350094,623.75,425.90407526350094
1532,txn_004641,cust_02191,2734.21,card,failed,bank_decline,12,11,1,0.9167,1,10.06,0,93858.55,0,7.913963494358186,0.1552721270997519,424.54660263741266,2734.21,424.54660263741266
1533,txn_009592,cust_02324,1332.48,card,failed,technical_error,26,21,5,0.8077,3,0.85,0,42664.8,0,7.1955473453843615,0.31829301145862393,424.11907190838724,1332.48,424.11907190838724
1534,txn_006280,cust_00926,917.46,netbanking,failed,network_error,31,21,10,0.6774,0,9.58,0,43576.51,0,6.822698354441777,0.4622741687646691,424.1180588748333,917.46,424.1180588748333
1535,txn_009967,cust_02282,804.49,netbanking,failed,technical_error,15,13,2,0.8667,0,8.27,0,120224.05,0,6.69145078789068,0.5267272470464867,423.74680297642806,804.49,423.74680297642806
1536,txn_009686,cust_01759,2227.94,netbanking,failed,authentication_failed,39,23,16,0.5897,0,10.61,0,67469.41,0,7.709281415123172,0.19017348906062803,423.6951232177356,2227.94,423.6951232177356
1537,txn_000921,cust_01035,2299.92,netbanking,failed,authentication_failed,31,22,9,0.7097,0,12.76,0,49216.65,1,7.741064321938568,0.18396061460548493,423.09469674344695,2299.92,423.09469674344695
1538,txn_001694,cust_00897,1191.04,card,failed,authentication_failed,35,21,14,0.6,1,2.12,0,44161.08,1,7.08342140410925,0.35510066553312347,422.93909667657135,1191.04,422.93909667657135
1539,txn_008634,cust_00714,1049.85,wallet,failed,network_error,25,22,3,0.88,1,10.54,0,43337.9,0,6.957354639473421,0.4026579220758063,422.7304194912852,1049.85,422.7304194912852
1540,txn_005608,cust_00475,886.53,card,failed,network_error,16,15,1,0.9375,0,12.29,0,95042.99,1,6.78844232359517,0.47633175125473337,422.2823874398588,886.53,422.2823874398588
1541,txn_005837,cust_00616,1624.28,netbanking,failed,network_error,28,17,11,0.6071,2,3.39,0,130345.73,0,7.39343538761288,0.2595868071472281,421.64165911309965,1624.28,421.64165911309965
1542,txn_008934,cust_01597,574.19,wallet,abandoned,none,31,26,5,0.8387,0,2.08,1,79885.41,1,6.35470042099841,0.7342392657480908,421.59284399989633,574.19,421.59284399989633
1543,txn_001519,cust_00245,1559.81,netbanking,failed,insufficient_funds,36,33,3,0.9167,2,5.65,0,67441.13,0,7.352960196259161,0.2698858293488388,420.97061547661224,1559.81,420.97061547661224
1544,txn_002879,cust_00356,701.33,wallet,abandoned,none,9,8,1,0.8889,0,6.37,1,96042.58,1,6.554403379040337,0.6000203947745419,420.8123034672295,701.33,420.8123034672295
1545,txn_005692,cust_00142,2772.08,wallet,failed,insufficient_funds,20,19,1,0.95,2,11.09,0,69126.46,0,7.927713894820984,0.1514869891291001,419.93405282499583,2772.08,419.93405282499583
1546,txn_000854,cust_01104,849.78,card,failed,technical_error,19,16,3,0.8421,1,5.93,0,35890.07,1,6.746153575762523,0.49400239501834786,419.7933552386916,849.78,419.7933552386916
1547,txn_001997,cust_01089,1156.37,upi,abandoned,none,2,1,1,0.5,0,4.43,1,146795.11,0,7.053905468637916,0.36287845715870526,419.621761504612,1156.37,419.621761504612
1548,txn_004543,cust_00312,1057.17,netbanking,failed,bank_decline,30,24,6,0.8,1,0.93,0,106388.99,0,6.964296280039812,0.3965921951244594,419.2653709197248,1057.17,419.2653709197248
1549,txn_002860,cust_01266,5376.5,card,failed,insufficient_funds,18,16,2,0.8889,3,7.98,0,122657.68,0,8.589978861141885,0.07792732241342445,418.97624895577655,5376.5,418.97624895577655
1550,txn_003233,cust_01109,697.24,netbanking,abandoned,none,34,19,15,0.5588,0,1.76,1,33935.37,1,6.548562883204651,0.6004031874510359,418.6251184183603,697.24,418.6251184183603
1551,txn_007285,cust_01839,2224.7,wallet,failed,authentication_failed,16,15,1,0.9375,3,4.15,0,34713.59,0,7.70782675186359,0.18809374818189847,418.4521615802695,2224.7,418.4521615802695
1552,txn_009173,cust_00277,991.78,upi,abandoned,none,28,15,13,0.5357,0,6.37,1,21219.22,0,6.900509088643164,0.42165182171547594,418.1858437409747,991.78,418.1858437409747
1553,txn_001245,cust_01503,1999.2,netbanking,failed,bank_decline,16,15,1,0.9375,2,4.53,0,63022.23,0,7.6010024545424155,0.20902369311124472,417.88016726800043,1999.2,417.88016726800043
1554,txn_006441,cust_00651,1661.53,netbanking,failed,insufficient_funds,4,3,1,0.75,2,4.76,0,2145.38,1,7.41609581747998,0.2514001721189145,417.70892798074004,1661.53,417.70892798074004
1555,txn_002442,cust_00286,1696.92,card,failed,bank_decline,23,18,5,0.7826,0,10.34,0,34409.1,1,7.43715925150932,0.24550435115225416,416.60124355728317,1696.92,416.60124355728317
1556,txn_002378,cust_01341,778.59,wallet,abandoned,none,35,25,10,0.7143,0,5.31,1,104321.51,0,6.658768140460322,0.5349669583461102,416.51992409869797,778.59,416.51992409869797
1557,txn_007339,cust_00930,648.18,netbanking,abandoned,none,26,23,3,0.8846,0,4.98,1,55524.67,1,6.475710028018628,0.6419528789643124,416.101017087088,648.18,416.101017087088
1558,txn_004263,cust_01835,646.12,netbanking,abandoned,none,24,17,7,0.7083,0,0.75,1,142560.22,1,6.472531748709697,0.6438416188453471,415.99894676835567,646.12,415.99894676835567
1559,txn_004694,cust_00988,998.2,netbanking,failed,network_error,26,18,8,0.6923,1,5.1,0,122938.24,1,6.906954958811368,0.4165743311613683,415.82449736527786,998.2,415.82449736527786
1560,txn_002955,cust_00928,703.09,netbanking,failed,network_error,28,20,8,0.7143,0,7.41,0,20956.31,0,6.556906188896181,0.5911372371389577,415.6226800600298,703.09,415.6226800600298
1561,txn_009335,cust_00571,636.31,upi,failed,bank_decline,10,9,1,0.9,0,0.83,0,118507.92,1,6.4572561933943815,0.6527668644185922,415.36208349819435,636.31,415.36208349819435
1562,txn_006339,cust_00951,486.03,wallet,failed,network_error,33,31,2,0.9394,0,0.96,0,124415.12,1,6.188325722827997,0.8535366070419741,414.84439712061067,486.03,414.84439712061067
1563,txn_007491,cust_02480,651.41,upi,failed,network_error,33,30,3,0.9091,2,0.26,0,57477.49,0,6.480673198649006,0.6366592933225945,414.7262302632713,651.41,414.7262302632713
1564,txn_005216,cust_00583,564.26,wallet,failed,technical_error,24,18,6,0.75,0,2.65,0,77472.46,0,6.337285802288632,0.7340113685805147,414.17325483524127,564.26,414.17325483524127
1565,txn_004351,cust_00410,683.75,card,abandoned,none,32,22,10,0.6875,0,1.59,1,145389.23,0,6.529053808143187,0.6054937826321964,414.00637387476434,683.75,414.00637387476434
1566,txn_006971,cust_00916,4207.63,wallet,failed,authentication_failed,37,28,9,0.7568,3,4.22,0,108448.14,0,8.344892458040297,0.09834537794663557,413.80096260960227,4207.63,413.80096260960227
1567,txn_003399,cust_01542,2010.37,upi,failed,technical_error,21,14,7,0.6667,3,2.33,0,48390.6,0,7.606571360914563,0.20570560337801036,413.5443738630507,2010.37,413.5443738630507
1568,txn_008425,cust_00002,601.07,netbanking,abandoned,none,18,15,3,0.8333,0,3.25,1,37488.89,1,6.400373717618701,0.6879389721386039,413.4994779833507,601.07,413.4994779833507
1569,txn_004320,cust_01831,4766.02,card,failed,authentication_failed,28,19,9,0.6786,1,11.84,0,95389.64,0,8.469476650706827,0.08668651109570728,413.14964561236286,4766.02,413.14964561236286
1570,txn_008927,cust_01239,2789.22,netbanking,failed,technical_error,25,18,7,0.72,2,9.99,0,2838.75,0,7.9338757247532685,0.14751003118888584,411.4379291926641,2789.22,411.4379291926641
1571,txn_009490,cust_02104,1326.11,upi,failed,network_error,16,13,3,0.8125,2,7.59,0,15906.71,0,7.190758924642001,0.31006762310073627,411.1837756701173,1326.11,411.1837756701173
1572,txn_006145,cust_01464,1703.93,wallet,failed,authentication_failed,33,30,3,0.9091,1,9.23,0,115299.39,0,7.441279333156333,0.24131177605505943,411.1783745734974,1703.93,411.1783745734974
1573,txn_007311,cust_00600,516.48,wallet,abandoned,none,28,23,5,0.8214,0,0.79,1,15777.59,0,6.248970877049701,0.7961086711859573,411.1742064941232,516.48,411.1742064941232
1574,txn_004599,cust_01257,667.62,upi,abandoned,none,22,20,2,0.9091,0,6.43,1,66593.22,0,6.505215886790176,0.614709231384934,410.39217705720966,667.62,410.39217705720966
1575,txn_003330,cust_01587,617.19,netbanking,abandoned,none,34,32,2,0.9412,0,5.5,1,38123.02,0,6.42679585357236,0.6642900784088898,409.99319349318273,617.19,409.99319349318273
1576,txn_000144,cust_00700,1002.33,netbanking,failed,technical_error,21,18,3,0.8571,1,7.16,0,91145.87,1,6.911079746810157,0.4082376895797806,409.1888833965015,1002.33,409.1888833965015
1577,txn_007508,cust_00078,707.48,netbanking,abandoned,none,6,4,2,0.6667,0,3.91,1,13762.36,0,6.563121830080218,0.5782861975470462,409.1259190405843,707.48,409.1259190405843
1578,txn_007955,cust_02137,1318.82,wallet,failed,technical_error,26,24,2,0.9231,1,12.16,0,55215.97,0,7.185250642645687,0.31002957285462496,408.87320127213644,1318.82,408.87320127213644
1579,txn_000947,cust_00085,980.45,upi,failed,insufficient_funds,35,26,9,0.7429,1,3.55,0,113534.51,1,6.889031069983857,0.4167156433648474,408.56885253706463,980.45,408.56885253706463
1580,txn_003294,cust_00487,2932.99,upi,failed,bank_decline,6,5,1,0.8333,3,1.25,0,91814.28,1,7.984118550380827,0.13921081887952227,408.30393966545,2932.99,408.30393966545
1581,txn_006576,cust_01893,3592.81,wallet,failed,technical_error,3,2,1,0.6667,3,7.12,0,2441.18,0,8.186968200058464,0.11363771537330472,408.27872017036293,3592.81,408.27872017036293
1582,txn_002954,cust_02472,2999.98,card,failed,bank_decline,21,16,5,0.7619,2,3.93,0,110127.96,0,8.006694180972975,0.13608940288947852,408.26548688037775,2999.98,408.26548688037775
1583,txn_002253,cust_00193,979.14,upi,failed,network_error,18,14,4,0.7778,0,12.47,0,53320.77,0,6.887695418604364,0.41671307822192033,408.02044341021104,979.14,408.02044341021104
1584,txn_006258,cust_00933,654.47,upi,abandoned,none,36,27,9,0.75,0,4.32,1,44001.65,0,6.485352535566043,0.6231075403430895,407.8051919283418,654.47,407.8051919283418
1585,txn_000861,cust_00392,3180.12,netbanking,failed,network_error,11,7,4,0.6364,2,8.54,0,119101.66,0,8.06498861502378,0.12815892076939073,407.56074711715485,3180.12,407.56074711715485
1586,txn_007831,cust_00082,600.15,wallet,abandoned,none,36,25,11,0.6944,0,2.76,1,25603.92,1,6.398844487420918,0.6783283199725099,407.0987412315018,600.15,407.0987412315018
1587,txn_001425,cust_00699,634.96,upi,abandoned,none,37,31,6,0.8378,0,4.14,1,98123.78,1,6.4551356682805086,0.6408743836681872,406.92959865395216,634.96,406.92959865395216
1588,txn_005754,cust_01852,606.11,card,abandoned,none,15,14,1,0.9333,0,4.13,1,109348.16,1,6.408709993751677,0.6711982291323777,406.8199586594255,606.11,406.8199586594255
1589,txn_004785,cust_00904,1696.78,netbanking,failed,technical_error,21,17,4,0.8095,3,1.49,0,129361.28,0,7.437076794283959,0.23948651455843373,406.3559281724592,1696.78,406.3559281724592
1590,txn_003866,cust_01695,566.64,card,abandoned,none,27,24,3,0.8889,0,1.42,1,145635.13,1,6.341487414966337,0.7170359678521732,406.3012608237554,566.64,406.3012608237554
1591,txn_008326,cust_02184,2049.94,upi,failed,insufficient_funds,37,27,10,0.7297,3,0.95,0,96005.78,0,7.626053503622045,0.1980309192144791,405.9515025345293,2049.94,405.9515025345293
1592,txn_008349,cust_01824,516.71,upi,failed,technical_error,32,22,10,0.6875,0,0.11,0,50561.79,1,6.249415239927598,0.7852850458473314,405.76463603977464,516.71,405.76463603977464
1593,txn_006615,cust_00838,752.08,netbanking,failed,insufficient_funds,24,21,3,0.875,0,7.43,0,54960.44,0,6.624171463856511,0.5383350070328431,404.87099208926065,752.08,404.87099208926065
1594,txn_006943,cust_02418,1360.92,upi,failed,authentication_failed,2,2,0,1.0,3,1.77,0,23670.25,0,7.216650747833116,0.29744574292094267,404.79986045596934,1360.92,404.79986045596934
1595,txn_003490,cust_01042,872.05,netbanking,failed,technical_error,4,3,1,0.75,0,8.31,0,100500.13,0,6.771992827968137,0.463499939571162,404.1951223030318,872.05,404.1951223030318
1596,txn_004535,cust_02087,8860.05,wallet,failed,network_error,36,24,12,0.6667,3,13.53,0,22064.71,0,9.089420546735367,0.04561637346890706,404.16334975318995,8860.05,404.16334975318995
1597,txn_009596,cust_01655,648.93,upi,abandoned,none,37,32,5,0.8649,0,5.08,1,97994.46,0,6.476864664782758,0.6205805712731507,402.71335011628565,648.93,402.71335011628565
1598,txn_000228,cust_00079,522.86,wallet,failed,technical_error,32,30,2,0.9375,0,3.47,0,122587.46,1,6.261224473050771,0.7690378382707669,402.0991241182532,522.86,402.0991241182532
1599,txn_008767,cust_01357,3352.66,card,failed,technical_error,30,12,18,0.4,3,0.97,0,85281.92,0,8.117807565747997,0.11981158485047358,401.68750806478874,3352.66,401.68750806478874
1600,txn_002852,cust_01255,7568.56,upi,failed,bank_decline,26,23,3,0.8846,3,8.38,0,50500.37,0,8.931890220567846,0.05299229389291143,401.07535586613375,7568.56,401.07535586613375
1601,txn_002454,cust_00745,599.28,wallet,abandoned,none,31,29,2,0.9355,0,4.55,1,135692.18,1,6.397396213027789,0.6688047470239227,400.80130879649636,599.28,400.80130879649636
1602,txn_006854,cust_00063,751.78,wallet,failed,technical_error,28,21,7,0.75,2,0.43,0,24565.51,1,6.623773020436845,0.5326285479263937,400.4194897601042,751.78,400.4194897601042
1603,txn_004799,cust_02224,3183.39,netbanking,failed,insufficient_funds,24,21,3,0.875,2,9.84,0,92170.22,0,8.066016026900487,0.12562275917204477,399.9062353206956,3183.39,399.9062353206956
1604,txn_006078,cust_01284,1406.06,card,failed,insufficient_funds,35,29,6,0.8286,0,12.5,0,89479.17,1,7.249257700128403,0.2841401984313209,399.518167406343,1406.06,399.518167406343
1605,txn_001854,cust_01337,5579.4,card,failed,network_error,10,8,2,0.8,3,11.04,0,77112.91,0,8.627015737393952,0.071604450850431,399.5098730748947,5579.4,399.5098730748947
1606,txn_005155,cust_02335,650.15,netbanking,abandoned,none,20,15,5,0.75,0,4.04,1,38395.13,0,6.478740030413713,0.6143890411134154,399.445035079887,650.15,399.445035079887
1607,txn_000330,cust_00315,1625.07,card,failed,bank_decline,18,13,5,0.7222,0,8.42,0,92770.94,1,7.393921339611617,0.2456497233447749,399.19799591589333,1625.07,399.19799591589333
1608,txn_004476,cust_00789,871.68,upi,failed,authentication_failed,6,4,2,0.6667,0,4.55,0,78999.2,0,6.771568936523823,0.45596960334854464,397.45958384685935,871.68,397.45958384685935
1609,txn_002677,cust_02412,484.5,netbanking,failed,insufficient_funds,27,25,2,0.9259,0,0.15,0,29012.09,1,6.18517928773138,0.8196506694382838,397.1207493428485,484.5,397.1207493428485
1610,txn_007247,cust_01543,1873.75,upi,failed,insufficient_funds,18,15,3,0.8333,3,3.03,0,35808.07,0,7.536230596181499,0.21172849068642863,396.72625942369564,1873.75,396.72625942369564
1611,txn_007799,cust_00244,1138.64,netbanking,failed,network_error,33,20,13,0.6061,2,2.37,0,64584.37,0,7.038467702042862,0.34804174783743197,396.2942557576136,1138.64,396.2942557576136
1612,txn_003784,cust_02176,538.31,netbanking,abandoned,none,27,22,5,0.8148,0,2.17,1,4344.46,0,6.290290544726434,0.7360802746916099,396.2393726692405,538.31,396.2393726692405
1613,txn_006552,cust_01671,2511.93,netbanking,failed,technical_error,36,27,9,0.75,1,12.64,0,108583.68,0,7.829204682002427,0.15756323425734406,395.78781502805026,2511.93,395.78781502805026
1614,txn_003190,cust_01641,2569.19,upi,failed,technical_error,32,17,15,0.5312,3,2.96,0,21955.86,0,7.85173510511767,0.15392605553231423,395.4652826130664,2569.19,395.4652826130664
1615,txn_004554,cust_01304,2081.66,card,failed,authentication_failed,14,12,2,0.8571,2,5.68,0,78646.11,1,7.641401201821961,0.18969355306782096,394.87748167916016,2081.66,394.87748167916016
1616,txn_000293,cust_01256,4540.46,card,failed,bank_decline,40,36,4,0.9,3,5.27,0,57603.6,0,8.421003825240813,0.08695042769871068,394.79493894888793,4540.46,394.79493894888793
1617,txn_000353,cust_02031,474.52,netbanking,failed,technical_error,5,5,0,1.0,0,1.24,0,117820.69,1,6.16440894208934,0.8319126703612858,394.7592003398373,474.52,394.7592003398373
1618,txn_006937,cust_01858,2141.6,card,failed,network_error,40,36,4,0.9,3,8.1,0,8239.46,0,7.669775323828458,0.18415861554493543,394.3940910510337,2141.6,394.3940910510337
1619,txn_001839,cust_01652,1864.09,wallet,failed,authentication_failed,25,22,3,0.88,3,2.22,0,53333.44,0,7.53106458828622,0.21154126033120282,394.3319479707919,1864.09,394.3319479707919
1620,txn_000311,cust_01440,710.92,netbanking,abandoned,none,25,20,5,0.8,0,6.13,1,53378.81,1,6.567965545548606,0.552666738159197,392.9018374921363,710.92,392.9018374921363
1621,txn_007595,cust_02288,1636.78,wallet,failed,authentication_failed,12,11,1,0.9167,1,10.3,0,72006.76,0,7.401096945258291,0.24002464459680256,392.8675377831545,1636.78,392.8675377831545
1622,txn_003218,cust_01858,6203.73,netbanking,failed,insufficient_funds,40,36,4,0.9,3,11.3,0,8239.46,0,8.733067183396248,0.06331397133777798,392.7827834073134,6203.73,392.7827834073134
1623,txn_000675,cust_00770,1088.37,wallet,failed,authentication_failed,31,28,3,0.9032,1,6.2,0,104714.73,0,6.99335482647603,0.36087738040028117,392.768114506254,1088.37,392.768114506254
1624,txn_007196,cust_01247,3266.06,upi,failed,authentication_failed,10,6,4,0.6,3,1.78,0,10426.81,0,8.091645776905338,0.12023083513228507,392.68112139215094,3266.06,392.68112139215094
1625,txn_000109,cust_00484,2436.1,card,failed,authentication_failed,16,12,4,0.75,3,0.73,0,80143.78,0,7.7985640868416,0.16094445329002935,392.0767826598405,2436.1,392.0767826598405
1626,txn_008290,cust_00326,4312.27,netbanking,failed,technical_error,23,18,5,0.7826,3,7.48,0,119877.02,0,8.36945159612597,0.09078934435615525,391.50816598671764,4312.27,391.50816598671764
1627,txn_009734,cust_00997,504.33,upi,abandoned,none,38,36,2,0.9474,0,2.65,1,36653.03,1,6.225211681206383,0.7762705761927173,391.49653969127314,504.33,391.49653969127314
1628,txn_008580,cust_02380,1440.08,netbanking,failed,insufficient_funds,23,22,1,0.9565,0,13.98,0,129194.95,1,7.273148111460592,0.2716058888664637,391.13420843881704,1440.08,391.13420843881704
1629,txn_006398,cust_01727,495.66,card,abandoned,none,32,29,3,0.9062,0,0.33,1,86231.46,0,6.2079056873625165,0.788252745778831,390.7053559727354,495.66,390.7053559727354
1630,txn_000187,cust_00223,632.8,netbanking,failed,insufficient_funds,11,8,3,0.7273,0,2.43,0,99168.76,1,6.45173344725682,0.6167220659210441,390.2617233148367,632.8,390.2617233148367
1631,txn_005414,cust_00225,2066.75,netbanking,failed,authentication_failed,40,30,10,0.75,0,13.36,0,50943.05,0,7.634216338572016,0.1883907567702488,389.35659655491173,2066.75,389.35659655491173
1632,txn_001857,cust_02308,505.33,wallet,failed,network_error,28,26,2,0.9286,0,5.44,0,72269.69,1,6.227188630627521,0.7701908069577847,389.20052047997734,505.33,389.20052047997734
1633,txn_003470,cust_00236,1871.45,wallet,failed,technical_error,7,6,1,0.8571,3,4.45,0,116984.64,0,7.53500301276517,0.20754467373412455,388.4094796597274,1871.45,388.4094796597274
1634,txn_007883,cust_01896,1292.5,card,failed,insufficient_funds,29,25,4,0.8621,2,2.93,0,143308.28,0,7.165107001626084,0.30034270547420755,388.19294682541323,1292.5,388.19294682541323
1635,txn_007943,cust_01485,3737.51,netbanking,failed,bank_decline,18,17,1,0.9444,1,12.69,0,110207.44,0,8.226442415305993,0.10369477928484819,387.560274524913,3737.51,387.560274524913
1636,txn_001287,cust_00988,1512.11,wallet,failed,authentication_failed,26,18,8,0.6923,2,1.21,0,122938.24,0,7.321922414384202,0.25615687817412214,387.3373770558718,1512.11,387.3373770558718
1637,txn_001051,cust_00469,8556.39,card,failed,insufficient_funds,26,19,7,0.7308,2,13.55,0,97825.66,0,9.054550516100281,0.04526355645908076,387.29264185091404,8556.39,387.29264185091404
1638,txn_004605,cust_02045,704.97,netbanking,abandoned,none,16,11,5,0.6875,0,2.87,1,143875.63,0,6.559572743672545,0.548734388481947,386.8412818481182,704.97,386.8412818481182
1639,txn_003277,cust_01108,495.72,wallet,abandoned,none,10,9,1,0.9,0,0.37,1,147868.64,1,6.208026487056637,0.7800866462203212,386.7045522643376,495.72,386.7045522643376
1640,txn_003817,cust_01949,1312.15,wallet,failed,technical_error,8,6,2,0.75,3,1.98,0,15518.12,1,7.180184109971104,0.2942651775287025,386.12005269428704,1312.15,386.12005269428704
1641,txn_001809,cust_00166,717.78,netbanking,failed,authentication_failed,17,13,4,0.7647,0,4.73,0,25075.71,1,6.5775553303709415,0.537729863824843,385.9717416561958,717.78,385.9717416561958
1642,txn_001182,cust_00559,3994.32,card,failed,bank_decline,23,19,4,0.8261,2,8.83,0,10021.96,0,8.292878955117688,0.09659161010886602,385.81780009004575,3994.32,385.81780009004575
1643,txn_001817,cust_00631,737.63,card,failed,insufficient_funds,23,22,1,0.9565,0,10.15,0,1909.76,0,6.60479711897784,0.5228166956815843,385.645279235607,737.63,385.645279235607
1644,txn_009649,cust_00803,818.22,wallet,failed,technical_error,31,29,2,0.9355,1,7.77,0,95128.64,0,6.708352668049725,0.4712312180993866,385.57080727328014,818.22,385.57080727328014
1645,txn_000802,cust_01364,579.04,card,abandoned,none,28,25,3,0.8929,0,5.39,1,16260.05,1,6.363097066679694,0.6650709436132536,385.10267918981833,579.04,385.10267918981833
1646,txn_000972,cust_02367,1155.04,card,failed,bank_decline,6,5,1,0.8333,2,0.14,0,32375.15,0,7.052755650709809,0.3332997892799658,384.9745886099317,1155.04,384.9745886099317
1647,txn_008053,cust_00076,1476.32,wallet,failed,network_error,20,13,7,0.65,2,6.64,0,36678.39,0,7.2979849144475235,0.2604796694933909,384.55134566648286,1476.32,384.55134566648286
1648,txn_008462,cust_00020,533.95,card,abandoned,none,25,20,5,0.8,0,2.48,1,12741.23,1,6.282173284584616,0.7193146505204296,384.07805764538347,533.95,384.07805764538347
1649,txn_009249,cust_01988,1743.13,upi,failed,insufficient_funds,12,9,3,0.75,1,9.48,0,76080.12,1,7.464011142975266,0.22021171331118955,383.85764382413385,1743.13,383.85764382413385
1650,txn_006535,cust_01421,610.69,card,failed,technical_error,15,14,1,0.9333,0,7.79,0,78397.19,1,6.416225618231942,0.6277353719747756,383.3517143112757,610.69,383.3517143112757
1651,txn_008560,cust_02001,1783.38,upi,failed,bank_decline,19,15,4,0.7895,2,3.3,0,31396.13,1,7.486826294942025,0.2147770505853337,383.0290964728724,1783.38,383.0290964728724
1652,txn_005688,cust_01226,1841.57,netbanking,failed,technical_error,5,3,2,0.6,3,1.2,0,13223.66,0,7.518916615200706,0.207983564941855,383.01629368997186,1841.57,383.01629368997186
1653,txn_006757,cust_00950,1401.38,netbanking,failed,network_error,20,17,3,0.85,1,11.84,0,89464.97,0,7.245926072238931,0.27236167460163246,381.68220355323575,1401.38,381.68220355323575
1654,txn_004298,cust_00558,2932.53,netbanking,failed,authentication_failed,24,18,6,0.75,3,2.03,0,82125.41,0,7.9839617550052875,0.13009716624984508,381.5138429426582,2932.53,381.5138429426582
1655,txn_006914,cust_01202,2179.12,upi,failed,authentication_failed,37,31,6,0.8378,2,6.07,0,99058.28,0,7.687135200139726,0.17503499468232092,381.42225761213916,2179.12,381.42225761213916
1656,txn_006371,cust_01180,808.5,card,failed,authentication_failed,12,11,1,0.9167,1,4.59,0,16945.45,0,6.69641677311769,0.471184985850858,380.9530610604187,808.5,380.9530610604187
1657,txn_006532,cust_01736,2080.8,card,failed,technical_error,20,18,2,0.9,2,10.74,0,47331.45,0,7.640988183081368,0.18292360040675104,380.6274277263676,2080.8,380.6274277263676
1658,txn_006601,cust_01033,1606.04,netbanking,failed,bank_decline,26,21,5,0.8077,2,1.16,0,100719.12,1,7.382149256529165,0.23694214239981662,380.5385583798015,1606.04,380.5385583798015
1659,txn_003100,cust_02131,3351.99,upi,failed,insufficient_funds,35,22,13,0.6286,1,12.26,0,71343.49,0,8.117607764057963,0.11350865787395284,380.4798861069112,3351.99,380.4798861069112
1660,txn_005925,cust_00839,884.88,card,failed,technical_error,37,27,10,0.7297,0,10.93,0,5825.41,1,6.786581501251645,0.42997017570566914,380.4720090784325,884.88,380.4720090784325
1661,txn_007048,cust_01012,3876.28,wallet,failed,bank_decline,3,2,1,0.6667,3,0.35,0,137071.23,1,8.262889155852404,0.09812182966982243,380.3476859125393,3876.28,380.3476859125393
1662,txn_001703,cust_01787,480.45,upi,abandoned,none,18,16,2,0.8889,0,1.28,1,39910.89,1,6.176802383686293,0.7914621707218886,380.2579999233314,480.45,380.2579999233314
1663,txn_006353,cust_01738,528.31,wallet,abandoned,none,7,6,1,0.8571,0,1.81,1,145902.0,0,6.271574271562859,0.7196758276095483,380.21193648440044,528.31,380.21193648440044
1664,txn_001025,cust_02328,644.49,upi,abandoned,none,16,13,3,0.8125,0,5.44,1,83745.67,1,6.470009718299927,0.5888804986829603,379.5275925961811,644.49,379.5275925961811
1665,txn_002249,cust_01271,833.76,card,failed,authentication_failed,30,29,1,0.9667,0,7.78,0,141503.26,1,6.727144258386629,0.4551936364143847,379.52224629685736,833.76,379.52224629685736
1666,txn_000901,cust_01152,2407.27,upi,failed,bank_decline,15,15,0,1.0,3,2.86,0,111446.6,0,7.786663926388881,0.15748040841134633,379.0978627563817,2407.27,379.0978627563817
1667,txn_006314,cust_01789,5595.57,card,failed,network_error,34,25,9,0.7353,3,9.94,0,115055.68,0,8.629909189068487,0.06767176910256732,378.66212103725263,5595.57,378.66212103725263
1668,txn_005256,cust_02372,4645.0,netbanking,failed,technical_error,34,22,12,0.6471,3,6.4,0,114984.46,0,8.443761913330354,0.0810267392814311,376.36920396224747,4645.0,376.36920396224747
1669,txn_002685,cust_02423,629.12,netbanking,failed,authentication_failed,10,10,0,1.0,0,7.37,0,3194.0,1,6.445910277437768,0.5977551495041246,376.0597196560349,629.12,376.0597196560349
1670,txn_002562,cust_00707,511.44,upi,failed,network_error,34,31,3,0.9118,0,5.92,0,78889.46,1,6.239183630988233,0.7347469029712056,375.77895605559337,511.44,375.77895605559337
1671,txn_007752,cust_00329,2717.24,netbanking,failed,network_error,18,15,3,0.8333,3,7.61,0,83812.86,0,7.9077398910336045,0.13825478950133288,375.6714442246017,2717.24,375.6714442246017
1672,txn_002521,cust_02274,486.8,upi,failed,technical_error,29,23,6,0.7931,0,0.64,0,144942.26,1,6.18990548578182,0.7702424849753989,374.9540416860242,486.8,374.9540416860242
1673,txn_003508,cust_01075,3171.98,netbanking,failed,insufficient_funds,5,3,2,0.6,2,6.08,0,81633.36,0,8.062426488380224,0.11803097265921038,374.39188465556214,3171.98,374.39188465556214
1674,txn_005065,cust_01241,1077.45,wallet,failed,technical_error,6,4,2,0.6667,0,10.72,0,109001.73,0,6.983280104068383,0.34656028940111766,373.4013838152342,1077.45,373.4013838152342
1675,txn_009810,cust_00673,1358.43,wallet,failed,network_error,15,12,3,0.8,2,8.3,0,50627.22,1,7.2148207732286895,0.2748478558485352,373.3615728203257,1358.43,373.3615728203257
1676,txn_008134,cust_01021,491.81,upi,abandoned,none,22,17,5,0.7727,0,0.71,1,43399.69,1,6.200123704221218,0.7582658338592092,372.9227197502977,491.81,372.9227197502977
1677,txn_005348,cust_01170,818.8,wallet,failed,authentication_failed,10,10,0,1.0,1,7.43,0,2362.08,0,6.709060408070237,0.4552586891265401,372.765814656811,818.8,372.765814656811
1678,txn_003771,cust_01659,6312.45,card,failed,network_error,21,16,5,0.7619,3,12.37,0,39908.03,0,8.750437557309876,0.058932632118530406,372.00929361661724,6312.45,372.00929361661724
1679,txn_009404,cust_01986,3214.19,upi,failed,bank_decline,19,12,7,0.6316,2,3.62,0,103305.08,0,8.07564173290373,0.1156999967592309,371.8817725835524,3214.19,371.8817725835524
1680,txn_006770,cust_01587,2394.96,card,failed,technical_error,34,32,2,0.9412,2,12.56,0,38123.02,0,7.7815392646051675,0.15523026294990688,371.770270554509,2394.96,371.770270554509
1681,txn_005212,cust_01996,460.92,netbanking,abandoned,none,25,24,1,0.96,0,1.59,1,22653.68,1,6.135391715914625,0.8053223947762624,371.1891982002749,460.92,371.1891982002749
1682,txn_005319,cust_02000,743.46,upi,failed,authentication_failed,4,3,1,0.75,0,4.53,0,103898.63,0,6.612659123346917,0.4991786564203872,371.11936390230113,743.46,371.11936390230113
1683,txn_008967,cust_01219,550.53,upi,abandoned,none,18,15,3,0.8333,0,2.94,1,117748.67,1,6.31269623431291,0.6739229442298351,371.01479848685113,550.53,371.01479848685113
1684,txn_004514,cust_00556,1640.46,netbanking,failed,technical_error,29,22,7,0.7586,3,1.1,0,142632.72,0,7.403341368688606,0.22611857636394553,370.93847978199807,1640.46,370.93847978199807
1685,txn_002212,cust_00643,2969.59,card,failed,bank_decline,28,25,3,0.8929,1,11.6,0,73363.59,0,7.996515865266464,0.1247723193500042,370.522631818579,2969.59,370.522631818579
1686,txn_007533,cust_01956,4439.52,wallet,failed,technical_error,27,25,2,0.9259,3,12.96,0,16937.26,0,8.398526765685714,0.08341089581315514,370.30434018041854,4439.52,370.30434018041854
1687,txn_001376,cust_01896,714.56,card,abandoned,none,29,25,4,0.8621,0,6.5,1,143308.28,0,6.573065452923014,0.5177947204973363,369.9953954785766,714.56,369.9953954785766
1688,txn_004722,cust_01446,873.69,card,failed,authentication_failed,2,2,0,1.0,1,5.22,0,127335.92,0,6.773869537869318,0.4232315096448997,369.7731376616524,873.69,369.7731376616524
1689,txn_007202,cust_01494,1111.97,card,failed,network_error,11,9,2,0.8182,3,2.07,0,39012.3,0,7.014787396734377,0.33253469514768624,369.7686049633727,1111.97,369.7686049633727
1690,txn_009494,cust_02456,475.24,card,abandoned,none,32,31,1,0.9688,0,3.0,1,14618.83,1,6.165921928845135,0.7776363425108647,369.56389541486334,475.24,369.56389541486334
1691,txn_006452,cust_02057,6866.22,wallet,failed,technical_error,5,4,1,0.8,3,13.2,0,32406.44,0,8.834514645387237,0.05377001665622895,369.1967637653324,6866.22,369.1967637653324
1692,txn_009175,cust_01836,642.61,netbanking,abandoned,none,21,19,2,0.9048,0,6.2,1,113770.31,1,6.467092952598516,0.5745002435003175,369.17960147573905,642.61,369.17960147573905
1693,txn_008764,cust_01065,841.09,wallet,failed,network_error,33,27,6,0.8182,1,8.58,0,67376.92,0,6.735886896891218,0.43884025581473035,369.1041507632116,841.09,369.1041507632116
1694,txn_005266,cust_01368,2999.89,card,failed,authentication_failed,6,5,1,0.8333,2,8.37,0,66421.42,0,8.006664190320059,0.12302212361281573,369.05283840484975,2999.89,369.05283840484975
1695,txn_004215,cust_02003,2177.47,card,failed,insufficient_funds,29,27,2,0.931,2,10.37,0,16269.52,0,7.686378074519367,0.16924379899809516,368.52329500438225,2177.47,368.52329500438225
1696,txn_007706,cust_01515,603.21,card,failed,technical_error,40,27,13,0.675,0,5.32,0,37145.02,1,6.403921819626598,0.6105208354815564,368.2722731708297,603.21,368.2722731708297
1697,txn_005381,cust_00691,873.04,netbanking,failed,network_error,33,20,13,0.6061,0,10.34,0,12054.41,1,6.773126141198666,0.42161405707538996,368.08593638909844,873.04,368.08593638909844
1698,txn_006156,cust_00439,1751.82,netbanking,failed,network_error,31,27,4,0.871,2,8.72,0,147056.45,0,7.468981198531084,0.21009911223380326,368.0558267934212,1751.82,368.0558267934212
1699,txn_005345,cust_01682,625.2,card,abandoned,none,6,5,1,0.8333,0,5.59,1,71562.03,0,6.4396698088923054,0.5885816741180382,367.98126265859753,625.2,367.98126265859753
1700,txn_001280,cust_01283,547.57,netbanking,abandoned,none,24,20,4,0.8333,0,2.71,1,105543.51,1,6.307314892356402,0.6719061787831426,367.91566631628547,547.57,367.91566631628547
1701,txn_000446,cust_01629,1155.38,card,failed,authentication_failed,12,10,2,0.8333,2,1.12,0,106370.26,0,7.053049714939015,0.31834920068866646,367.8142994916715,1155.38,367.8142994916715
1702,txn_002351,cust_01287,1152.66,netbanking,failed,bank_decline,23,19,4,0.8261,1,4.89,0,25784.44,0,7.050694776273855,0.3185980267237541,367.2352014834024,1152.66,367.2352014834024
1703,txn_009852,cust_00763,1083.72,card,failed,authentication_failed,27,19,8,0.7037,1,4.79,0,8935.28,0,6.989077168154053,0.33880770975248525,367.17269121296334,1083.72,367.17269121296334
1704,txn_006652,cust_00592,505.19,card,failed,insufficient_funds,29,26,3,0.8966,0,3.68,0,11950.12,0,6.226912092878356,0.7266776638490395,367.1102889998963,505.19,367.1102889998963
1705,txn_003918,cust_01462,1853.26,wallet,failed,network_error,4,3,1,0.75,2,8.2,0,142353.32,1,7.525240973618169,0.19805372281923567,367.0450423519767,1853.26,367.0450423519767
1706,txn_009354,cust_01303,512.58,netbanking,failed,network_error,22,13,9,0.5909,0,1.4,0,68844.56,1,6.24140581080757,0.716024699446277,367.0199404421727,512.58,367.0199404421727
1707,txn_007496,cust_01481,733.2,upi,abandoned,none,11,8,3,0.7273,0,6.46,1,74965.53,0,6.598781471062734,0.49980378982966495,366.45613870311035,733.2,366.45613870311035
1708,txn_001630,cust_01655,731.95,netbanking,failed,insufficient_funds,37,32,5,0.8649,1,3.24,0,97994.46,1,6.59707748673604,0.5002746721552235,366.17604628401585,731.95,366.17604628401585
1709,txn_001016,cust_01844,1764.57,netbanking,failed,insufficient_funds,20,12,8,0.6,0,10.4,0,142321.04,1,7.476228863407143,0.207361991782753,365.90474984009245,1764.57,365.90474984009245
1710,txn_002772,cust_01878,2007.16,wallet,failed,bank_decline,14,12,2,0.8571,2,4.66,0,103542.38,0,7.604974158912136,0.1820554664767495,365.41445009347257,2007.16,365.41445009347257
1711,txn_005154,cust_01025,1287.36,netbanking,failed,insufficient_funds,8,7,1,0.875,0,13.96,0,50271.93,1,7.161125370716173,0.28338533536811367,364.8189453394948,1287.36,364.8189453394948
1712,txn_005148,cust_01508,604.63,netbanking,abandoned,none,34,32,2,0.9412,0,5.4,1,147230.67,0,6.406269238544903,0.6027798531600741,364.4587826161756,604.63,364.4587826161756
1713,txn_006332,cust_00035,9358.58,netbanking,failed,bank_decline,25,13,12,0.52,3,4.42,0,41222.23,0,9.144155696669996,0.03892336181301781,364.26739539607223,9358.58,364.26739539607223
1714,txn_008317,cust_00192,1130.39,upi,failed,authentication_failed,18,15,3,0.8333,2,1.07,0,129788.59,0,7.03120224426296,0.32195273519572276,363.93215233789306,1130.39,363.93215233789306
1715,txn_009991,cust_01397,1492.89,upi,failed,technical_error,30,25,5,0.8333,2,7.41,0,95591.24,0,7.309138735137387,0.24356803712955813,363.62028695034604,1492.89,363.62028695034604
1716,txn_003533,cust_01261,1497.85,netbanking,failed,insufficient_funds,13,12,1,0.9231,3,2.44,0,72372.45,1,7.312453426384449,0.24248394413877108,363.20457572825825,1497.85,363.20457572825825
1717,txn_004643,cust_00171,1359.15,wallet,failed,technical_error,24,18,6,0.75,2,6.04,0,87793.93,0,7.215350266765796,0.2664482201146353,362.1430983688066,1359.15,362.1430983688066
1718,txn_009161,cust_01211,2184.99,upi,failed,network_error,9,7,2,0.7778,3,5.54,0,118784.21,0,7.689824094160604,0.16564612940293544,361.9351362841199,2184.99,361.9351362841199
1719,txn_006099,cust_00088,932.62,wallet,failed,insufficient_funds,24,20,4,0.8333,2,2.61,0,66276.91,0,6.839069503193617,0.3879677865142986,361.8265170589651,932.62,361.8265170589651
1720,txn_005101,cust_02276,998.24,netbanking,failed,bank_decline,16,14,2,0.875,1,2.99,0,113863.52,0,6.906994990035728,0.3623005054951975,361.6628566055259,998.24,361.6628566055259
1721,txn_008662,cust_00619,6576.27,netbanking,failed,bank_decline,7,7,0,1.0,3,9.06,0,87109.86,0,8.791375044610172,0.05497861094419783,361.55418979399985,6576.27,361.55418979399985
1722,txn_003388,cust_00064,574.5,netbanking,failed,insufficient_funds,1,1,0,1.0,1,1.5,0,143118.57,0,6.355239228161937,0.6292525843032171,361.5056096821982,574.5,361.5056096821982
1723,txn_009841,cust_00315,781.34,upi,failed,insufficient_funds,18,13,5,0.7222,1,2.6,0,92770.94,1,6.662289428663436,0.4622357309117574,361.16326599059255,781.34,361.16326599059255
1724,txn_002541,cust_01915,725.14,upi,failed,insufficient_funds,21,19,2,0.9048,0,10.51,0,2841.67,1,6.587742833699607,0.4974691313634868,360.73476591691883,725.14,360.73476591691883
1725,txn_008109,cust_01973,564.36,upi,failed,technical_error,9,9,0,1.0,1,5.86,0,16429.54,1,6.337462696382599,0.6391023504565645,360.68380250366675,564.36,360.68380250366675
1726,txn_009047,cust_02378,523.33,upi,abandoned,none,9,8,1,0.8889,0,4.22,1,79484.61,0,6.262121257090876,0.6853069107446054,358.6416655999744,523.33,358.6416655999744
1727,txn_005374,cust_02051,4668.49,card,failed,insufficient_funds,33,29,4,0.8788,3,9.14,0,67387.98,0,8.448805136990568,0.07672059624099305,358.1693363451136,4668.49,358.1693363451136
1728,txn_004219,cust_01780,4466.98,netbanking,failed,authentication_failed,26,21,5,0.8077,3,5.75,0,88088.59,0,8.404691683903334,0.08015003932699329,358.0286226728924,4466.98,358.0286226728924
1729,txn_000512,cust_02063,800.6,upi,failed,network_error,10,9,1,0.9,3,1.68,0,4539.19,1,6.6866097303306,0.44692268144195835,357.8062987624319,800.6,357.8062987624319
1730,txn_005604,cust_01974,2422.02,card,failed,insufficient_funds,39,23,16,0.5897,0,13.88,0,91317.96,0,7.792769975012753,0.14689819577761343,355.7903681372953,2422.02,355.7903681372953
1731,txn_001987,cust_00772,1119.06,card,failed,network_error,31,23,8,0.7419,1,9.65,0,67841.62,1,7.021137534282814,0.31791584558452257,355.7669061598158,1119.06,355.7669061598158
1732,txn_000185,cust_00632,3381.84,wallet,failed,authentication_failed,10,7,3,0.7,3,3.41,0,85381.84,0,8.126470872362221,0.1051691925360707,355.66538208618533,3381.84,355.66538208618533
1733,txn_001719,cust_01056,830.9,upi,failed,insufficient_funds,34,29,5,0.8529,0,9.59,0,105861.15,1,6.723712241289842,0.42731364996730126,355.0549117578306,830.9,355.0549117578306
1734,txn_007293,cust_01799,563.52,card,failed,insufficient_funds,15,14,1,0.9333,1,1.15,0,103261.4,1,6.335975812545806,0.6300494810280532,355.04548354892853,563.52,355.04548354892853
1735,txn_006502,cust_00166,492.48,netbanking,abandoned,none,17,13,4,0.7647,0,1.7,1,25075.71,1,6.201482331203264,0.7200521585956129,354.61128706516746,492.48,354.61128706516746
1736,txn_009953,cust_00912,540.36,netbanking,failed,authentication_failed,4,3,1,0.75,0,1.19,0,44241.59,1,6.29408449192397,0.6561868068362026,354.5771029420104,540.36,354.5771029420104
1737,txn_002637,cust_00692,697.22,netbanking,abandoned,none,30,23,7,0.7667,0,6.64,1,68335.17,1,6.54853423934804,0.5083278229379211,354.4163247087774,697.22,354.4163247087774
1738,txn_007598,cust_02040,576.23,wallet,failed,insufficient_funds,40,29,11,0.725,0,4.19,0,80044.34,1,6.358240800601035,0.6128458637876697,353.14017209036894,576.23,353.14017209036894
1739,txn_002663,cust_02451,1068.73,wallet,failed,bank_decline,1,1,0,1.0,2,1.94,0,145356.4,1,6.975161559165155,0.3300107215848084,352.69235847933226,1068.73,352.69235847933226
1740,txn_009039,cust_00020,853.75,netbanking,failed,network_error,25,20,5,0.8,1,9.02,0,12741.23,1,6.75080902851941,0.4127312229274963,352.36928157435,853.75,352.36928157435
1741,txn_001188,cust_00963,577.62,netbanking,failed,authentication_failed,25,24,1,0.96,0,6.11,0,23018.58,0,6.3606459581389,0.6090553128384473,351.8025298017439,577.62,351.8025298017439
1742,txn_001407,cust_00628,1036.19,card,failed,bank_decline,18,11,7,0.6111,0,5.93,0,5314.02,0,6.944270412275957,0.33941403454805547,351.69742845834963,1036.19,351.69742845834963
1743,txn_004888,cust_00218,766.89,upi,failed,network_error,14,12,2,0.8571,0,12.78,0,65053.33,0,6.643646493722729,0.45695556915326724,350.4346564279491,766.89,350.4346564279491
1744,txn_001923,cust_02209,858.6,card,failed,network_error,31,27,4,0.871,1,8.42,0,118643.78,0,6.756467164768355,0.40784757374553404,350.17792681791553,858.6,350.17792681791553
1745,txn_004414,cust_02430,458.78,wallet,abandoned,none,26,20,6,0.7692,0,1.59,1,11636.32,1,6.130748114210368,0.7630703776960416,350.08142787938993,458.78,350.08142787938993
1746,txn_000634,cust_00821,996.56,card,failed,network_error,6,5,1,0.8333,1,9.38,0,109335.12,0,6.905312297330997,0.3511455851170306,349.937644304228,996.56,349.937644304228
1747,txn_005599,cust_00182,417.29,upi,failed,network_error,2,2,0,1.0,0,4.46,0,27724.74,1,6.036174971875039,0.8384981327437837,349.8968858126535,417.29,349.8968858126535
1748,txn_009584,cust_00837,2033.31,card,failed,technical_error,5,4,1,0.8,3,5.56,0,36163.31,0,7.6179119740416406,0.17184251341715745,349.4091009562404,2033.31,349.4091009562404
1749,txn_009779,cust_00025,697.88,upi,abandoned,none,15,11,4,0.7333,0,5.93,1,116187.18,1,6.549479053676431,0.500150083668609,349.0447403906489,697.88,349.0447403906489
1750,txn_001137,cust_01424,436.21,netbanking,failed,network_error,28,23,5,0.8214,0,1.41,0,104410.62,1,6.080413628867886,0.7998638691452954,348.9086183598693,436.21,348.9086183598693
1751,txn_009505,cust_00041,1331.01,card,failed,authentication_failed,14,8,6,0.5714,1,2.46,0,137057.28,0,7.194444358579661,0.26211898882628115,348.8829953176685,1331.01,348.8829953176685
1752,txn_003599,cust_01733,599.16,upi,failed,authentication_failed,4,3,1,0.75,0,2.48,0,112116.72,1,6.397196286333577,0.5819896930605503,348.7049444941593,599.16,348.7049444941593
1753,txn_003957,cust_02118,424.33,wallet,abandoned,none,20,19,1,0.95,0,0.91,1,73558.74,1,6.05286533821532,0.8216885356946636,348.6670963513166,424.33,348.6670963513166
1754,txn_008489,cust_01886,1341.74,wallet,failed,insufficient_funds,15,10,5,0.6667,0,12.06,0,69055.93,0,7.202467581355118,0.2597103504453903,348.46376560659803,1341.74,348.46376560659803
1755,txn_000031,cust_01633,1293.13,wallet,failed,bank_decline,12,10,2,0.8333,1,6.78,0,57379.23,1,7.165593933693224,0.26917187804305936,348.07423065382136,1293.13,348.07423065382136
1756,txn_005596,cust_01385,443.56,upi,abandoned,none,9,8,1,0.8889,0,1.74,1,38201.91,1,6.097085028971666,0.7846121256403178,348.02255444901937,443.56,348.02255444901937
1757,txn_004553,cust_02056,656.81,wallet,failed,insufficient_funds,35,29,6,0.8286,0,7.71,0,80447.67,0,6.48891613582852,0.5295284385581588,347.79957372938424,656.81,347.79957372938424
1758,txn_006488,cust_00109,3560.51,upi,failed,insufficient_funds,13,10,3,0.7692,3,6.3,0,80906.58,0,8.177939891220166,0.09767397324319302,347.7691584721212,3560.51,347.7691584721212
1759,txn_001607,cust_02004,1100.38,netbanking,failed,network_error,36,34,2,0.9444,3,2.75,0,129861.38,0,7.00431921795641,0.3159677107759122,347.68454958359825,1100.38,347.68454958359825
1760,txn_001521,cust_02375,1789.43,upi,failed,network_error,25,25,0,1.0,3,9.23,0,47096.23,1,7.490211093449451,0.19418376716719415,347.47825848199227,1789.43,347.47825848199227
1761,txn_005043,cust_02075,4594.14,wallet,failed,bank_decline,5,3,2,0.6,1,11.12,0,54297.32,0,8.432754502225542,0.07557043581466166,347.18116199356973,4594.14,347.18116199356973
1762,txn_000332,cust_00393,1098.53,netbanking,failed,insufficient_funds,39,33,6,0.8462,1,7.3,0,112594.7,0,7.002638094752188,0.3154030298528957,346.4796903843015,1098.53,346.4796903843015
1763,txn_001206,cust_01952,1883.61,netbanking,failed,bank_decline,19,16,3,0.8421,0,12.61,0,82605.9,1,7.5414761819243425,0.18355480917470302,345.74567410956234,1883.61,345.74567410956234
1764,txn_006090,cust_02045,772.1,wallet,failed,insufficient_funds,16,11,5,0.6875,0,6.34,0,143875.63,1,6.650408406326429,0.4468345350409096,345.0009445050863,772.1,345.0009445050863
1765,txn_009690,cust_02202,4263.15,upi,failed,insufficient_funds,35,10,25,0.2857,2,5.08,0,75996.05,0,8.35799814346334,0.08083128225773133,344.59588095704726,4263.15,344.59588095704726
1766,txn_007101,cust_00808,594.98,wallet,abandoned,none,21,18,3,0.8571,0,5.95,1,140072.28,1,6.39020710945532,0.5790295531398398,344.5110035271419,594.98,344.5110035271419
1767,txn_000767,cust_01575,1913.39,wallet,failed,insufficient_funds,37,29,8,0.7838,1,12.28,0,65540.3,1,7.557154313011779,0.18003929778074443,344.4853919806986,1913.39,344.4853919806986
1768,txn_005658,cust_01491,422.14,wallet,abandoned,none,32,31,1,0.9688,0,1.52,1,68824.47,1,6.047703093555171,0.8147769358937096,343.94993571817054,422.14,343.94993571817054
1769,txn_009555,cust_00725,793.95,upi,failed,network_error,2,2,0,1.0,2,7.19,0,55027.05,0,6.678279219594718,0.43312013612814254,343.87573207893877,793.95,343.87573207893877
1770,txn_007424,cust_02271,1153.11,card,failed,bank_decline,33,27,6,0.8182,1,3.46,0,143549.69,1,7.051084763149239,0.2980412882210894,343.67438986062035,1153.11,343.67438986062035
1771,txn_003119,cust_00967,618.25,card,abandoned,none,10,7,3,0.7,0,4.57,1,62531.06,1,6.428509068369469,0.5557754927159971,343.60819837166525,618.25,343.60819837166525
1772,txn_007895,cust_01722,923.93,upi,failed,bank_decline,7,5,2,0.7143,1,0.36,0,138814.3,0,6.829718058973201,0.3716497814964862,343.3783826180485,923.93,343.3783826180485
1773,txn_006924,cust_02303,3549.67,netbanking,failed,bank_decline,37,34,3,0.9189,2,8.13,0,130446.56,0,8.17489159705611,0.09668196642526605,343.18907576077413,3549.67,343.18907576077413
1774,txn_007777,cust_00317,7858.08,card,failed,authentication_failed,30,20,10,0.6667,2,11.99,0,65900.6,0,8.969424830226504,0.04361929368561668,342.7638993250707,7858.08,342.7638993250707
1775,txn_006350,cust_01420,1080.95,wallet,failed,technical_error,5,2,3,0.4,1,4.51,0,20772.27,0,6.986520247617792,0.31672921191615555,342.36844162076835,1080.95,342.36844162076835
1776,txn_004948,cust_02000,798.29,card,failed,technical_error,4,3,1,0.75,0,9.46,0,103898.63,0,6.683723833606632,0.42841311687167527,341.9979070674896,798.29,341.9979070674896
1777,txn_000934,cust_02250,1247.2,netbanking,failed,authentication_failed,34,31,3,0.9118,2,4.61,0,43614.97,1,7.1294577924999425,0.2741335726991269,341.8993918703511,1247.2,341.8993918703511
1778,txn_005227,cust_01712,2046.59,upi,failed,technical_error,17,11,6,0.6471,1,12.39,0,48642.67,0,7.624418770805142,0.1668888492551195,341.553049997035,2046.59,341.553049997035
1779,txn_007899,cust_02058,686.41,card,abandoned,none,14,7,7,0.5,0,1.72,1,129877.68,0,6.532930911880475,0.49697556242097446,341.12899580138105,686.41,341.12899580138105
1780,txn_001793,cust_00217,572.55,netbanking,failed,network_error,1,1,0,1.0,2,2.92,0,46277.37,1,6.351845116727277,0.5957430418954628,341.0926786372472,572.55,341.0926786372472
1781,txn_001230,cust_01705,1320.45,upi,failed,authentication_failed,40,18,22,0.45,1,3.86,0,22969.7,1,7.186484897535893,0.2581497934952395,340.87389482078896,1320.45,340.87389482078896
1782,txn_005750,cust_01025,2687.8,wallet,failed,insufficient_funds,8,7,1,0.875,2,11.77,0,50271.93,0,7.896850276410896,0.12644108394549688,339.8483454287065,2687.8,339.8483454287065
1783,txn_008696,cust_01280,1334.61,netbanking,failed,insufficient_funds,39,27,12,0.6923,2,3.21,0,72405.97,0,7.197143395313108,0.25455658229902184,339.7337603020975,1334.61,339.7337603020975
1784,txn_005833,cust_01575,1982.9,card,failed,insufficient_funds,37,29,8,0.7838,2,7.44,0,65540.3,1,7.592819883348726,0.17127322219510585,339.6176722906754,1982.9,339.6176722906754
1785,txn_007517,cust_01125,452.52,wallet,abandoned,none,17,15,2,0.8824,0,3.44,1,31297.17,0,6.117039370016048,0.7499687825716793,339.3758734893363,452.52,339.3758734893363
1786,txn_006379,cust_00017,517.94,netbanking,abandoned,none,23,16,7,0.6957,0,1.5,1,90955.18,1,6.251788269546475,0.6552104871246356,339.3597197013338,517.94,339.3597197013338
1787,txn_003010,cust_02265,666.01,wallet,failed,technical_error,13,10,3,0.7692,0,9.41,0,68759.09,0,6.5028050383069855,0.5083149838780614,338.54286241262764,666.01,338.54286241262764
1788,txn_000919,cust_01235,475.91,wallet,abandoned,none,33,23,10,0.697,0,1.49,1,61798.58,0,6.16732779384089,0.7103416054816659,338.05867346477964,475.91,338.05867346477964
1789,txn_000580,cust_02050,3664.63,card,failed,bank_decline,24,19,5,0.7917,2,7.61,0,77632.05,0,8.20675549586478,0.09222391095090575,337.96651078801773,3664.63,337.96651078801773
1790,txn_001909,cust_00962,1085.98,wallet,failed,technical_error,40,28,12,0.7,2,3.85,0,116416.31,0,6.991158487687912,0.31109476043068357,337.84268793251374,1085.98,337.84268793251374
1791,txn_009612,cust_01125,2685.02,wallet,failed,technical_error,17,15,2,0.8824,3,9.82,0,31297.17,0,7.8958158230718425,0.12573856817482695,337.6105703207739,2685.02,337.6105703207739
1792,txn_006653,cust_00696,1767.39,netbanking,failed,technical_error,33,32,1,0.9697,3,6.99,0,58287.89,0,7.477824807106876,0.1907747497967817,337.173385043334,1767.39,337.173385043334
1793,txn_006511,cust_01119,2087.28,wallet,failed,insufficient_funds,35,19,16,0.5429,3,0.78,0,71554.3,0,7.644096039628838,0.16124463658749144,336.56270505633915,2087.28,336.56270505633915
1794,txn_009703,cust_00459,1123.37,upi,failed,technical_error,25,24,1,0.96,3,4.15,0,58525.73,0,7.024978157779957,0.29952825299747393,336.48105356977226,1123.37,336.48105356977226
1795,txn_004965,cust_02425,996.73,card,failed,insufficient_funds,20,19,1,0.95,2,4.04,0,118073.08,0,6.905482698626459,0.33597519045946617,334.8765515866637,996.73,334.8765515866637
1796,txn_001201,cust_01982,499.51,wallet,abandoned,none,33,26,7,0.7879,0,4.28,1,45538.06,1,6.215627578575657,0.670199247994454,334.7712263657097,499.51,334.7712263657097
1797,txn_006640,cust_01311,1912.63,upi,failed,network_error,11,10,1,0.9091,2,11.43,0,139558.44,0,7.556757240890951,0.17403963097870537,332.8734193988013,1912.63,332.8734193988013
1798,txn_007333,cust_01948,1365.26,card,failed,network_error,24,19,5,0.7917,3,3.11,0,107671.11,0,7.219832358768628,0.2434560003354116,332.38073901792404,1365.26,332.38073901792404
1799,txn_000795,cust_01951,924.01,upi,failed,network_error,23,20,3,0.8696,1,10.0,0,124652.7,0,6.8298045482648,0.35928559261680876,331.98348043385744,924.01,331.98348043385744
1800,txn_008172,cust_02408,1288.31,upi,failed,insufficient_funds,34,28,6,0.8235,0,13.48,0,114916.21,0,7.1618624705334595,0.25715087278473187,331.2900409172979,1288.31,331.2900409172979
1801,txn_005485,cust_00009,1124.45,wallet,failed,insufficient_funds,35,29,6,0.8286,0,13.84,0,63508.45,1,7.025938234659847,0.29432561854621875,330.9544417742957,1124.45,330.9544417742957
1802,txn_002863,cust_00500,778.72,wallet,abandoned,none,13,8,5,0.6154,0,5.77,1,149906.66,0,6.658934880877944,0.4241214059469421,330.27182123900275,778.72,330.27182123900275
1803,txn_005810,cust_00184,699.72,wallet,failed,network_error,27,24,3,0.8889,0,12.42,0,120533.04,0,6.552108377854833,0.4720014048743729,330.26882301869625,699.72,330.26882301869625
1804,txn_001544,cust_00779,1200.36,upi,failed,bank_decline,4,3,1,0.75,2,0.95,0,36527.49,1,7.091209527372025,0.2749349050835307,330.0208626660669,1200.36,330.0208626660669
1805,txn_006567,cust_01268,933.42,upi,failed,bank_decline,37,26,11,0.7027,0,7.31,0,30770.21,0,6.839926015954487,0.3518887523879502,328.45999925396046,933.42,328.45999925396046
1806,txn_005971,cust_00387,431.44,wallet,abandoned,none,38,33,5,0.8684,0,1.73,1,99516.27,1,6.069443588424571,0.7595851899706686,327.71543436094527,431.44,327.71543436094527
1807,txn_001504,cust_01841,473.73,card,abandoned,none,7,5,2,0.7143,0,1.33,1,58149.02,1,6.162746221369518,0.6917683005621406,327.71139702530286,473.73,327.71139702530286
1808,txn_003881,cust_00950,3821.53,wallet,failed,authentication_failed,20,17,3,0.85,2,11.42,0,89464.97,0,8.248667786039261,0.08553167962225655,326.8618796268421,3821.53,326.8618796268421
1809,txn_009348,cust_01374,1439.71,card,failed,network_error,14,9,5,0.6429,1,9.72,0,122215.95,0,7.272891326613651,0.22700488324572476,326.8212004577024,1439.71,326.8212004577024
1810,txn_002357,cust_01833,916.25,upi,failed,technical_error,31,24,7,0.7742,2,4.37,0,58114.15,0,6.821380063235392,0.3561621031500284,326.3335270112135,916.25,326.3335270112135
1811,txn_009313,cust_02347,453.15,upi,abandoned,none,35,23,12,0.6571,0,0.92,1,27006.29,1,6.118427539948223,0.7197603063719109,326.1593828324314,453.15,326.1593828324314
1812,txn_000801,cust_00505,473.66,card,abandoned,none,26,23,3,0.8846,0,4.47,1,41897.58,1,6.16259875826136,0.6871580238276698,325.4792695662141,473.66,325.4792695662141
1813,txn_000560,cust_00363,1468.4,card,failed,technical_error,5,4,1,0.8,2,7.9,0,60705.41,1,7.292609433186177,0.22108541284784197,324.6418202257712,1468.4,324.6418202257712
1814,txn_005138,cust_01111,666.1,upi,abandoned,none,36,26,10,0.7222,0,5.97,1,142329.52,1,6.502939959715469,0.4849987434610334,323.05766301939434,666.1,323.05766301939434
1815,txn_003032,cust_01302,1133.3,netbanking,failed,technical_error,10,9,1,0.9,3,3.33,0,52900.97,1,7.033770999564997,0.28494838938160916,322.93200968617765,1133.3,322.93200968617765
1816,txn_001001,cust_01897,2064.37,upi,failed,insufficient_funds,18,15,3,0.8333,1,12.39,0,131892.86,0,7.633064666100343,0.1562357348854015,322.5283640253763,2064.37,322.5283640253763
1817,txn_001122,cust_01854,1133.47,card,failed,bank_decline,2,1,1,0.5,0,3.96,0,88864.23,1,7.033920860503143,0.28445646038572053,322.42286415340266,1133.47,322.42286415340266
1818,txn_006423,cust_00747,1301.56,wallet,failed,technical_error,37,36,1,0.973,2,8.96,0,147681.53,1,7.172086837825668,0.24769495047577578,322.3898397412507,1301.56,322.3898397412507
1819,txn_002371,cust_02034,1232.87,card,failed,technical_error,33,27,6,0.8182,1,12.06,0,24746.2,1,7.117910850455503,0.2613295894920519,322.18541099706596,1232.87,322.18541099706596
1820,txn_006479,cust_02184,404.99,card,failed,network_error,37,27,10,0.7297,0,0.75,0,96005.78,1,6.006328528756524,0.7940977116775816,321.6016322523038,404.99,321.6016322523038
1821,txn_000665,cust_00338,693.55,netbanking,failed,technical_error,38,32,6,0.8421,0,11.02,0,55984.05,0,6.543264153843398,0.46356899350096004,321.5082754425908,693.55,321.5082754425908
1822,txn_002041,cust_02218,4478.32,wallet,failed,authentication_failed,8,6,2,0.75,2,11.03,0,78444.51,0,8.407226528174128,0.07178897934268264,321.49402196992247,4478.32,321.49402196992247
1823,txn_000435,cust_01612,724.97,wallet,abandoned,none,12,7,5,0.5833,0,6.2,1,74075.03,1,6.587508691656956,0.44274375312020153,320.9759386995525,724.97,320.9759386995525
1824,txn_008258,cust_00344,920.89,wallet,failed,bank_decline,13,11,2,0.8462,2,0.84,0,48016.64,0,6.826425910582251,0.3484431222492622,320.8777868481231,920.89,320.8777868481231
1825,txn_008654,cust_01919,1061.89,card,failed,bank_decline,22,20,2,0.9091,0,10.33,0,78345.85,0,6.968746892272492,0.30176480041809794,320.44102391597403,1061.89,320.44102391597403
1826,txn_006826,cust_02212,948.85,wallet,failed,network_error,9,8,1,0.8889,3,4.16,0,38923.19,0,6.856304077391058,0.3370945603583387,319.85217359600966,948.85,319.85217359600966
1827,txn_006109,cust_00048,503.2,netbanking,failed,network_error,38,34,4,0.8947,0,8.59,0,64836.64,0,6.222973014753819,0.6343306699943394,319.1951931411516,503.2,319.1951931411516
1828,txn_005905,cust_00563,3504.83,card,failed,bank_decline,14,11,3,0.7857,3,2.99,0,96613.97,0,8.162182575999822,0.09061772672019265,317.5997271407328,3504.83,317.5997271407328
1829,txn_004251,cust_00015,452.01,netbanking,failed,technical_error,22,14,8,0.6364,0,2.51,0,16229.33,0,6.115914200294571,0.7022616448055868,317.4292860685733,452.01,317.4292860685733
1830,txn_004236,cust_02336,2343.58,upi,failed,authentication_failed,37,30,7,0.8108,1,13.59,0,8108.69,0,7.759861560361646,0.13543021576641986,317.39154506586624,2343.58,317.39154506586624
1831,txn_006755,cust_02376,636.01,upi,abandoned,none,16,12,4,0.75,0,6.48,1,110901.39,1,6.456785354036069,0.49893279486339104,317.32624686106533,636.01,317.32624686106533
1832,txn_000321,cust_00920,2258.23,upi,failed,bank_decline,20,14,6,0.7,2,4.27,0,75108.17,0,7.722779326247585,0.1403408667284431,316.92195547217204,2258.23,316.92195547217204
1833,txn_007542,cust_02374,1189.18,wallet,failed,insufficient_funds,40,31,9,0.775,2,5.94,0,24135.88,0,7.08185983517106,0.26648275195735455,316.8959589726469,1189.18,316.8959589726469
1834,txn_007060,cust_01220,1282.25,card,failed,insufficient_funds,29,26,3,0.8966,2,6.52,0,74099.91,0,7.157151201440413,0.24649834568627801,316.07250375623,1282.25,316.07250375623
1835,txn_008255,cust_02338,3154.82,card,failed,bank_decline,4,3,1,0.75,1,11.62,0,33104.63,0,8.05700364611872,0.1001466135680644,315.9445394168009,3154.82,315.9445394168009
1836,txn_009276,cust_02392,781.53,netbanking,failed,authentication_failed,27,23,4,0.8519,1,4.99,0,39711.25,0,6.662532260337548,0.4039618690175884,315.70831949331586,781.53,315.70831949331586
1837,txn_000821,cust_02378,2217.54,upi,failed,network_error,9,8,1,0.8889,3,9.2,0,79484.61,0,7.704604600857008,0.14231150987593097,315.58146561027195,2217.54,315.58146561027195
1838,txn_001138,cust_01953,1373.5,netbanking,failed,bank_decline,24,17,7,0.7083,1,4.48,0,105612.31,1,7.2258453076053,0.22941662467514462,315.1037339913111,1373.5,315.1037339913111
1839,txn_000226,cust_02143,503.08,wallet,abandoned,none,10,9,1,0.9,0,6.1,1,110652.05,1,6.2227349856338,0.6260532599774644,314.9548740294628,503.08,314.9548740294628
1840,txn_008409,cust_00326,1954.75,card,failed,technical_error,23,18,5,0.7826,1,13.18,0,119877.02,1,7.57852903056519,0.161076300002361,314.8638974296152,1954.75,314.8638974296152
1841,txn_007677,cust_00481,555.59,upi,abandoned,none,3,2,1,0.6667,0,4.51,1,49331.83,1,6.321828882706896,0.5662679664090706,314.61281945721555,555.59,314.61281945721555
1842,txn_001432,cust_00139,508.79,netbanking,failed,network_error,14,7,7,0.5,0,2.31,0,100789.17,1,6.233998876214124,0.6176102638697721,314.2339261543014,508.79,314.2339261543014
1843,txn_008113,cust_01430,603.94,wallet,failed,authentication_failed,9,7,2,0.7778,1,0.99,0,96594.85,1,6.405129279559101,0.5195888776158829,313.8005067473363,603.94,313.8005067473363
1844,txn_001440,cust_00682,2019.96,netbanking,failed,technical_error,32,23,9,0.7188,1,13.33,0,70129.01,0,7.611327925025665,0.15524354196860876,313.585745034911,2019.96,313.585745034911
1845,txn_007580,cust_01013,456.26,upi,abandoned,none,12,10,2,0.8333,0,3.84,1,63264.86,1,6.125252156906081,0.6858720544705198,312.93598357271935,456.26,312.93598357271935
1846,txn_007818,cust_00363,797.81,netbanking,failed,technical_error,5,4,1,0.8,2,3.28,0,60705.41,0,6.6831231202414685,0.3914499882726004,312.3027151437633,797.81,312.3027151437633
1847,txn_004465,cust_01204,1382.64,upi,failed,bank_decline,21,14,7,0.6667,2,1.94,0,3333.06,1,7.232472986734747,0.225769995317573,312.15862632588914,1382.64,312.15862632588914
1848,txn_001006,cust_02486,531.11,upi,abandoned,none,13,9,4,0.6923,0,4.01,1,79086.4,0,6.276850234885605,0.586917995608036,311.71801664738405,531.11,311.71801664738405
1849,txn_007684,cust_00209,590.74,netbanking,failed,bank_decline,8,7,1,0.875,0,3.75,0,108243.39,1,6.383067349222998,0.5275102532262038,311.6214069908477,590.74,311.6214069908477
1850,txn_008546,cust_02420,864.61,wallet,failed,bank_decline,7,5,2,0.7143,1,2.91,0,43035.07,1,6.7634344607057075,0.36032770740037195,311.5429390954356,864.61,311.5429390954356
1851,txn_003444,cust_01775,2352.83,card,failed,insufficient_funds,18,14,4,0.7778,1,13.41,0,64147.21,1,7.763799067710289,0.13224098499115555,311.1405567167405,2352.83,311.1405567167405
1852,txn_009215,cust_00326,807.57,netbanking,failed,authentication_failed,23,18,5,0.7826,1,3.02,0,119877.02,0,6.695267255355902,0.3845647727877517,310.5629735602047,807.57,310.5629735602047
1853,txn_008361,cust_01021,456.26,wallet,failed,insufficient_funds,22,17,5,0.7727,0,3.78,0,43399.69,0,6.125252156906081,0.6805963327396503,310.5288827757928,456.26,310.5288827757928
1854,txn_002044,cust_00301,1361.4,netbanking,failed,insufficient_funds,13,13,0,1.0,3,5.42,0,12323.48,0,7.217003129348479,0.227955041379554,310.3379933341248,1361.4,310.3379933341248
1855,txn_000356,cust_01753,760.65,card,failed,authentication_failed,16,15,1,0.9375,2,2.59,0,5927.59,0,6.63548713258271,0.407871604900771,310.24753626777147,760.65,310.24753626777147
1856,txn_004881,cust_00928,512.73,netbanking,abandoned,none,28,20,8,0.7143,0,4.57,1,20956.31,0,6.2416978356122845,0.6042485910330168,309.81638008035867,512.73,309.81638008035867
1857,txn_007587,cust_01973,505.11,netbanking,failed,network_error,9,9,0,1.0,1,7.47,0,16429.54,1,6.2267540369657475,0.6123163347295396,309.28710383523776,505.11,309.28710383523776
1858,txn_009289,cust_00543,1979.3,wallet,failed,network_error,20,16,4,0.8,2,11.72,0,97736.68,1,7.591003627362835,0.15602787048722364,308.82596405536174,1979.3,308.82596405536174
1859,txn_004713,cust_01161,433.53,netbanking,failed,authentication_failed,32,29,3,0.9062,0,1.8,0,69663.52,1,6.07426498720113,0.7122956194479847,308.8015198992848,433.53,308.8015198992848
1860,txn_004649,cust_02202,599.23,wallet,abandoned,none,35,10,25,0.2857,0,0.7,1,75996.05,0,6.397312915096029,0.5144884152526369,308.2968930718376,599.23,308.2968930718376
1861,txn_005423,cust_01201,1358.08,netbanking,failed,technical_error,18,12,6,0.6667,1,8.76,0,134997.44,0,7.214563279232395,0.22650995208010483,307.61863572094876,1358.08,307.61863572094876
1862,txn_004675,cust_00629,1686.82,netbanking,failed,bank_decline,18,15,3,0.8333,0,12.32,0,105702.12,0,7.431193034398889,0.18201595336721338,307.02815045888286,1686.82,307.02815045888286
1863,txn_008644,cust_00062,682.3,card,failed,technical_error,22,20,2,0.9091,0,13.22,0,17621.27,0,6.526934001786732,0.4488961246348515,306.28182583835917,682.3,306.28182583835917
1864,txn_002224,cust_02194,526.66,wallet,abandoned,none,39,31,8,0.7949,0,6.14,1,88998.8,1,6.268452136894303,0.5809674405401958,305.9723122348995,526.66,305.9723122348995
1865,txn_004616,cust_00095,3311.62,card,failed,technical_error,3,1,2,0.3333,3,0.32,0,129085.67,0,8.10549469605341,0.09208842569317596,304.96187229403535,3311.62,304.96187229403535
1866,txn_008826,cust_01124,1372.7,card,failed,authentication_failed,9,7,2,0.7778,0,12.83,0,58874.44,0,7.225263108331159,0.22198327355235026,304.7164396053112,1372.7,304.7164396053112
1867,txn_002526,cust_00444,453.49,netbanking,failed,authentication_failed,18,17,1,0.9444,0,2.82,0,116128.59,1,6.119175911175262,0.6717721000482381,304.6419296508755,453.49,304.6419296508755
1868,txn_007903,cust_00360,6492.07,upi,failed,authentication_failed,22,18,4,0.8182,3,10.73,0,28470.19,0,8.77849073329128,0.04687935104973192,304.3440285694331,6492.07,304.3440285694331
1869,txn_007807,cust_01612,3563.36,netbanking,failed,authentication_failed,12,7,5,0.5833,1,11.04,0,74075.03,0,8.178739793590534,0.08534240707880288,304.105719688323,3563.36,304.105719688323
1870,txn_003541,cust_00961,653.36,netbanking,failed,technical_error,11,10,1,0.9091,0,11.71,0,79110.62,1,6.483657658725971,0.4646142437952575,303.5603623260695,653.36,303.5603623260695
1871,txn_001059,cust_00712,555.4,wallet,failed,technical_error,22,18,4,0.8182,1,6.18,0,10820.87,1,6.321487460049288,0.5451904349279997,302.798767559011,555.4,302.798767559011
1872,txn_008474,cust_01695,543.14,netbanking,abandoned,none,27,24,3,0.8889,0,6.15,1,145635.13,1,6.299206566687531,0.5569665439404621,302.51080867582255,543.14,302.51080867582255
1873,txn_001139,cust_00768,2379.97,netbanking,failed,bank_decline,22,11,11,0.5,0,9.36,0,118915.71,0,7.77526324665948,0.12706321298506865,302.4066350080738,2379.97,302.4066350080738
1874,txn_000100,cust_00147,1614.17,upi,failed,network_error,9,9,0,1.0,2,12.58,0,140055.65,0,7.3871954932748745,0.1867209473458801,301.3993515772993,1614.17,301.3993515772993
1875,txn_002100,cust_02262,443.78,netbanking,abandoned,none,36,28,8,0.7778,0,1.55,1,137336.34,1,6.097579777896684,0.6778196633017712,300.80281018006,443.78,300.80281018006
1876,txn_008417,cust_01649,1785.03,netbanking,failed,technical_error,4,3,1,0.75,3,4.63,0,58504.63,0,7.487750558607801,0.16849594722809083,300.770320680559,1785.03,300.770320680559
1877,txn_009463,cust_01054,794.84,wallet,failed,network_error,39,26,13,0.6667,1,7.14,0,131097.12,1,6.67939816061504,0.37838967669675133,300.75925062564585,794.84,300.75925062564585
1878,txn_009643,cust_02276,482.77,card,failed,technical_error,16,14,2,0.875,0,6.79,0,113863.52,1,6.181609587158616,0.6228791387688892,300.70736182345667,482.77,300.70736182345667
1879,txn_005770,cust_01086,1353.81,wallet,failed,network_error,35,32,3,0.9143,2,11.8,0,59565.74,0,7.211416502079647,0.22149823189651233,299.8665213238173,1353.81,299.8665213238173
1880,txn_007664,cust_00677,783.82,netbanking,failed,bank_decline,23,19,4,0.8261,0,7.5,0,53313.86,0,6.665454392126233,0.3823358490422875,299.68248519632584,783.82,299.68248519632584
1881,txn_004526,cust_01945,5348.82,upi,failed,authentication_failed,15,6,9,0.4,2,5.87,0,126803.3,0,8.584818194464239,0.056014946763525954,299.6138675476829,5348.82,299.6138675476829
1882,txn_008343,cust_00718,458.82,wallet,abandoned,none,20,18,2,0.9,0,4.83,1,145186.78,0,6.13083510855579,0.652771052368351,299.50441424764676,458.82,299.50441424764676
1883,txn_003699,cust_01339,436.31,wallet,abandoned,none,37,26,11,0.7027,0,2.61,1,58172.78,0,6.080642325754031,0.6859102774672682,299.26951316174376,436.31,299.26951316174376
1884,txn_006331,cust_01577,1218.25,wallet,failed,authentication_failed,25,22,3,0.88,3,0.75,0,102798.72,0,7.105991194590162,0.24552664735299523,299.11283813778647,1218.25,299.11283813778647
1885,txn_008749,cust_00247,615.61,upi,failed,technical_error,31,22,9,0.7097,1,4.65,0,68060.39,0,6.4242367332900505,0.4857187290381826,299.01330678319556,615.61,299.01330678319556
1886,txn_002593,cust_01984,3122.06,upi,failed,bank_decline,36,30,6,0.8333,2,8.36,0,95254.91,0,8.046568569394394,0.09575509571782473,298.95315413679185,3122.06,298.95315413679185
1887,txn_003154,cust_01199,1020.06,netbanking,failed,authentication_failed,37,28,9,0.7568,0,10.32,0,71849.54,0,6.928596582353785,0.29305614489723175,298.9348511638702,1020.06,298.9348511638702
1888,txn_005388,cust_02435,548.38,upi,abandoned,none,29,19,10,0.6552,0,5.49,1,37827.17,1,6.308790369649447,0.5444976269553737,298.59160866978783,548.38,298.59160866978783
1889,txn_007150,cust_01814,676.81,netbanking,failed,authentication_failed,38,31,7,0.8158,1,2.86,0,87466.65,0,6.518867012678753,0.44073164349606975,298.2915836345749,676.81,298.2915836345749
1890,txn_007666,cust_00158,1176.72,upi,failed,bank_decline,39,28,11,0.7179,0,10.32,0,32383.82,0,7.071335644956851,0.25316514439884963,297.9044887170143,1176.72,297.9044887170143
1891,txn_005036,cust_01403,454.35,netbanking,abandoned,none,37,22,15,0.5946,0,1.68,1,20458.54,0,6.121066354013828,0.6555746912311511,297.8603609608735,454.35,297.8603609608735
1892,txn_005671,cust_00807,1449.94,wallet,failed,authentication_failed,13,11,2,0.8462,1,9.68,0,132982.77,0,7.279966901236663,0.205235044193331,297.57849997767835,1449.94,297.57849997767835
1893,txn_004498,cust_02462,2241.44,upi,failed,authentication_failed,36,33,3,0.9167,3,4.66,0,118495.71,0,7.715319837722165,0.1327432181705418,297.5359589361792,2241.44,297.5359589361792
1894,txn_002175,cust_00592,819.89,card,failed,insufficient_funds,29,26,3,0.8966,2,4.62,0,11950.12,0,6.710389117528287,0.3626793331680621,297.35715847116245,819.89,297.35715847116245
1895,txn_009219,cust_02011,7203.5,netbanking,failed,bank_decline,4,3,1,0.75,2,12.76,0,2931.82,0,8.882461109772988,0.041258011247146814,297.20208401882206,7203.5,297.20208401882206
1896,txn_005802,cust_00119,1423.94,wallet,failed,authentication_failed,11,9,2,0.8182,2,6.11,0,57466.99,0,7.261884986553142,0.2087121007159476,297.1935086934664,1423.94,297.1935086934664
1897,txn_004430,cust_02190,555.52,upi,abandoned,none,38,30,8,0.7895,0,6.25,1,123247.52,1,6.321703108973676,0.5338995613994878,296.5918843486435,555.52,296.5918843486435
1898,txn_002578,cust_01457,2747.91,card,failed,authentication_failed,35,26,9,0.7429,2,7.64,0,102758.37,0,7.9189597484514245,0.1079025946416679,296.5066188417856,2747.91,296.5066188417856
1899,txn_005949,cust_01570,1507.75,wallet,failed,technical_error,5,3,2,0.6,1,11.36,0,30464.8,0,7.319036772411741,0.19637286792445008,296.08119161308963,1507.75,296.08119161308963
1900,txn_009425,cust_01343,528.26,netbanking,abandoned,none,32,26,6,0.8125,0,6.79,1,44036.38,0,6.271479804498731,0.5604401063357857,296.05809057294215,528.26,296.05809057294215
1901,txn_005253,cust_01640,593.81,wallet,failed,insufficient_funds,37,34,3,0.9189,2,2.47,0,16512.42,0,6.388242026818581,0.4971309650128153,295.20133833425984,593.81,295.20133833425984
1902,txn_004066,cust_01364,654.98,card,failed,technical_error,28,25,3,0.8929,0,13.02,0,16260.05,1,6.486130300674448,0.4501979754221191,294.87066994197954,654.98,294.87066994197954
1903,txn_009132,cust_01007,1017.27,netbanking,failed,authentication_failed,13,10,3,0.7692,2,1.02,0,113630.75,0,6.92586038787749,0.2898353848529746,294.8408419493855,1017.27,294.8408419493855
1904,txn_000974,cust_00452,587.54,upi,failed,network_error,23,14,9,0.6087,1,4.2,0,50533.55,1,6.37764489380428,0.5011408683446695,294.44030578722715,587.54,294.44030578722715
1905,txn_009208,cust_02296,1201.13,card,failed,technical_error,23,11,12,0.4783,2,3.21,0,24243.34,0,7.0918502623252335,0.2450229673868318,294.3044368173453,1201.13,294.3044368173453
1906,txn_000528,cust_02268,489.25,netbanking,failed,network_error,33,26,7,0.7879,2,0.21,0,16863.28,1,6.1949154650764555,0.6012594645210069,294.16619301690264,489.25,294.16619301690264
1907,txn_005242,cust_01634,2307.72,upi,failed,bank_decline,19,16,3,0.8421,1,12.52,0,19974.91,0,7.74444853738463,0.12680579650000234,292.6322726989854,2307.72,292.6322726989854
1908,txn_000184,cust_00136,523.75,netbanking,abandoned,none,6,5,1,0.8333,0,6.77,1,63464.51,0,6.262921958700742,0.5584745518755071,292.50104654479685,523.75,292.50104654479685
1909,txn_009724,cust_01986,1959.9,card,failed,authentication_failed,19,12,7,0.6316,1,8.21,0,103305.08,0,7.581158830505471,0.1491886531559798,292.3948413204048,1959.9,292.3948413204048
1910,txn_001675,cust_01478,1262.4,wallet,failed,insufficient_funds,39,35,4,0.8974,2,9.09,0,9199.26,0,7.1415617784646,0.23132162767940376,292.02042278247933,1262.4,292.02042278247933
1911,txn_008961,cust_01403,1295.43,wallet,failed,technical_error,37,22,15,0.5946,1,11.07,0,20458.54,1,7.167369612005506,0.2253641919397333,291.94353516448876,1295.43,291.94353516448876
1912,txn_008997,cust_00690,482.57,card,abandoned,none,38,29,9,0.7632,0,5.74,1,9369.65,0,6.18119608207695,0.6048378271249657,291.8765902356947,482.57,291.8765902356947
1913,txn_003843,cust_00096,391.76,wallet,abandoned,none,5,4,1,0.8,0,1.73,1,77609.26,1,5.97319873830109,0.7448012769122452,291.7833482431412,391.76,291.7833482431412
1914,txn_006092,cust_00147,7128.36,netbanking,failed,insufficient_funds,9,9,0,1.0,3,13.53,0,140055.65,0,8.871976747808704,0.04088023703505882,291.4090464712319,7128.36,291.4090464712319
1915,txn_004985,cust_01512,1947.48,upi,failed,insufficient_funds,36,22,14,0.6111,1,10.83,0,69055.18,0,7.574804860420209,0.14955734513889224,291.25993851108984,1947.48,291.25993851108984
1916,txn_000341,cust_00319,474.69,upi,failed,authentication_failed,16,13,3,0.8125,0,2.83,0,124778.92,1,6.164766381564976,0.6128298642037057,290.90420823885705,474.69,290.90420823885705
1917,txn_004515,cust_02200,455.31,card,failed,authentication_failed,12,11,1,0.9167,0,4.28,0,71904.51,1,6.1231724030997485,0.638898312275159,290.89679056200265,455.31,290.89679056200265
1918,txn_004368,cust_02324,1257.94,upi,failed,authentication_failed,26,21,5,0.8077,1,9.54,0,42664.8,0,7.138025376038191,0.23068028009629343,290.18195154433135,1257.94,290.18195154433135
1919,txn_000508,cust_01476,882.02,wallet,failed,bank_decline,6,5,1,0.8333,1,4.03,0,138769.54,0,6.783347850404076,0.3289884938619225,290.1744313560929,882.02,290.1744313560929
1920,txn_003942,cust_00296,425.62,netbanking,abandoned,none,8,6,2,0.75,0,1.34,1,116890.99,0,6.055893687263672,0.6794268330550954,289.17764868490974,425.62,289.17764868490974
1921,txn_006900,cust_02111,524.93,card,failed,bank_decline,28,21,7,0.75,0,3.01,0,26127.29,0,6.265168124033893,0.550749928382055,289.10515990559213,524.93,289.10515990559213
1922,txn_003907,cust_01139,2285.37,card,failed,insufficient_funds,31,21,10,0.6774,1,11.13,0,137251.75,0,7.73472068602584,0.12632890574372188,288.7082913195297,2285.37,288.7082913195297
1923,txn_002034,cust_00766,741.13,card,failed,network_error,24,21,3,0.875,1,10.75,0,34456.28,0,6.6095244299776095,0.38934613343101,288.55609986972445,741.13,288.55609986972445
1924,txn_007687,cust_00196,394.41,netbanking,abandoned,none,2,2,0,1.0,0,5.59,1,18185.92,0,5.979923201261423,0.7309091031581423,288.2778593766029,394.41,288.2778593766029
1925,txn_004401,cust_00477,1441.39,wallet,failed,authentication_failed,6,4,2,0.6667,1,8.23,0,65661.75,0,7.274056738975447,0.19935792658985627,287.35252180735296,1441.39,287.35252180735296
1926,txn_008242,cust_01625,2299.03,netbanking,failed,network_error,22,14,8,0.6364,3,6.39,0,45963.01,0,7.740677445310436,0.12492234221131049,287.2002124140692,2299.03,287.2002124140692
1927,txn_009977,cust_00025,2182.03,card,failed,network_error,15,11,4,0.7333,2,10.69,0,116187.18,1,7.688469099011631,0.13146664355089166,286.86416022735216,2182.03,286.86416022735216
1928,txn_008497,cust_02157,3035.76,wallet,failed,authentication_failed,37,35,2,0.9459,2,13.55,0,26903.62,0,8.018546436569114,0.09437755041160273,286.50759243752714,3035.76,286.50759243752714
1929,txn_005220,cust_01894,1369.36,upi,failed,insufficient_funds,9,9,0,1.0,2,9.53,0,99839.9,1,7.22282875802583,0.2089396012835229,286.1135324136049,1369.36,286.1135324136049
1930,txn_006165,cust_00148,1267.64,wallet,failed,technical_error,5,5,0,1.0,3,6.44,0,132011.27,0,7.145700739524089,0.2253872168003673,285.7098515048176,1267.64,285.7098515048176
1931,txn_008089,cust_01987,432.4,netbanking,abandoned,none,9,9,0,1.0,0,5.34,1,147218.99,1,6.071661089102259,0.6607393412655209,285.7036911632112,432.4,285.7036911632112
1932,txn_001928,cust_00898,814.54,netbanking,failed,insufficient_funds,20,19,1,0.95,1,9.0,0,72958.78,0,6.7038504705209565,0.3504310530897909,285.44010998375825,814.54,285.44010998375825
1933,txn_002636,cust_02412,383.95,wallet,failed,technical_error,27,25,2,0.9259,0,6.51,0,29012.09,1,5.953113455724059,0.7416483271404217,284.7558752055649,383.95,284.7558752055649
1934,txn_009081,cust_02437,2244.61,netbanking,failed,authentication_failed,7,5,2,0.7143,3,2.05,0,78649.73,0,7.71673247819059,0.12677557255248606,284.56171790703576,2244.61,284.56171790703576
1935,txn_007920,cust_02141,1990.37,upi,failed,network_error,11,8,3,0.7273,2,12.06,0,27692.63,0,7.596578123061962,0.14294248227993134,284.50842845550693,1990.37,284.50842845550693
1936,txn_006558,cust_01904,2186.79,netbanking,failed,network_error,11,9,2,0.8182,2,13.74,0,17845.43,0,7.690647180873525,0.12983959560396693,283.93192927079883,2186.79,283.93192927079883
1937,txn_004358,cust_02419,857.94,upi,failed,network_error,35,29,6,0.8286,1,12.54,0,4297.5,0,6.75569907088349,0.33026392906856333,283.3466353050832,857.94,283.3466353050832
1938,txn_001856,cust_01319,1020.35,card,failed,technical_error,40,37,3,0.925,1,11.41,0,132581.51,1,6.928880560597086,0.2776639477416579,283.3144090782007,1020.35,283.3144090782007
1939,txn_008142,cust_02465,1015.36,netbanking,failed,technical_error,2,2,0,1.0,1,13.19,0,103698.25,0,6.9239828960867875,0.27861406626755014,282.8935783254197,1015.36,282.8935783254197
1940,txn_008265,cust_00312,803.1,card,failed,technical_error,30,24,6,0.8,0,12.51,0,106388.99,0,6.689723639554104,0.35177486124305385,282.5103910642965,803.1,282.5103910642965
1941,txn_009382,cust_01869,1632.99,upi,failed,insufficient_funds,7,6,1,0.8571,1,13.3,0,77226.13,0,7.398780155450181,0.17280797270263373,282.19369134367383,1632.99,282.19369134367383
1942,txn_006269,cust_02257,3438.17,upi,failed,insufficient_funds,26,21,5,0.8077,2,13.15,0,53616.02,0,8.142985442185198,0.08195695142217974,281.7819316711957,3438.17,281.7819316711957
1943,txn_008530,cust_00315,475.89,upi,abandoned,none,18,13,5,0.7222,0,4.33,1,92770.94,1,6.167285856327778,0.5917428667795689,281.604512871729,475.89,281.604512871729
1944,txn_002410,cust_00492,360.53,upi,abandoned,none,30,24,6,0.8,0,0.88,1,39043.68,1,5.89034502570741,0.7810628332601535,281.5965832752831,360.53,281.5965832752831
1945,txn_001840,cust_01580,506.88,wallet,abandoned,none,29,23,6,0.7931,0,6.13,1,132630.15,0,6.23024519920159,0.5531933441838948,280.40264229993255,506.88,280.40264229993255
1946,txn_005203,cust_02309,515.22,card,abandoned,none,35,19,16,0.5429,0,4.22,1,5851.83,0,6.246533031206566,0.5441232938447002,280.3432034546664,515.22,280.3432034546664
1947,txn_003506,cust_00717,1901.69,upi,failed,technical_error,10,8,2,0.8,3,5.58,0,137595.22,0,7.55102395334326,0.14706477891788822,279.67161942035887,1901.69,279.67161942035887
1948,txn_004995,cust_01560,454.56,upi,abandoned,none,36,31,5,0.8611,0,5.54,1,112463.69,1,6.12152743140615,0.6146374222494267,279.3895866576994,454.56,279.3895866576994
1949,txn_009184,cust_00701,2819.39,netbanking,failed,insufficient_funds,33,27,6,0.8182,2,12.26,0,23478.3,0,7.94463045224223,0.09895953961405607,279.0055363924735,2819.39,279.0055363924735
1950,txn_002974,cust_00752,683.9,card,failed,bank_decline,9,7,2,0.7778,1,0.57,0,131077.29,1,6.529272842203859,0.4078863161591363,278.9534516212333,683.9,278.9534516212333
1951,txn_006382,cust_00990,5207.13,card,failed,authentication_failed,19,17,2,0.8947,3,8.85,0,143341.74,0,8.557976145174411,0.05351248472960884,278.64646461008806,5207.13,278.64646461008806
1952,txn_009271,cust_00524,1294.73,upi,failed,bank_decline,31,22,9,0.7097,2,0.71,0,145140.23,0,7.166829521874483,0.2149850163017968,278.34755015642537,1294.73,278.34755015642537
1953,txn_003259,cust_02408,883.56,netbanking,failed,bank_decline,34,28,6,0.8235,0,8.21,0,114916.21,1,6.7850903462341465,0.3149521548235511,278.27912591589677,883.56,278.27912591589677
1954,txn_006456,cust_01328,1700.91,wallet,failed,bank_decline,21,15,6,0.7143,2,3.9,0,89948.65,0,7.439506428769255,0.16346480828096832,278.03892705318185,1700.91,278.03892705318185
1955,txn_002502,cust_00271,705.81,upi,failed,bank_decline,2,2,0,1.0,2,1.88,0,58939.72,0,6.560761888619366,0.39370501227002047,277.8809347103031,705.81,277.8809347103031
1956,txn_003313,cust_00285,785.22,card,failed,network_error,35,31,4,0.8857,2,7.95,0,8760.76,1,6.6672366514838375,0.3531821749886549,277.3257074445916,785.22,277.3257074445916
1957,txn_009476,cust_01558,473.12,wallet,abandoned,none,12,9,3,0.75,0,6.84,1,5631.23,1,6.1614604542113,0.5859623593565706,277.23051145878065,473.12,277.23051145878065
1958,txn_009999,cust_02166,5011.8,netbanking,failed,technical_error,9,8,1,0.8889,3,13.42,0,66544.91,0,8.519749920197928,0.05530239468160487,277.1645416652673,5011.8,277.1645416652673
1959,txn_006027,cust_00130,551.91,card,failed,authentication_failed,33,22,11,0.6667,1,0.8,0,12936.61,1,6.315195239633576,0.5017605406498161,276.92665999004,551.91,276.92665999004
1960,txn_009274,cust_02308,822.73,upi,failed,technical_error,28,26,2,0.9286,2,7.17,0,72269.69,0,6.713842806311047,0.3356575991264813,276.15557652932995,822.73,276.15557652932995
1961,txn_001102,cust_01925,2556.71,upi,failed,authentication_failed,11,5,6,0.4545,2,3.92,0,76329.57,0,7.846867605891772,0.10792232557713763,275.92608902632355,2556.71,275.92608902632355
1962,txn_006005,cust_01584,1009.81,wallet,failed,bank_decline,36,29,7,0.8056,2,2.11,0,72375.61,1,6.91850726861904,0.27257675627220124,275.2507342512315,1009.81,275.2507342512315
1963,txn_008952,cust_00666,2950.66,netbanking,failed,insufficient_funds,21,15,6,0.7143,3,6.62,0,26609.1,0,7.990123002935319,0.0931788355768448,274.93906298317285,2950.66,274.93906298317285
1964,txn_001863,cust_01311,399.71,wallet,abandoned,none,11,10,1,0.9091,0,4.27,1,139558.44,1,5.9932379736571235,0.6872621584076335,274.7055573371152,399.71,274.7055573371152
1965,txn_008468,cust_00233,640.97,upi,failed,authentication_failed,25,20,5,0.8,1,3.81,0,74662.2,0,6.464541573626166,0.42713576220824145,273.78120950261655,640.97,273.78120950261655
1966,txn_004505,cust_01069,981.06,wallet,failed,insufficient_funds,30,24,6,0.8,0,13.49,0,101242.39,1,6.889652406284283,0.2787657179654865,273.48589526722014,981.06,273.48589526722014
1967,txn_001249,cust_00503,1906.87,netbanking,failed,bank_decline,37,27,10,0.7297,0,13.69,0,45084.99,0,7.553742715515086,0.1433673047102237,273.3828123327842,1906.87,273.3828123327842
1968,txn_002542,cust_00967,1440.31,upi,failed,technical_error,10,7,3,0.7,2,8.08,0,62531.06,0,7.273307701245797,0.18947166824649272,272.89793849210594,1440.31,272.89793849210594
1969,txn_008508,cust_00859,2925.61,upi,failed,bank_decline,11,9,2,0.8182,2,8.18,0,107059.56,0,7.981600035586815,0.09321901720283006,272.72248891877166,2925.61,272.72248891877166
1970,txn_000987,cust_01547,524.33,card,failed,authentication_failed,30,18,12,0.6,0,3.14,0,47790.96,1,6.264026636551919,0.5190722478190246,272.1651516989492,524.33,272.1651516989492
1971,txn_008733,cust_00855,428.79,card,failed,technical_error,29,22,7,0.7586,0,4.33,0,149592.1,1,6.0632967173020935,0.6334954497252266,271.63651388767994,428.79,271.63651388767994
1972,txn_009661,cust_02190,3581.72,upi,failed,authentication_failed,38,30,8,0.7895,3,6.22,0,123247.52,0,8.183877567446979,0.07582094518029071,271.5693957711508,3581.72,271.5693957711508
1973,txn_001901,cust_01341,447.07,wallet,abandoned,none,35,25,10,0.7143,0,4.25,1,104321.51,1,6.104949470209226,0.6068424997565502,271.30107636616094,447.07,271.30107636616094
1974,txn_004501,cust_01866,488.9,card,abandoned,none,7,6,1,0.8571,0,6.9,1,99709.96,0,6.194201288644529,0.5520843022504245,269.9140153702325,488.9,269.9140153702325
1975,txn_000266,cust_01144,1461.34,upi,failed,bank_decline,35,19,16,0.5429,1,4.65,0,97659.48,0,7.287793171411806,0.18465175466801628,269.8389951665589,1461.34,269.8389951665589
1976,txn_008605,cust_01093,1590.09,card,failed,network_error,16,11,5,0.6875,1,13.7,0,69633.17,1,7.37217459493397,0.16893442514946627,268.6209400859148,1590.09,268.6209400859148
1977,txn_008470,cust_00064,3581.28,netbanking,failed,technical_error,1,1,0,1.0,3,12.27,0,143118.57,0,8.183754748186532,0.07491007684787453,268.2739600137561,3581.28,268.2739600137561
1978,txn_008274,cust_01417,1169.17,netbanking,failed,authentication_failed,15,9,6,0.6,2,1.19,0,64955.41,1,7.0649043163822025,0.22889562391012266,267.61789660699816,1169.17,267.61789660699816
1979,txn_003696,cust_00233,645.88,card,failed,bank_decline,25,20,5,0.8,0,6.27,0,74662.2,1,6.472160805892461,0.4137599095059941,267.23925035173147,645.88,267.23925035173147
1980,txn_000722,cust_00396,2427.0,card,failed,insufficient_funds,20,18,2,0.9,3,7.22,0,105260.32,0,7.794823152179389,0.10995118289448004,266.85152088490304,2427.0,266.85152088490304
1981,txn_001299,cust_01454,1442.58,wallet,failed,authentication_failed,1,1,0,1.0,3,4.12,0,148045.5,0,7.274881418419406,0.18482069507950855,266.6186383077974,1442.58,266.6186383077974
1982,txn_006129,cust_01770,949.37,netbanking,failed,technical_error,1,1,0,1.0,2,9.46,0,71640.48,1,6.856851382453609,0.28066272701866773,266.4527731497126,949.37,266.4527731497126
1983,txn_008714,cust_01401,2084.44,card,failed,network_error,32,28,4,0.875,3,10.17,0,41011.99,0,7.642735143144016,0.12756684721337752,265.90543900545265,2084.44,265.90543900545265
1984,txn_004134,cust_01003,1545.65,wallet,failed,bank_decline,9,8,1,0.8889,1,12.24,0,1772.04,0,7.3438465806320625,0.1718389192178301,265.6028254890391,1545.65,265.6028254890391
1985,txn_007165,cust_02193,398.71,netbanking,abandoned,none,22,17,5,0.7727,0,1.92,1,138430.44,0,5.990739284168387,0.6661160882895093,265.58714556191023,398.71,265.58714556191023
1986,txn_008954,cust_01653,462.25,netbanking,failed,network_error,25,21,4,0.84,1,6.18,0,16112.86,1,6.138266865165469,0.5737726864867548,265.22642432850245,462.25,265.22642432850245
1987,txn_000690,cust_00282,439.77,wallet,abandoned,none,25,19,6,0.76,0,6.07,1,42460.24,1,6.088523197446424,0.6030466459325341,265.2018234817505,439.77,265.2018234817505
1988,txn_007518,cust_01587,500.48,card,failed,insufficient_funds,34,32,2,0.9412,0,9.7,0,38123.02,0,6.217563726247825,0.529188234342412,264.8481275236904,500.48,264.8481275236904
1989,txn_001831,cust_01031,357.9,netbanking,failed,insufficient_funds,26,22,4,0.8462,0,0.97,0,124221.48,1,5.883043798153562,0.7399496853779345,264.82799239676274,357.9,264.82799239676274
1990,txn_005978,cust_00088,597.58,wallet,failed,authentication_failed,24,20,4,0.8333,2,0.19,0,66276.91,1,6.394560183567412,0.44297660465353894,264.7139594088618,597.58,264.7139594088618
1991,txn_009394,cust_00411,2632.97,upi,failed,bank_decline,31,19,12,0.6129,1,10.18,0,52846.2,0,7.876247492716725,0.10050131239100038,264.61694048613225,2632.97,264.61694048613225
1992,txn_005062,cust_00789,378.03,netbanking,failed,technical_error,6,4,2,0.6667,0,2.04,0,78999.2,1,5.9376153576226045,0.6996482204049861,264.48801675969685,378.03,264.48801675969685
1993,txn_003076,cust_02205,870.48,upi,failed,network_error,35,28,7,0.8,1,10.81,0,124300.75,0,6.770192915758133,0.3037563409700297,264.41381968759146,870.48,264.41381968759146
1994,txn_007076,cust_02270,434.42,card,failed,bank_decline,22,18,4,0.8182,0,0.71,0,142105.3,0,6.0763110825181,0.6063297112121458,263.4017531447804,434.42,263.4017531447804
1995,txn_005812,cust_02162,2107.22,card,failed,network_error,23,18,5,0.7826,3,7.48,0,122768.28,0,7.6535992685420515,0.12498502716063915,263.37094893344204,2107.22,263.37094893344204
1996,txn_000883,cust_02112,430.34,upi,abandoned,none,21,17,4,0.8095,0,6.26,1,37680.1,0,6.066896642223835,0.6117611352436582,263.26528694075586,430.34,263.26528694075586
1997,txn_000964,cust_00313,667.85,upi,failed,bank_decline,28,24,4,0.8571,1,4.55,0,27244.41,0,6.505559819741595,0.39371144209810277,262.94018660521795,667.85,262.94018660521795
1998,txn_004925,cust_00146,750.49,wallet,failed,insufficient_funds,14,11,3,0.7857,0,11.84,0,76376.82,0,6.622057902384601,0.35026822032769733,262.87279667373355,750.49,262.87279667373355
1999,txn_004749,cust_01757,2018.8,netbanking,failed,technical_error,8,7,1,0.875,2,12.08,0,102494.98,0,7.610753775592457,0.13015680078536288,262.7605494254906,2018.8,262.7605494254906
2000,txn_004512,cust_01140,1961.67,netbanking,failed,insufficient_funds,39,37,2,0.9487,2,10.96,0,105861.52,0,7.582061070108725,0.13344508906826458,261.7752278725426,1961.67,261.7752278725426
2001,txn_000232,cust_00904,3860.2,upi,failed,authentication_failed,21,17,4,0.8095,2,11.38,0,129361.28,0,8.25873329497446,0.06780486213151489,261.74032880007377,3860.2,261.74032880007377
2002,txn_000309,cust_02471,750.13,upi,failed,network_error,12,10,2,0.8333,3,2.16,0,81999.46,0,6.6215787393135805,0.3484840533294089,261.4083429239895,750.13,261.4083429239895
2003,txn_006235,cust_00448,458.71,wallet,failed,network_error,20,18,2,0.9,1,6.21,0,125783.91,1,6.130595855892963,0.5694646259538769,261.2191185713029,458.71,261.2191185713029
2004,txn_004850,cust_01309,543.77,upi,failed,network_error,8,5,3,0.625,1,5.74,0,4365.18,0,6.300363687239815,0.48004459921308457,261.033851714099,543.77,261.033851714099
2005,txn_007157,cust_00109,951.46,wallet,failed,technical_error,13,10,3,0.7692,3,2.38,0,80906.58,1,6.859048111368396,0.27384238286917956,260.5500736047096,951.46,260.5500736047096
2006,txn_003177,cust_02362,1223.43,upi,failed,insufficient_funds,24,21,3,0.875,1,11.68,0,112436.43,0,7.110230708567892,0.21291199174594824,260.48291806174547,1223.43,260.48291806174547
2007,txn_009578,cust_01248,1649.46,netbanking,failed,authentication_failed,28,21,7,0.75,2,6.57,0,42118.32,0,7.408809315919295,0.1576273202161404,259.99995960371496,1649.46,259.99995960371496
2008,txn_001661,cust_02148,742.32,upi,failed,technical_error,3,3,0,1.0,3,3.33,0,100619.25,0,6.61112663840545,0.350092967298959,259.8810114853633,742.32,259.8810114853633
2009,txn_009489,cust_00947,458.68,netbanking,abandoned,none,9,7,2,0.7778,0,6.2,1,49866.91,1,6.130530595230979,0.5641130779907253,258.7473866127859,458.68,258.7473866127859
2010,txn_001549,cust_01761,839.54,upi,failed,authentication_failed,23,20,3,0.8696,1,8.29,0,52293.1,0,6.734044542436077,0.3080410624126161,258.6127935378877,839.54,258.6127935378877
2011,txn_003055,cust_01829,3140.98,card,failed,authentication_failed,11,7,4,0.6364,2,8.1,0,73946.99,0,8.052608453422932,0.08219823412685014,258.18300942775375,3140.98,258.18300942775375
2012,txn_002589,cust_01362,929.2,upi,failed,network_error,3,3,0,1.0,2,10.53,0,114240.62,0,6.835399616789997,0.27755886871626906,257.9077008111572,929.2,257.9077008111572
2013,txn_009826,cust_00666,357.11,netbanking,abandoned,none,21,15,6,0.7143,0,1.49,1,26609.1,1,5.880840201775056,0.7195868731463156,256.97166826928077,357.11,256.97166826928077
2014,txn_006538,cust_00925,2456.03,card,failed,insufficient_funds,19,18,1,0.9474,3,8.87,0,74739.24,0,7.806708582458848,0.10429602661476402,256.1541702466589,2456.03,256.1541702466589
2015,txn_000148,cust_02421,1440.33,wallet,failed,authentication_failed,9,8,1,0.8889,2,7.67,0,107564.2,0,7.2733215774148645,0.1778198939734261,256.11932788674477,1440.33,256.11932788674477
2016,txn_003901,cust_00989,623.71,card,failed,insufficient_funds,10,8,2,0.8,1,6.0,0,44277.45,0,6.437287542055091,0.41055958787748686,256.0701205550673,623.71,256.0701205550673
2017,txn_006162,cust_01918,3766.11,upi,failed,bank_decline,15,15,0,1.0,3,7.87,0,146706.44,0,8.234063408221369,0.06793010041615904,255.83223047830074,3766.11,255.83223047830074
2018,txn_008156,cust_00762,2799.92,card,failed,technical_error,23,21,2,0.913,3,9.87,0,139640.32,0,7.937703213624096,0.09134440647100217,255.7570305662884,2799.92,255.7570305662884
2019,txn_009605,cust_01802,4888.54,upi,failed,technical_error,11,9,2,0.8182,3,12.21,0,126255.17,0,8.49485350851445,0.05229881254689448,255.66483708799555,4888.54,255.66483708799555
2020,txn_005761,cust_01263,1847.37,upi,failed,authentication_failed,21,15,6,0.7143,3,2.96,0,44425.77,0,7.522059448611207,0.13838092505812258,255.6407695246239,1847.37,255.6407695246239
2021,txn_001151,cust_01548,466.67,upi,abandoned,none,8,6,2,0.75,0,6.15,1,80852.76,0,6.147762918992699,0.547711419414108,255.60048809798175,466.67,255.60048809798175
2022,txn_002172,cust_00946,1444.94,card,failed,insufficient_funds,39,30,9,0.7692,3,1.95,0,134076.62,1,7.276514908081886,0.1768083699700624,255.47748610454198,1444.94,255.47748610454198
2023,txn_000349,cust_00405,491.71,card,abandoned,none,18,13,5,0.7222,0,5.97,1,86860.8,1,6.199920765670314,0.5183262578903598,254.8662042672688,491.71,254.8662042672688
2024,txn_000815,cust_00922,427.47,upi,abandoned,none,33,25,8,0.7576,0,5.45,1,69127.37,0,6.060220723918292,0.5961027698282955,254.81605101850147,427.47,254.81605101850147
2025,txn_009357,cust_01387,1032.11,netbanking,failed,technical_error,26,11,15,0.4231,1,6.04,0,73929.35,0,6.940328949413625,0.24648949045558943,254.40426799411838,1032.11,254.40426799411838
2026,txn_000436,cust_00095,1956.44,card,failed,authentication_failed,3,1,2,0.3333,1,3.74,0,129085.67,0,7.5793927760542,0.12994143657378504,254.22262417041603,1956.44,254.22262417041603
2027,txn_008980,cust_02378,359.36,card,abandoned,none,9,8,1,0.8889,0,3.75,1,79484.61,1,5.887103531783239,0.7062706469072557,253.80541967259143,359.36,253.80541967259143
2028,txn_009486,cust_00582,533.71,netbanking,failed,bank_decline,5,4,1,0.8,0,4.78,0,71960.65,1,6.281724543855734,0.47498367028819743,253.50353466951387,533.71,253.50353466951387
2029,txn_004813,cust_01814,1347.11,wallet,failed,authentication_failed,38,31,7,0.8158,2,6.61,0,87466.65,0,7.2064588905168465,0.18765344322898944,252.78982990820396,1347.11,252.78982990820396
2030,txn_001479,cust_01053,697.36,upi,failed,authentication_failed,14,13,1,0.9286,0,11.13,0,114517.08,0,6.548734729116574,0.36205607381225274,252.4834236337126,697.36,252.4834236337126
2031,txn_004594,cust_00361,1345.3,upi,failed,technical_error,4,3,1,0.75,3,5.11,0,38619.28,0,7.205115367985189,0.18740427899939274,252.11497653788305,1345.3,252.11497653788305
2032,txn_009821,cust_00835,696.26,netbanking,failed,technical_error,10,8,2,0.8,1,7.58,0,127451.73,0,6.547158368462838,0.36091387812418874,251.28989678274763,696.26,251.28989678274763
2033,txn_006874,cust_00633,470.85,netbanking,failed,insufficient_funds,26,20,6,0.7692,1,3.22,0,11368.23,1,6.156661138467342,0.532773944264942,250.85661165714794,470.85,250.85661165714794
2034,txn_009683,cust_01318,427.05,card,abandoned,none,28,22,6,0.7857,0,5.9,1,59941.77,0,6.0592400111884945,0.5841341849626184,249.4545036882862,427.05,249.4545036882862
2035,txn_009508,cust_01804,947.75,card,failed,technical_error,7,5,2,0.7143,3,1.19,0,71146.35,0,6.85514532870984,0.2626792364926381,248.95424638589773,947.75,248.95424638589773
2036,txn_007553,cust_01940,432.68,wallet,abandoned,none,6,5,1,0.8333,0,6.58,1,118975.71,0,6.072306934952083,0.575225768195826,248.88868538297,432.68,248.88868538297
2037,txn_002654,cust_01041,820.24,netbanking,failed,network_error,24,15,9,0.625,2,3.74,0,104222.52,1,6.710815393164563,0.30327595715174355,248.75907109414612,820.24,248.75907109414612
2038,txn_001255,cust_00129,459.46,netbanking,abandoned,none,34,24,10,0.7059,0,6.38,1,24457.48,0,6.132225989816225,0.5411783862343843,248.6498213392502,459.46,248.6498213392502
2039,txn_007697,cust_01416,2130.85,upi,failed,insufficient_funds,20,15,5,0.75,1,13.77,0,109172.27,0,7.664745426337807,0.11662540532535695,248.51124493753684,2130.85,248.51124493753684
2040,txn_004208,cust_00019,864.52,wallet,failed,insufficient_funds,35,28,7,0.8,3,1.84,0,19599.1,0,6.763330482379318,0.28697921329789955,248.0992694803001,864.52,248.0992694803001
2041,txn_005076,cust_01122,1181.95,upi,failed,bank_decline,4,4,0,1.0,1,10.96,0,84795.51,0,7.075766597658298,0.20966776311290203,247.81681261129455,1181.95,247.81681261129455
2042,txn_007104,cust_01944,821.91,upi,failed,authentication_failed,24,21,3,0.875,1,7.36,0,123971.34,1,6.712846838682684,0.3009994218127831,247.39443478214454,821.91,247.39443478214454
2043,txn_009671,cust_02164,6756.67,netbanking,failed,insufficient_funds,31,23,8,0.7419,3,10.58,0,133188.62,0,8.818433435066868,0.036585502061271966,247.19616421233445,6756.67,247.19616421233445
2044,txn_008332,cust_02389,1340.53,card,failed,authentication_failed,23,21,2,0.913,2,7.61,0,72766.1,0,7.201566032642093,0.18428031510566906,247.03329080860254,1340.53,247.03329080860254
2045,txn_004364,cust_01597,1661.62,netbanking,failed,authentication_failed,31,26,5,0.8387,1,12.02,0,79885.41,0,7.416149950376253,0.14861742999227207,246.9456940237591,1661.62,246.9456940237591
2046,txn_008716,cust_01652,595.96,upi,failed,technical_error,25,22,3,0.88,3,0.71,0,53333.44,1,6.3918501094728475,0.414054293650491,246.75979684394665,595.96,246.75979684394665
2047,txn_001704,cust_02290,456.68,upi,failed,authentication_failed,37,27,10,0.7297,1,0.99,0,41092.29,1,6.126170249960273,0.5385280960683526,245.93501091249527,456.68,245.93501091249527
2048,txn_000816,cust_01605,417.73,netbanking,abandoned,none,38,26,12,0.6842,0,4.65,1,48382.65,0,6.037226320804645,0.5846759307536099,244.23667655370548,417.73,244.23667655370548
2049,txn_007872,cust_01122,856.82,netbanking,failed,network_error,4,4,0,1.0,3,6.07,0,84795.51,0,6.754394287269128,0.2844059007756052,243.68466390255404,856.82,243.68466390255404
2050,txn_009692,cust_00289,1273.18,card,failed,insufficient_funds,16,14,2,0.875,3,4.85,0,30704.74,1,7.1500581134361445,0.1912062133486005,243.43992671117118,1273.18,243.43992671117118
2051,txn_002076,cust_01971,2310.94,upi,failed,insufficient_funds,12,9,3,0.75,3,5.74,0,104080.84,0,7.7458422778984275,0.10533237043788928,243.41678813973584,2310.94,243.41678813973584
2052,txn_002505,cust_01587,1494.89,netbanking,failed,bank_decline,34,32,2,0.9412,1,11.86,0,38123.02,0,7.310476626419238,0.1627584085689671,243.30591738566324,1494.89,243.30591738566324
2053,txn_007849,cust_00261,3275.54,wallet,failed,authentication_failed,27,16,11,0.5926,3,5.11,0,59032.05,0,8.094543266553972,0.0742756015385983,243.2927038637403,3275.54,243.2927038637403
2054,txn_007530,cust_02230,1212.09,netbanking,failed,bank_decline,20,18,2,0.9,1,9.06,0,87070.02,0,7.100926102399397,0.20058295755866032,243.12459702727656,1212.09,243.12459702727656
2055,txn_003496,cust_01367,959.08,netbanking,failed,technical_error,23,20,3,0.8696,1,11.63,0,129467.74,0,6.867016614323186,0.25133276224960915,241.04822561835516,959.08,241.04822561835516
2056,txn_008728,cust_00428,1187.24,upi,failed,technical_error,19,18,1,0.9474,3,7.28,0,66279.3,0,7.080228499721278,0.20301909958467437,241.0323957909088,1187.24,241.0323957909088
2057,txn_005330,cust_00687,1290.9,card,failed,insufficient_funds,21,16,5,0.7619,1,12.16,0,23492.65,0,7.163869281966256,0.18622024796304046,240.39171809548895,1290.9,240.39171809548895
2058,txn_007599,cust_00678,837.09,wallet,failed,authentication_failed,10,7,3,0.7,2,2.64,0,36204.06,0,6.7311254932832885,0.2868821536583223,240.14618200584505,837.09,240.14618200584505
2059,txn_001578,cust_01933,3268.9,card,failed,insufficient_funds,6,5,1,0.8333,2,13.68,0,69405.09,0,8.092514682383934,0.07341216175129169,239.9770155487974,3268.9,239.9770155487974
2060,txn_008449,cust_01146,1093.22,netbanking,failed,network_error,33,26,7,0.7879,3,3.86,0,132538.98,1,6.997797059656796,0.2191318311981353,239.5593005024255,1093.22,239.5593005024255
2061,txn_001066,cust_00794,1405.56,card,failed,authentication_failed,3,3,0,1.0,2,9.26,0,95714.95,0,7.248902286102869,0.17035015660858532,239.43736612276317,1405.56,239.43736612276317
2062,txn_004280,cust_00770,343.83,netbanking,abandoned,none,31,28,3,0.9032,0,3.77,1,104714.73,1,5.843051541965209,0.6962564270261306,239.39384730439446,343.83,239.39384730439446
2063,txn_008364,cust_02499,435.5,wallet,failed,bank_decline,38,38,0,1.0,1,3.21,0,39134.84,0,6.0787883752796565,0.5491926943894107,239.17341840658833,435.5,239.17341840658833
2064,txn_003497,cust_01314,616.36,wallet,failed,authentication_failed,36,29,7,0.8056,1,5.72,0,64529.04,1,6.425452322149348,0.3868171113623433,238.41859475929394,616.36,238.41859475929394
2065,txn_007620,cust_00170,600.73,netbanking,failed,insufficient_funds,10,9,1,0.9,0,11.64,0,82292.95,0,6.3998088397169886,0.3960404022125288,237.9133508211324,600.73,237.9133508211324
2066,txn_007471,cust_02267,310.86,card,abandoned,none,17,16,1,0.9412,0,3.66,1,27080.18,0,5.742554369156739,0.7649843238340495,237.80302690705264,310.86,237.80302690705264
2067,txn_004399,cust_01387,877.5,wallet,failed,technical_error,26,11,15,0.4231,1,6.4,0,73929.35,0,6.7782159076271515,0.2704756629705983,237.34239425669998,877.5,237.34239425669998
2068,txn_002492,cust_02168,305.49,wallet,abandoned,none,18,14,4,0.7778,0,1.47,1,32516.05,1,5.725185128416607,0.7766292429647096,237.25246743328913,305.49,237.25246743328913
2069,txn_007725,cust_01289,4015.93,wallet,failed,technical_error,26,24,2,0.9231,3,13.34,0,145054.86,0,8.298273208267693,0.05905658631597898,237.16711668392946,4015.93,237.16711668392946
2070,txn_007680,cust_00254,831.91,card,failed,network_error,21,14,7,0.6667,3,0.12,0,134061.0,0,6.7249255931124665,0.2848939399595231,237.00611759172688,831.91,237.00611759172688
2071,txn_002425,cust_02391,1949.59,wallet,failed,authentication_failed,29,20,9,0.6897,3,3.99,0,46872.36,0,7.57588716989707,0.12107676489481617,236.05005007128466,1949.59,236.05005007128466
2072,txn_005958,cust_02067,568.36,upi,failed,insufficient_funds,37,27,10,0.7297,0,8.53,0,123421.28,1,6.344512922991016,0.41470842853320755,235.70368244113385,568.36,235.70368244113385
2073,txn_005775,cust_01632,822.32,netbanking,failed,technical_error,15,11,4,0.7333,2,4.73,0,100164.22,1,6.7133449464908,0.28643510692670704,235.54131712796973,822.32,235.54131712796973
2074,txn_002049,cust_01906,725.17,netbanking,failed,authentication_failed,11,8,3,0.7273,1,5.88,0,16453.25,1,6.587784147193288,0.3247051299863822,235.46641911222474,725.17,235.46641911222474
2075,txn_008075,cust_01253,428.83,card,failed,technical_error,13,11,2,0.8462,1,5.05,0,69221.38,0,6.063389781679444,0.5490514418382455,235.44972980349482,428.83,235.44972980349482
2076,txn_007636,cust_01225,1255.12,netbanking,failed,technical_error,19,18,1,0.9474,2,10.74,0,119910.22,0,7.1357828838656285,0.1872595401519238,235.03319403548258,1255.12,235.03319403548258
2077,txn_001420,cust_01011,858.18,netbanking,failed,bank_decline,15,11,4,0.7333,1,4.42,0,80737.69,0,6.755978446016265,0.27357675434459966,234.77809904344852,858.18,234.77809904344852
2078,txn_007577,cust_01771,469.39,card,failed,network_error,9,7,2,0.7778,2,1.46,0,97458.36,1,6.153562137855051,0.500069396117706,234.72757384368998,469.39,234.72757384368998
2079,txn_003458,cust_00319,620.04,netbanking,failed,network_error,16,13,3,0.8125,1,8.71,0,124778.92,1,6.431395492097425,0.37823049331995534,234.5180350781051,620.04,234.5180350781051
2080,txn_008632,cust_00267,688.42,netbanking,failed,technical_error,27,24,3,0.8889,3,1.7,0,81194.86,0,6.535850664395933,0.34060169004120705,234.47701545816776,688.42,234.47701545816776
2081,txn_002085,cust_00547,348.53,netbanking,abandoned,none,16,13,3,0.8125,0,2.63,1,133201.64,0,5.8565893948999594,0.6723698483422798,234.34106324273475,348.53,234.34106324273475
2082,txn_003019,cust_01238,861.67,wallet,failed,insufficient_funds,39,37,2,0.9487,2,7.08,0,117881.37,0,6.760032230932851,0.2713018991791599,233.77270746570673,861.67,233.77270746570673
2083,txn_008942,cust_01167,1144.23,upi,failed,network_error,4,3,1,0.75,2,8.83,0,114886.49,0,7.043360769178433,0.20426830121124637,233.72991829494444,1144.23,233.72991829494444
2084,txn_000631,cust_01193,310.37,netbanking,abandoned,none,1,1,0,1.0,0,3.67,1,105723.93,1,5.740981915645308,0.7528943961662343,233.67583373811416,310.37,233.67583373811416
2085,txn_009062,cust_01747,319.81,card,abandoned,none,4,4,0,1.0,0,4.99,1,77775.19,0,5.770849047576346,0.7301848323806012,233.52041124364007,319.81,233.52041124364007
2086,txn_002683,cust_01520,1247.97,netbanking,failed,insufficient_funds,16,14,2,0.875,1,13.82,0,23434.39,1,7.130074490621739,0.18667424085965614,232.9638523656251,1247.97,232.9638523656251
2087,txn_003078,cust_00454,339.59,netbanking,abandoned,none,21,18,3,0.8571,0,2.99,1,130570.65,0,5.830679407844552,0.6859142148872743,232.92960823356947,339.59,232.92960823356947
2088,txn_001538,cust_00050,399.31,card,failed,network_error,15,10,5,0.6667,0,5.64,0,149601.54,1,5.992239246950553,0.579549315734299,231.41983726586295,399.31,231.41983726586295
2089,txn_008608,cust_00904,1775.49,netbanking,failed,bank_decline,21,17,4,0.8095,3,1.09,0,129361.28,1,7.482394786399362,0.1302353037628671,231.2314794779329,1775.49,231.2314794779329
2090,txn_008278,cust_01268,365.35,card,abandoned,none,37,26,11,0.7027,0,4.21,1,30770.21,1,5.903589160605973,0.6311924244629853,230.6061522775517,365.35,230.6061522775517
2091,txn_003891,cust_00099,998.25,wallet,failed,network_error,37,33,4,0.8919,2,11.15,0,86855.54,0,6.907004997591433,0.23067951964203645,230.27583048266288,998.25,230.27583048266288
2092,txn_003779,cust_00912,405.9,netbanking,failed,insufficient_funds,4,3,1,0.75,1,1.5,0,44241.59,0,6.008567455007644,0.5672671224405461,230.25372499861766,405.9,230.25372499861766
2093,txn_001955,cust_01762,435.11,upi,failed,network_error,17,9,8,0.5294,0,5.92,0,112595.21,1,6.077894505106343,0.527528541214872,229.53294356800296,435.11,229.53294356800296
2094,txn_002648,cust_01586,1158.01,card,failed,network_error,9,7,2,0.7778,2,10.04,0,63465.99,1,7.055321471430226,0.19787127541025776,229.13691563783257,1158.01,229.13691563783257
2095,txn_006433,cust_00135,2054.87,upi,failed,network_error,39,35,4,0.8974,3,12.58,0,6921.51,0,7.628454395003998,0.11140265719783622,228.9179781961177,2054.87,228.9179781961177
2096,txn_004202,cust_01353,380.81,netbanking,abandoned,none,6,4,2,0.6667,0,3.05,1,85244.27,1,5.944923102672066,0.6009335466386206,228.84150389545312,380.81,228.84150389545312
2097,txn_007507,cust_00865,1600.26,netbanking,failed,technical_error,37,24,13,0.6486,3,4.98,0,55967.76,0,7.378546098312443,0.1429729851488877,228.79394921435903,1600.26,228.79394921435903
2098,txn_003117,cust_02447,5054.12,wallet,failed,bank_decline,16,13,3,0.8125,2,13.06,0,95303.44,0,8.528156870045212,0.04520613079058028,228.4772097512876,5054.12,228.4772097512876
2099,txn_001562,cust_00641,1208.97,card,failed,bank_decline,40,29,11,0.725,1,8.58,0,8414.61,1,7.098350844894996,0.18872242456220906,228.1597496229739,1208.97,228.1597496229739
2100,txn_000303,cust_01188,1249.19,card,failed,authentication_failed,15,15,0,1.0,2,9.68,0,45696.22,0,7.131050818745518,0.18228175894802004,227.70455046027718,1249.19,227.70455046027718
2101,txn_006851,cust_00905,660.44,card,failed,authentication_failed,21,17,4,0.8095,2,0.88,0,110395.76,1,6.494419276493404,0.3433282804339383,226.74772952979023,660.44,226.74772952979023
2102,txn_004560,cust_00278,383.72,netbanking,failed,bank_decline,30,27,3,0.9,1,0.15,0,28077.62,1,5.952515796969407,0.5906213895272038,226.63323958937866,383.72,226.63323958937866
2103,txn_008916,cust_00590,658.45,wallet,failed,insufficient_funds,28,20,8,0.7143,2,2.08,0,103228.53,0,6.4914061542718935,0.34415122970465056,226.60637719902718,658.45,226.60637719902718
2104,txn_004369,cust_01983,571.3,upi,failed,network_error,36,27,9,0.75,1,7.95,0,129245.42,0,6.349663329415057,0.39643899081002687,226.48559544976834,571.3,226.48559544976834
2105,txn_001781,cust_01634,511.76,card,failed,bank_decline,19,16,3,0.8421,1,3.12,0,19974.91,1,6.239807899443933,0.44191951004382124,226.15672846002596,511.76,226.15672846002596
2106,txn_002276,cust_01863,400.46,wallet,failed,insufficient_funds,17,15,2,0.8824,0,8.53,0,71685.05,1,5.995107902022781,0.5646452996269831,226.11785668862163,400.46,226.11785668862163
2107,txn_002155,cust_02218,2197.64,upi,failed,technical_error,8,6,2,0.75,2,12.7,0,78444.51,0,7.695594266375063,0.10283522878312461,225.99481218294594,2197.64,225.99481218294594
2108,txn_005763,cust_02261,1990.4,wallet,failed,insufficient_funds,36,22,14,0.6111,2,9.46,0,43389.57,0,7.596593187953984,0.11347231982086932,225.85530537145831,1990.4,225.85530537145831
2109,txn_004745,cust_02134,518.2,upi,failed,technical_error,38,27,11,0.7105,2,1.29,0,110250.8,1,6.252289165389881,0.4355488816779153,225.7014304854957,518.2,225.7014304854957
2110,txn_009895,cust_00761,576.4,wallet,failed,authentication_failed,15,8,7,0.5333,1,0.37,0,122688.79,1,6.358535267228834,0.39115471052339496,225.46157514568483,576.4,225.46157514568483
2111,txn_002381,cust_01356,368.94,upi,abandoned,none,19,13,6,0.6842,0,4.87,1,26063.14,1,5.913340830326403,0.6094089834668096,224.83535036024475,368.94,224.83535036024475
2112,txn_007993,cust_00986,2175.77,upi,failed,authentication_failed,37,28,9,0.7568,3,4.68,0,101816.71,0,7.6855974056761625,0.10318151431726465,224.4992434060749,2175.77,224.4992434060749
2113,txn_009086,cust_01059,1057.07,upi,failed,insufficient_funds,36,25,11,0.6944,1,8.97,0,135530.34,0,6.964201772800487,0.2122115942559656,224.32250994015357,1057.07,224.32250994015357
2114,txn_005334,cust_01552,658.48,upi,failed,bank_decline,20,15,5,0.75,0,7.13,0,124131.62,0,6.491451645692978,0.3405381899978885,224.23758734980962,658.48,224.23758734980962
2115,txn_006325,cust_01119,387.95,netbanking,abandoned,none,35,19,16,0.5429,0,2.52,1,71554.3,1,5.963450800652783,0.5773196517539848,223.9711588979584,387.95,223.9711588979584
2116,txn_000391,cust_02350,755.75,wallet,failed,technical_error,29,14,15,0.4828,0,10.08,0,133555.23,0,6.629032947901828,0.29512231061331695,223.0386862460143,755.75,223.0386862460143
2117,txn_002106,cust_00754,1872.41,upi,failed,bank_decline,24,17,7,0.7083,2,5.88,0,83626.57,0,7.5355155786491155,0.1190916265721589,222.98835250997604,1872.41,222.98835250997604
2118,txn_001520,cust_01803,1455.16,wallet,failed,insufficient_funds,36,21,15,0.5833,1,11.87,0,27989.24,0,7.283558112829046,0.15321795592836404,222.95664074871823,1455.16,222.95664074871823
2119,txn_000652,cust_01148,892.01,card,failed,technical_error,31,26,5,0.8387,3,3.01,0,114482.72,1,6.794597779022086,0.24988617965500687,222.90097111406268,892.01,222.90097111406268
2120,txn_007409,cust_01476,323.03,card,failed,network_error,6,5,1,0.8333,1,1.16,0,138769.54,0,5.780836104098492,0.6900115526628712,222.89443185668725,323.03,222.89443185668725
2121,txn_002667,cust_00644,358.29,card,abandoned,none,29,20,9,0.6897,0,3.67,1,62713.38,1,5.884129861836807,0.6220478424651326,222.87352147683237,358.29,222.87352147683237
2122,txn_001090,cust_01322,273.59,wallet,failed,network_error,14,13,1,0.9286,1,1.11,0,31661.89,1,5.615279076064797,0.8136118138583217,222.5960561534982,273.59,222.5960561534982
2123,txn_002127,cust_01703,1012.53,card,failed,bank_decline,3,2,1,0.6667,1,5.12,0,75813.12,0,6.921194565848643,0.21956076778727443,222.31186420764897,1012.53,222.31186420764897
2124,txn_001343,cust_00940,1399.39,netbanking,failed,network_error,24,11,13,0.4583,2,5.85,0,113489.81,0,7.244506048238105,0.1587690781592563,222.1798602852817,1399.39,222.1798602852817
2125,txn_005162,cust_00479,2374.67,card,failed,technical_error,7,5,2,0.7143,3,8.12,0,67108.1,0,7.7730347819476915,0.09353932858247103,222.1250374049365,2374.67,222.1250374049365
2126,txn_001253,cust_02029,796.0,upi,failed,authentication_failed,20,18,2,0.9,3,0.72,0,74092.09,1,6.680854678790215,0.27854304618304515,221.72026476170393,796.0,221.72026476170393
2127,txn_008152,cust_00347,636.35,netbanking,failed,insufficient_funds,31,25,6,0.8065,1,7.9,0,42198.44,0,6.4573189552289305,0.3475767587970903,221.18047046052843,636.35,221.18047046052843
2128,txn_003408,cust_02062,2712.93,netbanking,failed,bank_decline,5,3,2,0.6,3,0.79,0,112286.73,0,7.906153047873539,0.08143087338895164,220.91625934308854,2712.93,220.91625934308854
2129,txn_003698,cust_01726,3671.5,wallet,failed,authentication_failed,17,7,10,0.4118,1,12.23,0,58073.48,0,8.208627908048033,0.06000296689073464,220.30089293933221,3671.5,220.30089293933221
2130,txn_006517,cust_00494,2917.04,upi,failed,insufficient_funds,30,22,8,0.7333,2,11.51,0,135280.2,0,7.978667437007968,0.07551626208702444,220.28395715833378,2917.04,220.28395715833378
2131,txn_000161,cust_00771,697.13,wallet,failed,network_error,9,7,2,0.7778,3,2.24,0,114067.33,0,6.548405331839,0.31559192185520607,220.0085964829198,697.13,220.0085964829198
2132,txn_008730,cust_00926,318.38,card,abandoned,none,31,21,10,0.6774,0,2.01,1,43576.51,1,5.766381616412721,0.6897865120193954,219.61422969673512,318.38,219.61422969673512
2133,txn_001900,cust_00051,468.57,card,failed,network_error,9,7,2,0.7778,1,7.04,0,76919.42,0,6.1518173823164775,0.4683987837439143,219.47761809888593,468.57,219.47761809888593
2134,txn_009721,cust_01617,1142.25,netbanking,failed,authentication_failed,13,9,4,0.6923,0,11.87,0,121160.37,0,7.041630362538164,0.1917597806850652,219.0376094875157,1142.25,219.0376094875157
2135,txn_004989,cust_02281,438.35,wallet,failed,authentication_failed,15,10,5,0.6667,0,4.64,0,101860.03,0,6.085296361941852,0.4994333588275577,218.9266128420599,438.35,218.9266128420599
2136,txn_002970,cust_00324,347.36,card,abandoned,none,32,21,11,0.6562,0,1.9,1,127791.97,1,5.853236427824539,0.6295133857746158,218.66776968267055,347.36,218.66776968267055
2137,txn_005633,cust_01123,353.25,upi,abandoned,none,27,23,4,0.8519,0,6.24,1,84035.73,0,5.87000287857079,0.6179023289797765,218.27399771210605,353.25,218.27399771210605
2138,txn_007916,cust_00913,1353.85,netbanking,failed,authentication_failed,25,19,6,0.76,0,14.0,0,129760.41,0,7.211446026078971,0.1611845539224764,218.21970832794466,1353.85,218.21970832794466
2139,txn_001452,cust_00111,566.9,card,failed,bank_decline,18,17,1,0.9444,1,5.23,0,69931.58,1,6.341945346883387,0.38484558155264204,218.16896018219276,566.9,218.16896018219276
2140,txn_005034,cust_01461,1231.83,netbanking,failed,authentication_failed,14,12,2,0.8571,3,3.98,0,6934.2,0,7.11706761855732,0.17663450439802447,217.5836815526185,1231.83,217.5836815526185
2141,txn_007163,cust_02147,1726.61,wallet,failed,technical_error,17,13,4,0.7647,2,12.65,0,56045.84,0,7.454494229446732,0.12594653490137903,217.46054662607003,1726.61,217.46054662607003
2142,txn_005120,cust_01113,1119.79,card,failed,network_error,28,21,7,0.75,1,13.94,0,83821.75,1,7.021789072784564,0.194134779074947,217.3901842603349,1119.79,217.3901842603349
2143,txn_003783,cust_01845,1467.58,wallet,failed,bank_decline,30,29,1,0.9667,1,12.74,0,109446.95,0,7.292051226512686,0.14759571618026243,216.60852115182954,1467.58,216.60852115182954
2144,txn_002096,cust_01890,292.09,card,failed,insufficient_funds,19,14,5,0.7368,0,0.92,0,54671.98,0,5.680479729086366,0.7411939814134899,216.49535003106624,292.09,216.49535003106624
2145,txn_001329,cust_00897,432.14,upi,abandoned,none,35,21,14,0.6,0,6.29,1,44161.08,0,6.071061001379125,0.49969972911229027,215.9402409385851,432.14,215.9402409385851
2146,txn_003255,cust_01296,1299.09,netbanking,failed,insufficient_funds,24,15,9,0.625,3,1.64,0,59278.99,1,7.17018877182252,0.16578520566067984,215.36990282173255,1299.09,215.36990282173255
2147,txn_007384,cust_01634,1076.08,upi,failed,authentication_failed,19,16,3,0.8421,1,11.94,0,19974.91,1,6.982008954806278,0.20004438596265053,215.26376284668896,1076.08,215.26376284668896
2148,txn_006330,cust_02014,2806.3,wallet,failed,authentication_failed,24,19,5,0.7917,2,11.45,0,113511.05,0,7.939978446319058,0.07668993722038742,215.21497082157322,2806.3,215.21497082157322
2149,txn_008597,cust_01102,656.27,card,failed,authentication_failed,15,11,4,0.7333,2,0.67,0,81424.21,0,6.488094892968237,0.32789648870296756,215.1886286410965,656.27,215.1886286410965
2150,txn_008228,cust_01301,1325.85,upi,failed,bank_decline,6,4,2,0.6667,0,13.05,0,18294.33,0,7.190562991017657,0.1620311674193802,214.82902332298522,1325.85,214.82902332298522
2151,txn_002333,cust_01032,813.47,card,failed,authentication_failed,33,15,18,0.4545,1,3.44,0,49861.07,0,6.702537594951247,0.2640793064241698,214.82059339686944,813.47,214.82059339686944
2152,txn_006731,cust_01572,328.48,upi,abandoned,none,6,5,1,0.8333,0,4.1,1,135856.62,1,5.797515654073048,0.6531208785075328,214.53714617215437,328.48,214.53714617215437
2153,txn_001596,cust_00617,675.18,netbanking,failed,technical_error,4,4,0,1.0,2,7.5,0,145291.4,0,6.516459312788165,0.3177337436667182,214.52746904889477,675.18,214.52746904889477
2154,txn_008090,cust_01137,487.85,upi,failed,technical_error,13,12,1,0.9231,0,12.47,0,144349.56,1,6.19205569395168,0.43964663613464744,214.48161143828776,487.85,214.48161143828776
2155,txn_006476,cust_01054,1027.45,card,failed,technical_error,39,26,13,0.6667,3,1.68,0,131097.12,0,6.935808093424172,0.2083299602324216,214.04861764080158,1027.45,214.04861764080158
2156,txn_002659,cust_02208,3315.7,wallet,failed,technical_error,34,30,4,0.8824,3,13.84,0,64914.48,0,8.106725591685281,0.06442662538522376,213.6193617897864,3315.7,213.6193617897864
2157,txn_000307,cust_00800,311.76,card,failed,network_error,23,16,7,0.6957,1,0.41,0,82356.05,1,5.745436123256313,0.6827541576076995,212.8554361757764,311.76,212.8554361757764
2158,txn_007113,cust_01598,341.56,card,failed,insufficient_funds,38,34,4,0.8947,0,5.09,0,149941.26,1,5.836446824841373,0.6222845505447684,212.5475110840711,341.56,212.5475110840711
2159,txn_002046,cust_00883,6795.01,wallet,failed,bank_decline,6,5,1,0.8333,3,12.13,0,38340.19,0,8.824090954244536,0.03123951901240171,212.27284408445973,6795.01,212.27284408445973
2160,txn_008701,cust_01689,3014.85,netbanking,failed,technical_error,3,1,2,0.3333,1,12.65,0,40231.1,0,8.011636993143023,0.0703383657223365,212.05962189798618,3014.85,212.05962189798618
2161,txn_006182,cust_00933,478.15,upi,failed,authentication_failed,36,27,9,0.75,1,3.73,0,44001.65,0,6.172013700789771,0.443449083815605,212.0351794264315,478.15,212.0351794264315
2162,txn_003396,cust_01381,523.29,netbanking,failed,insufficient_funds,7,6,1,0.8571,1,7.69,0,21202.75,1,6.262044966346814,0.4042743624082069,211.55273110459058,523.29,211.55273110459058
2163,txn_003663,cust_02190,6034.44,wallet,failed,bank_decline,38,30,8,0.7895,2,13.81,0,123247.52,0,8.705404038910425,0.0350363764379353,211.42491143213428,6034.44,211.42491143213428
2164,txn_000417,cust_01010,1685.19,netbanking,failed,bank_decline,6,5,1,0.8333,2,6.71,0,98192.51,0,7.430226824976387,0.12543985781689787,211.38999399445814,1685.19,211.38999399445814
2165,txn_002845,cust_01094,1229.36,netbanking,failed,authentication_failed,10,8,2,0.8,2,7.04,0,42071.81,0,7.11506208847,0.17165766391977902,211.02906571641952,1229.36,211.02906571641952
2166,txn_003950,cust_01646,527.63,wallet,failed,bank_decline,17,11,6,0.6471,1,1.89,0,32242.96,0,6.270288754248749,0.39852452979358755,210.2734976549906,527.63,210.2734976549906
2167,txn_000114,cust_01963,1170.73,wallet,failed,bank_decline,38,31,7,0.8158,3,2.26,0,19359.66,0,7.066236568169842,0.17930401051764722,209.91658423332512,1170.73,209.91658423332512
2168,txn_003623,cust_00714,417.51,card,failed,network_error,25,22,3,0.88,1,8.51,0,43337.9,1,6.036700784506657,0.5025385092409338,209.81485299318226,417.51,209.81485299318226
2169,txn_005985,cust_00903,320.33,wallet,failed,technical_error,22,20,2,0.9091,0,8.29,0,91392.38,0,5.772468632444648,0.6547143817990684,209.72465792169555,320.33,209.72465792169555
2170,txn_007125,cust_01013,1307.64,card,failed,insufficient_funds,12,10,2,0.8333,1,13.73,0,63264.86,0,7.176743708986664,0.1602911664085509,209.60314084247753,1307.64,209.60314084247753
2171,txn_000131,cust_02181,506.02,netbanking,failed,insufficient_funds,11,9,2,0.8182,2,2.18,0,39480.69,1,6.228550450544898,0.41411308851217626,209.54950504893142,506.02,209.54950504893142
2172,txn_001281,cust_00615,720.72,wallet,failed,insufficient_funds,8,6,2,0.75,0,13.42,0,62210.49,0,6.581637252040098,0.2906884905668933,209.50500892137134,720.72,209.50500892137134
2173,txn_000812,cust_00506,416.51,netbanking,abandoned,none,37,24,13,0.6486,0,4.98,1,129895.04,1,6.034308496099872,0.5012920064853454,208.79313362121124,416.51,208.79313362121124
2174,txn_005967,cust_00918,377.39,card,abandoned,none,32,23,9,0.7188,0,4.43,1,149399.44,1,5.935925409767211,0.5531877375297073,208.76752026633622,377.39,208.76752026633622
2175,txn_000210,cust_02341,768.15,netbanking,failed,insufficient_funds,22,19,3,0.8636,3,2.17,0,39705.6,0,6.64528600900176,0.2717439507806287,208.74011579213993,768.15,208.74011579213993
2176,txn_001523,cust_00304,1522.68,wallet,failed,authentication_failed,39,26,13,0.6667,1,10.62,0,121023.67,0,7.328883740445736,0.13701437941337583,208.62905524515912,1522.68,208.62905524515912
2177,txn_003885,cust_02086,279.79,wallet,abandoned,none,1,1,0,1.0,0,5.44,1,83475.1,1,5.637607058981902,0.745560775722575,208.60044943941926,279.79,208.60044943941926
2178,txn_001505,cust_02182,562.12,netbanking,failed,bank_decline,12,8,4,0.6667,0,5.43,0,77979.46,0,6.333492749299876,0.3705559911214984,208.29693372921668,562.12,208.29693372921668
2179,txn_001450,cust_00547,1520.88,wallet,failed,network_error,16,13,3,0.8125,3,8.4,0,133201.64,0,7.327701691686502,0.13691321049206945,208.2285635731786,1520.88,208.2285635731786
2180,txn_000010,cust_02458,334.7,wallet,abandoned,none,4,3,1,0.75,0,6.33,1,9906.49,0,5.816217903985989,0.6198225865052602,207.45461970331058,334.7,207.45461970331058
2181,txn_003975,cust_01671,1545.94,card,failed,technical_error,36,27,9,0.75,2,10.5,0,108583.68,1,7.344034065076252,0.1338357376488813,206.90202026091154,1545.94,206.90202026091154
2182,txn_004210,cust_01922,438.54,wallet,failed,insufficient_funds,25,23,2,0.92,0,12.32,0,23149.51,0,6.085728725498065,0.4716996849605873,206.85917984261596,438.54,206.85917984261596
2183,txn_006913,cust_01645,283.28,upi,abandoned,none,22,19,3,0.8636,0,3.68,1,67547.86,0,5.6499596679586945,0.7273892068358428,206.05481451245754,283.28,206.05481451245754
2184,txn_001907,cust_01219,326.42,upi,failed,network_error,18,15,3,0.8333,1,3.75,0,117748.67,0,5.7912437504261955,0.6311879703145423,206.0323772700729,326.42,206.0323772700729
2185,txn_001026,cust_01481,280.28,wallet,abandoned,none,11,8,3,0.7273,0,1.57,1,74965.53,1,5.639350614496812,0.7347107513432316,205.92472938648095,280.28,205.92472938648095
2186,txn_003046,cust_00004,2980.69,upi,failed,bank_decline,35,25,10,0.7143,3,6.25,0,13953.89,0,8.000245532844984,0.0690129709049597,205.70627224670432,2980.69,205.70627224670432
2187,txn_005664,cust_00232,3913.49,netbanking,failed,insufficient_funds,37,21,16,0.5676,2,12.72,0,29970.85,0,8.27244033174003,0.0523828633019338,204.99981170348488,3913.49,204.99981170348488
2188,txn_008811,cust_00795,664.93,card,failed,authentication_failed,24,20,4,0.8333,1,7.95,0,38793.89,0,6.501184559911355,0.3079696761054953,204.77827673282698,664.93,204.77827673282698
2189,txn_007905,cust_02191,304.7,card,abandoned,none,12,11,1,0.9167,0,5.29,1,93858.55,1,5.722604228896789,0.6720290364798789,204.7672474154191,304.7,204.7672474154191
2190,txn_007447,cust_00182,1835.2,card,failed,authentication_failed,2,2,0,1.0,2,13.37,0,27724.74,0,7.5154534977096,0.11144282481683511,204.5198721038558,1835.2,204.5198721038558
2191,txn_005044,cust_01430,1898.62,wallet,failed,bank_decline,9,7,2,0.7778,1,12.13,0,96594.85,0,7.549409145151865,0.1075135254283961,204.12732964886138,1898.62,204.12732964886138
2192,txn_004552,cust_01261,362.5,netbanking,failed,insufficient_funds,13,12,1,0.9231,0,8.44,0,72372.45,0,5.895779296973574,0.5629514235999522,204.06989105498266,362.5,204.06989105498266
2193,txn_004629,cust_00566,754.15,upi,failed,insufficient_funds,16,12,4,0.75,1,7.83,0,148334.31,1,6.62691640501235,0.2693764454227615,203.1502463155756,754.15,203.1502463155756
2194,txn_001591,cust_00782,1099.65,upi,failed,authentication_failed,32,26,6,0.8125,2,6.57,0,89914.12,0,7.00365619335934,0.18466273722958948,203.06437899451808,1099.65,203.06437899451808
2195,txn_001546,cust_00210,597.78,netbanking,failed,insufficient_funds,20,15,5,0.75,1,6.75,0,76561.25,0,6.394894251854076,0.3391893396521833,202.76060345728212,597.78,202.76060345728212
2196,txn_001144,cust_00410,1856.95,netbanking,failed,network_error,32,22,10,0.6875,3,6.92,0,145389.23,0,7.527229008355065,0.10894975632099721,202.31425000027576,1856.95,202.31425000027576
2197,txn_003407,cust_00935,1550.31,upi,failed,authentication_failed,36,34,2,0.9444,2,11.52,0,42678.38,0,7.346855014255916,0.1302473496191873,201.92376858812224,1550.31,201.92376858812224
2198,txn_009449,cust_01542,616.85,card,failed,authentication_failed,21,14,7,0.6667,2,0.42,0,48390.6,0,6.4262457095502,0.32723729345891317,201.8563244701306,616.85,201.8563244701306
2199,txn_001464,cust_01737,349.5,wallet,failed,insufficient_funds,32,22,10,0.6875,1,0.2,0,128876.98,0,5.859360706474645,0.5774266742757314,201.8106226593681,349.5,201.8106226593681
2200,txn_001290,cust_00514,1045.61,card,failed,authentication_failed,3,2,1,0.6667,1,8.52,0,47031.0,0,6.953311648641171,0.1925255837155066,201.30667558877084,1045.61,201.30667558877084
2201,txn_003735,cust_02346,1110.55,upi,failed,technical_error,37,31,6,0.8378,3,6.14,0,97829.96,0,7.013510716648001,0.18114035706502865,201.16542353856755,1110.55,201.16542353856755
2202,txn_009397,cust_02237,747.37,upi,failed,technical_error,40,31,9,0.775,1,11.08,0,104861.55,0,6.617897508080722,0.2685043044054188,200.67206198347785,747.37,200.67206198347785
2203,txn_006542,cust_01407,327.07,card,abandoned,none,11,7,4,0.6364,0,2.97,1,66751.61,1,5.793227000248627,0.613055240990672,200.51197767081908,327.07,200.51197767081908
2204,txn_007862,cust_00398,921.36,netbanking,failed,network_error,32,24,8,0.75,2,9.19,0,66226.07,1,6.8269356028801225,0.21747918801935506,200.376624673513,921.36,200.376624673513
2205,txn_004477,cust_00550,344.46,netbanking,failed,insufficient_funds,35,30,5,0.8571,0,7.17,0,63449.89,0,5.844876862265139,0.5803879502137219,199.92043333061864,344.46,199.92043333061864
2206,txn_005605,cust_00281,573.72,card,failed,network_error,22,18,4,0.8182,3,1.42,0,114423.23,0,6.3538829656737805,0.34765244271909723,199.45515943680047,573.72,199.45515943680047
2207,txn_004125,cust_00656,1002.3,upi,failed,network_error,28,23,5,0.8214,3,7.71,0,27178.53,0,6.911049845931567,0.1987528359589422,199.20996748164774,1002.3,199.20996748164774
2208,txn_005529,cust_00940,625.42,wallet,failed,insufficient_funds,24,11,13,0.4583,0,7.65,0,113489.81,0,6.440021072647094,0.31707082828687727,198.30243742717877,625.42,198.30243742717877
2209,txn_009707,cust_02234,448.79,wallet,failed,technical_error,11,10,1,0.9091,3,1.98,0,15941.51,0,6.108780807174922,0.4413625501288716,198.0790988723363,448.79,198.0790988723363
2210,txn_009044,cust_01351,579.0,netbanking,failed,authentication_failed,27,23,4,0.8519,1,6.11,0,106811.21,0,6.363028103540465,0.34186617060566493,197.94051278068,579.0,197.94051278068
2211,txn_007314,cust_01324,2427.93,wallet,failed,technical_error,35,30,5,0.8571,3,12.93,0,28857.02,1,7.795206110143109,0.08142232380206176,197.68770262873977,2427.93,197.68770262873977
2212,txn_003317,cust_00122,4866.75,upi,failed,bank_decline,36,19,17,0.5278,1,13.77,0,99618.83,0,8.49038709699573,0.04061904969680201,197.68276011191116,4866.75,197.68276011191116
2213,txn_009468,cust_02415,962.78,wallet,failed,bank_decline,30,25,5,0.8333,2,4.74,0,93041.68,0,6.87086305279773,0.20505830176135442,197.4260317697968,962.78,197.4260317697968
2214,txn_006839,cust_01768,509.59,card,abandoned,none,18,10,8,0.5556,0,6.8,1,98086.51,0,6.235566919813405,0.38598923453926726,196.69625402886518,509.59,196.69625402886518
2215,txn_006712,cust_01403,470.0,upi,failed,bank_decline,37,22,15,0.5946,0,5.23,0,20458.54,0,6.154858094016418,0.41776676492396697,196.3503795142645,470.0,196.3503795142645
2216,txn_005956,cust_01370,260.27,netbanking,failed,technical_error,16,11,5,0.6875,0,2.08,0,32271.85,1,5.5655543553727576,0.7540362155875916,196.25300583098246,260.27,196.25300583098246
2217,txn_003575,cust_00025,423.7,wallet,failed,network_error,15,11,4,0.7333,2,2.49,0,116187.18,0,6.0513830373192254,0.46287446686605843,196.11991161114895,423.7,196.11991161114895
2218,txn_001815,cust_00348,579.49,netbanking,failed,insufficient_funds,38,32,6,0.8421,0,11.37,0,146514.45,0,6.363872574460713,0.3380763933628794,195.911889189855,579.49,195.911889189855
2219,txn_007337,cust_00056,506.08,wallet,failed,insufficient_funds,25,17,8,0.68,0,10.27,0,57861.27,1,6.2286687820705255,0.3858875903675093,195.2899917331891,506.08,195.2899917331891
2220,txn_006259,cust_01128,315.98,upi,failed,technical_error,13,11,2,0.8462,2,0.82,0,8678.96,0,5.7588386804042795,0.6168863208047669,194.92373964789027,315.98,194.92373964789027
2221,txn_009102,cust_00315,3130.57,wallet,failed,authentication_failed,18,13,5,0.7222,2,12.07,0,92770.94,0,8.049289755220341,0.06216925713100948,194.62521129662434,3130.57,194.62521129662434
2222,txn_006916,cust_00662,1450.54,upi,failed,technical_error,21,19,2,0.9048,3,9.3,0,86788.11,0,7.2803803407839105,0.1340645593721329,194.46600595165367,1450.54,194.46600595165367
2223,txn_004517,cust_00986,5585.13,netbanking,failed,authentication_failed,37,28,9,0.7568,3,10.45,0,101816.71,0,8.628042018701205,0.03472467916091864,193.94184732202154,5585.13,193.94184732202154
2224,txn_006495,cust_00049,1402.6,netbanking,failed,insufficient_funds,38,33,5,0.8684,2,10.93,0,60510.68,1,7.24679564370906,0.13823054383421596,193.88216078187128,1402.6,193.88216078187128
2225,txn_001991,cust_01382,934.52,card,failed,authentication_failed,27,20,7,0.7407,2,3.51,0,137896.54,0,6.84110252442736,0.20731792549802053,193.74274773641014,934.52,193.74274773641014
2226,txn_004674,cust_02455,1258.37,card,failed,network_error,6,4,2,0.6667,3,6.28,0,38059.62,0,7.138366874903841,0.15347930538828883,193.133753521461,1258.37,193.133753521461
2227,txn_001612,cust_00346,2574.25,wallet,failed,insufficient_funds,12,6,6,0.5,2,10.24,0,29539.6,0,7.853701895763803,0.07495436019344319,192.95126172797114,2574.25,192.95126172797114
2228,txn_006807,cust_00830,362.64,card,abandoned,none,23,18,5,0.7826,0,6.97,1,92612.87,0,5.8961643672536574,0.5316632899313486,192.80237546070424,362.64,192.80237546070424
2229,txn_006311,cust_00209,5774.7,netbanking,failed,insufficient_funds,8,7,1,0.875,3,13.89,0,108243.39,0,8.661414740165611,0.03336499845206237,192.67285656112455,5774.7,192.67285656112455
2230,txn_001200,cust_00574,493.41,netbanking,failed,network_error,35,27,8,0.7714,3,1.05,0,38347.48,0,6.2033651324761445,0.39029421164956624,192.5750669700125,493.41,192.5750669700125
2231,txn_005232,cust_02364,2338.98,upi,failed,network_error,27,16,11,0.5926,3,9.88,0,25930.4,0,7.757897661306674,0.08167370819532956,191.03316999471193,2338.98,191.03316999471193
2232,txn_006586,cust_01922,266.91,netbanking,failed,insufficient_funds,25,23,2,0.92,0,5.23,0,23149.51,1,5.59065110321487,0.7143865060842344,190.67690233894302,266.91,190.67690233894302
2233,txn_000475,cust_01771,387.84,netbanking,failed,technical_error,9,7,2,0.7778,1,5.09,0,97458.36,1,5.9631679479528685,0.49163353625462475,190.67515070099364,387.84,190.67515070099364
2234,txn_000470,cust_00024,278.55,netbanking,abandoned,none,5,4,1,0.8,0,4.63,1,7827.83,0,5.633181167472654,0.6841095971697528,190.55872829163465,278.55,190.55872829163465
2235,txn_005246,cust_01630,995.8,upi,failed,insufficient_funds,36,34,2,0.9444,3,5.35,0,104340.5,0,6.904550148033189,0.19129758182713508,190.4941319834611,995.8,190.4941319834611
2236,txn_004871,cust_01225,504.63,wallet,failed,technical_error,19,18,1,0.9474,3,2.3,0,119910.22,1,6.225805176515408,0.3772691930870787,190.38135290753252,504.63,190.38135290753252
2237,txn_009104,cust_01104,966.01,netbanking,failed,authentication_failed,19,16,3,0.8421,2,7.09,0,35890.07,0,6.874208836661458,0.19698592888639888,190.29037716355018,966.01,190.29037716355018
2238,txn_003311,cust_00654,272.74,upi,abandoned,none,19,15,4,0.7895,0,3.96,1,49890.23,1,5.61217875078312,0.6961115342594517,189.85745985392288,272.74,189.85745985392288
2239,txn_006365,cust_01282,1009.67,card,failed,bank_decline,27,26,1,0.963,3,2.31,0,82003.14,0,6.9183687562417475,0.18798963688303394,189.80749667169286,1009.67,189.80749667169286
2240,txn_009780,cust_01850,1285.52,upi,failed,authentication_failed,13,10,3,0.7692,2,8.54,0,25567.64,0,7.159696177656149,0.14746928112881302,189.57471027671173,1285.52,189.57471027671173
2241,txn_004131,cust_00637,1352.58,upi,failed,authentication_failed,11,9,2,0.8182,2,9.09,0,56137.91,0,7.210508213329089,0.13994105874952745,189.28147724343583,1352.58,189.28147724343583
2242,txn_007596,cust_02157,656.24,netbanking,failed,insufficient_funds,37,35,2,0.9459,1,11.98,0,26903.62,0,6.48804924858363,0.28794343112269716,188.9599972399588,656.24,188.9599972399588
2243,txn_007070,cust_02400,376.53,card,failed,insufficient_funds,39,34,5,0.8718,0,10.0,0,35451.09,1,5.933650035730166,0.500800553658971,188.56643246921234,376.53,188.56643246921234
2244,txn_001297,cust_02282,2095.08,card,failed,insufficient_funds,15,13,2,0.8667,2,12.57,0,120224.05,0,7.647824212651487,0.08986549666607002,188.27540475514996,2095.08,188.27540475514996
2245,txn_009513,cust_01002,500.18,card,failed,network_error,31,27,4,0.871,1,12.05,0,15981.19,0,6.21696531799587,0.37630046788103305,188.21796802473511,500.18,188.21796802473511
2246,txn_009955,cust_00570,808.26,card,failed,network_error,15,12,3,0.8,2,9.86,0,49955.37,0,6.696120249850796,0.2327378230267514,188.11267283960208,808.26,188.11267283960208
2247,txn_002012,cust_00336,633.24,wallet,failed,authentication_failed,15,14,1,0.9333,1,10.37,0,61255.77,0,6.452427431701569,0.296837256989521,187.9692246160443,633.24,187.9692246160443
2248,txn_009076,cust_01909,1335.1,netbanking,failed,insufficient_funds,12,7,5,0.5833,3,1.5,0,92087.15,0,7.197510201594849,0.1404834968493665,187.5595166435892,1335.1,187.5595166435892
2249,txn_006518,cust_01667,1390.77,wallet,failed,authentication_failed,11,10,1,0.9091,3,6.2,0,91490.33,0,7.238331597357346,0.13485344761683546,187.55012934206624,1390.77,187.55012934206624
2250,txn_005473,cust_01731,3160.87,netbanking,failed,technical_error,26,15,11,0.5769,3,10.09,0,6778.6,0,8.058918903704765,0.05933287365452387,187.54350034837483,3160.87,187.54350034837483
2251,txn_005625,cust_00540,364.97,card,failed,technical_error,40,22,18,0.55,1,2.82,0,33983.71,1,5.902551362828756,0.5131948152837286,187.30071173410244,364.97,187.30071173410244
2252,txn_007691,cust_02054,399.61,netbanking,failed,authentication_failed,6,6,0,1.0,1,4.89,0,142283.56,1,5.992988385476324,0.46868151265893226,187.28981927363594,399.61,187.28981927363594
2253,txn_008496,cust_02185,382.6,card,failed,authentication_failed,19,15,4,0.7895,0,5.53,0,142140.83,0,5.949600343009283,0.48887047976254505,187.04184555714974,382.6,187.04184555714974
2254,txn_000503,cust_01098,1024.08,wallet,failed,insufficient_funds,5,5,0,1.0,3,8.76,0,16033.61,0,6.932525937307349,0.1820562690768947,186.44018403626632,1024.08,186.44018403626632
2255,txn_002397,cust_01146,462.69,card,failed,network_error,33,26,7,0.7879,2,3.83,0,132538.98,1,6.139216225497416,0.4020278592642936,186.014270202996,462.69,186.014270202996
2256,txn_002199,cust_01462,788.07,wallet,failed,technical_error,4,3,1,0.75,2,6.95,0,142353.32,0,6.670855036809103,0.23596279182420934,185.95519735290466,788.07,185.95519735290466
2257,txn_000729,cust_02047,317.06,upi,failed,technical_error,8,6,2,0.75,1,3.6,0,58495.51,1,5.76224004422777,0.5864839119564721,185.95058912491905,317.06,185.95058912491905
2258,txn_006108,cust_01548,1039.9,wallet,failed,authentication_failed,8,6,2,0.75,1,10.78,0,80852.76,0,6.947841002521423,0.17878260984847047,185.91603598142447,1039.9,185.91603598142447
2259,txn_003106,cust_01413,380.83,wallet,failed,authentication_failed,24,19,5,0.7917,0,8.33,0,38308.0,0,5.944975483375027,0.48680826769141244,185.3911925849206,380.83,185.3911925849206
2260,txn_007467,cust_00534,488.32,card,failed,technical_error,24,14,10,0.5833,0,9.37,0,101251.43,0,6.193016672178715,0.37919925021714695,185.1705778660372,488.32,185.1705778660372
2261,txn_003067,cust_00835,421.96,card,failed,authentication_failed,10,8,2,0.8,0,7.13,0,127451.73,0,6.0472776119271945,0.4383928816305608,184.9842603328314,421.96,184.9842603328314
2262,txn_001794,cust_00873,596.66,netbanking,failed,network_error,29,25,4,0.8621,2,8.21,0,70409.15,0,6.393022030385129,0.30998828068148676,184.9576075514159,596.66,184.9576075514159
2263,txn_009591,cust_02334,310.43,wallet,failed,insufficient_funds,21,19,2,0.9048,0,7.61,0,118014.61,0,5.7411745938732635,0.5955240976289846,184.8685456269657,310.43,184.8685456269657
2264,txn_002023,cust_01103,554.72,netbanking,failed,network_error,4,3,1,0.75,3,2.3,0,21880.2,1,6.320264570280661,0.3332202979417273,184.84396367423497,554.72,184.84396367423497
2265,txn_000177,cust_02448,291.82,netbanking,failed,technical_error,21,19,2,0.9048,2,0.95,0,3245.09,1,5.679558085765336,0.6330386140035146,184.73332833850563,291.82,184.73332833850563
2266,txn_003435,cust_00767,269.59,upi,failed,authentication_failed,21,17,4,0.8095,0,1.43,0,139693.06,0,5.600604760138834,0.6818783317940674,183.82757946836261,269.59,183.82757946836261
2267,txn_003836,cust_01477,414.57,wallet,failed,network_error,8,5,3,0.625,1,6.48,0,68552.4,0,6.029651071826555,0.4429303075893116,183.62561761730092,414.57,183.62561761730092
2268,txn_008432,cust_00520,568.1,wallet,failed,technical_error,35,32,3,0.9143,1,11.66,0,131592.63,0,6.344056165609079,0.3228579653418607,183.41561011071104,568.1,183.41561011071104
2269,txn_003669,cust_02231,1737.07,upi,failed,insufficient_funds,26,23,3,0.8846,2,12.54,0,110631.58,0,7.46053058119379,0.1055228454316932,183.3005691140313,1737.07,183.3005691140313
2270,txn_009312,cust_02113,634.11,wallet,failed,bank_decline,15,14,1,0.9333,2,3.64,0,107117.67,0,6.453798212236851,0.28893622099562494,183.21734709553573,634.11,183.21734709553573
2271,txn_007715,cust_01310,1384.0,upi,failed,authentication_failed,22,15,7,0.6818,1,11.08,0,97547.52,0,7.233455418621439,0.13230058643110462,183.1040116206488,1384.0,183.1040116206488
2272,txn_008765,cust_00046,278.63,upi,abandoned,none,9,7,2,0.7778,0,5.13,1,37747.5,1,5.6334673007411755,0.6567168429441745,182.98101394953534,278.63,182.98101394953534
2273,txn_003712,cust_01502,722.94,card,failed,technical_error,27,23,4,0.8519,1,13.57,0,34452.78,1,6.5847085160233885,0.2528688784307972,182.80902697276053,722.94,182.80902697276053
2274,txn_009576,cust_01474,581.61,upi,failed,technical_error,28,24,4,0.8571,2,6.7,0,109763.8,0,6.367518008813317,0.31424416162165675,182.7675468407718,581.61,182.7675468407718
2275,txn_004522,cust_00347,2886.0,upi,failed,bank_decline,31,25,6,0.8065,3,7.73,0,42198.44,0,7.967973179662935,0.06331833243161715,182.73670739764708,2886.0,182.73670739764708
2276,txn_008975,cust_01362,435.51,card,failed,authentication_failed,3,3,0,1.0,2,2.39,0,114240.62,0,6.078811284524684,0.41871128467862406,182.35295159038756,435.51,182.35295159038756
2277,txn_005122,cust_02295,2120.15,upi,failed,insufficient_funds,16,15,1,0.9375,3,9.96,0,125613.87,0,7.659713673421895,0.08595142615107389,182.22991615419932,2120.15,182.22991615419932
2278,txn_000218,cust_00330,367.3,wallet,failed,network_error,34,17,17,0.5,1,2.55,0,142261.32,1,5.90889782345102,0.4953653437902524,181.9476907741597,367.3,181.9476907741597
2279,txn_001316,cust_01078,361.05,upi,failed,network_error,31,26,5,0.8387,0,13.56,0,5728.5,0,5.89178232383483,0.503902600662002,181.93403396901581,361.05,181.93403396901581
2280,txn_005536,cust_00414,4261.13,netbanking,failed,insufficient_funds,22,19,3,0.8636,3,13.3,0,62335.12,0,8.357524314305067,0.04264971098200712,181.73596295676,4261.13,181.73596295676
2281,txn_004613,cust_00528,5561.32,netbanking,failed,technical_error,10,7,3,0.7,3,13.16,0,113368.57,0,8.623770566400353,0.0326049630044201,181.32663285574156,5561.32,181.32663285574156
2282,txn_004960,cust_00367,732.22,upi,failed,authentication_failed,6,5,1,0.8333,1,8.28,0,149093.8,1,6.5974457932803725,0.24756511616341292,181.2721293571742,732.22,181.2721293571742
2283,txn_005028,cust_00220,303.13,wallet,failed,insufficient_funds,21,16,5,0.7619,0,6.28,0,70283.24,0,5.717455241576844,0.5973038604245818,181.0607192105035,303.13,181.0607192105035
2284,txn_000331,cust_01322,560.21,netbanking,failed,network_error,14,13,1,0.9286,2,9.63,0,31661.89,0,6.330095167028923,0.3231869671920105,181.05257089063622,560.21,181.05257089063622
2285,txn_004237,cust_01693,345.15,wallet,failed,bank_decline,7,5,2,0.7143,1,0.42,0,13770.39,1,5.846872207124035,0.5243562059362918,180.9815444789111,345.15,180.9815444789111
2286,txn_003489,cust_00538,276.12,card,abandoned,none,40,32,8,0.8,0,3.56,1,132750.99,1,5.62445062537407,0.654810200464446,180.80619255224283,276.12,180.80619255224283
2287,txn_000113,cust_01623,1630.81,upi,failed,bank_decline,5,5,0,1.0,2,11.69,0,56665.03,0,7.397445107177908,0.11069017503055237,180.5146443415751,1630.81,180.5146443415751
2288,txn_009606,cust_00307,1092.11,wallet,failed,authentication_failed,24,21,3,0.875,2,10.21,0,11274.55,0,6.996782123551787,0.16522863301464147,180.44784240162008,1092.11,180.44784240162008
2289,txn_005591,cust_00859,898.87,netbanking,failed,authentication_failed,11,9,2,0.8182,2,5.41,0,107059.56,1,6.802250308446763,0.20055455144977102,180.2724696616557,898.87,180.2724696616557
2290,txn_007188,cust_00900,549.47,card,failed,authentication_failed,5,5,0,1.0,3,0.48,0,103603.42,0,6.310772458764972,0.3272791550000652,179.83007729788585,549.47,179.83007729788585
2291,txn_009199,cust_01711,358.67,card,failed,network_error,10,9,1,0.9,0,12.04,0,125282.11,0,5.885186944387672,0.5011020109846287,179.73025827985677,358.67,179.73025827985677
2292,txn_004773,cust_01631,370.34,card,failed,network_error,40,29,11,0.725,1,5.68,0,118261.78,1,5.917118084979325,0.48497642837990723,179.60617048621484,370.34,179.60617048621484
2293,txn_001327,cust_00738,1411.87,netbanking,failed,network_error,40,28,12,0.7,3,6.91,0,121547.51,0,7.253378375621151,0.12666012114308745,178.82762523829086,1411.87,178.82762523829086
2294,txn_003301,cust_02384,853.4,netbanking,failed,authentication_failed,36,31,5,0.8611,3,2.16,0,67281.89,1,6.750399468205931,0.20936981374933478,178.6761990536823,853.4,178.6761990536823
2295,txn_001030,cust_00221,2979.78,upi,failed,authentication_failed,29,24,5,0.8276,2,13.49,0,101668.46,0,7.999940290216656,0.059961746350016235,178.6728125388514,2979.78,178.6728125388514
2296,txn_008390,cust_01743,952.41,netbanking,failed,bank_decline,6,5,1,0.8333,2,5.67,0,29002.42,0,6.860045031492727,0.18756382412578382,178.63766173563775,952.41,178.63766173563775
2297,txn_006432,cust_00609,364.47,netbanking,failed,bank_decline,31,26,5,0.8387,1,2.41,0,11002.86,0,5.901184196477774,0.48983502397991935,178.5301711899612,364.47,178.5301711899612
2298,txn_000552,cust_00586,523.44,card,failed,authentication_failed,3,3,0,1.0,0,13.12,0,109359.21,1,6.262331026631201,0.3408433933316747,178.41106580553182,523.44,178.41106580553182
2299,txn_003443,cust_02366,1380.81,card,failed,authentication_failed,16,8,8,0.5,1,7.93,0,99641.36,0,7.231149512965836,0.12899104830304248,178.11212940732406,1380.81,178.11212940732406
2300,txn_001540,cust_02203,239.24,upi,abandoned,none,8,5,3,0.625,0,0.49,1,14885.3,1,5.481638423675075,0.7444028923832681,178.09094797377307,239.24,178.09094797377307
2301,txn_008824,cust_00127,1085.89,upi,failed,network_error,21,15,6,0.7143,2,12.2,0,9517.63,0,6.991075686048392,0.16382604554441155,177.89706459622107,1085.89,177.89706459622107
2302,txn_008690,cust_01877,396.17,upi,failed,insufficient_funds,36,32,4,0.8889,1,6.95,0,74956.85,1,5.984364400617675,0.4489276220424899,177.85165602457323,396.17,177.85165602457323
2303,txn_003492,cust_01566,280.81,card,abandoned,none,26,22,4,0.8462,0,6.18,1,56463.72,0,5.641233084995358,0.6323866159869067,177.58048563528328,280.81,177.58048563528328
2304,txn_007828,cust_01076,274.4,wallet,abandoned,none,4,3,1,0.75,0,3.59,1,140252.84,1,5.618224586294555,0.6459034710881384,177.23591246658515,274.4,177.23591246658515
2305,txn_009560,cust_00898,1415.02,wallet,failed,network_error,20,19,1,0.95,3,12.4,0,72958.78,1,7.255605398447703,0.1251088565877056,177.03153424873517,1415.02,177.03153424873517
2306,txn_004596,cust_01771,1677.72,card,failed,network_error,9,7,2,0.7778,2,13.83,0,97458.36,0,7.425786877238454,0.10534165809482253,176.73380661884565,1677.72,176.73380661884565
2307,txn_003774,cust_02142,261.86,card,abandoned,none,37,33,4,0.8919,0,4.92,1,99252.58,1,5.571621571053862,0.6748470283422877,176.71544284171148,261.86,176.71544284171148
2308,txn_002342,cust_02138,1818.06,card,failed,authentication_failed,1,1,0,1.0,3,8.81,0,99739.09,1,7.506075163130803,0.0970848493621186,176.50608123129334,1818.06,176.50608123129334
2309,txn_006572,cust_00216,558.54,card,failed,authentication_failed,20,17,3,0.85,1,7.86,0,61505.2,0,6.327115017600452,0.3151878753060203,176.04503587342458,558.54,176.04503587342458
2310,txn_004578,cust_00238,889.19,netbanking,failed,insufficient_funds,34,31,3,0.9118,1,13.6,0,70217.93,0,6.7914349230879685,0.1974447825208707,175.56592616973302,889.19,175.56592616973302
2311,txn_004716,cust_00430,1866.32,wallet,failed,authentication_failed,39,36,3,0.9231,3,8.06,0,120097.75,0,7.532259526819419,0.09406671008386691,175.55858236372248,1866.32,175.55858236372248
2312,txn_005284,cust_00233,695.38,netbanking,failed,insufficient_funds,25,20,5,0.8,2,5.8,0,74662.2,0,6.545895488354693,0.25240116748697616,175.51472384709348,695.38,175.51472384709348
2313,txn_006134,cust_00552,224.74,netbanking,abandoned,none,7,6,1,0.8571,0,0.53,1,125220.27,1,5.41938389452748,0.7789515973571576,175.0615819900476,224.74,175.0615819900476
2314,txn_008164,cust_01856,419.8,wallet,failed,technical_error,3,3,0,1.0,2,7.92,0,56903.67,0,6.0421576614235,0.4163496775721984,174.7835946448089,419.8,174.7835946448089
2315,txn_006563,cust_01960,240.73,wallet,abandoned,none,13,10,3,0.7692,0,2.23,1,107801.4,0,5.487821400818009,0.7256273749273147,174.68027796625245,240.73,174.68027796625245
2316,txn_007675,cust_01799,2060.16,wallet,failed,technical_error,15,14,1,0.9333,3,12.77,0,103261.4,0,7.631024210094605,0.08477404508483005,174.64809672196347,2060.16,174.64809672196347
2317,txn_006559,cust_02167,1097.97,card,failed,authentication_failed,15,12,3,0.8,1,12.85,0,12486.15,0,7.002128656487815,0.15893523486153566,174.5061198209203,1097.97,174.5061198209203
2318,txn_006744,cust_01068,291.32,wallet,failed,bank_decline,37,32,5,0.8649,1,1.15,0,9602.78,1,5.677849092629697,0.5981991422633215,174.26737412415082,291.32,174.26737412415082
2319,txn_006377,cust_02459,1013.34,card,failed,bank_decline,10,7,3,0.7,1,7.27,0,105497.89,0,6.92199343366865,0.17190893737827023,174.20220260289636,1013.34,174.20220260289636
2320,txn_006935,cust_00166,515.44,wallet,failed,technical_error,17,13,4,0.7647,3,2.31,0,25075.71,0,6.246959115306518,0.33771861768105665,174.07368429752387,515.44,174.07368429752387
2321,txn_001750,cust_01140,994.35,card,failed,authentication_failed,39,37,2,0.9487,2,8.44,0,105861.52,0,6.903094434099942,0.17412613007907207,173.14231744412533,994.35,173.14231744412533
2322,txn_001339,cust_00683,486.91,card,failed,insufficient_funds,37,28,9,0.7568,2,1.9,0,114221.7,0,6.190130962615031,0.3555415593731267,173.11674067436914,486.91,173.11674067436914
2323,txn_001508,cust_00330,306.65,wallet,abandoned,none,34,17,17,0.5,0,2.34,1,142261.32,1,5.728962773186499,0.5636867993945737,172.85455703434602,306.65,172.85455703434602
2324,txn_005386,cust_02328,1140.24,upi,failed,network_error,16,13,3,0.8125,3,8.55,0,83745.67,0,7.039870669548773,0.15154654207802454,172.7994291390467,1140.24,172.7994291390467
2325,txn_002617,cust_01846,1770.43,netbanking,failed,bank_decline,39,26,13,0.6667,1,10.96,0,79093.53,0,7.4795424089891025,0.09756316815925374,172.7287598041876,1770.43,172.7287598041876
2326,txn_003911,cust_00385,218.7,wallet,failed,technical_error,30,25,5,0.8333,0,4.65,0,11605.78,1,5.392262979390565,0.7879819911937053,172.33166147406334,218.7,172.33166147406334
2327,txn_001978,cust_02301,316.51,upi,failed,bank_decline,31,26,5,0.8387,0,5.24,0,56308.28,1,5.760509313899748,0.5443847755797654,172.30322531875154,316.51,172.30322531875154
2328,txn_009037,cust_01617,811.85,netbanking,failed,insufficient_funds,13,9,4,0.6923,3,0.16,0,121160.37,0,6.700546590680233,0.2121990052354235,172.2737624003786,811.85,172.2737624003786
2329,txn_004077,cust_01221,674.33,netbanking,failed,technical_error,23,14,9,0.6087,3,0.31,0,83402.62,1,6.515201460294182,0.2542541907165014,171.4512284258584,674.33,171.4512284258584
2330,txn_005032,cust_01734,251.6,upi,abandoned,none,18,13,5,0.7222,0,2.02,1,134657.67,1,5.531807209916391,0.6813891629074917,171.43751338752492,251.6,171.43751338752492
2331,txn_001363,cust_01687,416.28,netbanking,failed,bank_decline,24,17,7,0.7083,0,4.57,0,132938.41,0,6.033757459298234,0.4113393143177487,171.23232976419243,416.28,171.23232976419243
2332,txn_003831,cust_01486,236.28,netbanking,abandoned,none,8,6,2,0.75,0,0.88,1,115943.11,1,5.469240878389622,0.7245844676225407,171.2048180098539,236.28,171.2048180098539
2333,txn_004712,cust_01309,272.47,netbanking,abandoned,none,8,5,3,0.625,0,3.68,1,4365.18,1,5.61119192663184,0.6262820402122413,170.6430674966294,272.47,170.6430674966294
2334,txn_005634,cust_01037,492.88,netbanking,failed,authentication_failed,25,22,3,0.88,0,12.28,0,36092.67,0,6.202292572699543,0.34603685442060755,170.55464480682906,492.88,170.55464480682906
2335,txn_003371,cust_00166,373.82,wallet,failed,technical_error,17,13,4,0.7647,0,12.61,0,25075.71,1,5.926445910733533,0.45324210882912364,169.43096512250298,373.82,169.43096512250298
2336,txn_009190,cust_00482,1312.56,wallet,failed,insufficient_funds,4,3,1,0.75,3,6.55,0,44711.8,0,7.180496287564618,0.1288560747182566,169.1313294321949,1312.56,169.1313294321949
2337,txn_005467,cust_01950,2695.25,netbanking,failed,bank_decline,15,9,6,0.6,3,4.86,0,1327.35,0,7.899617197703366,0.06259242761961023,168.70224054175446,2695.25,168.70224054175446
2338,txn_006799,cust_00859,1123.78,upi,failed,bank_decline,11,9,2,0.8182,2,6.13,0,107059.56,0,7.025342739959484,0.14995037739607753,168.511235110164,1123.78,168.511235110164
2339,txn_004853,cust_01400,293.02,netbanking,failed,bank_decline,28,27,1,0.9643,1,0.29,0,123902.3,0,5.68364779223582,0.5750310208203312,168.49558972077344,293.02,168.49558972077344
2340,txn_003244,cust_00696,199.26,upi,abandoned,none,33,32,1,0.9697,0,1.14,1,58287.89,1,5.299616522279656,0.8444457510451633,168.26426035325923,199.26,168.26426035325923
2341,txn_005741,cust_02275,290.2,upi,abandoned,none,37,23,14,0.6216,0,4.6,1,73060.85,0,5.674010316322531,0.5795623682118458,168.18899925507765,290.2,168.18899925507765
2342,txn_009718,cust_00922,633.6,upi,failed,insufficient_funds,33,25,8,0.7576,2,5.56,0,69127.37,1,6.452994879149095,0.2649447863451159,167.86901662826546,633.6,167.86901662826546
2343,txn_008570,cust_00769,577.25,upi,failed,network_error,9,8,1,0.8889,3,6.63,0,6707.18,0,6.360006301111548,0.29053820837934435,167.71318078697652,577.25,167.71318078697652
2344,txn_008130,cust_02379,1493.1,card,failed,bank_decline,11,11,0,1.0,3,7.81,0,5257.12,0,7.309279297857039,0.11220510313170096,167.5334394859427,1493.1,167.5334394859427
2345,txn_000522,cust_02170,1901.7,wallet,failed,bank_decline,39,33,6,0.8462,3,5.85,0,107878.1,0,7.551029209046355,0.08794351874306382,167.24218959368446,1901.7,167.24218959368446
2346,txn_008082,cust_02168,1137.25,upi,failed,bank_decline,18,14,4,0.7778,1,11.35,0,32516.05,0,7.0372472742148915,0.14683537075974037,166.98852539651475,1137.25,166.98852539651475
2347,txn_007353,cust_00048,1223.09,upi,failed,network_error,38,34,4,0.8947,3,10.82,0,64836.64,0,7.109952989780881,0.13648442834207392,166.9327394609072,1223.09,166.9327394609072
2348,txn_003877,cust_02187,2489.92,upi,failed,technical_error,31,27,4,0.871,3,12.31,0,130228.06,0,7.820407399130245,0.06700893250110117,166.8468812131418,2489.92,166.8468812131418
2349,txn_000900,cust_01991,799.91,upi,failed,bank_decline,38,35,3,0.9211,1,10.24,0,86025.09,1,6.68574858120499,0.20818836605939073,166.53195589456723,799.91,166.53195589456723
2350,txn_003906,cust_00007,243.82,card,abandoned,none,33,30,3,0.9091,0,5.25,1,90700.79,0,5.500523246647367,0.6811985784884702,166.0898374070588,243.82,166.0898374070588
2351,txn_008845,cust_01159,351.35,upi,failed,authentication_failed,22,20,2,0.9091,2,1.49,0,39341.69,0,5.8646249997730315,0.47241743021037286,165.98386410441452,351.35,165.98386410441452
2352,txn_005627,cust_00244,822.75,wallet,failed,bank_decline,33,20,13,0.6061,0,11.09,0,64584.37,0,6.713867085816717,0.2017239715092212,165.96839755921175,822.75,165.96839755921175
2353,txn_008517,cust_01558,942.11,upi,failed,authentication_failed,12,9,3,0.75,3,3.33,0,5631.23,0,6.84918292482307,0.17592683744489707,165.74243282521198,942.11,165.74243282521198
2354,txn_009957,cust_00807,2238.96,upi,failed,bank_decline,13,11,2,0.8462,2,10.33,0,132982.77,0,7.714213287546788,0.07394579393594317,165.56167479081932,2238.96,165.56167479081932
2355,txn_005289,cust_00035,2689.19,upi,failed,bank_decline,25,13,12,0.52,3,3.78,0,41222.23,0,7.897367102071825,0.06155862039114422,165.54282636966113,2689.19,165.54282636966113
2356,txn_006056,cust_00727,2164.25,upi,failed,bank_decline,22,17,5,0.7727,2,8.9,0,142202.57,0,7.680291107211154,0.07621698745367,164.9526150966053,2164.25,164.9526150966053
2357,txn_009952,cust_02242,1630.22,netbanking,failed,insufficient_funds,5,4,1,0.8,3,8.0,0,40200.71,0,7.397083480097293,0.10115444317634782,164.90399635494575,1630.22,164.90399635494575
2358,txn_009398,cust_00459,1527.14,upi,failed,authentication_failed,25,24,1,0.96,3,8.66,0,58525.73,0,7.331806588565981,0.10781775062463321,164.65279968890238,1527.14,164.65279968890238
2359,txn_004939,cust_01166,537.79,wallet,failed,insufficient_funds,5,4,1,0.8,1,8.44,0,141833.03,0,6.289325884601539,0.30602739067476176,164.5784704309801,537.79,164.5784704309801
2360,txn_009856,cust_00721,742.7,card,failed,insufficient_funds,25,16,9,0.64,2,4.18,0,96880.5,0,6.611637727709255,0.22121451212615612,164.29601815609615,742.7,164.29601815609615
2361,txn_005523,cust_00860,410.09,wallet,failed,authentication_failed,12,8,4,0.6667,1,2.8,0,119260.76,0,6.018812168626219,0.3996423032230232,163.88931212872956,410.09,163.88931212872956
2362,txn_008461,cust_00625,693.96,netbanking,failed,network_error,28,27,1,0.9643,2,11.01,0,126928.12,0,6.543854289951665,0.23567434259094877,163.54856678441482,693.96,163.54856678441482
2363,txn_000159,cust_00964,1065.89,wallet,failed,authentication_failed,16,13,3,0.8125,2,9.99,0,5704.01,0,6.972503153203822,0.1533880245482398,163.49476148572333,1065.89,163.49476148572333
2364,txn_005273,cust_00942,1841.12,wallet,failed,authentication_failed,26,17,9,0.6538,3,5.37,0,75511.61,0,7.518672361273111,0.08869370452189872,163.29575326935816,1841.12,163.29575326935816
2365,txn_000929,cust_01061,496.82,netbanking,failed,network_error,10,8,2,0.8,2,7.77,0,25516.04,1,6.210238565904249,0.32797701842695426,162.9455422948794,496.82,162.9455422948794
2366,txn_002814,cust_00236,721.27,netbanking,failed,technical_error,7,6,1,0.8571,1,13.1,0,116984.64,0,6.582399030205594,0.22568117259687243,162.77705935894616,721.27,162.77705935894616
2367,txn_008251,cust_00771,531.7,upi,failed,network_error,9,7,2,0.7778,1,11.31,0,114067.33,1,6.277958413922954,0.3055697922512024,162.47145853996432,531.7,162.47145853996432
2368,txn_003770,cust_01521,347.0,upi,failed,authentication_failed,27,13,14,0.4815,1,0.29,0,4562.63,1,5.8522024797744745,0.4671573135447886,162.10358780004165,347.0,162.10358780004165
2369,txn_002304,cust_01988,1887.51,wallet,failed,bank_decline,12,9,3,0.75,1,13.78,0,76080.12,0,7.543543437346329,0.08575228776103032,161.85830067182235,1887.51,161.85830067182235
2370,txn_008356,cust_00964,811.45,netbanking,failed,network_error,16,13,3,0.8125,3,7.73,0,5704.01,0,6.700054373848785,0.19925755613195686,161.6875439232764,811.45,161.6875439232764
2371,txn_006817,cust_02375,344.05,netbanking,failed,insufficient_funds,25,25,0,1.0,2,3.92,0,47096.23,1,5.843689334066611,0.4693444829208672,161.47796934892438,344.05,161.47796934892438
2372,txn_009228,cust_01647,619.06,upi,failed,authentication_failed,5,3,2,0.6,2,1.67,0,53221.69,0,6.429816247550366,0.26046353885255763,161.2425583620643,619.06,161.2425583620643
2373,txn_002733,cust_00794,239.03,card,abandoned,none,3,3,0,1.0,0,6.98,1,95714.95,0,5.480763915530142,0.6745529801303806,161.23839884056486,239.03,161.23839884056486
2374,txn_007387,cust_00501,1358.75,netbanking,failed,authentication_failed,31,29,2,0.9355,2,12.3,0,16891.34,0,7.21505613830307,0.11853774549154866,161.06316168664173,1358.75,161.06316168664173
2375,txn_002077,cust_01697,228.97,wallet,abandoned,none,4,3,1,0.75,0,2.4,1,126278.78,1,5.43794886563323,0.702207810748041,160.78452242697892,228.97,160.78452242697892
2376,txn_004557,cust_01150,1894.3,wallet,failed,authentication_failed,24,21,3,0.875,3,9.43,0,47625.38,0,7.547132416332254,0.08485140213791495,160.73401106985227,1894.3,160.73401106985227
2377,txn_006068,cust_01165,2152.5,upi,failed,bank_decline,4,3,1,0.75,2,9.74,0,79067.72,0,7.674849704494165,0.07435934915664491,160.05849905967818,2152.5,160.05849905967818
2378,txn_008428,cust_02222,1509.2,upi,failed,authentication_failed,38,24,14,0.6316,1,13.16,0,38791.28,0,7.319997371369325,0.1060075925056654,159.98665860955023,1509.2,159.98665860955023
2379,txn_005543,cust_00837,778.18,netbanking,failed,bank_decline,5,4,1,0.8,1,8.94,0,36163.31,0,6.658242084647783,0.20510185439421455,159.60616105248988,778.18,159.60616105248988
2380,txn_004259,cust_02344,1201.0,netbanking,failed,network_error,27,25,2,0.9259,3,11.87,0,19064.39,0,7.091742115095153,0.13220713035131948,158.78076355193468,1201.0,158.78076355193468
2381,txn_008970,cust_00960,342.63,upi,abandoned,none,4,2,2,0.5,0,4.78,1,87944.97,1,5.839565497125275,0.4621332982014017,158.34073196274628,342.63,158.34073196274628
2382,txn_006936,cust_00661,1156.27,card,failed,technical_error,30,23,7,0.7667,2,10.51,0,138253.2,0,7.053819062112441,0.1364969012571236,157.8272720165743,1156.27,157.8272720165743
2383,txn_002754,cust_02017,558.31,upi,failed,bank_decline,13,10,3,0.7692,1,6.55,0,44832.48,0,6.326703881159928,0.2826257434166074,157.79277880692607,558.31,157.79277880692607
2384,txn_008715,cust_01300,532.62,upi,failed,bank_decline,19,15,4,0.7895,0,10.6,0,62980.34,0,6.279683975158379,0.29488161603744895,157.05984633386606,532.62,157.05984633386606
2385,txn_004327,cust_00266,1185.06,card,failed,technical_error,20,15,5,0.75,2,10.83,0,113267.79,0,7.078392168497253,0.13250545745557038,157.02691741229822,1185.06,157.02691741229822
2386,txn_004927,cust_01271,252.1,netbanking,abandoned,none,30,29,1,0.9667,0,6.82,1,141503.26,0,5.533784667551078,0.6219050346441711,156.78225923379554,252.1,156.78225923379554
2387,txn_007151,cust_00606,425.54,card,failed,authentication_failed,7,6,1,0.8571,1,7.08,0,47569.7,0,6.055706149169446,0.3678408776888885,156.53100709172963,425.54,156.53100709172963
2388,txn_008483,cust_01580,317.93,card,failed,authentication_failed,29,23,6,0.7931,0,6.04,0,132630.15,0,5.764971642968623,0.4913871994677008,156.22673232676613,317.93,156.22673232676613
2389,txn_003923,cust_00854,1003.2,netbanking,failed,network_error,29,19,10,0.6552,3,6.79,0,26725.8,1,6.911946483600605,0.15528767691254788,155.78459747866805,1003.2,155.78459747866805
2390,txn_008157,cust_00907,756.16,card,failed,authentication_failed,9,7,2,0.7778,3,0.45,0,114339.08,0,6.629574591738018,0.20576682211753328,155.59264021239395,756.16,155.59264021239395
2391,txn_004911,cust_02093,749.39,upi,failed,bank_decline,33,24,9,0.7273,0,13.09,0,22225.81,1,6.620593071377207,0.20758805510789438,155.56441261730498,749.39,155.56441261730498
2392,txn_004987,cust_00178,770.28,upi,failed,bank_decline,27,20,7,0.7407,1,6.88,0,146101.72,0,6.648051472356125,0.20184713005678864,155.47880734014316,770.28,155.47880734014316
2393,txn_009399,cust_00266,1040.76,upi,failed,insufficient_funds,20,15,5,0.75,2,8.63,0,113267.79,1,6.948666869488552,0.14915292600848717,155.2323992725931,1040.76,155.2323992725931
2394,txn_000016,cust_01290,201.54,upi,failed,network_error,22,21,1,0.9545,1,1.41,0,144891.8,1,5.310937397904139,0.7687643464061562,154.9367663746967,201.54,154.9367663746967
2395,txn_006079,cust_00253,254.27,netbanking,failed,bank_decline,16,15,1,0.9375,0,5.09,0,41485.55,0,5.542321808529576,0.6077263444567106,154.52657760500782,254.27,154.52657760500782
2396,txn_003740,cust_01920,7762.59,upi,failed,bank_decline,40,24,16,0.6,3,11.88,0,15191.08,0,8.957200135063504,0.019825315584075007,153.8957964997848,7762.59,153.8957964997848
2397,txn_007088,cust_01049,637.69,card,failed,bank_decline,30,26,4,0.8667,2,3.32,0,112412.49,0,6.459419203642094,0.24125397880952737,153.84524974704752,637.69,153.84524974704752
2398,txn_008550,cust_02424,1529.07,upi,failed,insufficient_funds,14,12,2,0.8571,2,13.75,0,51945.02,1,7.333068764973894,0.10056503444762872,153.77097722283565,1529.07,153.77097722283565
2399,txn_002878,cust_00929,1887.4,upi,failed,bank_decline,17,16,1,0.9412,3,7.45,0,109398.7,0,7.543485188672132,0.08135906132326588,153.55709234153204,1887.4,153.55709234153204
2400,txn_000003,cust_01704,700.25,netbanking,failed,insufficient_funds,34,30,4,0.8824,2,7.45,0,120267.1,0,6.552864456836906,0.21909949194866674,153.42441923705388,700.25,153.42441923705388
2401,txn_004897,cust_01972,558.86,wallet,failed,insufficient_funds,12,8,4,0.6667,2,3.56,0,109843.7,0,6.327686752473985,0.27445733945450146,153.3832287275427,558.86,153.3832287275427
2402,txn_006848,cust_02094,1010.84,upi,failed,authentication_failed,12,9,3,0.75,1,12.63,0,33897.41,0,6.919525734581052,0.1514308292365706,153.07233942549504,1010.84,153.07233942549504
2403,txn_003057,cust_00234,478.41,card,failed,authentication_failed,16,14,2,0.875,3,0.39,0,22988.13,0,6.1725561811903225,0.3182059481705234,152.2329076642601,478.41,152.2329076642601
2404,txn_002391,cust_02220,845.94,card,failed,technical_error,21,18,3,0.8571,3,7.13,0,61917.92,0,6.741629853890251,0.1799438944913702,152.2217381060297,845.94,152.2217381060297
2405,txn_002724,cust_01143,546.33,wallet,failed,authentication_failed,19,15,4,0.7895,0,13.43,0,57718.6,0,6.305051911191736,0.27829775810438195,152.042414185167,546.33,152.042414185167
2406,txn_006809,cust_02152,5043.32,wallet,failed,technical_error,3,1,2,0.3333,3,8.16,0,147107.88,0,8.526018136785396,0.03012046029313736,151.9071198055855,5043.32,151.9071198055855
2407,txn_005843,cust_02356,1321.75,wallet,failed,technical_error,5,3,2,0.6,2,11.85,0,12787.68,0,7.187468181784241,0.11468030665079074,151.57869531568267,1321.75,151.57869531568267
2408,txn_002420,cust_00357,1271.55,upi,failed,bank_decline,32,27,5,0.8438,3,5.42,0,16285.56,0,7.148778040383584,0.1189636481420496,151.26822679502317,1271.55,151.26822679502317
2409,txn_008044,cust_01163,825.38,card,failed,authentication_failed,35,26,9,0.7429,2,6.01,0,73759.13,0,6.717054716157295,0.18281710906803442,150.89358548257425,825.38,150.89358548257425
2410,txn_005959,cust_01603,858.34,netbanking,failed,bank_decline,25,23,2,0.92,3,2.92,0,53865.89,0,6.756164652752831,0.17566928984852542,150.7839782485833,858.34,150.7839782485833
2411,txn_008962,cust_00005,1571.82,wallet,failed,insufficient_funds,28,27,1,0.9643,3,12.52,0,5735.62,0,7.3606254654870265,0.09584849297270709,150.65657822436046,1571.82,150.65657822436046
2412,txn_004426,cust_02133,1243.79,netbanking,failed,authentication_failed,15,12,3,0.8,2,8.18,0,133824.19,0,7.126722119972836,0.12111928957573456,150.6469611814029,1243.79,150.6469611814029
2413,txn_003256,cust_00281,553.92,wallet,failed,authentication_failed,22,18,4,0.8182,2,4.36,0,114423.23,0,6.318823959212525,0.2719412778453424,150.63371262409206,553.92,150.63371262409206
2414,txn_000756,cust_01365,1528.11,card,failed,bank_decline,16,12,4,0.75,1,12.83,0,45358.63,1,7.332441145787372,0.09856889130007768,150.6241084845617,1528.11,150.6241084845617
2415,txn_006910,cust_01270,659.79,netbanking,failed,authentication_failed,36,33,3,0.9167,2,8.09,0,5010.5,0,6.4934360889203475,0.22824242750127094,150.59207124106354,659.79,150.59207124106354
2416,txn_006573,cust_02217,276.88,wallet,failed,technical_error,1,1,0,1.0,1,8.98,0,87120.08,1,5.62718936582468,0.5434588121277425,150.47287590192934,276.88,150.47287590192934
2417,txn_006367,cust_01123,817.24,netbanking,failed,authentication_failed,27,23,4,0.8519,1,11.59,0,84035.73,0,6.7071556921028215,0.1841203376322769,150.47050472660197,817.24,150.47050472660197
2418,txn_008444,cust_02464,237.09,upi,abandoned,none,29,25,4,0.8621,0,6.14,1,110245.14,0,5.472648753450811,0.6336382569614779,150.2292943429968,237.09,150.2292943429968
2419,txn_000275,cust_02222,1469.06,card,failed,insufficient_funds,38,24,14,0.6316,2,10.33,0,38791.28,1,7.293058495266349,0.1022173053471994,150.16335459335676,1469.06,150.16335459335676
2420,txn_000601,cust_01623,328.29,upi,failed,technical_error,5,5,0,1.0,3,2.47,0,56665.03,1,5.796938821475121,0.45583048237048485,149.64458905740648,328.29,149.64458905740648
2421,txn_009702,cust_01784,3244.47,netbanking,failed,insufficient_funds,20,16,4,0.8,3,11.53,0,102977.56,0,8.085015456862784,0.04602719641080983,149.33385793898017,3244.47,149.33385793898017
2422,txn_004902,cust_01666,218.03,upi,failed,network_error,2,2,0,1.0,2,2.12,0,65267.18,1,5.389208706736104,0.6839355100132732,149.11845924819397,218.03,149.11845924819397
2423,txn_002884,cust_01443,303.85,card,failed,bank_decline,6,5,1,0.8333,1,2.2,0,37976.89,0,5.719819852353825,0.4903425324950466,148.99057849861993,303.85,148.99057849861993
2424,txn_000556,cust_01853,572.42,netbanking,failed,authentication_failed,9,8,1,0.8889,1,10.69,0,32467.34,0,6.351618432506143,0.2597519560836755,148.68721470141753,572.42,148.68721470141753
2425,txn_006491,cust_02078,1814.28,wallet,failed,bank_decline,19,16,3,0.8421,3,6.25,0,115025.86,0,7.503995004773015,0.08190084262520954,148.59106075806517,1814.28,148.59106075806517
2426,txn_002051,cust_01906,315.87,wallet,failed,authentication_failed,11,8,3,0.7273,0,8.42,0,16453.25,0,5.7584915951282545,0.46979317425730094,148.39356995265365,315.87,148.39356995265365
2427,txn_007850,cust_00462,452.23,upi,failed,insufficient_funds,38,24,14,0.6316,1,7.03,0,50467.21,0,6.116399722902979,0.32750677034179654,148.10838675167065,452.23,148.10838675167065
2428,txn_006605,cust_01754,1663.3,netbanking,failed,bank_decline,4,4,0,1.0,3,7.0,0,137786.63,0,7.417159893592681,0.08888122378966146,147.8361395293439,1663.3,147.8361395293439
2429,txn_000946,cust_01649,414.6,upi,failed,bank_decline,4,3,1,0.75,0,8.49,0,58504.63,0,6.029723259225072,0.35626051780153456,147.70561068051623,414.6,147.70561068051623
2430,txn_005732,cust_02374,222.97,netbanking,abandoned,none,40,31,9,0.775,0,5.19,1,24135.88,0,5.411512114314379,0.6617829965023208,147.55775473012247,222.97,147.55775473012247
2431,txn_003011,cust_00303,1314.61,wallet,failed,authentication_failed,20,16,4,0.8,2,9.74,0,127693.69,0,7.182055715380571,0.11217388235120382,147.46490747771605,1314.61,147.46490747771605
2432,txn_007755,cust_02434,209.07,netbanking,abandoned,none,16,11,5,0.6875,0,1.84,1,58334.89,1,5.347440808507589,0.7052586702058035,147.44843017992733,209.07,147.44843017992733
2433,txn_002630,cust_01623,189.57,wallet,failed,technical_error,5,5,0,1.0,1,2.82,0,56665.03,1,5.250019581140284,0.7773404712332064,147.36043313167892,189.57,147.36043313167892
2434,txn_002903,cust_01596,212.29,card,failed,authentication_failed,18,17,1,0.9444,1,1.03,0,9730.09,0,5.362652742052931,0.6940868817798316,147.34770413304045,212.29,147.34770413304045
2435,txn_004914,cust_01271,1530.93,upi,failed,bank_decline,30,29,1,0.9667,2,10.64,0,141503.26,0,7.334283657350625,0.09622161762999552,147.30856107828905,1530.93,147.30856107828905
2436,txn_009846,cust_00673,3504.84,wallet,failed,bank_decline,15,12,3,0.8,3,10.44,0,50627.22,0,8.162185428387343,0.0420152841261238,147.25684841660373,3504.84,147.25684841660373
2437,txn_003534,cust_01755,1366.0,netbanking,failed,technical_error,13,9,4,0.6923,3,8.06,0,41822.65,0,7.220373836723949,0.10758529325440046,146.96151058551104,1366.0,146.96151058551104
2438,txn_009295,cust_00202,320.9,upi,failed,bank_decline,37,30,7,0.8108,1,3.36,0,29321.74,0,5.774240938304763,0.45609557987012384,146.36107158032272,320.9,146.36107158032272
2439,txn_007634,cust_01353,429.36,netbanking,failed,insufficient_funds,6,4,2,0.6667,1,5.68,0,85244.27,0,6.0646220677257086,0.34020018338187186,146.0683507368405,429.36,146.0683507368405
2440,txn_009814,cust_01556,447.75,upi,failed,technical_error,26,21,5,0.8077,3,2.27,0,77505.49,1,6.106465939802488,0.3257072584549011,145.83542497318197,447.75,145.83542497318197
2441,txn_004638,cust_02312,3009.8,netbanking,failed,bank_decline,8,6,2,0.75,3,6.96,0,105038.44,0,8.009961103160377,0.048423023405759186,145.743615846654,3009.8,145.743615846654
2442,txn_007331,cust_01212,268.58,wallet,failed,network_error,6,5,1,0.8333,2,3.36,0,75618.13,1,5.596865192310124,0.5421481386143666,145.61014706904658,268.58,145.61014706904658
2443,txn_009070,cust_01044,1555.51,netbanking,failed,insufficient_funds,26,15,11,0.5769,1,13.02,0,103224.97,0,7.35020141453176,0.09358900098671494,145.57862692484494,1555.51,145.57862692484494
2444,txn_003491,cust_00031,707.45,netbanking,failed,authentication_failed,18,14,4,0.7778,3,0.68,0,105571.23,0,6.563079485010236,0.20547823206255153,145.36557527265208,707.45,145.36557527265208
2445,txn_007544,cust_01787,672.05,card,failed,technical_error,18,16,2,0.8889,3,6.84,0,39910.89,0,6.511819621090102,0.21629314217674106,145.35980619987882,672.05,145.35980619987882
2446,txn_002757,cust_00886,704.86,netbanking,failed,insufficient_funds,6,4,2,0.6667,1,9.69,0,75883.4,0,6.559416917545855,0.20554609525946127,144.88122070458388,704.86,144.88122070458388
2447,txn_002248,cust_01104,188.19,card,abandoned,none,19,16,3,0.8421,0,2.65,1,35890.07,1,5.242751801098328,0.7694943519203283,144.8111420878866,188.19,144.8111420878866
2448,txn_006327,cust_01090,1098.57,upi,failed,authentication_failed,30,26,4,0.8667,3,5.53,0,101351.48,0,7.002674473270677,0.131555331175271,144.52274016921746,1098.57,144.52274016921746
2449,txn_001410,cust_00069,412.95,netbanking,failed,network_error,33,31,2,0.9394,1,12.69,0,91736.56,0,6.0257451935848145,0.34986242744489454,144.4756894133692,412.95,144.4756894133692
2450,txn_005845,cust_01387,1048.69,upi,failed,network_error,26,11,15,0.4231,2,8.23,0,73929.35,1,6.956250161464984,0.13769456429215826,144.39891262754347,1048.69,144.39891262754347
2451,txn_002097,cust_00605,190.23,upi,abandoned,none,30,21,9,0.7,0,0.97,1,60410.8,0,5.253476892074882,0.7588256400343018,144.3514015037252,190.23,144.3514015037252
2452,txn_005444,cust_00682,491.1,wallet,failed,insufficient_funds,32,23,9,0.7188,2,4.85,0,70129.01,0,6.198681947871933,0.29346310237349205,144.11972957562196,491.1,144.11972957562196
2453,txn_000441,cust_00534,1089.48,wallet,failed,technical_error,24,14,10,0.5833,1,13.93,0,101251.43,0,6.9943732452625875,0.1321467830924529,143.9712772435656,1089.48,143.9712772435656
2454,txn_005090,cust_01092,202.3,wallet,abandoned,none,25,20,5,0.8,0,3.33,1,123680.71,1,5.314682720634301,0.7088841394787667,143.40726141655452,202.3,143.40726141655452
2455,txn_005481,cust_00853,559.8,upi,failed,authentication_failed,9,8,1,0.8889,2,5.36,0,128071.12,0,6.32936433572038,0.25545727437777105,143.00498219667622,559.8,143.00498219667622
2456,txn_001636,cust_01970,1620.89,wallet,failed,bank_decline,31,28,3,0.9032,3,6.38,0,138731.26,0,7.3913474148664,0.08808973409728288,142.78376910094485,1620.89,142.78376910094485
2457,txn_006740,cust_02062,241.73,card,abandoned,none,5,3,2,0.6,0,2.69,1,112286.73,1,5.491949714487858,0.5884829831195237,142.25399150948246,241.73,142.25399150948246
2458,txn_006806,cust_01382,1301.76,wallet,failed,bank_decline,27,20,7,0.7407,3,2.77,0,137896.54,0,7.172240369829716,0.1090342303044286,141.93639964109298,1301.76,141.93639964109298
2459,txn_002947,cust_02432,636.48,wallet,failed,bank_decline,17,15,2,0.8824,2,4.96,0,122770.36,1,6.457522903991433,0.22200805084739775,141.30368420335174,636.48,141.30368420335174
2460,txn_003310,cust_00911,196.64,netbanking,abandoned,none,16,9,7,0.5625,0,0.22,1,21990.77,1,5.2864471939775495,0.7183237122949789,141.25117478568464,196.64,141.25117478568464
2461,txn_004840,cust_02036,685.24,card,failed,insufficient_funds,6,6,0,1.0,2,11.24,0,53061.04,0,6.5312274207685705,0.20611368949733164,141.23734459115153,685.24,141.23734459115153
2462,txn_001852,cust_01398,3094.73,netbanking,failed,bank_decline,23,12,11,0.5217,2,7.96,0,127665.83,0,8.03777902160434,0.04563694813936481,141.23403251533645,3094.73,141.23403251533645
2463,txn_001256,cust_01378,468.0,netbanking,failed,technical_error,19,14,5,0.7368,1,10.63,0,44110.65,1,6.150602768446279,0.30117626003378034,140.9504896958092,468.0,140.9504896958092
2464,txn_007290,cust_02028,223.6,card,abandoned,none,40,35,5,0.875,0,5.82,1,126627.86,0,5.414321042304342,0.6293600361434205,140.72490408166883,223.6,140.72490408166883
2465,txn_004140,cust_00125,1792.24,wallet,failed,bank_decline,4,3,1,0.75,3,5.56,0,87297.86,0,7.491779318523688,0.07850889171849441,140.70677609355442,1792.24,140.70677609355442
2466,txn_001699,cust_00551,326.93,netbanking,failed,bank_decline,10,8,2,0.8,1,1.44,0,132926.65,0,5.7928001709738535,0.42941305945206487,140.38801152666358,326.93,140.38801152666358
2467,txn_006595,cust_00426,415.99,upi,failed,bank_decline,4,4,0,1.0,2,4.9,0,31330.18,1,6.03306224069591,0.3371335299910031,140.2441771409574,415.99,140.2441771409574
2468,txn_006522,cust_01980,540.89,wallet,failed,insufficient_funds,29,27,2,0.931,1,12.39,0,120914.73,0,6.295063028812576,0.2589833012846886,140.08147783187522,540.89,140.08147783187522
2469,txn_006625,cust_02267,212.0,upi,failed,insufficient_funds,17,16,1,0.9412,0,8.17,0,27080.18,0,5.3612921657094255,0.659447058468669,139.80277639535782,212.0,139.80277639535782
2470,txn_004028,cust_00327,669.18,upi,failed,authentication_failed,22,20,2,0.9091,2,8.64,0,42669.11,1,6.507546333019676,0.20869449334957443,139.65418105966822,669.18,139.65418105966822
2471,txn_002893,cust_02268,360.25,card,failed,technical_error,33,26,7,0.7879,1,9.91,0,16863.28,0,5.889570239426642,0.3869053900758245,139.38266677481576,360.25,139.38266677481576
2472,txn_009695,cust_01419,635.15,card,failed,bank_decline,1,1,0,1.0,1,12.15,0,32799.76,1,6.45543438458871,0.21899022308331045,139.09164019136463,635.15,139.09164019136463
2473,txn_000823,cust_00894,1155.14,card,failed,insufficient_funds,14,11,3,0.7857,2,10.19,0,115276.89,0,7.0528421491658655,0.12026475357030915,138.92262743920693,1155.14,138.92262743920693
2474,txn_004420,cust_00264,1952.73,upi,failed,insufficient_funds,37,29,8,0.7838,3,10.43,0,57676.77,0,7.5774956449590425,0.07103738712799954,138.71683696645854,1952.73,138.71683696645854
2475,txn_002747,cust_00958,235.0,netbanking,failed,network_error,17,15,2,0.8824,0,9.59,0,145093.53,0,5.4638318050256105,0.5893974207413315,138.5083938742129,235.0,138.5083938742129
2476,txn_009688,cust_00557,2229.84,wallet,failed,insufficient_funds,24,18,6,0.75,3,11.81,0,15803.84,0,7.710133475141806,0.06171111547145612,137.60591372287172,2229.84,137.60591372287172
2477,txn_005615,cust_00902,390.78,card,failed,insufficient_funds,31,16,15,0.5161,1,3.98,0,70201.88,0,5.970700457755254,0.3518079086388999,137.4794945379093,390.78,137.4794945379093
2478,txn_009597,cust_00494,485.57,netbanking,failed,technical_error,30,22,8,0.7333,1,9.61,0,135280.2,1,6.187380776167708,0.2822087928269525,137.03212353298332,485.57,137.03212353298332
2479,txn_007735,cust_01635,1725.48,upi,failed,bank_decline,1,1,0,1.0,3,8.27,0,142369.43,0,7.453839932633208,0.0791588476568885,136.58700845500798,1725.48,136.58700845500798
2480,txn_008286,cust_01493,972.44,netbanking,failed,authentication_failed,37,26,11,0.7027,1,12.44,0,25865.33,0,6.880836189630873,0.14003453913360725,136.17518723508505,972.44,136.17518723508505
2481,txn_004342,cust_00356,1005.05,netbanking,failed,network_error,9,8,1,0.8889,3,10.1,0,96042.58,0,6.9137870512138555,0.13548688613673385,136.17109491172434,1005.05,136.17109491172434
2482,txn_003799,cust_01842,168.3,wallet,abandoned,none,38,33,5,0.8684,0,2.38,1,46611.15,1,5.13167228913909,0.8063017447457209,135.70058364070485,168.3,135.70058364070485
2483,txn_004706,cust_00182,353.69,card,failed,technical_error,2,2,0,1.0,2,8.83,0,27724.74,1,5.871244168543131,0.38334695682191255,135.58598515834225,353.69,135.58598515834225
2484,txn_003368,cust_00113,276.1,upi,failed,authentication_failed,36,22,14,0.6111,1,1.9,0,15588.4,1,5.624378451868933,0.49061635791677666,135.45917642082205,276.1,135.45917642082205
2485,txn_001100,cust_02359,428.59,upi,failed,network_error,18,14,4,0.7778,1,11.8,0,91202.36,1,6.062831265456319,0.315868115128703,135.37791546301082,428.59,135.37791546301082
2486,txn_004802,cust_02391,707.63,netbanking,failed,network_error,29,20,9,0.6897,3,5.85,0,46872.36,1,6.563333528537727,0.19051316039690447,134.8128276916615,707.63,134.8128276916615
2487,txn_005030,cust_02440,1256.32,card,failed,insufficient_funds,11,9,2,0.8182,3,7.44,0,94745.47,0,7.13673775057514,0.10720460319745588,134.68328708902777,1256.32,134.68328708902777
2488,txn_001319,cust_00304,734.35,netbanking,failed,insufficient_funds,39,26,13,0.6667,3,1.5,0,121023.67,0,6.600346576346323,0.18312452313438518,134.47749356373575,734.35,134.47749356373575
2489,txn_006750,cust_00722,377.58,wallet,failed,authentication_failed,22,15,7,0.6818,1,4.5,0,122164.53,0,5.936427411178073,0.35602687329389654,134.42862681830945,377.58,134.42862681830945
2490,txn_002389,cust_01126,249.95,wallet,failed,technical_error,6,5,1,0.8333,0,10.1,0,138411.69,0,5.525253716100942,0.5346780474520051,133.64277796062868,249.95,133.64277796062868
2491,txn_003429,cust_00308,1290.73,wallet,failed,authentication_failed,22,18,4,0.8182,3,8.53,0,2885.17,0,7.16373768417536,0.1034650517373452,133.54544622894358,1290.73,133.54544622894358
2492,txn_001782,cust_00798,906.44,netbanking,failed,technical_error,7,5,2,0.7143,3,5.31,0,115953.7,0,6.810627448250787,0.14682511153994576,133.08815410426845,906.44,133.08815410426845
2493,txn_003375,cust_01201,1945.47,card,failed,bank_decline,18,12,6,0.6667,1,12.28,0,134997.44,0,7.573772754653292,0.06830930846320742,132.89371033591613,1945.47,132.89371033591613
2494,txn_001325,cust_02285,1752.0,card,failed,insufficient_funds,17,13,4,0.7647,3,9.66,0,37990.38,0,7.469083884921234,0.07583820500145301,132.86853516254567,1752.0,132.86853516254567
2495,txn_009013,cust_00461,575.89,netbanking,failed,technical_error,3,2,1,0.6667,1,11.94,0,19810.69,0,6.357651607085914,0.22968700098066513,132.27444699475524,575.89,132.27444699475524
2496,txn_008807,cust_00275,858.82,netbanking,failed,bank_decline,26,18,8,0.6923,2,4.36,0,89192.02,0,6.7567230650151835,0.15344630557208125,131.78275615141482,858.82,131.78275615141482
2497,txn_000521,cust_01090,900.23,netbanking,failed,authentication_failed,30,26,4,0.8667,2,8.85,0,101351.48,0,6.803760496952094,0.14634920435334697,131.74794423501353,900.23,131.74794423501353
2498,txn_006489,cust_01774,1191.47,wallet,failed,technical_error,20,17,3,0.85,3,10.34,0,107198.33,0,7.083782065213343,0.11049969773507454,131.65707486040927,1191.47,131.65707486040927
2499,txn_007459,cust_00950,200.28,upi,abandoned,none,20,17,3,0.85,0,5.91,1,89464.97,1,5.304696973512076,0.6572106484850386,131.62614867858355,200.28,131.62614867858355
2500,txn_005559,cust_01425,506.66,netbanking,failed,network_error,31,23,8,0.7419,3,5.14,0,11553.42,0,6.2298119321644645,0.25886729016711546,131.15770123607072,506.66,131.15770123607072
2501,txn_003477,cust_01829,1196.37,upi,failed,insufficient_funds,11,7,4,0.6364,3,5.28,0,73946.99,0,7.087882763893105,0.10960411709559414,131.12707756965597,1196.37,131.12707756965597
2502,txn_006959,cust_01725,810.47,netbanking,failed,bank_decline,23,20,3,0.8696,2,5.92,0,131806.14,0,6.698847417694582,0.1615516839741327,130.93279331051534,810.47,130.93279331051534
2503,txn_000375,cust_01594,582.2,wallet,failed,technical_error,2,2,0,1.0,3,9.28,0,48512.76,0,6.3685301806944485,0.22486856862805135,130.9184806552515,582.2,130.9184806552515
2504,txn_007754,cust_00685,1736.64,upi,failed,network_error,37,32,5,0.8649,3,13.75,0,96805.78,0,7.460283149732481,0.07522741263481258,130.64293387812094,1736.64,130.64293387812094
2505,txn_002221,cust_02274,1699.15,netbanking,failed,bank_decline,29,23,6,0.7931,1,13.36,0,144942.26,0,7.43847176144592,0.07685866940273106,130.59440811565048,1699.15,130.59440811565048
2506,txn_000530,cust_01812,703.93,netbanking,failed,authentication_failed,38,32,6,0.8421,1,12.35,0,44813.62,1,6.558098507102471,0.18534116466326866,130.4672060414147,703.93,130.4672060414147
2507,txn_005575,cust_02011,4376.75,card,failed,authentication_failed,4,3,1,0.75,3,13.46,0,2931.82,0,8.38429017275201,0.029779152407995526,130.33590530169442,4376.75,130.33590530169442
2508,txn_001257,cust_01778,210.24,wallet,failed,insufficient_funds,30,25,5,0.8333,0,7.79,0,46019.62,0,5.352994927838733,0.6195359395516,130.25123593132838,210.24,130.25123593132838
2509,txn_005307,cust_02163,278.81,netbanking,failed,authentication_failed,23,22,1,0.9565,1,5.96,0,73542.37,0,5.634110801406882,0.46674911804099034,130.1343216010085,278.81,130.1343216010085
2510,txn_008692,cust_00023,321.59,card,failed,network_error,24,15,9,0.625,0,11.4,0,87025.47,1,5.776382167070545,0.4046404822091014,130.12833267362493,321.59,130.12833267362493
2511,txn_001688,cust_02384,621.99,netbanking,failed,technical_error,36,31,5,0.8611,2,10.62,0,67281.89,0,6.4345304672942625,0.2086763979183316,129.79463274122307,621.99,129.79463274122307
2512,txn_001849,cust_02125,345.28,wallet,failed,authentication_failed,2,2,0,1.0,3,0.28,0,127588.5,1,5.847247696347573,0.37499037969819576,129.47667830219302,345.28,129.47667830219302
2513,txn_003855,cust_00842,2605.99,upi,failed,insufficient_funds,5,2,3,0.4,3,5.64,0,86514.34,0,7.865951578099525,0.04968164726802709,129.4698759640059,2605.99,129.4698759640059
2514,txn_009858,cust_01561,728.16,upi,failed,bank_decline,16,12,4,0.75,2,6.07,0,15114.07,1,6.591893186664721,0.17775732079189444,129.43577070782584,728.16,129.43577070782584
2515,txn_003466,cust_01009,289.02,wallet,failed,technical_error,4,4,0,1.0,3,1.94,0,136282.61,0,5.669949886119749,0.44667016129052944,129.0966100161888,289.02,129.0966100161888
2516,txn_009030,cust_00947,918.17,wallet,failed,authentication_failed,9,7,2,0.7778,1,13.93,0,49866.91,0,6.823471088926227,0.1405670667954365,129.06446371956594,918.17,129.06446371956594
2517,txn_006944,cust_01644,1042.43,upi,failed,insufficient_funds,6,4,2,0.6667,3,4.12,0,123427.61,0,6.950268642331369,0.12373067205960563,128.9805644750947,1042.43,128.9805644750947
2518,txn_005230,cust_01823,268.97,card,failed,bank_decline,12,10,2,0.8333,0,5.66,0,117062.24,1,5.598310841713967,0.47946125433677905,128.9606935789635,268.97,128.9606935789635
2519,txn_007503,cust_02339,452.28,upi,failed,network_error,17,14,3,0.8235,3,5.09,0,72004.37,0,6.1165100360822064,0.28357453072643857,128.25508875695363,452.28,128.25508875695363
2520,txn_006679,cust_02485,3346.73,wallet,failed,insufficient_funds,35,27,8,0.7714,3,13.02,0,123038.41,0,8.116037783196079,0.038243566206817174,127.99089033134125,3346.73,127.99089033134125
2521,txn_002400,cust_00546,405.88,netbanking,failed,bank_decline,32,28,4,0.875,1,7.69,0,18301.95,0,6.008518301673809,0.3127925502213088,126.95624028382481,405.88,126.95624028382481
2522,txn_000644,cust_00714,254.49,netbanking,failed,bank_decline,25,22,3,0.88,1,2.82,0,43337.9,1,5.543183269934562,0.49822958407675233,126.79444685169271,254.49,126.79444685169271
2523,txn_001714,cust_02352,985.16,wallet,failed,authentication_failed,30,17,13,0.5667,3,2.03,0,95125.12,0,6.893818613243264,0.1286869060621107,126.77719237614897,985.16,126.77719237614897
2524,txn_009002,cust_01988,1166.59,upi,failed,insufficient_funds,12,9,3,0.75,3,7.17,0,76080.12,0,7.0626970743663735,0.10842057575738981,126.48235947281337,1166.59,126.48235947281337
2525,txn_003093,cust_00845,392.15,wallet,failed,technical_error,16,12,4,0.75,0,13.96,0,144117.49,1,5.974191218437525,0.3221099106096023,126.31540144555554,392.15,126.31540144555554
2526,txn_007974,cust_00305,178.52,upi,abandoned,none,37,33,4,0.8919,0,4.64,1,117612.67,1,5.190286622334331,0.7071877846771679,126.24716332056802,178.52,126.24716332056802
2527,txn_007085,cust_00527,960.47,netbanking,failed,bank_decline,30,21,9,0.7,0,13.3,0,144471.1,0,6.8684633632940155,0.13101704608539952,125.83794225364367,960.47,125.83794225364367
2528,txn_006669,cust_01706,2230.05,upi,failed,authentication_failed,29,20,9,0.6897,2,13.73,0,26758.97,0,7.710227605656074,0.05639552870503799,125.76484878866997,2230.05,125.76484878866997
2529,txn_000121,cust_00356,1000.37,wallet,failed,network_error,9,8,1,0.8889,3,11.63,0,96042.58,0,6.909124341388375,0.12568377750497456,125.7302805026514,1000.37,125.7302805026514
2530,txn_001036,cust_00605,660.09,wallet,failed,insufficient_funds,30,21,9,0.7,3,3.75,0,60410.8,0,6.493889987920485,0.19015318403767684,125.5182152514301,660.09,125.5182152514301
2531,txn_000997,cust_00035,432.66,netbanking,failed,authentication_failed,25,13,12,0.52,1,4.47,0,41222.23,0,6.072260816936072,0.28932947295669514,125.18128976944372,432.66,125.18128976944372
2532,txn_002543,cust_00270,703.88,netbanking,failed,insufficient_funds,18,14,4,0.7778,2,8.59,0,65939.56,0,6.558027575558475,0.1777790510400304,125.1351184460566,703.88,125.1351184460566
2533,txn_008665,cust_00981,1347.84,upi,failed,bank_decline,20,17,3,0.85,3,5.54,0,115904.97,0,7.207000242798371,0.09255545751642456,124.74994785893767,1347.84,124.74994785893767
2534,txn_002694,cust_00544,1205.07,wallet,failed,network_error,8,6,2,0.75,3,11.9,0,21826.77,0,7.095122418720439,0.10349739276972626,124.72160310501403,1205.07,124.72160310501403
2535,txn_002900,cust_02319,507.54,card,failed,bank_decline,16,15,1,0.9375,1,10.31,0,41141.83,0,6.231543875128394,0.24432206227797454,124.0032194885632,507.54,124.0032194885632
2536,txn_006238,cust_01109,171.61,upi,failed,network_error,34,19,15,0.5588,0,3.97,0,33935.37,0,5.151034714398598,0.720965255455735,123.72484748875868,171.61,123.72484748875868
2537,txn_009261,cust_00243,275.41,netbanking,failed,authentication_failed,29,25,4,0.8621,1,4.72,0,92285.2,0,5.621885270689127,0.44876480210518466,123.59431414778892,275.41,123.59431414778892
2538,txn_009816,cust_00993,359.94,upi,failed,authentication_failed,31,20,11,0.6452,2,1.37,0,32884.03,1,5.888711739533152,0.3428436323299102,123.40313702082788,359.94,123.40313702082788
2539,txn_001085,cust_01999,959.02,wallet,failed,authentication_failed,17,14,3,0.8235,2,11.44,0,22817.83,0,6.866954117578205,0.1284176138433922,123.15506002808999,959.02,123.15506002808999
2540,txn_004930,cust_01607,739.43,wallet,failed,bank_decline,2,2,0,1.0,1,13.73,0,105814.48,0,6.607231098517058,0.16647763817122835,123.09855999295137,739.43,123.09855999295137
2541,txn_008931,cust_00269,605.79,upi,failed,authentication_failed,15,14,1,0.9333,2,8.89,0,73746.19,0,6.408182767444053,0.20302965331205264,122.99333367990836,605.79,122.99333367990836
2542,txn_009242,cust_02215,1474.05,wallet,failed,technical_error,35,28,7,0.8,3,12.2,0,61888.36,1,7.29644716650447,0.08333508195525817,122.8400775561483,1474.05,122.8400775561483
2543,txn_009057,cust_02361,305.07,upi,failed,network_error,29,27,2,0.931,3,2.94,0,117365.13,0,5.723813833961155,0.4025883449968925,122.81762640820199,305.07,122.81762640820199
2544,txn_007867,cust_01454,1232.1,wallet,failed,bank_decline,1,1,0,1.0,3,7.44,0,148045.5,1,7.117286602876485,0.09952536598023894,122.62520342425239,1232.1,122.62520342425239
2545,txn_006043,cust_00218,1124.25,upi,failed,authentication_failed,14,12,2,0.8571,2,11.8,0,65053.33,0,7.025760512173042,0.10891691792593583,122.44984497823336,1124.25,122.44984497823336
2546,txn_009923,cust_00766,261.85,wallet,failed,technical_error,24,21,3,0.875,1,10.0,0,34456.28,0,5.5715835272654575,0.4673117798252168,122.36558954723303,261.85,122.36558954723303
2547,txn_005228,cust_01898,1702.46,wallet,failed,bank_decline,6,6,0,1.0,3,10.93,0,56520.7,0,7.4404167557569485,0.07145081554615461,121.64215543470638,1702.46,121.64215543470638
2548,txn_000494,cust_00066,1932.81,card,failed,bank_decline,12,11,1,0.9167,3,9.12,0,76644.57,0,7.567247429201657,0.06256949754092016,120.93495054206589,1932.81,120.93495054206589
2549,txn_008197,cust_02150,885.53,card,failed,network_error,24,17,7,0.7083,3,8.28,0,58825.87,0,6.787314965889217,0.1365200952019849,120.8926399042137,885.53,120.8926399042137
2550,txn_008246,cust_00199,847.02,upi,failed,bank_decline,39,33,6,0.8462,1,12.56,0,65750.0,0,6.742904220419444,0.14256678955461785,120.75692208855241,847.02,120.75692208855241
2551,txn_001395,cust_02174,909.46,upi,failed,bank_decline,31,27,4,0.871,1,13.24,0,72374.15,0,6.8139499662970815,0.13269618477831918,120.68187220849016,909.46,120.68187220849016
2552,txn_009990,cust_00241,622.98,upi,failed,bank_decline,30,23,7,0.7667,0,13.16,0,100469.08,0,6.436118316573723,0.1934670613019705,120.52610984990159,622.98,120.52610984990159
2553,txn_006015,cust_00557,604.55,netbanking,failed,authentication_failed,24,18,6,0.75,2,6.77,0,15803.84,1,6.406137135967059,0.19917270024560998,120.40985593348351,604.55,120.40985593348351
2554,txn_001877,cust_00162,603.18,upi,failed,bank_decline,4,3,1,0.75,3,0.99,0,14752.47,1,6.403872166782722,0.19954372854168345,120.36078618177261,603.18,120.36078618177261
2555,txn_000584,cust_01558,341.56,netbanking,failed,bank_decline,12,9,3,0.75,2,0.73,0,5631.23,0,5.836446824841373,0.3511648163601426,119.9438546759703,341.56,119.9438546759703
2556,txn_001938,cust_01940,1419.51,wallet,failed,insufficient_funds,6,5,1,0.8333,3,9.67,0,118975.71,0,7.258771241044191,0.08436504975249455,119.75703177416354,1419.51,119.75703177416354
2557,txn_002147,cust_01202,651.12,upi,failed,insufficient_funds,37,31,6,0.8378,2,9.34,0,99058.28,0,6.480228594071454,0.18366955942856833,119.5909235351294,651.12,119.5909235351294
2558,txn_000273,cust_01661,1387.34,card,failed,network_error,11,8,3,0.7273,3,9.88,0,133301.76,1,7.235864067842073,0.0861925207414183,119.57833172539925,1387.34,119.57833172539925
2559,txn_008539,cust_01473,1482.01,wallet,failed,bank_decline,5,3,2,0.6,1,12.71,0,47215.25,1,7.301829085203532,0.08027167674053408,118.96342764623891,1482.01,118.96342764623891
2560,txn_009038,cust_01214,666.29,netbanking,failed,bank_decline,28,18,10,0.6429,1,8.18,0,35589.46,0,6.503224734033749,0.17797571914772706,118.58344191093906,666.29,118.58344191093906
2561,txn_003452,cust_00704,271.86,wallet,failed,technical_error,6,5,1,0.8333,2,5.05,0,76177.8,1,5.608958843134728,0.43592723636306535,118.51117847766295,271.86,118.51117847766295
2562,txn_005610,cust_02430,693.99,card,failed,technical_error,26,20,6,0.7692,3,7.5,0,11636.32,1,6.5438974569720685,0.17041032230983566,118.26305957980286,693.99,118.26305957980286
2563,txn_004810,cust_01708,582.69,upi,failed,authentication_failed,13,11,2,0.8462,1,12.92,0,19801.71,0,6.369370019974588,0.20275555823970917,118.14363623069615,582.69,118.14363623069615
2564,txn_008588,cust_00960,3057.69,card,failed,authentication_failed,4,2,2,0.5,2,11.05,0,87944.97,0,8.025741998708337,0.03844801570196959,117.5621131317554,3057.69,117.5621131317554
2565,txn_009438,cust_01252,769.0,netbanking,failed,bank_decline,32,24,8,0.75,2,5.49,0,89477.15,0,6.646390514847729,0.15248841674545108,117.26359247725188,769.0,117.26359247725188
2566,txn_008512,cust_00318,764.95,upi,failed,bank_decline,38,32,6,0.8421,3,3.85,0,40990.94,0,6.6411168934587055,0.1529237560245858,116.97902717100692,764.95,116.97902717100692
2567,txn_001483,cust_02477,186.81,wallet,failed,network_error,19,15,4,0.7895,2,0.17,0,123093.36,1,5.2354308134928464,0.6246874102811271,116.69785511461735,186.81,116.69785511461735
2568,txn_008573,cust_01316,371.84,wallet,failed,authentication_failed,26,20,6,0.7692,1,7.66,0,94834.29,0,5.921149373192956,0.31319633657572854,116.4589257923189,371.84,116.4589257923189
2569,txn_008268,cust_01761,1112.44,card,failed,technical_error,23,20,3,0.8696,3,11.3,0,52293.1,0,7.01520960109654,0.10466602497884663,116.43467282746815,1112.44,116.43467282746815
2570,txn_005299,cust_01112,219.19,netbanking,failed,technical_error,12,10,2,0.8333,1,5.99,0,94272.98,0,5.394490809996694,0.5286553195313352,115.87595948807335,219.19,115.87595948807335
2571,txn_004238,cust_02027,1053.54,card,failed,authentication_failed,21,16,5,0.7619,3,5.17,0,89935.17,0,6.9608599318689155,0.10997150198220695,115.85937619833432,1053.54,115.85937619833432
2572,txn_008628,cust_01701,1240.84,upi,failed,authentication_failed,16,10,6,0.625,2,9.1,0,71963.08,0,7.124349429718188,0.0931214751619867,115.54885123999956,1240.84,115.54885123999956
2573,txn_006694,cust_00523,1064.13,netbanking,failed,bank_decline,17,15,2,0.8824,3,4.33,0,137193.29,0,6.970852136421811,0.10852644069909174,115.48624134112451,1064.13,115.48624134112451
2574,txn_005900,cust_01552,515.99,upi,failed,technical_error,20,15,5,0.75,3,3.83,0,124131.62,0,6.2480235319615955,0.22319596412344966,115.1668855280588,515.99,115.1668855280588
2575,txn_007990,cust_02025,394.79,wallet,failed,bank_decline,1,1,0,1.0,1,10.88,0,50253.86,1,5.980883767563795,0.29144107416944415,115.05802167135487,394.79,115.05802167135487
2576,txn_004156,cust_00026,3399.82,netbanking,failed,authentication_failed,6,5,1,0.8333,3,12.03,0,128442.34,0,8.13177185799647,0.03381183951348036,114.9541682147208,3399.82,114.9541682147208
2577,txn_003926,cust_01131,923.14,wallet,failed,insufficient_funds,5,3,2,0.6,2,9.64,0,29036.33,0,6.828863575315938,0.12415849160041291,114.61566993600518,923.14,114.61566993600518
2578,txn_004079,cust_00957,747.1,wallet,failed,network_error,2,2,0,1.0,3,12.52,0,89939.53,1,6.617536658878359,0.15289032644378162,114.22436288614925,747.1,114.22436288614925
2579,txn_006747,cust_02029,404.36,card,failed,insufficient_funds,20,18,2,0.9,2,7.29,0,74092.09,0,6.004775561167654,0.28222135406317805,114.11902672898668,404.36,114.11902672898668
2580,txn_006768,cust_02416,231.03,upi,failed,bank_decline,18,17,1,0.9444,1,3.53,0,105370.42,0,5.446866673651275,0.49373652868756385,114.06795022268787,231.03,114.06795022268787
2581,txn_007077,cust_00506,375.57,upi,failed,insufficient_funds,37,24,13,0.6486,2,2.57,0,129895.04,0,5.9311039529331815,0.3032357883154724,113.88626501764196,375.57,113.88626501764196
2582,txn_005482,cust_01935,349.21,upi,failed,network_error,32,25,7,0.7812,1,12.38,0,67613.15,0,5.858532974555427,0.3257035868348453,113.73894955859632,349.21,113.73894955859632
2583,txn_005804,cust_02220,152.9,upi,abandoned,none,21,18,3,0.8571,0,4.24,1,61917.92,1,5.0363030408448335,0.7411078748560365,113.31539406548798,152.9,113.31539406548798
2584,txn_007711,cust_00285,919.01,card,failed,authentication_failed,35,31,4,0.8857,2,12.19,0,8760.76,0,6.82438453954923,0.12293759343550509,112.98087774316353,919.01,112.98087774316353
2585,txn_005240,cust_01877,134.43,upi,abandoned,none,36,32,4,0.8889,0,0.7,1,74956.85,0,4.90845490166728,0.8372747443527737,112.55484388334338,134.43,112.55484388334338
2586,txn_005819,cust_01754,486.63,wallet,failed,network_error,4,4,0,1.0,2,13.28,0,137786.63,0,6.189556921555333,0.23075837194447357,112.29394653933917,486.63,112.29394653933917
2587,txn_003867,cust_01828,591.46,upi,failed,authentication_failed,11,8,3,0.7273,1,10.38,0,86865.56,0,6.384283360181824,0.18983225446593585,112.27818522642242,591.46,112.27818522642242
2588,txn_004570,cust_00682,738.71,card,failed,authentication_failed,32,23,9,0.7188,1,11.75,0,70129.01,0,6.606258217496628,0.151928196478342,112.23087802051602,738.71,112.23087802051602
2589,txn_009026,cust_01931,340.63,card,failed,technical_error,36,19,17,0.5278,0,10.97,0,96854.28,0,5.833728280072339,0.3290625536548537,112.08857765145282,340.63,112.08857765145282
2590,txn_008479,cust_01086,528.18,netbanking,failed,bank_decline,35,32,3,0.9143,2,6.28,0,59565.74,0,6.2713286386316955,0.21218890334325044,112.07393496783801,528.18,112.07393496783801
2591,txn_006512,cust_02215,175.84,netbanking,abandoned,none,35,28,7,0.8,0,6.02,1,61888.36,0,5.175245368958042,0.6358702865322197,111.8114311838255,175.84,111.8114311838255
2592,txn_005479,cust_01005,513.83,netbanking,failed,bank_decline,11,9,2,0.8182,1,8.99,0,61629.21,0,6.2438367490823214,0.21758830128281487,111.80339684814876,513.83,111.80339684814876
2593,txn_002407,cust_01499,152.52,upi,abandoned,none,31,24,7,0.7742,0,3.48,1,55232.5,1,5.033830851699444,0.7319922463001671,111.6434574057015,152.52,111.6434574057015
2594,txn_005553,cust_01468,336.3,upi,failed,insufficient_funds,18,11,7,0.6111,1,7.44,0,13455.96,1,5.820972742067605,0.3319280095638324,111.62738961631683,336.3,111.62738961631683
2595,txn_001081,cust_00377,1073.0,netbanking,failed,network_error,14,11,3,0.7857,3,10.46,0,94201.74,0,6.97914527506881,0.1037122120376445,111.28320351639255,1073.0,111.28320351639255
2596,txn_003276,cust_00524,1305.4,card,failed,bank_decline,31,22,9,0.7097,2,7.61,0,145140.23,0,7.175030541656255,0.08489929144067138,110.82753504665243,1305.4,110.82753504665243
2597,txn_009024,cust_00516,2978.28,card,failed,bank_decline,24,20,4,0.8333,3,10.26,0,110121.61,0,7.999436939568619,0.036956146687719904,110.06575255710244,2978.28,110.06575255710244
2598,txn_005198,cust_01737,416.97,netbanking,failed,technical_error,32,22,10,0.6875,1,9.97,0,128876.98,1,6.035409659614214,0.2636307218227002,109.9261020784113,416.97,109.9261020784113
2599,txn_009439,cust_00664,820.7,card,failed,technical_error,27,26,1,0.963,3,11.44,0,44137.77,0,6.711375364937142,0.1338695051513667,109.86670287772665,820.7,109.86670287772665
2600,txn_008766,cust_02485,1207.15,card,failed,insufficient_funds,35,27,8,0.7714,2,12.02,0,123038.41,0,7.096845542971463,0.09061715827154437,109.3885026074948,1207.15,109.3885026074948
2601,txn_001922,cust_02467,1015.92,netbanking,failed,network_error,17,8,9,0.4706,2,9.07,0,134900.79,0,6.924533730220955,0.10744146148849447,109.15192955539129,1015.92,109.15192955539129
2602,txn_004766,cust_02332,141.01,upi,abandoned,none,32,30,2,0.9375,0,5.06,1,21036.28,0,4.955897477656921,0.7736949771656004,109.09872873012131,141.01,109.09872873012131
2603,txn_006545,cust_01491,217.08,netbanking,failed,insufficient_funds,32,31,1,0.9688,2,2.93,0,68824.47,0,5.384861967948223,0.5011675904352005,108.79346053167333,217.08,108.79346053167333
2604,txn_005454,cust_00904,860.25,wallet,failed,authentication_failed,21,17,4,0.8095,2,9.65,0,129361.28,0,6.758384822327868,0.12645648897094208,108.78419463725292,860.25,108.78419463725292
2605,txn_004755,cust_01973,127.3,wallet,abandoned,none,9,9,0,1.0,0,3.33,1,16429.54,1,4.8543712716215905,0.8513798981370275,108.3806610328436,127.3,108.3806610328436
2606,txn_007749,cust_00100,221.37,wallet,failed,insufficient_funds,16,14,2,0.875,1,6.29,0,117908.29,1,5.4043426611913405,0.4895438113674566,108.37031352241387,221.37,108.37031352241387
2607,txn_009098,cust_01495,892.81,upi,failed,authentication_failed,7,6,1,0.8571,3,5.79,0,134245.99,0,6.7954932246220405,0.12117994373307478,108.1906655643265,892.81,108.1906655643265
2608,txn_009078,cust_00082,1395.52,wallet,failed,bank_decline,36,25,11,0.6944,3,6.63,0,25603.92,0,7.241738706800761,0.07727945806218983,107.84502931494715,1395.52,107.84502931494715
2609,txn_003564,cust_00693,153.6,wallet,abandoned,none,4,2,2,0.5,0,0.27,1,55941.9,0,5.040841136153322,0.7016943941523441,107.78025894180006,153.6,107.78025894180006
2610,txn_000894,cust_01725,1026.73,netbanking,failed,bank_decline,23,20,3,0.8696,1,13.28,0,131806.14,0,6.9351077656032345,0.10444269672626119,107.23445000975416,1026.73,107.23445000975416
2611,txn_001966,cust_01309,685.75,card,failed,bank_decline,8,5,3,0.625,1,9.33,0,4365.18,0,6.531970324975383,0.15521741842916972,106.44034468780313,685.75,106.44034468780313
2612,txn_009720,cust_01478,577.6,upi,failed,bank_decline,39,35,4,0.8974,1,12.85,0,9199.26,1,6.360611392542035,0.1841714165339189,106.37741018999156,577.6,106.37741018999156
2613,txn_004040,cust_01214,2945.65,card,failed,bank_decline,28,18,10,0.6429,3,8.97,0,35589.46,0,7.9884242108389865,0.036110764759566705,106.36967421401766,2945.65,106.36967421401766
2614,txn_007130,cust_01534,694.93,upi,failed,network_error,24,21,3,0.875,3,10.57,0,69310.25,0,6.5452490805638,0.15212830477954414,105.7185228404486,694.93,105.7185228404486
2615,txn_006654,cust_01048,1070.11,wallet,failed,insufficient_funds,9,8,1,0.8889,3,10.69,0,72249.1,0,6.976450772923435,0.09876036247662381,105.6844514898599,1070.11,105.6844514898599
2616,txn_005082,cust_01141,2500.56,card,failed,authentication_failed,26,15,11,0.5769,3,7.15,0,137353.84,0,7.824669816249244,0.04222583268954092,105.58822819015845,2500.56,105.58822819015845
2617,txn_000137,cust_01606,1011.81,card,failed,technical_error,23,18,5,0.7826,3,8.67,0,137183.02,0,6.920483924958861,0.10433664576024376,105.56886154667224,1011.81,105.56886154667224
2618,txn_007483,cust_02206,2343.02,card,failed,insufficient_funds,28,16,12,0.5714,2,13.79,0,78784.59,0,7.759622683083711,0.04497692015646161,105.38182346499268,2343.02,105.38182346499268
2619,txn_006962,cust_00441,186.45,netbanking,failed,network_error,10,7,3,0.7,0,9.32,0,58154.32,1,5.233512143181921,0.5648077284632887,105.30840097198018,186.45,105.30840097198018
2620,txn_007007,cust_00308,1139.31,card,failed,network_error,22,18,4,0.8182,3,13.48,0,2885.17,0,7.039055434246889,0.09232386703550212,105.18550495221791,1139.31,105.18550495221791
2621,txn_007043,cust_02166,1754.17,wallet,failed,authentication_failed,9,8,1,0.8889,3,12.01,0,66544.91,0,7.470320997305615,0.05986253779814954,105.00906792937998,1754.17,105.00906792937998
2622,txn_008796,cust_00008,823.42,wallet,failed,authentication_failed,36,28,8,0.7778,3,6.66,0,30626.81,0,6.7146801087899615,0.1274706627882594,104.96189315310853,823.42,104.96189315310853
2623,txn_009429,cust_00715,1185.23,wallet,failed,bank_decline,39,23,16,0.5897,1,11.3,0,131118.67,0,7.078535489929532,0.08851207010966494,104.90716085607818,1185.23,104.90716085607818
2624,txn_000872,cust_01171,887.54,wallet,failed,insufficient_funds,33,29,4,0.8788,3,9.51,0,68945.44,0,6.789579666277467,0.1181463072127017,104.85957350356126,887.54,104.85957350356126
2625,txn_003398,cust_00960,265.74,netbanking,failed,authentication_failed,4,2,2,0.5,0,4.84,0,87944.97,1,5.586274401194249,0.3944028655972516,104.80861750381364,265.74,104.80861750381364
2626,txn_006306,cust_00300,601.99,card,failed,authentication_failed,25,22,3,0.88,2,9.19,0,60101.51,1,6.401900612841747,0.17336499415006051,104.36399282839493,601.99,104.36399282839493
2627,txn_005691,cust_00421,427.11,netbanking,failed,bank_decline,1,1,0,1.0,3,1.88,0,98991.4,0,6.059380171906347,0.24422258914094783,104.30991004799023,427.11,104.30991004799023
2628,txn_005107,cust_00941,158.17,wallet,abandoned,none,13,10,3,0.7692,0,5.36,1,90766.98,1,5.069972813441763,0.6591942182491624,104.26474950047,158.17,104.26474950047
2629,txn_005480,cust_02191,881.8,wallet,failed,authentication_failed,12,11,1,0.9167,3,8.08,0,93858.55,0,6.783098674382582,0.11799130462480972,104.04473241815721,881.8,104.04473241815721
2630,txn_001419,cust_00083,677.4,card,failed,bank_decline,34,29,5,0.8529,2,6.5,0,130992.52,0,6.519737084477693,0.1534910164078656,103.97481451468816,677.4,103.97481451468816
2631,txn_009556,cust_01930,118.49,netbanking,failed,network_error,4,4,0,1.0,0,3.13,0,76532.47,1,4.7832326858616625,0.8750796727192464,103.6881904205035,118.49,103.6881904205035
2632,txn_003222,cust_02098,664.7,card,failed,bank_decline,36,33,3,0.9167,3,4.05,0,69728.52,0,6.500839118606658,0.15586602277943692,103.60414534149173,664.7,103.60414534149173
2633,txn_007747,cust_00122,366.92,wallet,failed,authentication_failed,36,19,17,0.5278,2,0.88,0,99618.83,0,5.907865523231669,0.2823342392393943,103.59407906171857,366.92,103.59407906171857
2634,txn_001690,cust_02450,621.58,wallet,failed,bank_decline,26,23,3,0.8846,2,7.51,0,118582.42,0,6.4338721341378635,0.16657126010588347,103.53736385661506,621.58,103.53736385661506
2635,txn_001526,cust_02309,261.36,netbanking,failed,network_error,35,19,16,0.5429,1,7.99,0,5851.83,1,5.5697176064255345,0.3956388374636996,103.40416655951253,261.36,103.40416655951253
2636,txn_007616,cust_00315,338.33,card,failed,bank_decline,18,13,5,0.7222,2,0.32,0,92770.94,1,5.8269730852113995,0.3054967533080403,103.35871654670927,338.33,103.35871654670927
2637,txn_009012,cust_00196,746.51,card,failed,bank_decline,2,2,0,1.0,3,7.21,0,18185.92,0,6.616747683101779,0.1382919729447455,103.23634072298195,746.51,103.23634072298195
2638,txn_009146,cust_02219,1373.15,card,failed,technical_error,25,22,3,0.88,3,12.75,0,98527.37,0,7.2255906371293275,0.07511324685162529,103.14175491430927,1373.15,103.14175491430927
2639,txn_003759,cust_00121,1484.46,upi,failed,authentication_failed,30,23,7,0.7667,2,13.79,0,43502.14,0,7.303479767579506,0.06902940183889182,102.47138585376136,1484.46,102.47138585376136
2640,txn_009406,cust_00644,136.18,netbanking,abandoned,none,29,20,9,0.6897,0,1.18,1,62713.38,0,4.921293932071175,0.7484458135283364,101.92335088628886,136.18,101.92335088628886
2641,txn_004232,cust_00856,2031.88,netbanking,failed,network_error,21,13,8,0.619,3,12.1,0,100508.13,0,7.617208785816392,0.05015973696810958,101.9185663507625,2031.88,101.9185663507625
2642,txn_007722,cust_01272,1358.3,card,failed,technical_error,14,12,2,0.8571,3,13.01,0,66329.79,0,7.214725140341202,0.07497259357998648,101.83527385969563,1358.3,101.83527385969563
2643,txn_005936,cust_01178,1106.98,netbanking,failed,bank_decline,19,9,10,0.4737,3,1.63,0,3554.25,0,7.0102938166027995,0.09197109582190957,101.81016365293746,1106.98,101.81016365293746
2644,txn_004057,cust_00935,226.86,netbanking,failed,insufficient_funds,36,34,2,0.9444,0,13.11,0,42678.38,1,5.42873140526997,0.4475359581321169,101.52800746185204,226.86,101.52800746185204
2645,txn_007199,cust_02268,687.89,upi,failed,technical_error,33,26,7,0.7879,3,9.42,0,16863.28,0,6.535081606598888,0.14579108671351765,100.28823063936166,687.89,100.28823063936166
2646,txn_006237,cust_00855,1313.54,wallet,failed,bank_decline,29,22,7,0.7586,3,5.49,0,149592.1,0,7.181242073528183,0.076320032491572,100.24941547897949,1313.54,100.24941547897949
2647,txn_005823,cust_00222,832.31,upi,failed,bank_decline,33,23,10,0.697,1,11.68,0,71504.74,0,6.725405721796175,0.1200170057192409,99.89135403018139,832.31,99.89135403018139
2648,txn_001424,cust_01490,2410.03,netbanking,failed,technical_error,37,21,16,0.5676,3,11.63,0,94502.39,0,7.78780932107348,0.0414050897497753,99.78750844965099,2410.03,99.78750844965099
2649,txn_009437,cust_02270,132.23,card,abandoned,none,22,18,4,0.8182,0,1.58,1,142105.3,0,4.892076957972121,0.7539913110955159,99.70027106616006,132.23,99.70027106616006
2650,txn_003362,cust_02384,995.92,netbanking,failed,authentication_failed,36,31,5,0.8611,2,12.16,0,67281.89,0,6.904670526020213,0.0997952628235187,99.38809815119873,995.92,99.38809815119873
2651,txn_002325,cust_00072,1071.15,netbanking,failed,network_error,34,31,3,0.9118,3,12.43,0,137855.53,1,6.97742125721524,0.09275950717351389,99.3593461089094,1071.15,99.3593461089094
2652,txn_003267,cust_00373,2224.23,card,failed,technical_error,38,31,7,0.8158,3,13.91,0,148514.66,0,7.707615560044466,0.04445641956565665,98.88130209052049,2224.23,98.88130209052049
2653,txn_000937,cust_02390,1822.08,upi,failed,authentication_failed,15,10,5,0.6667,2,12.19,0,120901.46,0,7.508282657423974,0.05408402244147489,98.54541561016256,1822.08,98.54541561016256
2654,txn_004385,cust_00693,645.09,netbanking,failed,bank_decline,4,2,2,0.5,0,10.82,0,55941.9,0,6.470938812964076,0.1525278827311361,98.39421187102859,645.09,98.39421187102859
2655,txn_002838,cust_02434,413.53,upi,failed,authentication_failed,16,11,5,0.6875,1,8.99,0,58334.89,0,6.027145348313364,0.23733384836429836,98.1446663140883,413.53,98.1446663140883
2656,txn_008848,cust_00302,736.17,wallet,failed,authentication_failed,16,12,4,0.75,3,6.22,0,16183.29,1,6.602818530447819,0.1332958333412886,98.12839363085644,736.17,98.12839363085644
2657,txn_002033,cust_00733,477.01,upi,failed,technical_error,34,23,11,0.6765,2,10.15,0,6624.38,1,6.169631652774718,0.2057089981305329,98.1252491982455,477.01,98.1252491982455
2658,txn_009872,cust_00275,1466.54,upi,failed,authentication_failed,26,18,8,0.6923,2,12.1,0,89192.02,0,7.291342808570984,0.06689991482645646,98.11140108959145,1466.54,98.11140108959145
2659,txn_001357,cust_01613,767.11,netbanking,failed,insufficient_funds,6,3,3,0.5,3,3.21,0,9369.03,0,6.643932952058021,0.12751094591221668,97.81492171872054,767.11,97.81492171872054
2660,txn_002395,cust_00123,1251.35,netbanking,failed,authentication_failed,32,28,4,0.875,3,10.21,0,24064.73,0,7.132777065308119,0.0781611776572429,97.80698966139089,1251.35,97.80698966139089
2661,txn_005670,cust_00308,467.25,netbanking,failed,technical_error,22,18,4,0.8182,3,7.22,0,2885.17,0,6.149002341324198,0.20930366031933043,97.79713528420714,467.25,97.79713528420714
2662,txn_001497,cust_01163,130.03,wallet,abandoned,none,35,26,9,0.7429,0,2.69,1,73759.13,1,4.875426304616494,0.7520870991944159,97.7938855082499,130.03,97.7938855082499
2663,txn_000150,cust_01333,970.51,upi,failed,bank_decline,38,37,1,0.9737,2,13.39,0,13628.04,1,6.878851562125301,0.10053777452494117,97.57291555420065,970.51,97.57291555420065
2664,txn_006692,cust_00681,795.88,netbanking,failed,insufficient_funds,5,4,1,0.8,2,12.33,0,27394.77,0,6.68070410283691,0.12243505315058537,97.44361010148788,795.88,97.44361010148788
2665,txn_008070,cust_02225,401.32,card,failed,authentication_failed,26,23,3,0.8846,2,6.13,0,113490.81,1,5.9972477918637095,0.2423098709945974,97.24379742755183,401.32,97.24379742755183
2666,txn_000507,cust_01919,1716.5,card,failed,authentication_failed,22,20,2,0.9091,3,11.68,0,78345.85,0,7.448625024096504,0.05662321706337395,97.19375208928139,1716.5,97.19375208928139
2667,txn_009652,cust_02206,402.17,upi,failed,authentication_failed,28,16,12,0.5714,2,2.61,0,78784.59,1,5.999358309227082,0.24102777412205248,96.93413991866585,402.17,96.93413991866585
2668,txn_005762,cust_01695,526.15,upi,failed,technical_error,27,24,3,0.8889,3,7.16,0,145635.13,0,6.267485138022959,0.1840384994726736,96.83185649754721,526.15,96.83185649754721
2669,txn_007734,cust_00713,347.12,upi,failed,technical_error,7,4,3,0.5714,3,0.26,0,84136.52,0,5.852547247921313,0.27798151103648544,96.49294211098483,347.12,96.49294211098483
2670,txn_007713,cust_00345,333.86,netbanking,failed,network_error,35,22,13,0.6286,2,5.28,0,142680.76,0,5.813712534028397,0.2882283386012345,96.22791312540815,333.86,96.22791312540815
2671,txn_004632,cust_01349,425.99,upi,failed,network_error,33,25,8,0.7576,2,10.24,0,98307.39,0,6.056760593750644,0.22574299951441862,96.16426036314719,425.99,96.16426036314719
2672,txn_007629,cust_02049,662.42,wallet,failed,authentication_failed,2,2,0,1.0,2,11.95,0,136789.05,0,6.497408273782366,0.1449028831649718,95.98656786614062,662.42,95.98656786614062
2673,txn_001513,cust_01201,1984.27,upi,failed,bank_decline,18,12,6,0.6667,3,6.48,0,134997.44,0,7.593510204022523,0.04822776277585529,95.69690284324638,1984.27,95.69690284324638
2674,txn_007516,cust_00089,347.68,wallet,failed,insufficient_funds,34,29,5,0.8529,3,3.67,0,68271.44,0,5.854154596143375,0.2749088304152035,95.58030215875795,347.68,95.58030215875795
2675,txn_009177,cust_02023,331.22,wallet,failed,bank_decline,17,15,2,0.8824,1,9.86,0,20379.91,0,5.805797400062931,0.28802708266734767,95.4003303210789,331.22,95.4003303210789
2676,txn_006608,cust_00242,214.59,netbanking,failed,network_error,36,28,8,0.7778,0,13.18,0,89722.4,1,5.373378455769916,0.44441949898306576,95.36798028677609,214.59,95.36798028677609
2677,txn_002458,cust_00877,1884.15,wallet,failed,insufficient_funds,9,6,3,0.6667,3,11.21,0,65460.12,0,7.5417626723129585,0.05057445804922451,95.28986513344637,1884.15,95.28986513344637
2678,txn_000409,cust_00261,3126.22,wallet,failed,insufficient_funds,27,16,11,0.5926,3,13.21,0,59032.05,0,8.047899709955864,0.03033834408822404,94.84433805548775,3126.22,94.84433805548775
2679,txn_002810,cust_00538,1251.12,card,failed,authentication_failed,40,32,8,0.8,2,11.92,0,132750.99,0,7.132593393712415,0.07563705414156681,94.63103117759705,1251.12,94.63103117759705
2680,txn_002312,cust_02449,1417.31,wallet,failed,technical_error,18,13,5,0.7222,3,12.19,0,88119.83,0,7.257221300970199,0.06654857344241129,94.31995862566394,1417.31,94.31995862566394
2681,txn_001898,cust_01224,251.59,card,failed,network_error,6,5,1,0.8333,2,6.55,0,116052.94,0,5.531767620850886,0.3741922152717096,94.14301944020941,251.59,94.14301944020941
2682,txn_009972,cust_02252,605.43,upi,failed,insufficient_funds,33,31,2,0.9394,3,8.31,0,77856.23,0,6.407589305399963,0.1553581143853519,94.0584631923236,605.43,94.0584631923236
2683,txn_006875,cust_01683,494.37,netbanking,failed,network_error,8,7,1,0.875,3,9.21,0,46944.66,0,6.205304958096048,0.1899928086664573,93.9267448204365,494.37,93.9267448204365
2684,txn_007105,cust_02439,1917.77,netbanking,failed,authentication_failed,20,15,5,0.75,2,13.27,0,140496.07,0,7.559439634733952,0.04896441638825976,93.90248881691292,1917.77,93.90248881691292
2685,txn_003755,cust_02152,2338.95,card,failed,insufficient_funds,3,1,2,0.3333,3,4.71,0,147107.88,0,7.757884840602091,0.0399902822833146,93.53527074655868,2338.95,93.53527074655868
2686,txn_002999,cust_00240,654.14,wallet,failed,authentication_failed,8,6,2,0.75,2,9.28,0,69012.81,0,6.48484895325403,0.14199191676164688,92.88259243046369,654.14,92.88259243046369
2687,txn_008875,cust_00155,2373.84,wallet,failed,bank_decline,9,7,2,0.7778,3,11.41,0,40405.42,0,7.772685345778335,0.03910137973385728,92.82041926741977,2373.84,92.82041926741977
2688,txn_005886,cust_01843,875.88,upi,failed,authentication_failed,5,4,1,0.8,3,6.11,0,123752.73,0,6.776370152907468,0.10596846384206442,92.81565810998738,875.88,92.81565810998738
2689,txn_005139,cust_01658,118.32,card,abandoned,none,3,3,0,1.0,0,5.25,1,44941.38,1,4.781808959646548,0.7842145466080906,92.78826515466928,118.32,92.78826515466928
2690,txn_002873,cust_00457,530.88,netbanking,failed,insufficient_funds,27,23,4,0.8519,2,11.43,0,7503.45,0,6.276417899988505,0.17381306029670765,92.27387745031615,530.88,92.27387745031615
2691,txn_003077,cust_01914,110.68,wallet,abandoned,none,5,4,1,0.8,0,0.91,1,39980.32,0,4.715637639014062,0.8324470326825039,92.13523757729953,110.68,92.13523757729953
2692,txn_007783,cust_02126,1504.89,netbanking,failed,bank_decline,2,2,0,1.0,3,10.21,0,122083.72,0,7.317139364523544,0.061118878290739254,91.9771887509506,1504.89,91.9771887509506
2693,txn_006221,cust_02304,206.43,netbanking,failed,network_error,32,23,9,0.7188,3,0.39,0,28247.91,1,5.334793933358054,0.44499675360428415,91.86067984653238,206.43,91.86067984653238
2694,txn_007926,cust_02415,2003.24,netbanking,failed,bank_decline,30,25,5,0.8333,2,13.98,0,93041.68,0,7.603020215513084,0.04579009506722798,91.72855004247378,2003.24,91.72855004247378
2695,txn_006942,cust_01322,120.94,card,abandoned,none,14,13,1,0.9286,0,5.24,1,31661.89,1,4.80352912047967,0.7580897596801179,91.68337553571347,120.94,91.68337553571347
2696,txn_000439,cust_00058,360.59,wallet,failed,authentication_failed,36,31,5,0.8611,3,1.75,0,129256.18,0,5.890510973268362,0.25378680271001897,91.51298318920573,360.59,91.51298318920573
2697,txn_008285,cust_00857,568.83,card,failed,bank_decline,5,4,1,0.8,3,2.08,0,82949.57,0,6.3453380707304925,0.1602156096030178,91.13544521048463,568.83,91.13544521048463
2698,txn_005708,cust_00763,278.27,card,failed,network_error,27,19,8,0.7037,2,7.84,0,8935.28,0,5.632179055796509,0.3260268866958036,90.72350176084126,278.27,90.72350176084126
2699,txn_006693,cust_00145,459.04,card,failed,bank_decline,7,6,1,0.8571,3,2.93,0,11915.85,0,6.13131344222438,0.19676571382159747,90.3233332726661,459.04,90.3233332726661
2700,txn_002404,cust_01654,709.36,card,failed,bank_decline,31,25,6,0.8065,2,7.46,0,118520.77,0,6.565771883786394,0.12705609015342495,90.12850811123353,709.36,90.12850811123353
2701,txn_006793,cust_02473,527.4,upi,failed,technical_error,18,17,1,0.9444,2,13.28,0,130281.61,0,6.26985357264817,0.17048911056169377,89.9159569102373,527.4,89.9159569102373
2702,txn_001050,cust_00134,390.5,netbanking,failed,bank_decline,37,34,3,0.9189,1,10.9,0,37686.09,0,5.969985515430857,0.22959514440511772,89.65690389019846,390.5,89.65690389019846
2703,txn_007023,cust_02329,248.19,netbanking,failed,network_error,25,20,5,0.8,3,3.59,0,30213.42,0,5.518215657697217,0.36023689822227095,89.40719576978543,248.19,89.40719576978543
2704,txn_004504,cust_00437,508.56,wallet,failed,insufficient_funds,19,18,1,0.9474,3,8.22,0,76821.93,1,6.233547608241586,0.17578536258947045,89.39740399850109,508.56,89.39740399850109
2705,txn_001582,cust_00090,824.32,card,failed,insufficient_funds,16,13,3,0.8125,2,13.41,0,34479.9,0,6.715771189917029,0.10843257964552257,89.38314405339717,824.32,89.38314405339717
2706,txn_003367,cust_02453,404.4,upi,failed,authentication_failed,31,21,10,0.6774,0,13.24,0,103572.57,1,6.004874234017899,0.22061554132864575,89.21692491330434,404.4,89.21692491330434
2707,txn_008829,cust_00533,155.24,upi,failed,authentication_failed,35,30,5,0.8571,0,8.39,0,19414.72,0,5.051393286568423,0.5730757923041555,88.96428599729711,155.24,88.96428599729711
2708,txn_003810,cust_01304,220.18,wallet,failed,insufficient_funds,14,12,2,0.8571,3,0.38,0,78646.11,1,5.398976849647214,0.4035880603668442,88.86201913157176,220.18,88.86201913157176
2709,txn_008660,cust_00739,268.47,card,failed,authentication_failed,11,9,2,0.8182,0,11.62,0,108456.27,0,5.596457066898652,0.33077700703150764,88.80370307774886,268.47,88.80370307774886
2710,txn_006223,cust_01038,201.19,netbanking,failed,technical_error,18,17,1,0.9444,3,0.7,0,143151.19,0,5.309207849379209,0.4397778287123479,88.47890135863727,201.19,88.47890135863727
2711,txn_001682,cust_01319,2220.54,wallet,failed,bank_decline,40,37,3,0.925,3,12.01,0,132581.51,0,7.7059559280657615,0.03961830860788797,87.97403899615955,2220.54,87.97403899615955
2712,txn_003065,cust_01771,544.92,card,failed,authentication_failed,9,7,2,0.7778,1,12.02,0,97458.36,1,6.30247244486326,0.16144191151757323,87.972926424156,544.92,87.972926424156
2713,txn_003878,cust_01829,557.1,upi,failed,bank_decline,11,7,4,0.6364,1,8.98,0,73946.99,0,6.324538157794388,0.1575903276121773,87.79357151274398,557.1,87.79357151274398
2714,txn_004630,cust_01145,701.12,wallet,failed,network_error,20,17,3,0.85,3,12.65,0,39972.68,1,6.554104329588145,0.12505055719071073,87.6754466575511,701.12,87.6754466575511
2715,txn_001178,cust_02122,116.38,wallet,failed,insufficient_funds,9,8,1,0.8889,0,3.86,0,133803.26,0,4.765416535130188,0.7518888936615691,87.50482944433341,116.38,87.50482944433341
2716,txn_009291,cust_00007,825.91,card,failed,bank_decline,33,30,3,0.9091,2,10.63,0,90700.79,0,6.717695862015741,0.10518068769476989,86.8697817739874,825.91,86.8697817739874
2717,txn_000432,cust_00533,274.36,wallet,failed,network_error,35,30,5,0.8571,3,6.75,0,19414.72,0,5.618079332463229,0.315819052692948,86.64811529683722,274.36,86.64811529683722
2718,txn_005206,cust_01660,478.04,upi,failed,bank_decline,7,6,1,0.8571,1,12.7,0,12055.86,0,6.171784101231264,0.18083475720838416,86.44624733589596,478.04,86.44624733589596
2719,txn_002156,cust_00412,719.48,wallet,failed,insufficient_funds,22,17,5,0.7727,2,12.87,0,48837.68,0,6.5799176565532616,0.11991080775215994,86.27342796152404,719.48,86.27342796152404
2720,txn_009110,cust_01034,561.38,netbanking,failed,insufficient_funds,12,11,1,0.9167,3,6.53,0,147271.09,0,6.332177777986449,0.153403062078775,86.1174109897827,561.38,86.1174109897827
2721,txn_008666,cust_01688,505.38,upi,failed,authentication_failed,24,17,7,0.7083,1,12.44,0,28800.86,0,6.227287375579265,0.16946928973491157,85.64638964622961,505.38,85.64638964622961
2722,txn_007588,cust_00993,830.85,wallet,failed,bank_decline,31,20,11,0.6452,2,8.83,0,32884.03,0,6.723652136105752,0.10284457898821606,85.44841845235932,830.85,85.44841845235932
2723,txn_004558,cust_01571,764.24,card,failed,insufficient_funds,29,20,9,0.6897,2,10.0,0,121585.5,0,6.640189510115181,0.11180815130487745,85.44826155323955,764.24,85.44826155323955
2724,txn_005429,cust_02360,386.84,wallet,failed,bank_decline,26,23,3,0.8846,2,7.32,0,41415.97,1,5.960592883440895,0.2205147945621601,85.30394312842601,386.84,85.30394312842601
2725,txn_000892,cust_00573,1705.72,netbanking,failed,insufficient_funds,10,6,4,0.6,2,12.38,0,148141.57,0,7.442328678877173,0.04987796502844043,85.0778425083114,1705.72,85.0778425083114
2726,txn_003874,cust_00262,271.33,netbanking,failed,insufficient_funds,38,24,14,0.6316,0,10.56,0,141963.24,0,5.607014566214904,0.3124530224652812,84.77787858550475,271.33,84.77787858550475
2727,txn_005336,cust_00746,487.8,card,failed,network_error,13,9,4,0.6923,2,11.4,0,55808.3,0,6.191953407857386,0.17367874169302366,84.72049019785695,487.8,84.72049019785695
2728,txn_006144,cust_00194,302.97,wallet,failed,bank_decline,33,29,4,0.8788,1,9.54,0,60552.08,0,5.716929012326088,0.2785186864375461,84.38280642998336,302.97,84.38280642998336
2729,txn_007139,cust_01682,328.46,netbanking,failed,authentication_failed,6,5,1,0.8333,2,5.83,0,71562.03,0,5.797454950518836,0.2557618127797813,84.00752502564696,328.46,84.00752502564696
2730,txn_000518,cust_01809,241.9,wallet,failed,insufficient_funds,15,11,4,0.7333,1,9.09,0,53937.23,0,5.492649836008127,0.3466541504471739,83.85563899317137,241.9,83.85563899317137
2731,txn_005792,cust_00220,229.85,netbanking,failed,insufficient_funds,21,16,5,0.7619,0,12.29,0,70283.24,1,5.441768148952998,0.3633393263315109,83.51354415729777,229.85,83.51354415729777
2732,txn_002887,cust_01941,195.29,card,failed,bank_decline,40,32,8,0.8,1,3.25,0,95993.18,0,5.279593157549757,0.4266848152172707,83.3272775637808,195.29,83.3272775637808
2733,txn_003080,cust_00069,473.83,card,failed,authentication_failed,33,31,2,0.9394,2,9.77,0,91736.56,0,6.162956845238193,0.17561973512793214,83.21389909566808,473.83,83.21389909566808
2734,txn_000348,cust_00058,256.69,card,failed,network_error,36,31,5,0.8611,1,12.63,0,129256.18,0,5.551757312093597,0.322409316641289,82.75924748865248,256.69,82.75924748865248
2735,txn_001268,cust_01132,458.04,netbanking,failed,bank_decline,38,28,10,0.7368,1,8.86,0,108921.48,1,6.129137352233054,0.18037810320716532,82.62038639301001,458.04,82.62038639301001
2736,txn_009052,cust_00808,108.07,netbanking,abandoned,none,21,18,3,0.8571,0,2.15,1,140072.28,1,4.691989877940651,0.7619219947166036,82.34090996902334,108.07,82.34090996902334
2737,txn_007662,cust_01415,1025.26,netbanking,failed,authentication_failed,11,8,3,0.7273,3,8.31,0,8716.3,0,6.933676404933536,0.0802490420573771,82.27613285974644,1025.26,82.27613285974644
2738,txn_008178,cust_00417,1270.64,wallet,failed,insufficient_funds,36,25,11,0.6944,3,11.89,0,6467.87,0,7.148062684974745,0.06458717210278055,82.06704436067707,1270.64,82.06704436067707
2739,txn_005272,cust_01501,340.72,upi,failed,bank_decline,3,2,1,0.6667,1,6.47,0,83376.85,0,5.833991688283418,0.23992280738108848,81.74649893088447,340.72,81.74649893088447
2740,txn_000519,cust_00565,1941.82,upi,failed,authentication_failed,4,3,1,0.75,3,10.79,0,118232.39,1,7.571895804839027,0.042041938323107785,81.63787667457716,1941.82,81.63787667457716
2741,txn_002427,cust_01146,944.23,netbanking,failed,authentication_failed,33,26,7,0.7879,2,11.17,0,132538.98,0,6.851428284123502,0.08579268489224079,81.00802685580052,944.23,81.00802685580052
2742,txn_003021,cust_00681,662.8,upi,failed,technical_error,5,4,1,0.8,3,10.75,0,27394.77,0,6.497980899285874,0.12210965287947755,80.93427792851772,662.8,80.93427792851772
2743,txn_002661,cust_01972,1024.49,card,failed,insufficient_funds,12,8,4,0.6667,2,11.77,0,109843.7,0,6.932925826124081,0.0789829617369585,80.91725446989662,1024.49,80.91725446989662
2744,txn_005078,cust_00574,2064.86,card,failed,authentication_failed,35,27,8,0.7714,3,12.77,0,38347.48,0,7.633301883588742,0.0387723343117823,80.0594422270268,2064.86,80.0594422270268
2745,txn_009627,cust_02311,599.59,netbanking,failed,insufficient_funds,12,10,2,0.8333,3,7.64,0,69122.21,0,6.3979125053939665,0.13270141061105367,79.56643878828167,599.59,79.56643878828167
2746,txn_002093,cust_00132,4048.46,wallet,failed,bank_decline,5,3,2,0.6,3,11.36,0,101606.67,0,8.306338817877572,0.01955967361466218,79.18655624201524,4048.46,79.18655624201524
2747,txn_001588,cust_00132,845.22,netbanking,failed,authentication_failed,5,3,2,0.6,2,8.09,0,101606.67,0,6.740779373081113,0.09351934392801983,79.04441987484093,845.22,79.04441987484093
2748,txn_007794,cust_01459,654.06,upi,failed,bank_decline,5,3,2,0.6,2,7.04,0,3486.72,0,6.484726834493383,0.1205743862878678,78.86288309544281,654.06,78.86288309544281
2749,txn_003899,cust_02420,2769.09,netbanking,failed,bank_decline,7,5,2,0.7143,3,11.37,0,43035.07,0,7.926635089628293,0.028447548916115686,78.77382322812679,2769.09,78.77382322812679
2750,txn_009834,cust_00947,196.12,wallet,failed,bank_decline,9,7,2,0.7778,1,5.13,0,49866.91,0,5.283812680345155,0.40153041655387195,78.74814529454537,196.12,78.74814529454537
2751,txn_001778,cust_02218,100.0,card,abandoned,none,8,6,2,0.75,0,0.96,1,78444.51,1,4.61512051684126,0.7825079686525823,78.25079686525824,100.0,78.25079686525824
2752,txn_002123,cust_02188,800.36,netbanking,failed,bank_decline,11,10,1,0.9091,3,7.89,0,33685.21,0,6.6863102843035085,0.09746669885733224,78.00844709745444,800.36,78.00844709745444
2753,txn_009222,cust_01206,1505.09,upi,failed,bank_decline,26,14,12,0.5385,3,4.56,0,139402.37,0,7.317272167530399,0.05176448097513938,77.91020267087252,1505.09,77.91020267087252
2754,txn_002888,cust_02078,105.79,netbanking,abandoned,none,19,16,3,0.8421,0,3.34,1,115025.86,1,4.670864289183454,0.7358973386126182,77.85057945182888,105.79,77.85057945182888
2755,txn_003665,cust_02492,208.19,upi,failed,insufficient_funds,3,2,1,0.6667,2,1.35,0,125443.81,0,5.343242929901029,0.3730808456155074,77.67170124869249,208.19,77.67170124869249
2756,txn_007742,cust_00018,696.77,netbanking,failed,network_error,3,2,1,0.6667,2,12.73,0,109730.04,0,6.547889535567087,0.11133715673698842,77.57639069963142,696.77,77.57639069963142
2757,txn_008880,cust_01599,264.45,wallet,failed,bank_decline,11,8,3,0.7273,1,7.72,0,15920.02,0,5.58142649902968,0.29273101971459903,77.41271816352571,264.45,77.41271816352571
2758,txn_001141,cust_00040,113.51,netbanking,abandoned,none,26,18,8,0.6923,0,4.12,1,40893.39,1,4.740662155425248,0.681317006104967,77.33629336297481,113.51,77.33629336297481
2759,txn_003982,cust_00415,472.82,wallet,failed,bank_decline,32,25,7,0.7812,2,7.96,0,43944.45,0,6.160827502737544,0.163139186956577,77.13547037680874,472.82,77.13547037680874
2760,txn_005765,cust_02422,333.56,netbanking,failed,bank_decline,1,1,0,1.0,3,3.91,0,35688.76,0,5.812816235680323,0.23111474155015707,77.09063319147039,333.56,77.09063319147039
2761,txn_004460,cust_00132,2053.78,card,failed,authentication_failed,5,3,2,0.6,3,8.94,0,101606.67,0,7.627924065238366,0.037529918179308175,77.07819535829955,2053.78,77.07819535829955
2762,txn_006649,cust_02415,100.0,netbanking,failed,network_error,30,25,5,0.8333,0,5.44,0,93041.68,0,4.61512051684126,0.7706443271204841,77.06443271204841,100.0,77.06443271204841
2763,txn_004816,cust_01794,103.36,card,abandoned,none,19,11,8,0.5789,0,0.95,1,39654.51,1,4.647846460268528,0.7312552582853843,75.58254349637733,103.36,75.58254349637733
2764,txn_007970,cust_00050,933.98,card,failed,authentication_failed,15,10,5,0.6667,2,9.5,0,149601.54,0,6.840525138685578,0.0803510724913011,75.04629468542541,933.98,75.04629468542541
2765,txn_000256,cust_01335,100.0,card,failed,network_error,16,12,4,0.75,1,1.46,0,46501.62,0,4.61512051684126,0.7501742787347232,75.01742787347231,100.0,75.01742787347231
2766,txn_008377,cust_01068,235.16,upi,failed,authentication_failed,37,32,5,0.8649,3,2.11,0,9602.78,0,5.464509541412108,0.31755848681296767,74.67705375893748,235.16,74.67705375893748
2767,txn_005047,cust_00510,1927.1,wallet,failed,authentication_failed,15,12,3,0.8,3,13.13,0,91452.68,0,7.56429034104535,0.03868288200893195,74.54578191941275,1927.1,74.54578191941275
2768,txn_005147,cust_00277,483.16,netbanking,failed,bank_decline,28,15,13,0.5357,1,8.57,0,21219.22,0,6.182415430599991,0.15411874041948595,74.46401062107884,483.16,74.46401062107884
2769,txn_006425,cust_01336,258.5,upi,failed,network_error,12,7,5,0.5833,2,6.77,0,56622.6,0,5.558756702605943,0.2863732529065518,74.02748587634365,258.5,74.02748587634365
2770,txn_007055,cust_00197,100.0,card,abandoned,none,17,14,3,0.8235,0,4.64,1,27606.6,1,4.61512051684126,0.7402589687387752,74.02589687387751,100.0,74.02589687387751
2771,txn_003718,cust_02299,512.21,upi,failed,technical_error,32,17,15,0.5312,3,4.94,0,92460.22,0,6.24068511813231,0.14435309045948558,73.93909646425311,512.21,73.93909646425311
2772,txn_007602,cust_01081,1380.31,upi,failed,insufficient_funds,27,18,9,0.6667,3,11.3,0,56794.68,0,7.230787603236648,0.05351734639921871,73.87052840830557,1380.31,73.87052840830557
2773,txn_009609,cust_00547,1089.8,upi,failed,insufficient_funds,16,13,3,0.8125,3,10.76,0,133201.64,0,6.994666650971434,0.0677554124820063,73.83984852289046,1089.8,73.83984852289046
2774,txn_000573,cust_00584,654.01,wallet,failed,network_error,7,6,1,0.8571,3,13.19,0,68348.81,0,6.484650502694282,0.11241033705991141,73.51748454055266,654.01,73.51748454055266
2775,txn_003756,cust_00345,357.16,netbanking,failed,network_error,35,22,13,0.6286,1,12.56,0,142680.76,1,5.8809798139327105,0.2055005415188591,73.39657340887572,357.16,73.39657340887572
2776,txn_008339,cust_00829,388.45,wallet,failed,insufficient_funds,3,2,1,0.6667,3,3.03,0,109295.34,1,5.9647354873659575,0.1884302229243315,73.19572009495657,388.45,73.19572009495657
2777,txn_004992,cust_01610,525.99,card,failed,bank_decline,13,11,2,0.8462,3,3.36,0,125667.83,1,6.26718157302926,0.13868985909382414,72.94947898476056,525.99,72.94947898476056
2778,txn_008674,cust_02351,293.06,netbanking,failed,bank_decline,25,19,6,0.76,2,3.04,0,92435.9,1,5.683783828149511,0.24827990966634633,72.76091032681946,293.06,72.76091032681946
2779,txn_006120,cust_01995,274.68,wallet,failed,insufficient_funds,34,25,9,0.7353,1,12.38,0,16864.1,0,5.619240772779619,0.26383457697044843,72.47008160224277,274.68,72.47008160224277
2780,txn_006276,cust_01793,571.52,card,failed,authentication_failed,2,2,0,1.0,3,8.75,0,98654.68,0,6.350047669316016,0.12650888519193956,72.30235806489729,571.52,72.30235806489729
2781,txn_002840,cust_01388,696.56,card,failed,network_error,37,35,2,0.9459,3,13.64,0,95227.9,1,6.547588531501259,0.10372244984711936,72.24890966550946,696.56,72.24890966550946
2782,txn_003151,cust_01674,551.21,netbanking,failed,bank_decline,7,6,1,0.8571,2,10.23,0,8395.68,0,6.313928408712741,0.13105349493710572,72.23799694428205,551.21,72.23799694428205
2783,txn_009934,cust_01626,489.62,card,failed,authentication_failed,9,4,5,0.4444,2,2.42,0,146403.24,0,6.195669897401941,0.14697789320430357,71.96331607069112,489.62,71.96331607069112
2784,txn_009493,cust_00816,169.99,card,failed,authentication_failed,26,23,3,0.8846,0,10.76,0,111752.85,1,5.141605075260502,0.4201206979224936,71.41631743984469,169.99,71.41631743984469
2785,txn_000056,cust_00254,245.41,netbanking,failed,insufficient_funds,21,14,7,0.6667,2,3.24,0,134061.0,0,5.506996815251424,0.28790425582467805,70.65458342193423,245.41,70.65458342193423
2786,txn_004451,cust_00274,411.11,netbanking,failed,authentication_failed,40,32,8,0.8,1,12.67,0,80584.42,1,6.021290304005223,0.17166552482273886,70.57341390987618,411.11,70.57341390987618
2787,txn_009364,cust_01856,177.41,wallet,failed,authentication_failed,3,3,0,1.0,1,10.71,0,56903.67,1,5.184084272386612,0.397272387803065,70.48009432014176,177.41,70.48009432014176
2788,txn_003314,cust_01629,600.74,upi,failed,insufficient_funds,12,10,2,0.8333,3,8.46,0,106370.26,0,6.399825458328172,0.11730811677394305,70.47167807077855,600.74,70.47167807077855
2789,txn_000535,cust_01732,238.93,upi,failed,network_error,22,17,5,0.7727,2,8.82,0,103886.55,0,5.48034721413233,0.29492909531753386,70.46740874421837,238.93,70.46740874421837
2790,txn_003649,cust_01648,1040.76,card,failed,insufficient_funds,7,5,2,0.7143,3,9.26,0,108341.62,0,6.948666869488552,0.06759718897250132,70.35245039502047,1040.76,70.35245039502047
2791,txn_003193,cust_00992,569.44,upi,failed,network_error,29,20,9,0.6897,2,13.66,0,98739.84,0,6.346407992868566,0.12345044057624954,70.29761888173955,569.44,70.29761888173955
2792,txn_003439,cust_00080,1007.9,card,failed,insufficient_funds,35,34,1,0.9714,3,12.94,0,115109.33,0,6.916615907414333,0.06931256706455974,69.86013634436976,1007.9,69.86013634436976
2793,txn_002317,cust_00444,642.56,card,failed,bank_decline,18,17,1,0.9444,2,10.95,0,116128.59,0,6.467015262782834,0.10857946455493557,69.7688207444194,642.56,69.7688207444194
2794,txn_008215,cust_01850,180.63,upi,failed,insufficient_funds,13,10,3,0.7692,2,4.75,0,25567.64,0,5.201971650761352,0.3849301890175046,69.52994004223186,180.63,69.52994004223186
2795,txn_005618,cust_00874,336.31,wallet,failed,insufficient_funds,34,30,4,0.8824,3,6.99,0,52332.7,0,5.821002388826475,0.2063697822448707,69.40422146677247,336.31,69.40422146677247
2796,txn_008687,cust_01332,1566.05,upi,failed,bank_decline,20,10,10,0.5,2,9.29,0,137883.7,0,7.3569501499516265,0.044182370552619636,69.19180140392999,1566.05,69.19180140392999
2797,txn_004711,cust_02417,177.28,wallet,failed,bank_decline,32,25,7,0.7812,2,1.83,0,28980.63,0,5.183355348078355,0.38950720081300994,69.0518365601304,177.28,69.0518365601304
2798,txn_000257,cust_00820,365.71,wallet,failed,insufficient_funds,34,31,3,0.9118,3,8.23,0,40741.38,1,5.904571344953613,0.1887542240327574,69.0293072710197,365.71,69.0293072710197
2799,txn_003585,cust_00223,1104.38,card,failed,insufficient_funds,11,8,3,0.7273,3,10.17,0,99168.76,0,7.007944446237473,0.06219574642709248,68.6877384391524,1104.38,68.6877384391524
2800,txn_007956,cust_00096,879.84,wallet,failed,bank_decline,5,4,1,0.8,2,12.18,0,77609.26,0,6.780875997637992,0.07766328126024097,68.33126138401042,879.84,68.33126138401042
2801,txn_003199,cust_00175,1173.6,card,failed,bank_decline,14,10,4,0.7143,3,6.86,0,102627.94,0,7.068682943088419,0.05816596104650337,68.26357188417636,1173.6,68.26357188417636
2802,txn_008288,cust_01813,566.08,card,failed,bank_decline,8,4,4,0.5,1,8.47,0,71109.95,0,6.340500387249431,0.1203475148735006,68.12632121959122,566.08,68.12632121959122
2803,txn_000490,cust_02475,479.77,netbanking,failed,insufficient_funds,36,28,8,0.7778,3,7.53,0,24891.17,1,6.17538898526763,0.1418365226317595,68.04890846303925,479.77,68.04890846303925
2804,txn_004639,cust_01048,521.41,wallet,failed,technical_error,9,8,1,0.8889,3,11.7,0,72249.1,0,6.258452720198609,0.13020881519106328,67.8921783287723,521.41,67.8921783287723
2805,txn_001120,cust_02419,324.48,netbanking,failed,network_error,35,29,6,0.8286,3,9.21,0,4297.5,0,5.785301015828456,0.20825257528237673,67.5737956276256,324.48,67.5737956276256
2806,txn_006836,cust_00370,670.69,wallet,failed,bank_decline,40,33,7,0.825,2,11.96,0,34627.38,0,6.509796924563367,0.10055635474851428,67.44214156628105,670.69,67.44214156628105
2807,txn_003409,cust_01362,1329.77,netbanking,failed,authentication_failed,3,3,0,1.0,3,13.74,0,114240.62,0,7.193513001058848,0.050506629369596566,67.16220053680843,1329.77,67.16220053680843
2808,txn_006390,cust_00403,217.91,card,failed,bank_decline,37,33,4,0.8919,1,8.01,0,88481.32,0,5.388660686445639,0.3068793116835341,66.87207080895891,217.91,66.87207080895891
2809,txn_002611,cust_02345,100.0,netbanking,failed,network_error,39,36,3,0.9231,2,2.59,0,30644.76,1,4.61512051684126,0.6681625762010751,66.8162576201075,100.0,66.8162576201075
2810,txn_000426,cust_02014,669.94,wallet,failed,network_error,24,19,5,0.7917,3,12.29,0,113511.05,0,6.508679714195641,0.09960889312324551,66.73198185898711,669.94,66.73198185898711
2811,txn_009797,cust_02169,290.3,card,failed,bank_decline,12,9,3,0.75,1,9.16,0,24446.25,1,5.674353663965389,0.22979565820320724,66.70967957639107,290.3,66.70967957639107
2812,txn_005023,cust_01210,200.47,wallet,failed,bank_decline,35,28,7,0.8,2,3.24,0,50427.75,1,5.305640486927818,0.3313882056087857,66.43339357839326,200.47,66.43339357839326
2813,txn_001697,cust_01586,159.52,netbanking,failed,network_error,9,7,2,0.7778,2,6.1,0,63465.99,1,5.078418545398716,0.41540795926993046,66.26587766273931,159.52,66.26587766273931
2814,txn_003865,cust_00190,408.46,card,failed,insufficient_funds,15,12,3,0.8,3,6.92,0,34215.61,0,6.014839218424433,0.16167344072945697,66.037133600354,408.46,66.037133600354
2815,txn_002095,cust_01643,607.31,wallet,failed,bank_decline,21,14,7,0.6667,2,9.36,0,26015.23,0,6.410684620448482,0.10710108580601505,65.043560420851,607.31,65.043560420851
2816,txn_004733,cust_00046,659.0,upi,failed,bank_decline,9,7,2,0.7778,2,10.86,0,37747.5,0,6.492239835020471,0.09850238824739413,64.91307385503274,659.0,64.91307385503274
2817,txn_006814,cust_00776,345.59,upi,failed,bank_decline,39,29,10,0.7436,1,10.16,0,79637.95,0,5.848142525163037,0.1875667307039954,64.82118646399377,345.59,64.82118646399377
2818,txn_001337,cust_01633,410.69,netbanking,failed,network_error,12,10,2,0.8333,3,10.22,0,57379.23,0,6.020270638949651,0.15742691509599802,64.65365976077543,410.69,64.65365976077543
2819,txn_009959,cust_00988,219.9,wallet,failed,authentication_failed,26,18,8,0.6923,1,7.62,0,122938.24,0,5.397710110426072,0.2909484733642316,63.97956929279452,219.9,63.97956929279452
2820,txn_002347,cust_02276,1407.89,upi,failed,authentication_failed,16,14,2,0.875,3,12.93,0,113863.52,0,7.25055743929822,0.04511363814565317,63.515040008883645,1407.89,63.515040008883645
2821,txn_000591,cust_01952,772.22,upi,failed,bank_decline,19,16,3,0.8421,3,7.83,0,82605.9,0,6.650563613528355,0.08220371719889574,63.47935449533127,772.22,63.47935449533127
2822,txn_002619,cust_01514,293.21,netbanking,failed,authentication_failed,37,33,4,0.8919,1,11.97,0,117891.58,1,5.684293798072338,0.21504711140496527,63.05396353504986,293.21,63.05396353504986
2823,txn_008149,cust_01396,806.05,wallet,failed,bank_decline,6,4,2,0.6667,1,13.91,0,109908.86,0,6.693385624219289,0.07819873884861465,63.03209344892584,806.05,63.03209344892584
2824,txn_005884,cust_00175,1145.39,card,failed,bank_decline,14,10,4,0.7143,3,7.31,0,102627.94,0,7.044373153517089,0.054950526985260456,62.939784103647476,1145.39,62.939784103647476
2825,txn_002675,cust_00349,351.86,upi,failed,network_error,34,32,2,0.9412,3,10.98,0,89921.82,0,5.86607137769992,0.1787115317401047,62.88143955807325,351.86,62.88143955807325
2826,txn_009479,cust_00524,1412.95,netbanking,failed,bank_decline,31,22,9,0.7097,2,12.06,0,145140.23,0,7.254142485152389,0.044470505794106524,62.834601161782814,1412.95,62.834601161782814
2827,txn_003087,cust_01248,300.29,upi,failed,technical_error,28,21,7,0.75,3,6.83,0,42118.32,0,5.708073256073358,0.20879270291329874,62.698360757834486,300.29,62.698360757834486
2828,txn_004402,cust_00551,656.84,wallet,failed,authentication_failed,10,8,2,0.8,3,7.66,0,132926.65,0,6.48896174066264,0.09530055060622115,62.597213660190306,656.84,62.597213660190306
2829,txn_007184,cust_00641,1131.58,card,failed,insufficient_funds,40,29,11,0.725,3,12.84,0,8414.61,0,7.03225349503889,0.05500696559974729,62.24478213336204,1131.58,62.24478213336204
2830,txn_003714,cust_01899,958.04,netbanking,failed,authentication_failed,22,9,13,0.4091,2,9.3,0,28247.54,0,6.865932784128298,0.06465788281036146,61.94483804763869,958.04,61.94483804763869
2831,txn_008968,cust_00764,249.18,upi,failed,insufficient_funds,33,27,6,0.8182,3,4.48,0,56720.26,0,5.522180658786596,0.2478287283728188,61.75396253593899,249.18,61.75396253593899
2832,txn_006600,cust_01710,1120.5,netbanking,failed,network_error,28,15,13,0.5357,3,12.56,0,31085.97,0,7.022422353960263,0.05499242496230847,61.619012170266636,1120.5,61.619012170266636
2833,txn_001758,cust_00937,172.26,upi,failed,bank_decline,8,6,2,0.75,0,10.7,0,20170.85,0,5.154793356461994,0.3554098092911649,61.22289374849606,172.26,61.22289374849606
2834,txn_004154,cust_01791,226.21,netbanking,failed,bank_decline,39,39,0,1.0,1,11.05,0,61210.67,0,5.425874699962912,0.2703850425915873,61.16380048464296,226.21,61.16380048464296
2835,txn_003384,cust_02141,881.55,netbanking,failed,bank_decline,11,8,3,0.7273,2,11.89,0,27692.63,0,6.782815444426288,0.06877503657016805,60.62863348843164,881.55,60.62863348843164
2836,txn_004821,cust_01644,666.65,upi,failed,authentication_failed,6,4,2,0.6667,2,9.94,0,123427.61,0,6.503764084129973,0.09084897334441973,60.56446808005741,666.65,60.56446808005741
2837,txn_007589,cust_01330,188.34,upi,failed,insufficient_funds,8,7,1,0.875,1,12.25,0,52840.77,0,5.243544340700745,0.31667587759492993,59.642734786229106,188.34,59.642734786229106
2838,txn_009239,cust_02462,339.92,netbanking,failed,technical_error,36,33,3,0.9167,2,12.99,0,118495.71,0,5.831647845654097,0.17510825172825464,59.52279692746832,339.92,59.52279692746832
2839,txn_003503,cust_01662,400.78,card,failed,network_error,11,4,7,0.3636,3,2.49,0,110065.78,0,5.995904675134003,0.14804464742240608,59.33333379395191,400.78,59.33333379395191
2840,txn_007219,cust_01811,656.4,wallet,failed,bank_decline,22,20,2,0.9091,2,13.68,0,56380.68,0,6.488292661230119,0.08989502354060687,59.00709345205435,656.4,59.00709345205435
2841,txn_006941,cust_02084,1566.24,wallet,failed,bank_decline,10,8,2,0.8,3,12.75,0,45410.42,0,7.357071389530755,0.037104206585398494,58.114092522314536,1566.24,58.114092522314536
2842,txn_003842,cust_00601,100.0,wallet,failed,network_error,8,8,0,1.0,2,5.86,0,128066.12,0,4.61512051684126,0.5747323986799966,57.47323986799966,100.0,57.47323986799966
2843,txn_003661,cust_00754,332.8,netbanking,failed,network_error,24,17,7,0.7083,2,11.87,0,83626.57,0,5.810542011227735,0.17243691984093074,57.38700692306175,332.8,57.38700692306175
2844,txn_002722,cust_01201,976.43,card,failed,bank_decline,18,12,6,0.6667,3,5.84,0,134997.44,0,6.884926678042116,0.058673327180066855,57.29039685843268,976.43,57.29039685843268
2845,txn_008212,cust_01994,279.79,netbanking,failed,bank_decline,28,24,4,0.8571,1,10.1,0,121437.41,1,5.637607058981902,0.2045796681831991,57.239345360977275,279.79,57.239345360977275
2846,txn_002994,cust_00709,283.31,card,failed,technical_error,19,15,4,0.7895,2,11.44,0,58725.07,1,5.650065192150214,0.20051454355813345,56.807775335454785,283.31,56.807775335454785
2847,txn_004680,cust_01094,410.06,netbanking,failed,insufficient_funds,10,8,2,0.8,3,7.9,0,42071.81,0,6.018739189242862,0.1383613361491431,56.736449501317615,410.06,56.736449501317615
2848,txn_005861,cust_00906,606.52,netbanking,failed,bank_decline,23,20,3,0.8696,3,6.09,0,146330.75,0,6.409385096483492,0.09286319936389113,56.323387678187245,606.52,56.323387678187245
2849,txn_002158,cust_00017,1007.08,upi,failed,insufficient_funds,23,16,7,0.6957,3,11.35,0,90955.18,0,6.915802810561438,0.05550468822495055,55.8976614175832,1007.08,55.8976614175832
2850,txn_002545,cust_02036,198.6,wallet,failed,technical_error,6,6,0,1.0,3,8.98,0,53061.04,0,5.296315363877364,0.28012176185842613,55.63218190508343,198.6,55.63218190508343
2851,txn_005362,cust_00480,548.55,netbanking,failed,bank_decline,20,15,5,0.75,3,3.99,0,135610.19,0,6.30909976151491,0.1011235383205497,55.471316945737534,548.55,55.471316945737534
2852,txn_008734,cust_01260,682.33,card,failed,insufficient_funds,21,18,3,0.8571,3,11.26,0,90878.48,0,6.526977905403666,0.0809147315305064,55.21054876521044,682.33,55.21054876521044
2853,txn_001399,cust_01910,199.56,netbanking,failed,bank_decline,23,15,8,0.6522,1,5.42,0,92092.4,1,5.301113453850038,0.27651461311644404,55.18125619351758,199.56,55.18125619351758
2854,txn_006677,cust_01760,375.87,wallet,failed,network_error,31,19,12,0.6129,3,8.16,0,88445.16,0,5.9319003003951005,0.1465520865395399,55.084532767616864,375.87,55.084532767616864
2855,txn_005420,cust_02142,494.18,upi,failed,technical_error,37,33,4,0.8919,3,12.15,0,99252.58,1,6.204921332832648,0.11062756831617186,54.66993171048581,494.18,54.66993171048581
2856,txn_006318,cust_02004,100.0,netbanking,failed,insufficient_funds,36,34,2,0.9444,2,1.61,0,129861.38,0,4.61512051684126,0.543852369536965,54.385236953696506,100.0,54.385236953696506
2857,txn_007014,cust_01450,323.6,wallet,failed,insufficient_funds,4,3,1,0.75,3,5.53,0,117786.44,0,5.782593655080491,0.16740079349896425,54.17089677626483,323.6,54.17089677626483
2858,txn_000626,cust_02429,164.55,card,failed,bank_decline,10,9,1,0.9,2,5.04,0,9349.71,0,5.109273263993256,0.3285213817175631,54.058193361625015,164.55,54.058193361625015
2859,txn_007327,cust_00936,203.27,upi,failed,bank_decline,40,32,8,0.8,1,8.39,0,102379.4,0,5.319442648162985,0.265794465337208,54.02804096909428,203.27,54.02804096909428
2860,txn_006707,cust_02013,424.84,upi,failed,technical_error,29,23,6,0.7931,2,13.83,0,124667.54,1,6.054063688864502,0.12671950229205664,53.83551335375734,424.84,53.83551335375734
2861,txn_009864,cust_02333,140.27,upi,failed,technical_error,34,30,4,0.8824,2,7.91,0,80563.41,0,4.950672952923573,0.3831087131117479,53.738659188184876,140.27,53.738659188184876
2862,txn_006202,cust_01275,100.0,netbanking,failed,authentication_failed,27,22,5,0.8148,0,7.52,0,101273.67,0,4.61512051684126,0.5366849669538405,53.66849669538405,100.0,53.66849669538405
2863,txn_008601,cust_01508,845.42,netbanking,failed,bank_decline,34,32,2,0.9412,2,13.7,0,147230.67,0,6.741015690314466,0.06332528454712637,53.53646206183157,845.42,53.53646206183157
2864,txn_006146,cust_00315,434.96,wallet,failed,authentication_failed,18,13,5,0.7222,3,5.99,0,92770.94,0,6.077550496021111,0.12253405109963939,53.297410866299145,434.96,53.297410866299145
2865,txn_000280,cust_02377,349.46,card,failed,bank_decline,29,18,11,0.6207,2,5.0,0,94345.62,0,5.859246577280273,0.15086730914117039,52.7220898524734,349.46,52.7220898524734
2866,txn_000803,cust_01406,780.45,wallet,failed,authentication_failed,30,22,8,0.7333,3,11.34,0,3425.92,0,6.661151168288202,0.06728609062820594,52.513429430783326,780.45,52.513429430783326
2867,txn_008680,cust_00384,422.43,upi,failed,authentication_failed,19,13,6,0.6842,3,4.73,0,105745.15,1,6.048388211174136,0.12411026964549482,52.42790120634638,422.43,52.42790120634638
2868,txn_004010,cust_02369,279.55,upi,failed,insufficient_funds,5,4,1,0.8,2,9.22,0,140582.26,0,5.636751962196981,0.18699159932484233,52.273501591259674,279.55,52.273501591259674
2869,txn_003342,cust_01160,786.72,upi,failed,insufficient_funds,32,25,7,0.7812,3,10.86,0,145009.73,0,6.669142696763996,0.06624713808780774,52.11794847644011,786.72,52.11794847644011
2870,txn_007607,cust_01516,147.98,card,failed,insufficient_funds,24,17,7,0.7083,0,12.36,0,89161.95,0,5.00381206874813,0.35143236872932015,52.004961924564796,147.98,52.004961924564796
2871,txn_001631,cust_01234,278.97,netbanking,failed,authentication_failed,29,28,1,0.9655,2,10.66,0,83990.77,1,5.634682454571901,0.1853005187162449,51.69328570627084,278.97,51.69328570627084
2872,txn_006253,cust_01407,637.61,card,failed,insufficient_funds,11,7,4,0.6364,2,12.65,0,66751.61,0,6.459293939412697,0.08106930269870533,51.690598093721505,637.61,51.690598093721505
2873,txn_004736,cust_01701,545.32,card,failed,authentication_failed,16,10,6,0.625,2,9.93,0,71963.08,0,6.303204884652834,0.09468970234484758,51.63618848269229,545.32,51.63618848269229
2874,txn_007108,cust_00969,258.28,upi,failed,authentication_failed,40,33,7,0.825,1,12.06,0,138157.62,0,5.557908558833292,0.19939542047319614,51.49984919981709,258.28,51.49984919981709
2875,txn_003066,cust_02277,504.02,card,failed,technical_error,30,21,9,0.7,3,9.46,0,102557.61,0,6.2245980324515395,0.10200626456511183,51.41319746610766,504.02,51.41319746610766
2876,txn_009711,cust_01076,242.15,netbanking,failed,technical_error,4,3,1,0.75,3,4.63,0,140252.84,0,5.493678536849795,0.2118003249517513,51.28744868706658,242.15,51.28744868706658
2877,txn_009639,cust_00978,270.32,netbanking,failed,insufficient_funds,13,13,0,1.0,2,11.75,0,143643.27,0,5.603298936077879,0.18947935468300758,51.22005915791061,270.32,51.22005915791061
2878,txn_009684,cust_01605,829.99,upi,failed,authentication_failed,38,26,12,0.6842,3,10.13,0,48382.65,0,6.722617761088698,0.06088723634716488,50.535797295783375,829.99,50.535797295783375
2879,txn_005976,cust_00115,646.47,netbanking,failed,insufficient_funds,6,3,3,0.5,3,4.97,0,139028.68,0,6.473072460453999,0.07734151380225109,49.99896842774126,646.47,49.99896842774126
2880,txn_007952,cust_01335,321.38,netbanking,failed,insufficient_funds,16,12,4,0.75,2,10.97,0,46501.62,0,5.775730973968785,0.15422319245482013,49.56424959113009,321.38,49.56424959113009
2881,txn_004678,cust_00569,107.32,upi,failed,authentication_failed,14,12,2,0.8571,1,5.89,0,122144.89,1,4.685089809163965,0.46094229115959057,49.468326687247256,107.32,49.468326687247256
2882,txn_003427,cust_00861,845.38,wallet,failed,bank_decline,33,25,8,0.7576,3,10.23,0,34412.0,0,6.740968431335251,0.058434220654571864,49.399121456961964,845.38,49.399121456961964
2883,txn_003682,cust_02459,659.97,card,failed,bank_decline,10,7,3,0.7,2,10.12,0,105497.89,0,6.493708453042598,0.07398167423273119,48.825685543375606,659.97,48.825685543375606
2884,txn_009868,cust_01339,100.0,wallet,failed,authentication_failed,37,26,11,0.7027,1,4.73,0,58172.78,1,4.61512051684126,0.48457703966697546,48.457703966697544,100.0,48.457703966697544
2885,txn_002332,cust_00597,409.85,card,failed,network_error,21,13,8,0.619,2,13.73,0,57754.76,0,6.018228184377197,0.11752239183397194,48.1665522931534,409.85,48.1665522931534
2886,txn_007968,cust_00800,459.53,wallet,failed,authentication_failed,23,16,7,0.6957,2,11.31,0,82356.05,0,6.13237800015322,0.10434328333921045,47.948868992867375,459.53,47.948868992867375
2887,txn_004533,cust_01889,2276.27,wallet,failed,bank_decline,12,8,4,0.6667,3,12.47,0,131246.93,0,7.730732636109133,0.021032845025993004,47.8764341473171,2276.27,47.8764341473171
2888,txn_004999,cust_01550,487.34,card,failed,authentication_failed,30,22,8,0.7333,3,7.89,0,40486.18,0,6.191011884567005,0.09759427794654088,47.56159541446723,487.34,47.56159541446723
2889,txn_002005,cust_00095,1253.68,netbanking,failed,bank_decline,3,1,2,0.3333,3,2.92,0,129085.67,0,7.134635838973256,0.03784986078693708,47.451613471367274,1253.68,47.451613471367274
2890,txn_005202,cust_01477,152.91,netbanking,failed,authentication_failed,8,5,3,0.625,0,10.75,0,68552.4,1,5.0363680159918625,0.3091814844658624,47.27694078967502,152.91,47.27694078967502
2891,txn_006982,cust_00358,193.18,wallet,failed,technical_error,1,1,0,1.0,3,9.76,0,86535.57,0,5.268785563941999,0.24364129405197024,47.06662518495961,193.18,47.06662518495961
2892,txn_000063,cust_00121,253.61,netbanking,failed,authentication_failed,30,23,7,0.7667,3,4.32,0,43502.14,0,5.539732962649695,0.18443802294350314,46.775326998701836,253.61,46.775326998701836
2893,txn_004315,cust_01232,295.95,card,failed,authentication_failed,18,16,2,0.8889,2,12.14,0,16232.48,1,5.693563774461869,0.15651502724577449,46.320622313386956,295.95,46.320622313386956
2894,txn_002731,cust_00992,812.0,netbanking,failed,bank_decline,29,20,9,0.6897,3,7.47,0,98739.84,0,6.70073110954781,0.056283053001556546,45.701839037263916,812.0,45.701839037263916
2895,txn_004703,cust_00622,353.44,card,failed,technical_error,7,5,2,0.7143,2,13.54,0,53166.99,0,5.8705390791791014,0.127978261565269,45.23263676762868,353.44,45.23263676762868
2896,txn_000829,cust_00707,445.34,wallet,failed,insufficient_funds,34,31,3,0.9118,3,12.12,0,78889.46,0,6.101080993431305,0.10155686476710303,45.22733415538166,445.34,45.22733415538166
2897,txn_008779,cust_01549,166.88,wallet,failed,bank_decline,14,13,1,0.9286,3,2.85,0,68335.64,0,5.12324943846539,0.268288397605277,44.77196779236863,166.88,44.77196779236863
2898,txn_001915,cust_00008,630.2,upi,failed,authentication_failed,36,28,8,0.7778,3,11.11,0,30626.81,0,6.447622769531664,0.07089206375454614,44.67617857811498,630.2,44.67617857811498
2899,txn_008366,cust_01715,199.43,upi,failed,network_error,21,14,7,0.6667,2,9.65,0,128637.0,0,5.3004650586054955,0.22243592054345146,44.360395633980524,199.43,44.360395633980524
2900,txn_005291,cust_01215,296.55,card,failed,technical_error,5,5,0,1.0,3,12.91,0,51748.32,0,5.695582278090861,0.14916070473862067,44.23360699023796,296.55,44.23360699023796
2901,txn_002473,cust_00183,373.18,netbanking,failed,authentication_failed,22,19,3,0.8636,3,7.31,0,117575.59,0,5.9247369650572725,0.11834994586510603,44.16583279794027,373.18,44.16583279794027
2902,txn_009698,cust_01267,245.16,netbanking,failed,bank_decline,26,24,2,0.9231,2,9.22,0,55387.32,0,5.505981731013787,0.1794762638023458,44.0004008337831,245.16,44.0004008337831
2903,txn_007560,cust_02381,2215.51,netbanking,failed,bank_decline,21,13,8,0.619,3,11.46,0,129771.93,0,7.703689165792346,0.019666126950102353,43.57050091922127,2215.51,43.57050091922127
2904,txn_005864,cust_01477,351.41,card,failed,network_error,8,5,3,0.625,2,13.28,0,68552.4,0,5.864795270503905,0.12395852584670006,43.56026556778887,351.41,43.56026556778887
2905,txn_001189,cust_00757,180.67,card,failed,bank_decline,19,11,8,0.5789,1,7.21,0,13497.39,0,5.202191854450653,0.23970735814804253,43.30792839660684,180.67,43.30792839660684
2906,txn_009541,cust_01336,1300.75,card,failed,authentication_failed,12,7,5,0.5833,3,11.22,0,56622.6,0,7.171464792043008,0.033223401007185925,43.21533886009709,1300.75,43.21533886009709
2907,txn_000126,cust_00544,575.11,card,failed,authentication_failed,8,6,2,0.75,3,10.02,0,21826.77,0,6.35629861468524,0.07463556102806676,42.923657502851476,575.11,42.923657502851476
2908,txn_005350,cust_01141,1446.68,netbanking,failed,authentication_failed,26,15,11,0.5769,3,10.47,0,137353.84,0,7.277717554047646,0.029620981882632742,42.85208206996714,1446.68,42.85208206996714
2909,txn_009244,cust_00359,929.22,upi,failed,bank_decline,31,19,12,0.6129,3,8.58,0,72328.42,0,6.835421117311385,0.04605658097856349,42.79669617690077,929.22,42.79669617690077
2910,txn_001799,cust_01823,432.7,upi,failed,bank_decline,12,10,2,0.8333,3,6.67,0,117062.24,0,6.07235305084132,0.0988837016505445,42.786977704190605,432.7,42.786977704190605
2911,txn_004998,cust_02326,105.21,upi,failed,technical_error,37,29,8,0.7838,1,10.3,0,103215.77,0,4.6654182663334485,0.4057753153265736,42.69162092550881,105.21,42.69162092550881
2912,txn_002710,cust_00704,460.8,card,failed,network_error,6,5,1,0.8333,3,13.89,0,76177.8,0,6.135131896920395,0.09251889434416687,42.632706513792094,460.8,42.632706513792094
2913,txn_008247,cust_00670,100.0,upi,failed,technical_error,38,32,6,0.8421,1,11.54,0,60667.02,1,4.61512051684126,0.4209434634025718,42.09434634025718,100.0,42.09434634025718
2914,txn_002208,cust_00027,850.21,wallet,failed,bank_decline,7,6,1,0.8571,3,12.44,0,57638.81,0,6.746658866638672,0.049397182255593225,41.99797832552792,850.21,41.99797832552792
2915,txn_005422,cust_01222,394.78,card,failed,authentication_failed,25,20,5,0.8,2,12.46,0,65345.34,0,5.980858501320758,0.10634752832643518,41.98387723271008,394.78,41.98387723271008
2916,txn_007966,cust_02390,505.62,upi,failed,bank_decline,15,10,5,0.6667,1,13.78,0,120901.46,0,6.227761215667104,0.08283383880189325,41.882445575013264,505.62,41.882445575013264
2917,txn_002890,cust_02487,199.25,wallet,failed,insufficient_funds,32,20,12,0.625,1,11.63,0,115094.38,0,5.299566585948469,0.20912652422663236,41.668459952156496,199.25,41.668459952156496
2918,txn_002426,cust_00567,384.07,wallet,failed,technical_error,37,20,17,0.5405,2,13.77,0,31575.63,0,5.95342513594268,0.10776083880023615,41.3877053580067,384.07,41.3877053580067
2919,txn_007854,cust_00012,1559.24,netbanking,failed,authentication_failed,11,8,3,0.7273,3,13.81,0,105022.77,0,7.352594934564323,0.026454057946106203,41.248225311886635,1559.24,41.248225311886635
2920,txn_007525,cust_00276,1178.27,upi,failed,bank_decline,2,1,1,0.5,3,8.89,0,13508.17,0,7.072650881952713,0.03481051185319539,41.01618180126454,1178.27,41.01618180126454
2921,txn_008320,cust_00870,871.42,card,failed,network_error,27,13,14,0.4815,3,11.73,0,123677.57,0,6.7712709593283344,0.04706494100312266,41.01333088894115,871.42,41.01333088894115
2922,txn_005027,cust_01915,532.55,upi,failed,bank_decline,21,19,2,0.9048,3,11.33,0,2841.67,0,6.279552787062574,0.0767496819160925,40.87304310441505,532.55,40.87304310441505
2923,txn_003332,cust_01811,197.51,wallet,failed,authentication_failed,22,20,2,0.9091,2,11.08,0,56380.68,0,5.290839476692078,0.20334251928476718,40.16218098393436,197.51,40.16218098393436
2924,txn_009085,cust_01853,203.5,netbanking,failed,technical_error,9,8,1,0.8889,3,9.69,0,32467.34,0,5.320567975482857,0.19725109202897184,40.14059722789577,203.5,40.14059722789577
2925,txn_004482,cust_01968,417.04,wallet,failed,authentication_failed,4,3,1,0.75,3,8.44,0,83430.72,0,6.035577121726303,0.09564492028165061,39.88775755425957,417.04,39.88775755425957
2926,txn_005537,cust_01580,140.4,upi,failed,authentication_failed,29,23,6,0.7931,2,5.24,0,132630.15,0,4.951592753462473,0.28219667888701605,39.62041371573706,140.4,39.62041371573706
2927,txn_006404,cust_00616,1031.07,card,failed,authentication_failed,28,17,11,0.6071,3,10.08,0,130345.73,0,6.939321773198559,0.03754147080120695,38.70788429900045,1031.07,38.70788429900045
2928,txn_004350,cust_02418,187.98,card,failed,bank_decline,2,2,0,1.0,3,6.23,0,23670.25,0,5.24164118935448,0.20465424582396272,38.47090512998851,187.98,38.47090512998851
2929,txn_004209,cust_00033,233.22,wallet,failed,bank_decline,11,9,2,0.8182,1,13.31,0,80586.84,0,5.4562608446139915,0.16352970455541263,38.138397696413335,233.22,38.138397696413335
2930,txn_008218,cust_01995,362.12,netbanking,failed,technical_error,34,25,9,0.7353,3,11.79,0,16864.1,0,5.89473335814821,0.10468635833047739,37.90902407863247,362.12,37.90902407863247
2931,txn_005891,cust_01897,530.95,card,failed,bank_decline,18,15,3,0.8333,3,8.43,0,131892.86,0,6.276549499962375,0.0678246471507943,36.01149640471424,530.95,36.01149640471424
2932,txn_000361,cust_02045,225.83,netbanking,failed,technical_error,16,11,5,0.6875,2,10.61,0,143875.63,0,5.4242008382382885,0.15758245752203898,35.58684638220206,225.83,35.58684638220206
2933,txn_007097,cust_01616,766.33,wallet,failed,authentication_failed,22,16,6,0.7273,3,11.67,0,137766.53,0,6.64291695655563,0.04532864233751318,34.736698482506476,766.33,34.736698482506476
2934,txn_008202,cust_01599,444.21,upi,failed,bank_decline,11,8,3,0.7273,3,8.61,0,15920.02,0,6.0985460809640415,0.0769255452604188,34.171096460130634,444.21,34.171096460130634
2935,txn_003328,cust_01302,353.68,upi,failed,bank_decline,10,9,1,0.9,3,9.39,0,52900.97,0,5.871215974511807,0.09645216889207052,34.1132030937475,353.68,34.1132030937475
2936,txn_002565,cust_02419,136.32,netbanking,failed,technical_error,35,29,6,0.8286,3,7.88,0,4297.5,0,4.922313968589491,0.2501147779992759,34.09564653686129,136.32,34.09564653686129
2937,txn_007185,cust_02295,100.0,wallet,failed,network_error,16,15,1,0.9375,3,7.11,0,125613.87,0,4.61512051684126,0.3382013966459506,33.82013966459506,100.0,33.82013966459506
2938,txn_000267,cust_02424,488.93,card,failed,insufficient_funds,14,12,2,0.8571,3,13.72,0,51945.02,1,6.194262523756762,0.06861381760054684,33.54735383943537,488.93,33.54735383943537
2939,txn_004757,cust_00445,143.1,card,failed,authentication_failed,27,18,9,0.6667,1,10.39,0,51641.41,0,4.970507503005476,0.23431306369164506,33.530199414274406,143.1,33.530199414274406
2940,txn_009460,cust_01392,522.17,card,failed,technical_error,18,14,4,0.7778,3,13.9,0,104510.84,0,6.259906459049478,0.0638307465437939,33.33050092277286,522.17,33.33050092277286
2941,txn_008524,cust_00933,100.0,netbanking,failed,insufficient_funds,36,27,9,0.75,3,1.92,0,44001.65,1,4.61512051684126,0.3332803044580129,33.32803044580129,100.0,33.32803044580129
2942,txn_000800,cust_00657,111.53,netbanking,failed,network_error,25,12,13,0.48,1,10.1,0,80354.77,0,4.723219852761906,0.291687719374687,32.531931341858844,111.53,32.531931341858844
2943,txn_008686,cust_01759,1055.53,wallet,failed,authentication_failed,39,23,16,0.5897,3,13.33,0,67469.41,0,6.962745232298964,0.03075865706894775,32.466685295986416,1055.53,32.466685295986416
2944,txn_000674,cust_02264,251.08,wallet,failed,authentication_failed,18,12,6,0.6667,2,11.11,0,34718.03,0,5.529746497449019,0.12792797729874866,32.120156540169816,251.08,32.120156540169816
2945,txn_007674,cust_01473,355.53,upi,failed,insufficient_funds,5,3,2,0.6,3,8.64,0,47215.25,1,5.876418387786464,0.08960840925155701,31.858477741206062,355.53,31.858477741206062
2946,txn_000579,cust_00416,406.65,card,failed,bank_decline,26,14,12,0.5385,2,8.0,0,122221.34,0,6.01040896310892,0.0782035685579264,31.80148115408077,406.65,31.80148115408077
2947,txn_005407,cust_00651,376.99,upi,failed,bank_decline,4,3,1,0.75,2,13.34,0,2145.38,0,5.934867740243193,0.08178838741479756,30.833404171504533,376.99,30.833404171504533
2948,txn_002058,cust_00209,359.98,upi,failed,authentication_failed,8,7,1,0.875,3,10.71,0,108243.39,0,5.888822555136103,0.08543440736937705,30.75467796482835,359.98,30.75467796482835
2949,txn_003053,cust_02179,257.78,card,failed,insufficient_funds,33,15,18,0.4545,2,10.29,0,6839.44,0,5.555978279887807,0.11529552372504885,29.72088010584309,257.78,29.72088010584309
2950,txn_004149,cust_00450,279.2,card,failed,insufficient_funds,32,29,3,0.9062,3,10.75,0,129923.83,0,5.635503633902907,0.1061836246821609,29.646468011259323,279.2,29.646468011259323
2951,txn_009113,cust_01516,948.07,card,failed,authentication_failed,24,17,7,0.7083,3,13.89,0,89161.95,0,6.8554825577442395,0.030371390803262906,28.794204478849466,948.07,28.794204478849466
2952,txn_006632,cust_00455,598.33,upi,failed,bank_decline,16,10,6,0.625,3,8.78,0,86197.85,0,6.395812364612728,0.04766384261903269,28.518706954245832,598.33,28.518706954245832
2953,txn_005373,cust_01504,591.76,card,failed,insufficient_funds,21,13,8,0.619,3,12.53,0,41417.44,0,6.384789595321978,0.0481308453446166,28.48190904113032,591.76,28.48190904113032
2954,txn_004797,cust_02377,373.04,wallet,failed,authentication_failed,29,18,11,0.6207,2,12.78,0,94345.62,0,5.924362743567246,0.0759527088802933,28.333398520704616,373.04,28.333398520704616
2955,txn_003099,cust_00251,215.59,upi,failed,bank_decline,16,9,7,0.5625,2,7.53,0,41915.02,0,5.3780061654494045,0.12533701323450597,27.02140668322714,215.59,27.02140668322714
2956,txn_006775,cust_00838,316.15,wallet,failed,bank_decline,24,21,3,0.875,3,10.55,0,54960.44,0,5.759374848079906,0.08423279450263492,26.630197982008028,316.15,26.630197982008028
2957,txn_008269,cust_02034,279.49,upi,failed,bank_decline,33,27,6,0.8182,2,13.57,0,24746.2,0,5.636538073703367,0.0943037354118073,26.35695101024602,279.49,26.35695101024602
2958,txn_003804,cust_02135,145.87,wallet,failed,bank_decline,19,15,4,0.7895,2,9.6,0,20948.31,0,4.989547841765771,0.1800032011679348,26.25706695436665,145.87,26.25706695436665
2959,txn_006477,cust_01281,100.0,netbanking,failed,network_error,26,23,3,0.8846,3,8.7,0,80620.74,1,4.61512051684126,0.2594069019314906,25.940690193149056,100.0,25.940690193149056
2960,txn_003382,cust_00473,153.72,wallet,failed,bank_decline,32,19,13,0.5938,3,1.11,0,130985.07,0,5.041617031704984,0.16586730238018602,25.497121721882195,153.72,25.497121721882195
2961,txn_003449,cust_02346,151.33,upi,failed,bank_decline,37,31,6,0.8378,2,9.17,0,97829.96,0,5.02604922014861,0.16650952083736933,25.197885788319102,151.33,25.197885788319102
2962,txn_000896,cust_00522,142.28,netbanking,failed,authentication_failed,18,11,7,0.6111,3,1.93,0,124740.42,0,4.964800757752457,0.17271845519865206,24.574381805664217,142.28,24.574381805664217
2963,txn_005225,cust_00948,563.22,upi,failed,bank_decline,40,26,14,0.65,3,10.99,0,48460.97,0,6.335444246362161,0.043031229195521346,24.236048907501534,563.22,24.236048907501534
2964,txn_003322,cust_01252,649.0,card,failed,authentication_failed,32,24,8,0.75,3,13.83,0,89477.15,0,6.476972362889683,0.036936977391526044,23.9720983271004,649.0,23.9720983271004
2965,txn_002109,cust_01712,100.0,upi,failed,network_error,17,11,6,0.6471,2,11.22,0,48642.67,0,4.61512051684126,0.2395383712631216,23.95383712631216,100.0,23.95383712631216
2966,txn_009135,cust_00482,112.0,wallet,failed,authentication_failed,4,3,1,0.75,2,9.29,0,44711.8,0,4.727387818712341,0.21351488041507338,23.91366660648822,112.0,23.91366660648822
2967,txn_002393,cust_02024,100.0,upi,failed,technical_error,38,26,12,0.6842,2,9.57,0,127056.12,1,4.61512051684126,0.2367056268412187,23.670562684121872,100.0,23.670562684121872
2968,txn_003909,cust_00163,853.55,upi,failed,bank_decline,28,21,7,0.75,3,13.61,0,124572.87,0,6.7505750145945145,0.026665107560801826,22.760002558522398,853.55,22.760002558522398
2969,txn_009066,cust_01469,184.26,netbanking,failed,bank_decline,6,4,2,0.6667,1,13.12,0,77184.4,0,5.221760243825881,0.11536883352375886,21.257861265087808,184.26,21.257861265087808
2970,txn_003157,cust_00560,144.64,netbanking,failed,authentication_failed,18,16,2,0.8889,2,13.61,0,29281.48,0,4.9811378233072325,0.14525394931521624,21.009531228952874,144.64,21.009531228952874
2971,txn_003638,cust_00276,100.0,netbanking,failed,bank_decline,2,1,1,0.5,0,12.2,0,13508.17,0,4.61512051684126,0.2054385550065328,20.54385550065328,100.0,20.54385550065328
2972,txn_005547,cust_02089,179.85,netbanking,failed,authentication_failed,39,25,14,0.641,2,11.19,0,59718.17,0,5.197667958398107,0.11240655920120744,20.216319672337157,179.85,20.216319672337157
2973,txn_000515,cust_02112,317.48,upi,failed,authentication_failed,21,17,4,0.8095,3,13.48,0,37680.1,0,5.7635596786920615,0.06229543425330423,19.777554466739026,317.48,19.777554466739026
2974,txn_007838,cust_00782,179.42,wallet,failed,bank_decline,32,26,6,0.8125,3,7.96,0,89914.12,0,5.195287466228493,0.11008992379870619,19.752334127963863,179.42,19.752334127963863
2975,txn_005868,cust_01490,514.15,wallet,failed,insufficient_funds,37,21,16,0.5676,3,13.89,0,94502.39,0,6.244458120391077,0.03784800419766919,19.459551358231614,514.15,19.459551358231614
2976,txn_000201,cust_00492,203.23,upi,failed,bank_decline,30,24,6,0.8,3,9.22,0,39043.68,0,5.319246809729067,0.09438364445979923,19.181588063564995,203.23,19.181588063564995
2977,txn_004966,cust_00630,129.71,upi,failed,bank_decline,20,15,5,0.75,2,9.34,0,138309.09,0,4.872981128797461,0.12966201469399366,16.818459925957917,129.71,16.818459925957917
2978,txn_001639,cust_01046,231.61,netbanking,failed,authentication_failed,19,12,7,0.6316,3,9.32,0,55764.04,0,5.449363231421816,0.0726121757419564,16.81770602359452,231.61,16.81770602359452
2979,txn_001969,cust_02089,112.54,card,failed,insufficient_funds,39,25,14,0.641,3,7.24,0,59718.17,0,4.73215519774258,0.14740892104990094,16.589399974955853,112.54,16.589399974955853
2980,txn_003915,cust_01477,426.69,wallet,failed,bank_decline,8,5,3,0.625,3,11.41,0,68552.4,0,6.058398634085082,0.03878969405153806,16.551174554850775,426.69,16.551174554850775
2981,txn_007031,cust_02450,118.68,wallet,failed,authentication_failed,26,23,3,0.8846,3,9.67,0,118582.42,0,4.784821514226167,0.13108970788647323,15.557726531966644,118.68,15.557726531966644
2982,txn_004549,cust_00739,100.0,card,failed,bank_decline,11,9,2,0.8182,3,6.07,0,108456.27,1,4.61512051684126,0.1376167185116444,13.76167185116444,100.0,13.76167185116444
2983,txn_000020,cust_00317,297.6,netbanking,failed,bank_decline,30,20,10,0.6667,3,11.58,0,65900.6,0,5.69910488510509,0.04156639434021979,12.37015895564941,297.6,12.37015895564941
2984,txn_005852,cust_01229,145.96,wallet,failed,authentication_failed,21,17,4,0.8095,3,13.08,0,54744.33,0,4.9901604409068705,0.07982512652501696,11.651275467591475,145.96,11.651275467591475
2985,txn_005576,cust_01045,139.75,wallet,failed,bank_decline,20,17,3,0.85,3,10.78,0,103853.27,0,4.9469852670198,0.08306785566253609,11.608732828839418,139.75,11.608732828839418
2986,txn_009873,cust_01249,186.64,netbanking,failed,bank_decline,20,13,7,0.65,3,10.3,0,73150.47,0,5.234525233460257,0.05172911967098022,9.654722895391748,186.64,9.654722895391748
2987,txn_003245,cust_02436,241.14,netbanking,failed,bank_decline,3,2,1,0.6667,3,12.52,0,30677.8,0,5.489516071279594,0.03985155226819522,9.609803313952595,241.14,9.609803313952595
2988,txn_001649,cust_00679,200.34,card,failed,bank_decline,10,6,4,0.6,3,12.03,0,39139.27,0,5.304995021301277,0.03861444724715177,7.736018361494385,200.34,7.736018361494385
2989,txn_007090,cust_00872,100.0,netbanking,failed,bank_decline,21,16,5,0.7619,3,11.21,0,96708.45,0,4.61512051684126,0.06307692170807228,6.307692170807227,100.0,6.307692170807227
2990,txn_000023,cust_01370,100.0,netbanking,failed,authentication_failed,16,11,5,0.6875,3,13.03,0,32271.85,0,4.61512051684126,0.062733546284044,6.2733546284044,100.0,6.2733546284044
