transaction_id,customer_id,amount,payment_method,payment_status,failure_reason,previous_transactions,previous_successes,previous_failures,previous_success_rate,retry_count,days_since_failure,checkout_abandoned,customer_lifetime_value,recovered
txn_000001,cust_00291,642.43,upi,abandoned,none,16,14,2,0.875,0,1.54,1,19806.93,1
txn_000002,cust_00328,5143.47,wallet,failed,insufficient_funds,39,24,15,0.6154,2,7.86,0,105476.38,0
txn_000003,cust_01704,700.25,netbanking,failed,insufficient_funds,34,30,4,0.8824,2,7.45,0,120267.1,0
txn_000004,cust_01245,8615.97,upi,abandoned,none,11,10,1,0.9091,0,6.73,1,21687.17,1
txn_000005,cust_00947,1764.94,wallet,success,none,9,7,2,0.7778,0,0.0,0,49866.91,1
txn_000006,cust_01019,4775.88,card,success,none,1,1,0,1.0,0,0.0,0,45460.44,1
txn_000007,cust_00433,1503.35,netbanking,success,none,6,5,1,0.8333,0,0.0,0,34480.4,1
txn_000008,cust_01750,613.6,upi,success,none,34,24,10,0.7059,0,0.0,0,132020.56,1
txn_000009,cust_01645,1029.14,netbanking,success,none,22,19,3,0.8636,0,0.0,0,67547.86,1
txn_000010,cust_02458,334.7,wallet,abandoned,none,4,3,1,0.75,0,6.33,1,9906.49,0
txn_000011,cust_01330,1198.07,netbanking,success,none,8,7,1,0.875,0,0.0,0,52840.77,1
txn_000012,cust_01325,1590.96,card,success,none,21,19,2,0.9048,0,0.0,0,30364.07,1
txn_000013,cust_02254,1402.09,netbanking,success,none,3,3,0,1.0,0,0.0,0,54601.26,1
txn_000014,cust_01627,5065.24,upi,failed,network_error,28,26,2,0.9286,0,7.29,0,118984.54,0
txn_000015,cust_01237,1153.86,upi,success,none,36,25,11,0.6944,0,0.0,0,14866.57,1
txn_000016,cust_01290,201.54,upi,failed,network_error,22,21,1,0.9545,1,1.41,0,144891.8,1
txn_000017,cust_00640,46354.1,card,success,none,4,3,1,0.75,0,0.0,0,24181.41,1
txn_000018,cust_01024,671.42,card,success,none,30,20,10,0.6667,0,0.0,0,41652.73,1
txn_000019,cust_02337,3528.91,wallet,success,none,7,7,0,1.0,0,0.0,0,103890.93,1
txn_000020,cust_00317,297.6,netbanking,failed,bank_decline,30,20,10,0.6667,3,11.58,0,65900.6,0
txn_000021,cust_02361,1711.65,upi,success,none,29,27,2,0.931,0,0.0,0,117365.13,1
txn_000022,cust_02361,605.14,wallet,success,none,29,27,2,0.931,0,0.0,0,117365.13,1
txn_000023,cust_01370,100.0,netbanking,failed,authentication_failed,16,11,5,0.6875,3,13.03,0,32271.85,0
txn_000024,cust_00929,1009.48,upi,success,none,17,16,1,0.9412,0,0.0,0,109398.7,1
txn_000025,cust_00222,1274.02,netbanking,success,none,33,23,10,0.697,0,0.0,0,71504.74,1
txn_000026,cust_02314,1076.12,card,success,none,1,0,1,0.0,0,0.0,0,2761.18,1
txn_000027,cust_00628,1708.06,upi,success,none,18,11,7,0.6111,0,0.0,0,5314.02,1
txn_000028,cust_01826,1023.0,upi,success,none,4,3,1,0.75,0,0.0,0,1702.31,1
txn_000029,cust_01616,1435.33,card,success,none,22,16,6,0.7273,0,0.0,0,137766.53,1
txn_000030,cust_02341,1587.81,upi,success,none,22,19,3,0.8636,0,0.0,0,39705.6,1
txn_000031,cust_01633,1293.13,wallet,failed,bank_decline,12,10,2,0.8333,1,6.78,0,57379.23,1
txn_000032,cust_01620,1129.15,card,success,none,10,10,0,1.0,0,0.0,0,88404.77,1
txn_000033,cust_02148,548.04,card,success,none,3,3,0,1.0,0,0.0,0,100619.25,1
txn_000034,cust_01762,2427.08,netbanking,success,none,17,9,8,0.5294,0,0.0,0,112595.21,1
txn_000035,cust_00461,1009.29,wallet,success,none,3,2,1,0.6667,0,0.0,0,19810.69,1
txn_000036,cust_01314,930.92,netbanking,success,none,36,29,7,0.8056,0,0.0,0,64529.04,1
txn_000037,cust_01249,2235.67,card,abandoned,none,20,13,7,0.65,0,4.35,1,73150.47,0
txn_000038,cust_01812,1655.67,card,success,none,38,32,6,0.8421,0,0.0,0,44813.62,1
txn_000039,cust_00957,666.33,card,success,none,2,2,0,1.0,0,0.0,0,89939.53,1
txn_000040,cust_00352,4678.15,upi,failed,bank_decline,12,11,1,0.9167,1,12.18,0,46037.87,0
txn_000041,cust_00057,407.8,netbanking,success,none,30,22,8,0.7333,0,0.0,0,79838.04,1
txn_000042,cust_01844,477.48,wallet,success,none,20,12,8,0.6,0,0.0,0,142321.04,1
txn_000043,cust_02204,2613.26,card,success,none,9,6,3,0.6667,0,0.0,0,135395.73,1
txn_000044,cust_01060,7716.65,wallet,success,none,13,10,3,0.7692,0,0.0,0,86332.55,1
txn_000045,cust_00076,751.9,wallet,success,none,20,13,7,0.65,0,0.0,0,36678.39,1
txn_000046,cust_00179,2023.98,netbanking,success,none,10,9,1,0.9,0,0.0,0,138938.81,1
txn_000047,cust_01112,406.52,upi,success,none,12,10,2,0.8333,0,0.0,0,94272.98,1
txn_000048,cust_00273,529.01,wallet,success,none,30,16,14,0.5333,0,0.0,0,138011.7,1
txn_000049,cust_01476,4155.54,upi,success,none,6,5,1,0.8333,0,0.0,0,138769.54,1
txn_000050,cust_01584,1930.94,card,abandoned,none,36,29,7,0.8056,0,3.61,1,72375.61,0
txn_000051,cust_01293,4286.52,wallet,failed,technical_error,33,21,12,0.6364,0,2.69,0,112281.1,1
txn_000052,cust_01876,3969.16,upi,success,none,19,9,10,0.4737,0,0.0,0,24895.67,1
txn_000053,cust_01249,165.74,netbanking,success,none,20,13,7,0.65,0,0.0,0,73150.47,1
txn_000054,cust_00076,405.06,netbanking,success,none,20,13,7,0.65,0,0.0,0,36678.39,1
txn_000055,cust_01239,1762.48,card,abandoned,none,25,18,7,0.72,0,6.85,1,2838.75,1
txn_000056,cust_00254,245.41,netbanking,failed,insufficient_funds,21,14,7,0.6667,2,3.24,0,134061.0,0
txn_000057,cust_01610,466.7,card,success,none,13,11,2,0.8462,0,0.0,0,125667.83,1
txn_000058,cust_00932,5580.13,wallet,success,none,36,31,5,0.8611,0,0.0,0,30003.64,1
txn_000059,cust_01280,779.33,netbanking,success,none,39,27,12,0.6923,0,0.0,0,72405.97,1
txn_000060,cust_00568,2725.2,card,failed,network_error,36,25,11,0.6944,1,6.08,0,31866.45,0
txn_000061,cust_00595,1302.23,card,success,none,18,14,4,0.7778,0,0.0,0,94023.31,1
txn_000062,cust_00485,678.62,card,success,none,37,26,11,0.7027,0,0.0,0,102588.26,1
txn_000063,cust_00121,253.61,netbanking,failed,authentication_failed,30,23,7,0.7667,3,4.32,0,43502.14,0
txn_000064,cust_01122,1691.38,card,failed,insufficient_funds,4,4,0,1.0,1,2.67,0,84795.51,0
txn_000065,cust_01094,5736.51,card,success,none,10,8,2,0.8,0,0.0,0,42071.81,1
txn_000066,cust_00107,698.18,netbanking,success,none,22,17,5,0.7727,0,0.0,0,120288.28,1
txn_000067,cust_00550,1434.54,wallet,failed,network_error,35,30,5,0.8571,1,11.94,0,63449.89,0
txn_000068,cust_00564,293.01,card,success,none,39,38,1,0.9744,0,0.0,0,145692.9,1
txn_000069,cust_00062,683.91,netbanking,abandoned,none,22,20,2,0.9091,0,1.64,1,17621.27,1
txn_000070,cust_00831,1883.49,card,success,none,28,21,7,0.75,0,0.0,0,41908.75,1
txn_000071,cust_01800,2817.81,wallet,success,none,31,19,12,0.6129,0,0.0,0,136072.45,1
txn_000072,cust_01011,2335.42,wallet,success,none,15,11,4,0.7333,0,0.0,0,80737.69,1
txn_000073,cust_01559,175.64,netbanking,success,none,26,19,7,0.7308,0,0.0,0,128335.59,1
txn_000074,cust_02343,848.16,upi,success,none,17,16,1,0.9412,0,0.0,0,52276.9,1
txn_000075,cust_00174,509.14,card,success,none,3,2,1,0.6667,0,0.0,0,134939.77,1
txn_000076,cust_00161,983.36,wallet,success,none,17,13,4,0.7647,0,0.0,0,135895.14,1
txn_000077,cust_00202,1198.48,card,success,none,37,30,7,0.8108,0,0.0,0,29321.74,1
txn_000078,cust_01248,3890.73,netbanking,success,none,28,21,7,0.75,0,0.0,0,42118.32,1
txn_000079,cust_00224,1799.45,card,success,none,19,15,4,0.7895,0,0.0,0,77802.35,1
txn_000080,cust_00371,5529.39,upi,success,none,34,24,10,0.7059,0,0.0,0,57676.33,1
txn_000081,cust_02239,665.47,card,success,none,1,1,0,1.0,0,0.0,0,120851.03,1
txn_000082,cust_00103,324.71,card,success,none,23,19,4,0.8261,0,0.0,0,64113.21,1
txn_000083,cust_00828,5740.16,wallet,success,none,29,28,1,0.9655,0,0.0,0,53380.5,1
txn_000084,cust_00672,2066.18,upi,success,none,20,16,4,0.8,0,0.0,0,112124.92,1
txn_000085,cust_01487,636.97,upi,success,none,2,2,0,1.0,0,0.0,0,50916.64,1
txn_000086,cust_02096,2075.22,card,success,none,12,9,3,0.75,0,0.0,0,100975.71,1
txn_000087,cust_00700,3087.94,netbanking,success,none,21,18,3,0.8571,0,0.0,0,91145.87,1
txn_000088,cust_00615,1508.98,card,failed,bank_decline,8,6,2,0.75,0,5.93,0,62210.49,1
txn_000089,cust_01828,646.11,netbanking,success,none,11,8,3,0.7273,0,0.0,0,86865.56,1
txn_000090,cust_00539,861.55,card,success,none,36,31,5,0.8611,0,0.0,0,49872.94,1
txn_000091,cust_00051,1791.16,wallet,success,none,9,7,2,0.7778,0,0.0,0,76919.42,1
txn_000092,cust_00024,1634.17,wallet,success,none,5,4,1,0.8,0,0.0,0,7827.83,1
txn_000093,cust_01949,4501.92,wallet,success,none,8,6,2,0.75,0,0.0,0,15518.12,1
txn_000094,cust_02459,1016.47,upi,success,none,10,7,3,0.7,0,0.0,0,105497.89,1
txn_000095,cust_02284,510.93,card,success,none,34,17,17,0.5,0,0.0,0,80812.13,1
txn_000096,cust_01430,17624.66,upi,success,none,9,7,2,0.7778,0,0.0,0,96594.85,1
txn_000097,cust_02368,1594.78,netbanking,success,none,26,24,2,0.9231,0,0.0,0,16348.39,1
txn_000098,cust_00447,3084.86,wallet,abandoned,none,1,1,0,1.0,0,1.21,1,43143.01,1
txn_000099,cust_02437,2257.13,card,abandoned,none,7,5,2,0.7143,0,5.27,1,78649.73,1
txn_000100,cust_00147,1614.17,upi,failed,network_error,9,9,0,1.0,2,12.58,0,140055.65,0
txn_000101,cust_01751,1066.63,upi,success,none,2,2,0,1.0,0,0.0,0,26886.87,1
txn_000102,cust_01125,100.0,netbanking,success,none,17,15,2,0.8824,0,0.0,0,31297.17,1
txn_000103,cust_00857,462.56,upi,success,none,5,4,1,0.8,0,0.0,0,82949.57,1
txn_000104,cust_02167,1861.47,upi,success,none,15,12,3,0.8,0,0.0,0,12486.15,1
txn_000105,cust_01177,100.0,wallet,success,none,18,16,2,0.8889,0,0.0,0,80824.98,1
txn_000106,cust_02153,1438.88,netbanking,abandoned,none,21,17,4,0.8095,0,4.34,1,16380.53,1
txn_000107,cust_02039,2594.71,wallet,failed,technical_error,14,14,0,1.0,1,9.95,0,142595.93,0
txn_000108,cust_00007,3081.83,upi,success,none,33,30,3,0.9091,0,0.0,0,90700.79,1
txn_000109,cust_00484,2436.1,card,failed,authentication_failed,16,12,4,0.75,3,0.73,0,80143.78,0
txn_000110,cust_00870,3492.57,upi,success,none,27,13,14,0.4815,0,0.0,0,123677.57,1
txn_000111,cust_01043,6671.58,upi,success,none,30,27,3,0.9,0,0.0,0,46714.14,1
txn_000112,cust_01327,4008.28,upi,success,none,32,30,2,0.9375,0,0.0,0,79629.54,1
txn_000113,cust_01623,1630.81,upi,failed,bank_decline,5,5,0,1.0,2,11.69,0,56665.03,0
txn_000114,cust_01963,1170.73,wallet,failed,bank_decline,38,31,7,0.8158,3,2.26,0,19359.66,0
txn_000115,cust_02200,1502.13,netbanking,success,none,12,11,1,0.9167,0,0.0,0,71904.51,1
txn_000116,cust_00230,1016.89,netbanking,success,none,40,34,6,0.85,0,0.0,0,127610.92,1
txn_000117,cust_02275,4095.24,upi,success,none,37,23,14,0.6216,0,0.0,0,73060.85,1
txn_000118,cust_01449,2373.45,upi,abandoned,none,26,23,3,0.8846,0,2.04,1,45035.77,1
txn_000119,cust_01537,915.0,card,success,none,26,19,7,0.7308,0,0.0,0,12149.74,1
txn_000120,cust_02438,5034.59,upi,failed,network_error,14,13,1,0.9286,2,9.97,0,71451.01,1
txn_000121,cust_00356,1000.37,wallet,failed,network_error,9,8,1,0.8889,3,11.63,0,96042.58,0
txn_000122,cust_02151,520.21,netbanking,success,none,30,28,2,0.9333,0,0.0,0,132351.25,1
txn_000123,cust_00154,1325.12,card,failed,authentication_failed,7,7,0,1.0,0,11.21,0,140900.57,0
txn_000124,cust_00632,587.49,card,success,none,10,7,3,0.7,0,0.0,0,85381.84,1
txn_000125,cust_02145,3415.93,netbanking,failed,bank_decline,3,2,1,0.6667,0,11.53,0,33604.05,0
txn_000126,cust_00544,575.11,card,failed,authentication_failed,8,6,2,0.75,3,10.02,0,21826.77,0
txn_000127,cust_00017,1193.48,netbanking,abandoned,none,23,16,7,0.6957,0,4.84,1,90955.18,0
txn_000128,cust_00357,3427.92,netbanking,success,none,32,27,5,0.8438,0,0.0,0,16285.56,1
txn_000129,cust_02133,657.07,netbanking,success,none,15,12,3,0.8,0,0.0,0,133824.19,1
txn_000130,cust_00860,2020.59,netbanking,success,none,12,8,4,0.6667,0,0.0,0,119260.76,1
txn_000131,cust_02181,506.02,netbanking,failed,insufficient_funds,11,9,2,0.8182,2,2.18,0,39480.69,1
txn_000132,cust_00063,1710.23,upi,success,none,28,21,7,0.75,0,0.0,0,24565.51,1
txn_000133,cust_01305,2361.96,netbanking,success,none,23,18,5,0.7826,0,0.0,0,71948.22,1
txn_000134,cust_01161,1284.15,card,success,none,32,29,3,0.9062,0,0.0,0,69663.52,1
txn_000135,cust_01388,1385.1,wallet,success,none,37,35,2,0.9459,0,0.0,0,95227.9,1
txn_000136,cust_00207,2088.05,upi,success,none,5,4,1,0.8,0,0.0,0,142382.3,1
txn_000137,cust_01606,1011.81,card,failed,technical_error,23,18,5,0.7826,3,8.67,0,137183.02,0
txn_000138,cust_00812,3260.23,upi,abandoned,none,13,8,5,0.6154,0,5.31,1,43630.52,0
txn_000139,cust_00540,5277.15,upi,failed,authentication_failed,40,22,18,0.55,0,6.43,0,33983.71,0
txn_000140,cust_01907,530.71,wallet,success,none,38,37,1,0.9737,0,0.0,0,72918.55,1
txn_000141,cust_01057,7840.51,netbanking,success,none,5,4,1,0.8,0,0.0,0,137669.46,1
txn_000142,cust_01354,988.82,netbanking,success,none,15,14,1,0.9333,0,0.0,0,44521.4,1
txn_000143,cust_01947,9841.32,upi,success,none,40,33,7,0.825,0,0.0,0,90392.72,1
txn_000144,cust_00700,1002.33,netbanking,failed,technical_error,21,18,3,0.8571,1,7.16,0,91145.87,1
txn_000145,cust_00439,2717.26,netbanking,success,none,31,27,4,0.871,0,0.0,0,147056.45,1
txn_000146,cust_01238,2702.71,wallet,success,none,39,37,2,0.9487,0,0.0,0,117881.37,1
txn_000147,cust_00999,909.31,card,abandoned,none,34,28,6,0.8235,0,2.75,1,34625.08,1
txn_000148,cust_02421,1440.33,wallet,failed,authentication_failed,9,8,1,0.8889,2,7.67,0,107564.2,0
txn_000149,cust_00320,5652.77,wallet,success,none,6,3,3,0.5,0,0.0,0,42560.31,1
txn_000150,cust_01333,970.51,upi,failed,bank_decline,38,37,1,0.9737,2,13.39,0,13628.04,1
txn_000151,cust_00446,882.23,wallet,success,none,33,22,11,0.6667,0,0.0,0,40808.73,1
txn_000152,cust_00252,422.65,upi,success,none,5,4,1,0.8,0,0.0,0,107318.18,1
txn_000153,cust_02379,6422.43,upi,failed,bank_decline,11,11,0,1.0,3,7.48,0,5257.12,0
txn_000154,cust_02368,828.17,wallet,success,none,26,24,2,0.9231,0,0.0,0,16348.39,1
txn_000155,cust_01297,4446.98,netbanking,success,none,38,35,3,0.9211,0,0.0,0,103875.16,1
txn_000156,cust_01248,734.1,wallet,failed,network_error,28,21,7,0.75,0,8.2,0,42118.32,0
txn_000157,cust_02091,4309.53,wallet,failed,network_error,20,18,2,0.9,0,5.23,0,32297.88,1
txn_000158,cust_00218,3000.83,upi,failed,network_error,14,12,2,0.8571,0,12.07,0,65053.33,0
txn_000159,cust_00964,1065.89,wallet,failed,authentication_failed,16,13,3,0.8125,2,9.99,0,5704.01,0
txn_000160,cust_01783,642.73,card,success,none,39,29,10,0.7436,0,0.0,0,91748.47,1
txn_000161,cust_00771,697.13,wallet,failed,network_error,9,7,2,0.7778,3,2.24,0,114067.33,0
txn_000162,cust_00515,688.28,card,success,none,29,23,6,0.7931,0,0.0,0,5971.32,1
txn_000163,cust_00590,3886.18,wallet,success,none,28,20,8,0.7143,0,0.0,0,103228.53,1
txn_000164,cust_00557,1572.2,upi,success,none,24,18,6,0.75,0,0.0,0,15803.84,1
txn_000165,cust_01868,439.17,wallet,success,none,9,7,2,0.7778,0,0.0,0,63405.04,1
txn_000166,cust_01738,1040.93,wallet,success,none,7,6,1,0.8571,0,0.0,0,145902.0,1
txn_000167,cust_01740,1174.95,upi,success,none,29,17,12,0.5862,0,0.0,0,116330.6,1
txn_000168,cust_00970,157.75,netbanking,success,none,4,3,1,0.75,0,0.0,0,106160.51,1
txn_000169,cust_01504,1100.46,upi,abandoned,none,21,13,8,0.619,0,4.02,1,41417.44,0
txn_000170,cust_00464,2760.57,wallet,abandoned,none,29,20,9,0.6897,0,0.65,1,15857.04,0
txn_000171,cust_02157,1167.21,netbanking,success,none,37,35,2,0.9459,0,0.0,0,26903.62,1
txn_000172,cust_02499,1727.46,upi,success,none,38,38,0,1.0,0,0.0,0,39134.84,1
txn_000173,cust_00320,2174.41,netbanking,success,none,6,3,3,0.5,0,0.0,0,42560.31,1
txn_000174,cust_02192,950.89,upi,success,none,33,28,5,0.8485,0,0.0,0,40413.58,1
txn_000175,cust_01922,2781.53,netbanking,success,none,25,23,2,0.92,0,0.0,0,23149.51,1
txn_000176,cust_01207,5753.04,netbanking,success,none,20,17,3,0.85,0,0.0,0,25205.09,1
txn_000177,cust_02448,291.82,netbanking,failed,technical_error,21,19,2,0.9048,2,0.95,0,3245.09,1
txn_000178,cust_00693,948.75,upi,success,none,4,2,2,0.5,0,0.0,0,55941.9,1
txn_000179,cust_00112,13761.33,netbanking,success,none,5,4,1,0.8,0,0.0,0,67026.48,1
txn_000180,cust_00315,1588.53,netbanking,success,none,18,13,5,0.7222,0,0.0,0,92770.94,1
txn_000181,cust_01128,1293.55,netbanking,success,none,13,11,2,0.8462,0,0.0,0,8678.96,1
txn_000182,cust_00716,1034.79,card,success,none,22,16,6,0.7273,0,0.0,0,13143.8,1
txn_000183,cust_00719,4790.72,netbanking,failed,bank_decline,26,21,5,0.8077,3,2.61,0,20213.8,0
txn_000184,cust_00136,523.75,netbanking,abandoned,none,6,5,1,0.8333,0,6.77,1,63464.51,0
txn_000185,cust_00632,3381.84,wallet,failed,authentication_failed,10,7,3,0.7,3,3.41,0,85381.84,0
txn_000186,cust_00686,1015.61,card,success,none,40,36,4,0.9,0,0.0,0,49158.03,1
txn_000187,cust_00223,632.8,netbanking,failed,insufficient_funds,11,8,3,0.7273,0,2.43,0,99168.76,1
txn_000188,cust_01235,1063.05,wallet,failed,technical_error,33,23,10,0.697,1,5.38,0,61798.58,0
txn_000189,cust_01944,1278.73,netbanking,success,none,24,21,3,0.875,0,0.0,0,123971.34,1
txn_000190,cust_00049,814.24,netbanking,abandoned,none,38,33,5,0.8684,0,3.2,1,60510.68,1
txn_000191,cust_02172,4075.6,upi,success,none,27,24,3,0.8889,0,0.0,0,121864.72,1
txn_000192,cust_01450,637.73,wallet,success,none,4,3,1,0.75,0,0.0,0,117786.44,1
txn_000193,cust_01117,1540.83,netbanking,success,none,27,24,3,0.8889,0,0.0,0,23233.42,1
txn_000194,cust_01046,2292.58,wallet,success,none,19,12,7,0.6316,0,0.0,0,55764.04,1
txn_000195,cust_00991,1524.96,card,success,none,6,5,1,0.8333,0,0.0,0,52608.16,1
txn_000196,cust_00737,2899.32,netbanking,success,none,12,10,2,0.8333,0,0.0,0,124870.41,1
txn_000197,cust_00279,868.21,upi,success,none,17,16,1,0.9412,0,0.0,0,57486.48,1
txn_000198,cust_01827,2496.46,netbanking,success,none,18,11,7,0.6111,0,0.0,0,32197.97,1
txn_000199,cust_00791,2571.46,upi,success,none,34,31,3,0.9118,0,0.0,0,82068.21,1
txn_000200,cust_02434,3526.71,card,abandoned,none,16,11,5,0.6875,0,4.5,1,58334.89,0
txn_000201,cust_00492,203.23,upi,failed,bank_decline,30,24,6,0.8,3,9.22,0,39043.68,0
txn_000202,cust_02319,2228.42,card,failed,bank_decline,16,15,1,0.9375,2,4.19,0,41141.83,0
txn_000203,cust_00311,3298.65,wallet,abandoned,none,24,20,4,0.8333,0,2.01,1,95702.18,1
txn_000204,cust_01325,887.62,netbanking,success,none,21,19,2,0.9048,0,0.0,0,30364.07,1
txn_000205,cust_00256,774.47,wallet,success,none,15,12,3,0.8,0,0.0,0,58072.26,1
txn_000206,cust_01058,664.23,netbanking,success,none,8,7,1,0.875,0,0.0,0,10201.95,1
txn_000207,cust_00822,477.23,wallet,success,none,6,6,0,1.0,0,0.0,0,65160.47,1
txn_000208,cust_00590,2606.49,wallet,success,none,28,20,8,0.7143,0,0.0,0,103228.53,1
txn_000209,cust_01809,13120.13,netbanking,success,none,15,11,4,0.7333,0,0.0,0,53937.23,1
txn_000210,cust_02341,768.15,netbanking,failed,insufficient_funds,22,19,3,0.8636,3,2.17,0,39705.6,0
txn_000211,cust_00155,840.04,wallet,success,none,9,7,2,0.7778,0,0.0,0,40405.42,1
txn_000212,cust_01603,1360.21,upi,success,none,25,23,2,0.92,0,0.0,0,53865.89,1
txn_000213,cust_02010,269.89,wallet,success,none,21,18,3,0.8571,0,0.0,0,144909.15,1
txn_000214,cust_00288,668.11,card,success,none,3,2,1,0.6667,0,0.0,0,113380.75,1
txn_000215,cust_01975,1265.26,upi,success,none,21,18,3,0.8571,0,0.0,0,76112.41,1
txn_000216,cust_01471,547.89,netbanking,success,none,10,7,3,0.7,0,0.0,0,80922.14,1
txn_000217,cust_00372,4435.7,netbanking,success,none,29,27,2,0.931,0,0.0,0,45305.62,1
txn_000218,cust_00330,367.3,wallet,failed,network_error,34,17,17,0.5,1,2.55,0,142261.32,1
txn_000219,cust_01574,3297.78,card,success,none,30,29,1,0.9667,0,0.0,0,8545.02,1
txn_000220,cust_00438,5816.78,netbanking,success,none,18,14,4,0.7778,0,0.0,0,62908.06,1
txn_000221,cust_01794,1962.01,card,success,none,19,11,8,0.5789,0,0.0,0,39654.51,1
txn_000222,cust_02429,1167.42,card,success,none,10,9,1,0.9,0,0.0,0,9349.71,1
txn_000223,cust_02215,1713.48,netbanking,success,none,35,28,7,0.8,0,0.0,0,61888.36,1
txn_000224,cust_01841,862.16,upi,success,none,7,5,2,0.7143,0,0.0,0,58149.02,1
txn_000225,cust_00176,174.85,wallet,success,none,7,7,0,1.0,0,0.0,0,53698.12,1
txn_000226,cust_02143,503.08,wallet,abandoned,none,10,9,1,0.9,0,6.1,1,110652.05,1
txn_000227,cust_02374,1324.54,card,abandoned,none,40,31,9,0.775,0,0.35,1,24135.88,1
txn_000228,cust_00079,522.86,wallet,failed,technical_error,32,30,2,0.9375,0,3.47,0,122587.46,1
txn_000229,cust_00059,886.14,card,success,none,1,1,0,1.0,0,0.0,0,102362.23,1
txn_000230,cust_00399,2162.84,wallet,success,none,39,32,7,0.8205,0,0.0,0,6939.26,1
txn_000231,cust_00262,1548.47,upi,success,none,38,24,14,0.6316,0,0.0,0,141963.24,1
txn_000232,cust_00904,3860.2,upi,failed,authentication_failed,21,17,4,0.8095,2,11.38,0,129361.28,0
txn_000233,cust_01647,1797.53,netbanking,success,none,5,3,2,0.6,0,0.0,0,53221.69,1
txn_000234,cust_02236,1906.4,card,success,none,22,17,5,0.7727,0,0.0,0,120327.21,1
txn_000235,cust_00874,657.02,upi,success,none,34,30,4,0.8824,0,0.0,0,52332.7,1
txn_000236,cust_00495,353.86,netbanking,success,none,35,35,0,1.0,0,0.0,0,24538.37,1
txn_000237,cust_01516,886.32,card,success,none,24,17,7,0.7083,0,0.0,0,89161.95,1
txn_000238,cust_00167,647.3,card,success,none,29,24,5,0.8276,0,0.0,0,83200.38,1
txn_000239,cust_01541,1133.69,card,success,none,26,21,5,0.8077,0,0.0,0,105408.12,1
txn_000240,cust_00027,461.26,upi,success,none,7,6,1,0.8571,0,0.0,0,57638.81,1
txn_000241,cust_02432,3110.34,netbanking,success,none,17,15,2,0.8824,0,0.0,0,122770.36,1
txn_000242,cust_01950,644.92,card,success,none,15,9,6,0.6,0,0.0,0,1327.35,1
txn_000243,cust_02143,930.97,wallet,success,none,10,9,1,0.9,0,0.0,0,110652.05,1
txn_000244,cust_00155,1312.66,card,failed,technical_error,9,7,2,0.7778,0,8.82,0,40405.42,0
txn_000245,cust_01425,4118.22,wallet,success,none,31,23,8,0.7419,0,0.0,0,11553.42,1
txn_000246,cust_00482,7775.19,upi,success,none,4,3,1,0.75,0,0.0,0,44711.8,1
txn_000247,cust_02211,8328.53,card,success,none,37,22,15,0.5946,0,0.0,0,15559.82,1
txn_000248,cust_00853,371.74,netbanking,success,none,9,8,1,0.8889,0,0.0,0,128071.12,1
txn_000249,cust_00612,922.29,wallet,success,none,24,21,3,0.875,0,0.0,0,121953.62,1
txn_000250,cust_00177,762.51,upi,success,none,36,31,5,0.8611,0,0.0,0,132736.07,1
txn_000251,cust_01781,1939.74,netbanking,success,none,1,1,0,1.0,0,0.0,0,77215.54,1
txn_000252,cust_01857,1824.9,upi,success,none,17,17,0,1.0,0,0.0,0,115916.2,1
txn_000253,cust_02202,747.7,card,success,none,35,10,25,0.2857,0,0.0,0,75996.05,1
txn_000254,cust_02110,690.95,upi,success,none,24,19,5,0.7917,0,0.0,0,121347.26,1
txn_000255,cust_01822,494.02,netbanking,success,none,30,22,8,0.7333,0,0.0,0,22340.4,1
txn_000256,cust_01335,100.0,card,failed,network_error,16,12,4,0.75,1,1.46,0,46501.62,0
txn_000257,cust_00820,365.71,wallet,failed,insufficient_funds,34,31,3,0.9118,3,8.23,0,40741.38,1
txn_000258,cust_01786,3186.81,card,success,none,18,16,2,0.8889,0,0.0,0,96448.62,1
txn_000259,cust_00730,5794.73,wallet,success,none,19,14,5,0.7368,0,0.0,0,126819.83,1
txn_000260,cust_00796,5155.7,netbanking,abandoned,none,2,1,1,0.5,0,1.5,1,54206.99,1
txn_000261,cust_02330,3325.03,upi,success,none,10,7,3,0.7,0,0.0,0,71475.07,1
txn_000262,cust_01907,486.9,wallet,success,none,38,37,1,0.9737,0,0.0,0,72918.55,1
txn_000263,cust_00901,411.08,netbanking,success,none,11,8,3,0.7273,0,0.0,0,66501.22,1
txn_000264,cust_00697,218.98,card,success,none,38,23,15,0.6053,0,0.0,0,83593.14,1
txn_000265,cust_02004,747.55,card,success,none,36,34,2,0.9444,0,0.0,0,129861.38,1
txn_000266,cust_01144,1461.34,upi,failed,bank_decline,35,19,16,0.5429,1,4.65,0,97659.48,0
txn_000267,cust_02424,488.93,card,failed,insufficient_funds,14,12,2,0.8571,3,13.72,0,51945.02,1
txn_000268,cust_01928,2061.29,upi,success,none,32,27,5,0.8438,0,0.0,0,48774.44,1
txn_000269,cust_00402,2570.51,wallet,success,none,6,4,2,0.6667,0,0.0,0,35109.74,1
txn_000270,cust_00051,833.4,wallet,abandoned,none,9,7,2,0.7778,0,1.02,1,76919.42,1
txn_000271,cust_00372,350.72,upi,success,none,29,27,2,0.931,0,0.0,0,45305.62,1
txn_000272,cust_01882,5329.04,upi,abandoned,none,37,34,3,0.9189,0,3.3,1,100684.27,1
txn_000273,cust_01661,1387.34,card,failed,network_error,11,8,3,0.7273,3,9.88,0,133301.76,1
txn_000274,cust_00290,9332.01,wallet,failed,network_error,2,2,0,1.0,0,4.22,0,93579.01,0
txn_000275,cust_02222,1469.06,card,failed,insufficient_funds,38,24,14,0.6316,2,10.33,0,38791.28,1
txn_000276,cust_01491,1575.32,upi,success,none,32,31,1,0.9688,0,0.0,0,68824.47,1
txn_000277,cust_00168,510.56,netbanking,success,none,28,25,3,0.8929,0,0.0,0,84575.12,1
txn_000278,cust_00275,876.96,card,success,none,26,18,8,0.6923,0,0.0,0,89192.02,1
txn_000279,cust_02211,281.8,upi,success,none,37,22,15,0.5946,0,0.0,0,15559.82,1
txn_000280,cust_02377,349.46,card,failed,bank_decline,29,18,11,0.6207,2,5.0,0,94345.62,0
txn_000281,cust_01733,2810.63,netbanking,success,none,4,3,1,0.75,0,0.0,0,112116.72,1
txn_000282,cust_01854,1009.71,wallet,success,none,2,1,1,0.5,0,0.0,0,88864.23,1
txn_000283,cust_01926,877.73,netbanking,success,none,31,24,7,0.7742,0,0.0,0,127928.8,1
txn_000284,cust_00269,638.79,card,failed,authentication_failed,15,14,1,0.9333,0,1.21,0,73746.19,0
txn_000285,cust_01182,910.94,upi,success,none,16,11,5,0.6875,0,0.0,0,29597.88,1
txn_000286,cust_00607,4159.14,wallet,success,none,21,18,3,0.8571,0,0.0,0,100101.07,1
txn_000287,cust_00093,1547.23,netbanking,success,none,15,13,2,0.8667,0,0.0,0,2071.44,1
txn_000288,cust_00541,411.57,wallet,success,none,5,5,0,1.0,0,0.0,0,95675.18,1
txn_000289,cust_00088,3753.28,netbanking,success,none,24,20,4,0.8333,0,0.0,0,66276.91,1
txn_000290,cust_00952,7517.87,netbanking,success,none,35,26,9,0.7429,0,0.0,0,73987.15,1
txn_000291,cust_01337,2196.68,wallet,success,none,10,8,2,0.8,0,0.0,0,77112.91,1
txn_000292,cust_02247,3265.9,wallet,success,none,39,33,6,0.8462,0,0.0,0,9561.99,1
txn_000293,cust_01256,4540.46,card,failed,bank_decline,40,36,4,0.9,3,5.27,0,57603.6,0
txn_000294,cust_00194,255.54,card,success,none,33,29,4,0.8788,0,0.0,0,60552.08,1
txn_000295,cust_00682,8640.97,card,failed,network_error,32,23,9,0.7188,1,13.63,0,70129.01,0
txn_000296,cust_00629,4019.1,card,success,none,18,15,3,0.8333,0,0.0,0,105702.12,1
txn_000297,cust_01297,2183.87,card,success,none,38,35,3,0.9211,0,0.0,0,103875.16,1
txn_000298,cust_00841,1181.5,upi,success,none,24,23,1,0.9583,0,0.0,0,56429.99,1
txn_000299,cust_00606,351.69,netbanking,success,none,7,6,1,0.8571,0,0.0,0,47569.7,1
txn_000300,cust_02186,961.6,netbanking,success,none,14,11,3,0.7857,0,0.0,0,67931.3,1
txn_000301,cust_02046,2097.28,card,abandoned,none,21,17,4,0.8095,0,6.5,1,57824.52,1
txn_000302,cust_02238,443.92,netbanking,success,none,4,4,0,1.0,0,0.0,0,24949.96,1
txn_000303,cust_01188,1249.19,card,failed,authentication_failed,15,15,0,1.0,2,9.68,0,45696.22,0
txn_000304,cust_00165,410.12,card,success,none,9,9,0,1.0,0,0.0,0,95929.89,1
txn_000305,cust_00102,911.76,wallet,success,none,7,6,1,0.8571,0,0.0,0,99188.43,1
txn_000306,cust_01464,346.32,upi,success,none,33,30,3,0.9091,0,0.0,0,115299.39,1
txn_000307,cust_00800,311.76,card,failed,network_error,23,16,7,0.6957,1,0.41,0,82356.05,1
txn_000308,cust_01825,1882.0,upi,abandoned,none,12,11,1,0.9167,0,2.82,1,47698.7,1
txn_000309,cust_02471,750.13,upi,failed,network_error,12,10,2,0.8333,3,2.16,0,81999.46,0
txn_000310,cust_01515,824.03,wallet,success,none,40,27,13,0.675,0,0.0,0,37145.02,1
txn_000311,cust_01440,710.92,netbanking,abandoned,none,25,20,5,0.8,0,6.13,1,53378.81,1
txn_000312,cust_01820,20396.49,wallet,failed,network_error,13,9,4,0.6923,1,11.3,0,52057.81,0
txn_000313,cust_01737,2458.65,wallet,success,none,32,22,10,0.6875,0,0.0,0,128876.98,1
txn_000314,cust_00353,2737.34,card,success,none,35,32,3,0.9143,0,0.0,0,19860.86,1
txn_000315,cust_02152,616.82,netbanking,success,none,3,1,2,0.3333,0,0.0,0,147107.88,1
txn_000316,cust_01540,2218.86,upi,success,none,17,15,2,0.8824,0,0.0,0,127786.14,1
txn_000317,cust_01120,1066.65,wallet,success,none,15,12,3,0.8,0,0.0,0,45809.73,1
txn_000318,cust_02327,611.89,card,success,none,7,6,1,0.8571,0,0.0,0,108401.5,1
txn_000319,cust_01186,9219.64,wallet,success,none,26,20,6,0.7692,0,0.0,0,69390.66,1
txn_000320,cust_02398,2375.09,netbanking,success,none,31,30,1,0.9677,0,0.0,0,45641.97,1
txn_000321,cust_00920,2258.23,upi,failed,bank_decline,20,14,6,0.7,2,4.27,0,75108.17,0
txn_000322,cust_01936,506.88,upi,success,none,8,7,1,0.875,0,0.0,0,147119.94,1
txn_000323,cust_01709,376.08,card,success,none,28,24,4,0.8571,0,0.0,0,12676.91,1
txn_000324,cust_01003,1264.52,upi,success,none,9,8,1,0.8889,0,0.0,0,1772.04,1
txn_000325,cust_00274,754.83,netbanking,success,none,40,32,8,0.8,0,0.0,0,80584.42,1
txn_000326,cust_01057,2471.65,wallet,abandoned,none,5,4,1,0.8,0,5.75,1,137669.46,1
txn_000327,cust_02357,2641.92,upi,failed,bank_decline,22,21,1,0.9545,0,2.13,0,35004.47,1
txn_000328,cust_00555,1430.11,netbanking,success,none,24,22,2,0.9167,0,0.0,0,33373.18,1
txn_000329,cust_01719,3064.73,netbanking,success,none,27,16,11,0.5926,0,0.0,0,17765.31,1
txn_000330,cust_00315,1625.07,card,failed,bank_decline,18,13,5,0.7222,0,8.42,0,92770.94,1
txn_000331,cust_01322,560.21,netbanking,failed,network_error,14,13,1,0.9286,2,9.63,0,31661.89,0
txn_000332,cust_00393,1098.53,netbanking,failed,insufficient_funds,39,33,6,0.8462,1,7.3,0,112594.7,0
txn_000333,cust_01987,1534.15,wallet,success,none,9,9,0,1.0,0,0.0,0,147218.99,1
txn_000334,cust_00420,3391.15,card,success,none,26,15,11,0.5769,0,0.0,0,129871.68,1
txn_000335,cust_00772,1677.32,upi,success,none,31,23,8,0.7419,0,0.0,0,67841.62,1
txn_000336,cust_00478,756.38,card,abandoned,none,7,6,1,0.8571,0,3.41,1,114295.08,1
txn_000337,cust_01486,3519.84,card,failed,technical_error,8,6,2,0.75,2,2.49,0,115943.11,1
txn_000338,cust_00486,1960.11,card,success,none,12,11,1,0.9167,0,0.0,0,26327.56,1
txn_000339,cust_00929,6283.45,netbanking,success,none,17,16,1,0.9412,0,0.0,0,109398.7,1
txn_000340,cust_00322,1461.59,wallet,success,none,30,21,9,0.7,0,0.0,0,85907.6,1
txn_000341,cust_00319,474.69,upi,failed,authentication_failed,16,13,3,0.8125,0,2.83,0,124778.92,1
txn_000342,cust_02104,4345.86,upi,success,none,16,13,3,0.8125,0,0.0,0,15906.71,1
txn_000343,cust_00178,752.36,upi,success,none,27,20,7,0.7407,0,0.0,0,146101.72,1
txn_000344,cust_00396,1799.79,upi,abandoned,none,20,18,2,0.9,0,1.52,1,105260.32,0
txn_000345,cust_00757,1612.78,netbanking,success,none,19,11,8,0.5789,0,0.0,0,13497.39,1
txn_000346,cust_01137,1401.96,netbanking,success,none,13,12,1,0.9231,0,0.0,0,144349.56,1
txn_000347,cust_00991,1130.23,upi,success,none,6,5,1,0.8333,0,0.0,0,52608.16,1
txn_000348,cust_00058,256.69,card,failed,network_error,36,31,5,0.8611,1,12.63,0,129256.18,0
txn_000349,cust_00405,491.71,card,abandoned,none,18,13,5,0.7222,0,5.97,1,86860.8,1
txn_000350,cust_02415,4113.92,card,success,none,30,25,5,0.8333,0,0.0,0,93041.68,1
txn_000351,cust_00741,2056.58,netbanking,abandoned,none,16,9,7,0.5625,0,3.03,1,145468.7,0
txn_000352,cust_01670,9038.94,upi,failed,network_error,13,11,2,0.8462,0,6.58,0,61982.7,1
txn_000353,cust_02031,474.52,netbanking,failed,technical_error,5,5,0,1.0,0,1.24,0,117820.69,1
txn_000354,cust_01577,1298.99,netbanking,success,none,25,22,3,0.88,0,0.0,0,102798.72,1
txn_000355,cust_01819,4286.36,card,success,none,10,8,2,0.8,0,0.0,0,21467.42,1
txn_000356,cust_01753,760.65,card,failed,authentication_failed,16,15,1,0.9375,2,2.59,0,5927.59,0
txn_000357,cust_02014,824.38,upi,success,none,24,19,5,0.7917,0,0.0,0,113511.05,1
txn_000358,cust_00349,998.91,upi,success,none,34,32,2,0.9412,0,0.0,0,89921.82,1
txn_000359,cust_02419,858.04,upi,failed,bank_decline,35,29,6,0.8286,0,5.16,0,4297.5,1
txn_000360,cust_00821,2279.7,wallet,success,none,6,5,1,0.8333,0,0.0,0,109335.12,1
txn_000361,cust_02045,225.83,netbanking,failed,technical_error,16,11,5,0.6875,2,10.61,0,143875.63,0
txn_000362,cust_01640,6923.84,netbanking,success,none,37,34,3,0.9189,0,0.0,0,16512.42,1
txn_000363,cust_01657,513.03,wallet,success,none,5,4,1,0.8,0,0.0,0,120079.99,1
txn_000364,cust_01863,161.23,upi,success,none,17,15,2,0.8824,0,0.0,0,71685.05,1
txn_000365,cust_00946,1325.79,card,success,none,39,30,9,0.7692,0,0.0,0,134076.62,1
txn_000366,cust_00280,918.37,wallet,success,none,14,14,0,1.0,0,0.0,0,68750.2,1
txn_000367,cust_01568,1121.05,netbanking,success,none,17,15,2,0.8824,0,0.0,0,137696.86,1
txn_000368,cust_00395,1830.92,upi,success,none,29,27,2,0.931,0,0.0,0,19528.7,1
txn_000369,cust_02017,2552.53,wallet,success,none,13,10,3,0.7692,0,0.0,0,44832.48,1
txn_000370,cust_02009,7234.75,netbanking,success,none,25,21,4,0.84,0,0.0,0,63068.37,1
txn_000371,cust_02215,671.73,upi,abandoned,none,35,28,7,0.8,0,0.32,1,61888.36,1
txn_000372,cust_00488,2905.3,wallet,success,none,25,22,3,0.88,0,0.0,0,93336.84,1
txn_000373,cust_01813,2721.49,wallet,success,none,8,4,4,0.5,0,0.0,0,71109.95,1
txn_000374,cust_01242,100.0,card,success,none,36,29,7,0.8056,0,0.0,0,135875.93,1
txn_000375,cust_01594,582.2,wallet,failed,technical_error,2,2,0,1.0,3,9.28,0,48512.76,0
txn_000376,cust_02344,369.82,wallet,success,none,27,25,2,0.9259,0,0.0,0,19064.39,1
txn_000377,cust_02076,2096.22,upi,success,none,33,20,13,0.6061,0,0.0,0,16814.2,1
txn_000378,cust_01548,1877.74,netbanking,failed,network_error,8,6,2,0.75,2,0.95,0,80852.76,0
txn_000379,cust_00526,1915.87,netbanking,success,none,22,18,4,0.8182,0,0.0,0,120830.65,1
txn_000380,cust_00111,986.74,netbanking,success,none,18,17,1,0.9444,0,0.0,0,69931.58,1
txn_000381,cust_01464,1091.43,wallet,success,none,33,30,3,0.9091,0,0.0,0,115299.39,1
txn_000382,cust_01015,1301.69,card,success,none,3,3,0,1.0,0,0.0,0,149578.6,1
txn_000383,cust_00269,896.85,netbanking,success,none,15,14,1,0.9333,0,0.0,0,73746.19,1
txn_000384,cust_02206,2913.71,netbanking,success,none,28,16,12,0.5714,0,0.0,0,78784.59,1
txn_000385,cust_01731,459.59,wallet,success,none,26,15,11,0.5769,0,0.0,0,6778.6,1
txn_000386,cust_02409,612.89,upi,abandoned,none,40,36,4,0.9,0,2.71,1,121328.67,1
txn_000387,cust_02346,1512.2,upi,failed,insufficient_funds,37,31,6,0.8378,1,4.77,0,97829.96,0
txn_000388,cust_01391,927.11,card,success,none,6,5,1,0.8333,0,0.0,0,61024.77,1
txn_000389,cust_01786,441.96,card,success,none,18,16,2,0.8889,0,0.0,0,96448.62,1
txn_000390,cust_00309,2279.99,card,success,none,27,25,2,0.9259,0,0.0,0,123527.31,1
txn_000391,cust_02350,755.75,wallet,failed,technical_error,29,14,15,0.4828,0,10.08,0,133555.23,0
txn_000392,cust_02425,575.52,netbanking,success,none,20,19,1,0.95,0,0.0,0,118073.08,1
txn_000393,cust_02176,1125.09,wallet,success,none,27,22,5,0.8148,0,0.0,0,4344.46,1
txn_000394,cust_00315,548.26,netbanking,success,none,18,13,5,0.7222,0,0.0,0,92770.94,1
txn_000395,cust_02212,1294.42,netbanking,success,none,9,8,1,0.8889,0,0.0,0,38923.19,1
txn_000396,cust_02111,934.77,wallet,success,none,28,21,7,0.75,0,0.0,0,26127.29,1
txn_000397,cust_00077,802.25,card,success,none,16,12,4,0.75,0,0.0,0,131823.43,1
txn_000398,cust_01915,807.28,netbanking,abandoned,none,21,19,2,0.9048,0,3.78,1,2841.67,1
txn_000399,cust_01777,3625.02,upi,success,none,30,24,6,0.8,0,0.0,0,38547.81,1
txn_000400,cust_00606,1937.62,card,success,none,7,6,1,0.8571,0,0.0,0,47569.7,1
txn_000401,cust_01230,242.45,wallet,success,none,6,6,0,1.0,0,0.0,0,1774.09,1
txn_000402,cust_00264,3238.89,card,failed,network_error,37,29,8,0.7838,2,9.08,0,57676.77,0
txn_000403,cust_02463,2245.22,card,success,none,23,16,7,0.6957,0,0.0,0,121023.28,1
txn_000404,cust_00787,2116.49,upi,success,none,16,13,3,0.8125,0,0.0,0,86028.89,1
txn_000405,cust_01902,3254.88,wallet,success,none,25,19,6,0.76,0,0.0,0,103795.46,1
txn_000406,cust_00152,1359.71,card,success,none,34,29,5,0.8529,0,0.0,0,2165.64,1
txn_000407,cust_01059,2490.11,netbanking,success,none,36,25,11,0.6944,0,0.0,0,135530.34,1
txn_000408,cust_00173,841.79,wallet,failed,insufficient_funds,3,2,1,0.6667,0,4.46,0,46930.49,1
txn_000409,cust_00261,3126.22,wallet,failed,insufficient_funds,27,16,11,0.5926,3,13.21,0,59032.05,0
txn_000410,cust_00576,1665.89,card,success,none,2,2,0,1.0,0,0.0,0,20638.68,1
txn_000411,cust_00495,338.0,netbanking,success,none,35,35,0,1.0,0,0.0,0,24538.37,1
txn_000412,cust_02457,3775.87,upi,failed,network_error,40,33,7,0.825,2,11.67,0,51424.89,0
txn_000413,cust_00967,1177.44,wallet,success,none,10,7,3,0.7,0,0.0,0,62531.06,1
txn_000414,cust_00877,1024.42,netbanking,success,none,9,6,3,0.6667,0,0.0,0,65460.12,1
txn_000415,cust_02415,860.34,upi,success,none,30,25,5,0.8333,0,0.0,0,93041.68,1
txn_000416,cust_00463,925.78,netbanking,success,none,7,6,1,0.8571,0,0.0,0,131254.37,1
txn_000417,cust_01010,1685.19,netbanking,failed,bank_decline,6,5,1,0.8333,2,6.71,0,98192.51,0
txn_000418,cust_01263,498.91,upi,success,none,21,15,6,0.7143,0,0.0,0,44425.77,1
txn_000419,cust_00143,279.05,upi,success,none,5,5,0,1.0,0,0.0,0,2388.0,1
txn_000420,cust_00982,461.99,netbanking,success,none,14,13,1,0.9286,0,0.0,0,103845.75,1
txn_000421,cust_01487,1962.0,upi,success,none,2,2,0,1.0,0,0.0,0,50916.64,1
txn_000422,cust_01813,1139.18,wallet,success,none,8,4,4,0.5,0,0.0,0,71109.95,1
txn_000423,cust_01047,4077.31,netbanking,success,none,15,9,6,0.6,0,0.0,0,33650.16,1
txn_000424,cust_00965,1255.25,netbanking,success,none,8,7,1,0.875,0,0.0,0,29426.86,1
txn_000425,cust_01798,3110.42,netbanking,failed,authentication_failed,22,13,9,0.5909,0,3.91,0,109255.93,1
txn_000426,cust_02014,669.94,wallet,failed,network_error,24,19,5,0.7917,3,12.29,0,113511.05,0
txn_000427,cust_00657,866.84,netbanking,success,none,25,12,13,0.48,0,0.0,0,80354.77,1
txn_000428,cust_02467,1352.25,netbanking,success,none,17,8,9,0.4706,0,0.0,0,134900.79,1
txn_000429,cust_00214,1156.35,card,success,none,25,16,9,0.64,0,0.0,0,101920.37,1
txn_000430,cust_00558,1053.25,upi,success,none,24,18,6,0.75,0,0.0,0,82125.41,1
txn_000431,cust_01286,559.97,upi,success,none,16,13,3,0.8125,0,0.0,0,98982.65,1
txn_000432,cust_00533,274.36,wallet,failed,network_error,35,30,5,0.8571,3,6.75,0,19414.72,0
txn_000433,cust_01068,2517.49,card,success,none,37,32,5,0.8649,0,0.0,0,9602.78,1
txn_000434,cust_01155,2251.29,card,success,none,27,24,3,0.8889,0,0.0,0,44983.65,1
txn_000435,cust_01612,724.97,wallet,abandoned,none,12,7,5,0.5833,0,6.2,1,74075.03,1
txn_000436,cust_00095,1956.44,card,failed,authentication_failed,3,1,2,0.3333,1,3.74,0,129085.67,0
txn_000437,cust_00204,1134.05,wallet,success,none,1,1,0,1.0,0,0.0,0,78468.13,1
txn_000438,cust_00612,4048.78,upi,abandoned,none,24,21,3,0.875,0,1.27,1,121953.62,1
txn_000439,cust_00058,360.59,wallet,failed,authentication_failed,36,31,5,0.8611,3,1.75,0,129256.18,0
txn_000440,cust_00781,1180.0,netbanking,success,none,8,6,2,0.75,0,0.0,0,125666.47,1
txn_000441,cust_00534,1089.48,wallet,failed,technical_error,24,14,10,0.5833,1,13.93,0,101251.43,0
txn_000442,cust_00776,1573.59,wallet,success,none,39,29,10,0.7436,0,0.0,0,79637.95,1
txn_000443,cust_00118,6230.04,netbanking,abandoned,none,26,17,9,0.6538,0,1.72,1,135463.99,1
txn_000444,cust_01018,1183.56,netbanking,success,none,19,17,2,0.8947,0,0.0,0,131634.73,1
txn_000445,cust_00352,2816.17,upi,success,none,12,11,1,0.9167,0,0.0,0,46037.87,1
txn_000446,cust_01629,1155.38,card,failed,authentication_failed,12,10,2,0.8333,2,1.12,0,106370.26,0
txn_000447,cust_00214,3908.52,netbanking,abandoned,none,25,16,9,0.64,0,3.35,1,101920.37,1
txn_000448,cust_02484,2843.66,upi,success,none,5,4,1,0.8,0,0.0,0,99085.12,1
txn_000449,cust_01561,959.76,netbanking,abandoned,none,16,12,4,0.75,0,4.73,1,15114.07,1
txn_000450,cust_02292,893.1,upi,success,none,13,11,2,0.8462,0,0.0,0,35994.34,1
txn_000451,cust_02064,2179.74,wallet,abandoned,none,22,21,1,0.9545,0,6.16,1,6645.06,1
txn_000452,cust_01300,695.47,wallet,success,none,19,15,4,0.7895,0,0.0,0,62980.34,1
txn_000453,cust_00181,1620.73,card,success,none,12,11,1,0.9167,0,0.0,0,132331.01,1
txn_000454,cust_01151,938.43,netbanking,abandoned,none,3,2,1,0.6667,0,2.05,1,84816.18,0
txn_000455,cust_01081,1935.46,netbanking,success,none,27,18,9,0.6667,0,0.0,0,56794.68,1
txn_000456,cust_02013,1140.23,card,success,none,29,23,6,0.7931,0,0.0,0,124667.54,1
txn_000457,cust_01803,670.09,upi,success,none,36,21,15,0.5833,0,0.0,0,27989.24,1
txn_000458,cust_00751,4045.28,upi,success,none,13,10,3,0.7692,0,0.0,0,120387.62,1
txn_000459,cust_01914,1701.99,wallet,success,none,5,4,1,0.8,0,0.0,0,39980.32,1
txn_000460,cust_02028,1269.55,upi,success,none,40,35,5,0.875,0,0.0,0,126627.86,1
txn_000461,cust_02298,2038.54,wallet,success,none,6,5,1,0.8333,0,0.0,0,101696.01,1
txn_000462,cust_00607,251.84,upi,success,none,21,18,3,0.8571,0,0.0,0,100101.07,1
txn_000463,cust_01164,10831.19,card,failed,technical_error,35,28,7,0.8,2,7.93,0,148558.21,0
txn_000464,cust_00870,1372.91,upi,success,none,27,13,14,0.4815,0,0.0,0,123677.57,1
txn_000465,cust_01706,188.07,upi,success,none,29,20,9,0.6897,0,0.0,0,26758.97,1
txn_000466,cust_00387,4434.16,netbanking,success,none,38,33,5,0.8684,0,0.0,0,99516.27,1
txn_000467,cust_00500,631.82,wallet,success,none,13,8,5,0.6154,0,0.0,0,149906.66,1
txn_000468,cust_00435,3803.64,netbanking,success,none,8,5,3,0.625,0,0.0,0,97508.74,1
txn_000469,cust_01966,1512.57,wallet,success,none,9,8,1,0.8889,0,0.0,0,144614.36,1
txn_000470,cust_00024,278.55,netbanking,abandoned,none,5,4,1,0.8,0,4.63,1,7827.83,0
txn_000471,cust_01331,1739.34,card,success,none,30,25,5,0.8333,0,0.0,0,92987.04,1
txn_000472,cust_01159,1616.0,netbanking,failed,insufficient_funds,22,20,2,0.9091,3,1.39,0,39341.69,1
txn_000473,cust_00984,4237.68,wallet,success,none,23,15,8,0.6522,0,0.0,0,84512.65,1
txn_000474,cust_00668,2257.84,wallet,failed,network_error,24,20,4,0.8333,1,1.78,0,14131.35,1
txn_000475,cust_01771,387.84,netbanking,failed,technical_error,9,7,2,0.7778,1,5.09,0,97458.36,1
txn_000476,cust_01506,3649.22,card,success,none,8,8,0,1.0,0,0.0,0,75804.1,1
txn_000477,cust_01952,885.31,netbanking,success,none,19,16,3,0.8421,0,0.0,0,82605.9,1
txn_000478,cust_01731,7482.07,netbanking,success,none,26,15,11,0.5769,0,0.0,0,6778.6,1
txn_000479,cust_01745,939.38,upi,success,none,27,19,8,0.7037,0,0.0,0,111400.78,1
txn_000480,cust_01899,1084.32,card,success,none,22,9,13,0.4091,0,0.0,0,28247.54,1
txn_000481,cust_02029,588.8,upi,success,none,20,18,2,0.9,0,0.0,0,74092.09,1
txn_000482,cust_01957,813.55,netbanking,success,none,40,23,17,0.575,0,0.0,0,30192.3,1
txn_000483,cust_01231,624.57,card,success,none,20,15,5,0.75,0,0.0,0,67265.64,1
txn_000484,cust_00196,4343.56,upi,failed,technical_error,2,2,0,1.0,0,7.2,0,18185.92,1
txn_000485,cust_01904,353.72,netbanking,success,none,11,9,2,0.8182,0,0.0,0,17845.43,1
txn_000486,cust_02063,2994.64,upi,success,none,10,9,1,0.9,0,0.0,0,4539.19,1
txn_000487,cust_00736,3067.63,card,failed,insufficient_funds,25,20,5,0.8,0,5.89,0,23983.66,0
txn_000488,cust_01286,5311.06,wallet,failed,authentication_failed,16,13,3,0.8125,2,4.84,0,98982.65,0
txn_000489,cust_00767,1399.35,card,success,none,21,17,4,0.8095,0,0.0,0,139693.06,1
txn_000490,cust_02475,479.77,netbanking,failed,insufficient_funds,36,28,8,0.7778,3,7.53,0,24891.17,1
txn_000491,cust_00478,1128.05,upi,success,none,7,6,1,0.8571,0,0.0,0,114295.08,1
txn_000492,cust_01660,2427.7,wallet,success,none,7,6,1,0.8571,0,0.0,0,12055.86,1
txn_000493,cust_01478,1457.87,wallet,failed,insufficient_funds,39,35,4,0.8974,1,1.98,0,9199.26,1
txn_000494,cust_00066,1932.81,card,failed,bank_decline,12,11,1,0.9167,3,9.12,0,76644.57,0
txn_000495,cust_01785,5246.34,card,success,none,31,26,5,0.8387,0,0.0,0,10511.72,1
txn_000496,cust_00607,2397.07,wallet,success,none,21,18,3,0.8571,0,0.0,0,100101.07,1
txn_000497,cust_00625,1633.44,wallet,abandoned,none,28,27,1,0.9643,0,3.35,1,126928.12,0
txn_000498,cust_02398,211.8,card,success,none,31,30,1,0.9677,0,0.0,0,45641.97,1
txn_000499,cust_01605,611.64,upi,success,none,38,26,12,0.6842,0,0.0,0,48382.65,1
txn_000500,cust_01769,893.66,wallet,failed,technical_error,33,32,1,0.9697,2,0.61,0,3987.8,1
txn_000501,cust_02103,185.47,wallet,success,none,23,21,2,0.913,0,0.0,0,20104.06,1
txn_000502,cust_00078,441.74,wallet,success,none,6,4,2,0.6667,0,0.0,0,13762.36,1
txn_000503,cust_01098,1024.08,wallet,failed,insufficient_funds,5,5,0,1.0,3,8.76,0,16033.61,0
txn_000504,cust_01837,1205.06,wallet,success,none,34,29,5,0.8529,0,0.0,0,29395.93,1
txn_000505,cust_00788,2221.22,wallet,success,none,12,8,4,0.6667,0,0.0,0,99991.32,1
txn_000506,cust_00900,1090.84,netbanking,abandoned,none,5,5,0,1.0,0,5.99,1,103603.42,0
txn_000507,cust_01919,1716.5,card,failed,authentication_failed,22,20,2,0.9091,3,11.68,0,78345.85,0
txn_000508,cust_01476,882.02,wallet,failed,bank_decline,6,5,1,0.8333,1,4.03,0,138769.54,0
txn_000509,cust_01978,1396.9,card,success,none,16,13,3,0.8125,0,0.0,0,41765.79,1
txn_000510,cust_02016,2102.69,upi,failed,authentication_failed,13,12,1,0.9231,2,3.36,0,116645.87,0
txn_000511,cust_00075,5840.84,netbanking,failed,network_error,24,22,2,0.9167,1,2.53,0,131929.56,0
txn_000512,cust_02063,800.6,upi,failed,network_error,10,9,1,0.9,3,1.68,0,4539.19,1
txn_000513,cust_02302,1547.17,card,success,none,21,19,2,0.9048,0,0.0,0,74358.72,1
txn_000514,cust_01456,3194.31,upi,failed,technical_error,37,34,3,0.9189,2,12.56,0,63708.67,0
txn_000515,cust_02112,317.48,upi,failed,authentication_failed,21,17,4,0.8095,3,13.48,0,37680.1,0
txn_000516,cust_00434,9875.64,upi,failed,insufficient_funds,8,6,2,0.75,0,2.42,0,69755.74,1
txn_000517,cust_00842,4354.79,netbanking,success,none,5,2,3,0.4,0,0.0,0,86514.34,1
txn_000518,cust_01809,241.9,wallet,failed,insufficient_funds,15,11,4,0.7333,1,9.09,0,53937.23,0
txn_000519,cust_00565,1941.82,upi,failed,authentication_failed,4,3,1,0.75,3,10.79,0,118232.39,1
txn_000520,cust_01941,761.7,netbanking,success,none,40,32,8,0.8,0,0.0,0,95993.18,1
txn_000521,cust_01090,900.23,netbanking,failed,authentication_failed,30,26,4,0.8667,2,8.85,0,101351.48,0
txn_000522,cust_02170,1901.7,wallet,failed,bank_decline,39,33,6,0.8462,3,5.85,0,107878.1,0
txn_000523,cust_01880,3829.16,netbanking,abandoned,none,1,1,0,1.0,0,3.15,1,2899.66,0
txn_000524,cust_02120,840.61,upi,success,none,39,31,8,0.7949,0,0.0,0,13214.08,1
txn_000525,cust_00674,851.97,wallet,success,none,11,7,4,0.6364,0,0.0,0,12380.53,1
txn_000526,cust_00619,1943.35,upi,abandoned,none,7,7,0,1.0,0,6.86,1,87109.86,0
txn_000527,cust_02130,2373.11,netbanking,success,none,35,26,9,0.7429,0,0.0,0,134203.9,1
txn_000528,cust_02268,489.25,netbanking,failed,network_error,33,26,7,0.7879,2,0.21,0,16863.28,1
txn_000529,cust_02162,7507.61,card,failed,authentication_failed,23,18,5,0.7826,1,12.44,0,122768.28,0
txn_000530,cust_01812,703.93,netbanking,failed,authentication_failed,38,32,6,0.8421,1,12.35,0,44813.62,1
txn_000531,cust_02202,3514.58,netbanking,success,none,35,10,25,0.2857,0,0.0,0,75996.05,1
txn_000532,cust_00517,2104.23,netbanking,success,none,6,5,1,0.8333,0,0.0,0,136534.54,1
txn_000533,cust_01279,2456.09,netbanking,failed,bank_decline,25,17,8,0.68,0,0.49,0,12020.81,0
txn_000534,cust_02427,717.7,netbanking,success,none,30,25,5,0.8333,0,0.0,0,104843.29,1
txn_000535,cust_01732,238.93,upi,failed,network_error,22,17,5,0.7727,2,8.82,0,103886.55,0
txn_000536,cust_00196,1311.07,upi,success,none,2,2,0,1.0,0,0.0,0,18185.92,1
txn_000537,cust_00022,1316.48,wallet,success,none,40,36,4,0.9,0,0.0,0,132932.31,1
txn_000538,cust_02383,513.87,card,success,none,35,20,15,0.5714,0,0.0,0,140293.78,1
txn_000539,cust_02347,3354.11,card,failed,technical_error,35,23,12,0.6571,1,1.56,0,27006.29,0
txn_000540,cust_00789,1272.16,netbanking,success,none,6,4,2,0.6667,0,0.0,0,78999.2,1
txn_000541,cust_01744,596.41,wallet,success,none,14,13,1,0.9286,0,0.0,0,137101.49,1
txn_000542,cust_00533,2404.44,wallet,success,none,35,30,5,0.8571,0,0.0,0,19414.72,1
txn_000543,cust_02156,2469.13,wallet,success,none,17,13,4,0.7647,0,0.0,0,87216.08,1
txn_000544,cust_01618,654.36,netbanking,success,none,22,11,11,0.5,0,0.0,0,107823.71,1
txn_000545,cust_01803,4598.07,wallet,failed,authentication_failed,36,21,15,0.5833,1,2.11,0,27989.24,1
txn_000546,cust_01875,12622.6,card,abandoned,none,23,14,9,0.6087,0,3.64,1,105812.08,0
txn_000547,cust_00871,450.32,wallet,success,none,5,4,1,0.8,0,0.0,0,19673.69,1
txn_000548,cust_02290,1114.66,netbanking,abandoned,none,37,27,10,0.7297,0,0.92,1,41092.29,0
txn_000549,cust_00452,1876.21,upi,success,none,23,14,9,0.6087,0,0.0,0,50533.55,1
txn_000550,cust_02142,13098.59,card,success,none,37,33,4,0.8919,0,0.0,0,99252.58,1
txn_000551,cust_01534,643.05,netbanking,success,none,24,21,3,0.875,0,0.0,0,69310.25,1
txn_000552,cust_00586,523.44,card,failed,authentication_failed,3,3,0,1.0,0,13.12,0,109359.21,1
txn_000553,cust_01162,519.87,card,success,none,23,20,3,0.8696,0,0.0,0,26220.59,1
txn_000554,cust_00009,4543.37,upi,success,none,35,29,6,0.8286,0,0.0,0,63508.45,1
txn_000555,cust_00184,659.95,wallet,success,none,27,24,3,0.8889,0,0.0,0,120533.04,1
txn_000556,cust_01853,572.42,netbanking,failed,authentication_failed,9,8,1,0.8889,1,10.69,0,32467.34,0
txn_000557,cust_01888,1687.44,wallet,success,none,4,2,2,0.5,0,0.0,0,15871.53,1
txn_000558,cust_01333,1822.97,upi,failed,technical_error,38,37,1,0.9737,3,5.48,0,13628.04,0
txn_000559,cust_01389,3908.94,upi,abandoned,none,27,22,5,0.8148,0,6.24,1,56900.68,0
txn_000560,cust_00363,1468.4,card,failed,technical_error,5,4,1,0.8,2,7.9,0,60705.41,1
txn_000561,cust_02292,1718.03,upi,success,none,13,11,2,0.8462,0,0.0,0,35994.34,1
txn_000562,cust_02363,1205.6,upi,abandoned,none,34,33,1,0.9706,0,3.7,1,144863.38,0
txn_000563,cust_02059,363.47,upi,success,none,28,21,7,0.75,0,0.0,0,125514.1,1
txn_000564,cust_00737,1097.07,upi,success,none,12,10,2,0.8333,0,0.0,0,124870.41,1
txn_000565,cust_02374,1426.29,wallet,success,none,40,31,9,0.775,0,0.0,0,24135.88,1
txn_000566,cust_01313,859.35,wallet,success,none,36,19,17,0.5278,0,0.0,0,24860.22,1
txn_000567,cust_00096,280.21,netbanking,success,none,5,4,1,0.8,0,0.0,0,77609.26,1
txn_000568,cust_02163,430.53,netbanking,success,none,23,22,1,0.9565,0,0.0,0,73542.37,1
txn_000569,cust_00407,1287.71,card,success,none,29,23,6,0.7931,0,0.0,0,137494.85,1
txn_000570,cust_00368,3404.16,card,success,none,8,6,2,0.75,0,0.0,0,84152.88,1
txn_000571,cust_00694,7203.22,upi,success,none,19,18,1,0.9474,0,0.0,0,12432.92,1
txn_000572,cust_00112,1114.51,upi,success,none,5,4,1,0.8,0,0.0,0,67026.48,1
txn_000573,cust_00584,654.01,wallet,failed,network_error,7,6,1,0.8571,3,13.19,0,68348.81,0
txn_000574,cust_00213,922.87,card,success,none,13,13,0,1.0,0,0.0,0,63646.5,1
txn_000575,cust_00969,470.4,wallet,success,none,40,33,7,0.825,0,0.0,0,138157.62,1
txn_000576,cust_00472,2944.65,netbanking,success,none,21,19,2,0.9048,0,0.0,0,94393.08,1
txn_000577,cust_01668,11357.25,upi,success,none,28,20,8,0.7143,0,0.0,0,24408.46,1
txn_000578,cust_00958,670.13,upi,success,none,17,15,2,0.8824,0,0.0,0,145093.53,1
txn_000579,cust_00416,406.65,card,failed,bank_decline,26,14,12,0.5385,2,8.0,0,122221.34,0
txn_000580,cust_02050,3664.63,card,failed,bank_decline,24,19,5,0.7917,2,7.61,0,77632.05,0
txn_000581,cust_01005,1840.98,wallet,abandoned,none,11,9,2,0.8182,0,3.93,1,61629.21,1
txn_000582,cust_01904,1872.31,netbanking,success,none,11,9,2,0.8182,0,0.0,0,17845.43,1
txn_000583,cust_00247,6556.25,wallet,success,none,31,22,9,0.7097,0,0.0,0,68060.39,1
txn_000584,cust_01558,341.56,netbanking,failed,bank_decline,12,9,3,0.75,2,0.73,0,5631.23,0
txn_000585,cust_02307,332.15,upi,success,none,9,8,1,0.8889,0,0.0,0,9068.08,1
txn_000586,cust_00504,1139.43,card,failed,network_error,19,18,1,0.9474,3,3.03,0,4269.0,0
txn_000587,cust_01304,1427.11,netbanking,success,none,14,12,2,0.8571,0,0.0,0,78646.11,1
txn_000588,cust_01855,939.22,netbanking,success,none,11,6,5,0.5455,0,0.0,0,19351.14,1
txn_000589,cust_01400,15689.59,card,success,none,28,27,1,0.9643,0,0.0,0,123902.3,1
txn_000590,cust_00066,982.16,card,success,none,12,11,1,0.9167,0,0.0,0,76644.57,1
txn_000591,cust_01952,772.22,upi,failed,bank_decline,19,16,3,0.8421,3,7.83,0,82605.9,0
txn_000592,cust_02003,1516.78,wallet,success,none,29,27,2,0.931,0,0.0,0,16269.52,1
txn_000593,cust_00318,3536.48,upi,failed,authentication_failed,38,32,6,0.8421,0,5.01,0,40990.94,0
txn_000594,cust_02463,648.44,netbanking,success,none,23,16,7,0.6957,0,0.0,0,121023.28,1
txn_000595,cust_00035,1156.34,upi,success,none,25,13,12,0.52,0,0.0,0,41222.23,1
txn_000596,cust_01821,3638.35,upi,success,none,37,33,4,0.8919,0,0.0,0,134033.92,1
txn_000597,cust_01152,3846.07,netbanking,success,none,15,15,0,1.0,0,0.0,0,111446.6,1
txn_000598,cust_01242,1665.08,card,success,none,36,29,7,0.8056,0,0.0,0,135875.93,1
txn_000599,cust_01487,15038.84,upi,success,none,2,2,0,1.0,0,0.0,0,50916.64,1
txn_000600,cust_02483,9707.47,card,success,none,40,31,9,0.775,0,0.0,0,36579.2,1
txn_000601,cust_01623,328.29,upi,failed,technical_error,5,5,0,1.0,3,2.47,0,56665.03,1
txn_000602,cust_02318,246.67,card,success,none,12,11,1,0.9167,0,0.0,0,82735.95,1
txn_000603,cust_00267,2968.21,card,success,none,27,24,3,0.8889,0,0.0,0,81194.86,1
txn_000604,cust_00934,5246.76,netbanking,success,none,25,23,2,0.92,0,0.0,0,76134.07,1
txn_000605,cust_02183,1069.81,netbanking,success,none,26,24,2,0.9231,0,0.0,0,90304.27,1
txn_000606,cust_00009,810.62,wallet,success,none,35,29,6,0.8286,0,0.0,0,63508.45,1
txn_000607,cust_00213,589.76,netbanking,success,none,13,13,0,1.0,0,0.0,0,63646.5,1
txn_000608,cust_01123,416.54,upi,success,none,27,23,4,0.8519,0,0.0,0,84035.73,1
txn_000609,cust_01481,4172.8,upi,failed,bank_decline,11,8,3,0.7273,0,3.96,0,74965.53,0
txn_000610,cust_01839,914.8,netbanking,success,none,16,15,1,0.9375,0,0.0,0,34713.59,1
txn_000611,cust_00336,1811.3,upi,abandoned,none,15,14,1,0.9333,0,1.66,1,61255.77,1
txn_000612,cust_00305,215.77,card,success,none,37,33,4,0.8919,0,0.0,0,117612.67,1
txn_000613,cust_00258,3649.23,upi,success,none,5,4,1,0.8,0,0.0,0,62815.32,1
txn_000614,cust_00099,2410.96,netbanking,failed,bank_decline,37,33,4,0.8919,0,6.68,0,86855.54,0
txn_000615,cust_00223,349.08,netbanking,success,none,11,8,3,0.7273,0,0.0,0,99168.76,1
txn_000616,cust_00299,1735.46,wallet,failed,authentication_failed,20,14,6,0.7,0,1.29,0,86793.71,1
txn_000617,cust_00137,1345.8,wallet,success,none,38,32,6,0.8421,0,0.0,0,85218.81,1
txn_000618,cust_00267,853.93,card,success,none,27,24,3,0.8889,0,0.0,0,81194.86,1
txn_000619,cust_00225,100.0,netbanking,success,none,40,30,10,0.75,0,0.0,0,50943.05,1
txn_000620,cust_00418,692.06,upi,success,none,6,5,1,0.8333,0,0.0,0,47863.06,1
txn_000621,cust_01563,1812.44,wallet,success,none,9,7,2,0.7778,0,0.0,0,19096.54,1
txn_000622,cust_00955,773.89,upi,success,none,8,5,3,0.625,0,0.0,0,147004.81,1
txn_000623,cust_01754,1073.1,upi,success,none,4,4,0,1.0,0,0.0,0,137786.63,1
txn_000624,cust_00107,5983.48,wallet,success,none,22,17,5,0.7727,0,0.0,0,120288.28,1
txn_000625,cust_00443,1239.54,upi,success,none,9,8,1,0.8889,0,0.0,0,129740.01,1
txn_000626,cust_02429,164.55,card,failed,bank_decline,10,9,1,0.9,2,5.04,0,9349.71,0
txn_000627,cust_01822,1113.37,card,success,none,30,22,8,0.7333,0,0.0,0,22340.4,1
txn_000628,cust_00248,1479.4,card,success,none,16,13,3,0.8125,0,0.0,0,126139.57,1
txn_000629,cust_01466,586.78,netbanking,success,none,6,5,1,0.8333,0,0.0,0,96440.06,1
txn_000630,cust_00597,2792.66,card,success,none,21,13,8,0.619,0,0.0,0,57754.76,1
txn_000631,cust_01193,310.37,netbanking,abandoned,none,1,1,0,1.0,0,3.67,1,105723.93,1
txn_000632,cust_00593,1167.08,upi,success,none,6,5,1,0.8333,0,0.0,0,48994.66,1
txn_000633,cust_02292,306.81,upi,success,none,13,11,2,0.8462,0,0.0,0,35994.34,1
txn_000634,cust_00821,996.56,card,failed,network_error,6,5,1,0.8333,1,9.38,0,109335.12,0
txn_000635,cust_01915,2719.3,netbanking,failed,technical_error,21,19,2,0.9048,2,8.66,0,2841.67,0
txn_000636,cust_00665,1139.47,upi,success,none,26,23,3,0.8846,0,0.0,0,4107.63,1
txn_000637,cust_00173,1074.86,wallet,success,none,3,2,1,0.6667,0,0.0,0,46930.49,1
txn_000638,cust_00914,1377.15,card,success,none,27,13,14,0.4815,0,0.0,0,37992.27,1
txn_000639,cust_01970,1447.75,netbanking,failed,authentication_failed,31,28,3,0.9032,1,5.66,0,138731.26,0
txn_000640,cust_00028,2680.48,netbanking,success,none,30,21,9,0.7,0,0.0,0,95716.98,1
txn_000641,cust_02273,2696.79,upi,success,none,37,29,8,0.7838,0,0.0,0,38271.08,1
txn_000642,cust_02399,5550.79,netbanking,success,none,28,26,2,0.9286,0,0.0,0,119896.75,1
txn_000643,cust_00811,1583.85,netbanking,success,none,3,2,1,0.6667,0,0.0,0,113240.35,1
txn_000644,cust_00714,254.49,netbanking,failed,bank_decline,25,22,3,0.88,1,2.82,0,43337.9,1
txn_000645,cust_01073,3158.8,upi,success,none,38,31,7,0.8158,0,0.0,0,11881.4,1
txn_000646,cust_01553,5165.85,upi,success,none,39,36,3,0.9231,0,0.0,0,7009.14,1
txn_000647,cust_01869,15704.38,card,success,none,7,6,1,0.8571,0,0.0,0,77226.13,1
txn_000648,cust_00702,5719.9,wallet,failed,insufficient_funds,4,3,1,0.75,0,2.11,0,68127.94,0
txn_000649,cust_00777,820.33,card,success,none,8,7,1,0.875,0,0.0,0,116649.72,1
txn_000650,cust_01303,1615.15,wallet,abandoned,none,22,13,9,0.5909,0,1.79,1,68844.56,1
txn_000651,cust_02406,1021.85,card,failed,network_error,15,12,3,0.8,1,4.65,0,40184.06,1
txn_000652,cust_01148,892.01,card,failed,technical_error,31,26,5,0.8387,3,3.01,0,114482.72,1
txn_000653,cust_01928,1195.73,upi,success,none,32,27,5,0.8438,0,0.0,0,48774.44,1
txn_000654,cust_02086,4845.2,netbanking,success,none,1,1,0,1.0,0,0.0,0,83475.1,1
txn_000655,cust_01319,273.37,netbanking,success,none,40,37,3,0.925,0,0.0,0,132581.51,1
txn_000656,cust_02027,491.5,wallet,success,none,21,16,5,0.7619,0,0.0,0,89935.17,1
txn_000657,cust_02392,4534.6,upi,success,none,27,23,4,0.8519,0,0.0,0,39711.25,1
txn_000658,cust_01852,5731.13,card,success,none,15,14,1,0.9333,0,0.0,0,109348.16,1
txn_000659,cust_01545,692.64,card,abandoned,none,38,28,10,0.7368,0,2.68,1,17236.95,1
txn_000660,cust_00551,6979.61,upi,success,none,10,8,2,0.8,0,0.0,0,132926.65,1
txn_000661,cust_00943,3554.19,upi,success,none,3,3,0,1.0,0,0.0,0,6798.18,1
txn_000662,cust_01746,1024.79,wallet,success,none,34,30,4,0.8824,0,0.0,0,130211.16,1
txn_000663,cust_02038,117.3,netbanking,success,none,22,18,4,0.8182,0,0.0,0,54758.88,1
txn_000664,cust_01810,252.64,card,success,none,20,19,1,0.95,0,0.0,0,63650.41,1
txn_000665,cust_00338,693.55,netbanking,failed,technical_error,38,32,6,0.8421,0,11.02,0,55984.05,0
txn_000666,cust_00404,2863.89,upi,success,none,2,2,0,1.0,0,0.0,0,149936.29,1
txn_000667,cust_00821,2872.97,netbanking,success,none,6,5,1,0.8333,0,0.0,0,109335.12,1
txn_000668,cust_01240,840.13,netbanking,success,none,27,25,2,0.9259,0,0.0,0,58782.13,1
txn_000669,cust_00565,1062.87,netbanking,success,none,4,3,1,0.75,0,0.0,0,118232.39,1
txn_000670,cust_01420,1296.62,wallet,abandoned,none,5,2,3,0.4,0,5.77,1,20772.27,0
txn_000671,cust_00049,1076.28,wallet,success,none,38,33,5,0.8684,0,0.0,0,60510.68,1
txn_000672,cust_00612,1577.56,wallet,success,none,24,21,3,0.875,0,0.0,0,121953.62,1
txn_000673,cust_00860,1299.79,wallet,success,none,12,8,4,0.6667,0,0.0,0,119260.76,1
txn_000674,cust_02264,251.08,wallet,failed,authentication_failed,18,12,6,0.6667,2,11.11,0,34718.03,0
txn_000675,cust_00770,1088.37,wallet,failed,authentication_failed,31,28,3,0.9032,1,6.2,0,104714.73,0
txn_000676,cust_00124,1309.5,netbanking,success,none,19,14,5,0.7368,0,0.0,0,33437.43,1
txn_000677,cust_01252,3604.0,upi,success,none,32,24,8,0.75,0,0.0,0,89477.15,1
txn_000678,cust_01453,583.3,netbanking,success,none,39,27,12,0.6923,0,0.0,0,11580.79,1
txn_000679,cust_01653,1642.39,netbanking,success,none,25,21,4,0.84,0,0.0,0,16112.86,1
txn_000680,cust_00132,2351.57,card,success,none,5,3,2,0.6,0,0.0,0,101606.67,1
txn_000681,cust_01353,1154.77,wallet,abandoned,none,6,4,2,0.6667,0,1.51,1,85244.27,1
txn_000682,cust_02190,231.64,wallet,success,none,38,30,8,0.7895,0,0.0,0,123247.52,1
txn_000683,cust_02333,3677.8,wallet,success,none,34,30,4,0.8824,0,0.0,0,80563.41,1
txn_000684,cust_00703,2827.48,upi,success,none,22,17,5,0.7727,0,0.0,0,147375.45,1
txn_000685,cust_02472,1683.74,wallet,success,none,21,16,5,0.7619,0,0.0,0,110127.96,1
txn_000686,cust_01581,1394.55,netbanking,success,none,3,1,2,0.3333,0,0.0,0,92501.88,1
txn_000687,cust_02148,225.56,upi,success,none,3,3,0,1.0,0,0.0,0,100619.25,1
txn_000688,cust_00046,2906.36,card,success,none,9,7,2,0.7778,0,0.0,0,37747.5,1
txn_000689,cust_01602,5921.8,card,abandoned,none,15,12,3,0.8,0,0.99,1,86778.12,1
txn_000690,cust_00282,439.77,wallet,abandoned,none,25,19,6,0.76,0,6.07,1,42460.24,1
txn_000691,cust_00843,5141.08,netbanking,success,none,34,29,5,0.8529,0,0.0,0,55675.54,1
txn_000692,cust_01945,4152.47,card,success,none,15,6,9,0.4,0,0.0,0,126803.3,1
txn_000693,cust_02407,427.01,card,success,none,28,21,7,0.75,0,0.0,0,94173.13,1
txn_000694,cust_01129,903.12,card,success,none,25,21,4,0.84,0,0.0,0,101377.12,1
txn_000695,cust_00263,331.81,wallet,success,none,2,2,0,1.0,0,0.0,0,128653.07,1
txn_000696,cust_01348,1254.96,wallet,success,none,25,22,3,0.88,0,0.0,0,144610.53,1
txn_000697,cust_00374,2097.11,netbanking,success,none,20,15,5,0.75,0,0.0,0,85725.79,1
txn_000698,cust_01421,357.64,netbanking,success,none,15,14,1,0.9333,0,0.0,0,78397.19,1
txn_000699,cust_00718,1970.03,wallet,success,none,20,18,2,0.9,0,0.0,0,145186.78,1
txn_000700,cust_01770,2537.99,wallet,success,none,1,1,0,1.0,0,0.0,0,71640.48,1
txn_000701,cust_02330,2574.68,upi,success,none,10,7,3,0.7,0,0.0,0,71475.07,1
txn_000702,cust_00982,2110.13,card,success,none,14,13,1,0.9286,0,0.0,0,103845.75,1
txn_000703,cust_01196,392.1,upi,success,none,22,20,2,0.9091,0,0.0,0,85312.64,1
txn_000704,cust_00890,1186.22,wallet,success,none,39,31,8,0.7949,0,0.0,0,51305.32,1
txn_000705,cust_00497,1905.22,netbanking,success,none,38,27,11,0.7105,0,0.0,0,45573.98,1
txn_000706,cust_01336,5773.45,wallet,success,none,12,7,5,0.5833,0,0.0,0,56622.6,1
txn_000707,cust_02073,1342.74,upi,success,none,40,34,6,0.85,0,0.0,0,10422.4,1
txn_000708,cust_01892,2049.89,wallet,success,none,8,6,2,0.75,0,0.0,0,15154.77,1
txn_000709,cust_00797,527.41,wallet,success,none,5,4,1,0.8,0,0.0,0,52375.57,1
txn_000710,cust_00560,422.04,netbanking,success,none,18,16,2,0.8889,0,0.0,0,29281.48,1
txn_000711,cust_01890,371.27,upi,success,none,19,14,5,0.7368,0,0.0,0,54671.98,1
txn_000712,cust_01793,879.83,card,success,none,2,2,0,1.0,0,0.0,0,98654.68,1
txn_000713,cust_00661,10530.71,card,failed,technical_error,30,23,7,0.7667,0,2.56,0,138253.2,1
txn_000714,cust_01601,895.99,card,success,none,4,3,1,0.75,0,0.0,0,114843.41,1
txn_000715,cust_01120,1928.75,card,success,none,15,12,3,0.8,0,0.0,0,45809.73,1
txn_000716,cust_00142,2338.11,card,success,none,20,19,1,0.95,0,0.0,0,69126.46,1
txn_000717,cust_02142,449.65,upi,success,none,37,33,4,0.8919,0,0.0,0,99252.58,1
txn_000718,cust_00215,866.87,upi,success,none,12,10,2,0.8333,0,0.0,0,92711.72,1
txn_000719,cust_00827,2500.92,card,success,none,28,20,8,0.7143,0,0.0,0,25830.07,1
txn_000720,cust_00375,2055.61,upi,success,none,4,4,0,1.0,0,0.0,0,91835.01,1
txn_000721,cust_01381,182.36,card,success,none,7,6,1,0.8571,0,0.0,0,21202.75,1
txn_000722,cust_00396,2427.0,card,failed,insufficient_funds,20,18,2,0.9,3,7.22,0,105260.32,0
txn_000723,cust_01322,772.02,card,success,none,14,13,1,0.9286,0,0.0,0,31661.89,1
txn_000724,cust_01619,792.49,wallet,success,none,21,14,7,0.6667,0,0.0,0,9873.84,1
txn_000725,cust_01461,2007.94,netbanking,success,none,14,12,2,0.8571,0,0.0,0,6934.2,1
txn_000726,cust_01296,6142.19,upi,success,none,24,15,9,0.625,0,0.0,0,59278.99,1
txn_000727,cust_00271,1096.16,netbanking,success,none,2,2,0,1.0,0,0.0,0,58939.72,1
txn_000728,cust_00276,4354.87,card,success,none,2,1,1,0.5,0,0.0,0,13508.17,1
txn_000729,cust_02047,317.06,upi,failed,technical_error,8,6,2,0.75,1,3.6,0,58495.51,1
txn_000730,cust_01329,1526.52,wallet,success,none,40,32,8,0.8,0,0.0,0,59489.06,1
txn_000731,cust_00545,779.73,netbanking,success,none,3,3,0,1.0,0,0.0,0,46350.32,1
txn_000732,cust_01303,1775.8,wallet,success,none,22,13,9,0.5909,0,0.0,0,68844.56,1
txn_000733,cust_02397,995.95,wallet,success,none,32,30,2,0.9375,0,0.0,0,142096.67,1
txn_000734,cust_00953,350.35,upi,success,none,37,30,7,0.8108,0,0.0,0,45668.79,1
txn_000735,cust_00509,551.47,netbanking,success,none,19,18,1,0.9474,0,0.0,0,116585.41,1
txn_000736,cust_00998,258.99,upi,success,none,4,4,0,1.0,0,0.0,0,100805.26,1
txn_000737,cust_01215,362.53,card,success,none,5,5,0,1.0,0,0.0,0,51748.32,1
txn_000738,cust_00156,2165.32,card,abandoned,none,7,6,1,0.8571,0,4.23,1,111620.09,0
txn_000739,cust_01347,1042.07,card,success,none,32,29,3,0.9062,0,0.0,0,21343.67,1
txn_000740,cust_00163,1687.27,wallet,success,none,28,21,7,0.75,0,0.0,0,124572.87,1
txn_000741,cust_00098,8230.3,card,failed,network_error,14,12,2,0.8571,2,3.47,0,81345.86,0
txn_000742,cust_01018,996.28,card,success,none,19,17,2,0.8947,0,0.0,0,131634.73,1
txn_000743,cust_01318,2525.73,card,success,none,28,22,6,0.7857,0,0.0,0,59941.77,1
txn_000744,cust_02014,1377.65,upi,abandoned,none,24,19,5,0.7917,0,0.46,1,113511.05,0
txn_000745,cust_00837,21219.68,card,success,none,5,4,1,0.8,0,0.0,0,36163.31,1
txn_000746,cust_00838,100.0,card,success,none,24,21,3,0.875,0,0.0,0,54960.44,1
txn_000747,cust_01914,653.5,netbanking,success,none,5,4,1,0.8,0,0.0,0,39980.32,1
txn_000748,cust_01737,2576.08,card,success,none,32,22,10,0.6875,0,0.0,0,128876.98,1
txn_000749,cust_02362,630.87,wallet,abandoned,none,24,21,3,0.875,0,1.49,1,112436.43,0
txn_000750,cust_01971,2359.19,upi,abandoned,none,12,9,3,0.75,0,2.58,1,104080.84,1
txn_000751,cust_01929,1261.33,wallet,success,none,22,17,5,0.7727,0,0.0,0,145551.61,1
txn_000752,cust_01776,3180.99,card,failed,authentication_failed,25,14,11,0.56,0,10.69,0,127886.34,0
txn_000753,cust_00341,431.76,netbanking,success,none,36,24,12,0.6667,0,0.0,0,50287.9,1
txn_000754,cust_00720,1592.15,netbanking,success,none,6,6,0,1.0,0,0.0,0,47127.7,1
txn_000755,cust_01161,2134.57,wallet,success,none,32,29,3,0.9062,0,0.0,0,69663.52,1
txn_000756,cust_01365,1528.11,card,failed,bank_decline,16,12,4,0.75,1,12.83,0,45358.63,1
txn_000757,cust_02051,1555.28,netbanking,success,none,33,29,4,0.8788,0,0.0,0,67387.98,1
txn_000758,cust_01617,4457.89,netbanking,success,none,13,9,4,0.6923,0,0.0,0,121160.37,1
txn_000759,cust_02410,249.66,upi,success,none,18,15,3,0.8333,0,0.0,0,43416.85,1
txn_000760,cust_00510,1517.72,wallet,abandoned,none,15,12,3,0.8,0,1.22,1,91452.68,0
txn_000761,cust_01046,399.76,netbanking,success,none,19,12,7,0.6316,0,0.0,0,55764.04,1
txn_000762,cust_01509,2857.24,upi,success,none,26,24,2,0.9231,0,0.0,0,11270.04,1
txn_000763,cust_01011,579.44,card,success,none,15,11,4,0.7333,0,0.0,0,80737.69,1
txn_000764,cust_01481,113.02,upi,success,none,11,8,3,0.7273,0,0.0,0,74965.53,1
txn_000765,cust_01071,2926.22,wallet,abandoned,none,26,25,1,0.9615,0,1.12,1,38914.13,1
txn_000766,cust_02369,1024.16,card,success,none,5,4,1,0.8,0,0.0,0,140582.26,1
txn_000767,cust_01575,1913.39,wallet,failed,insufficient_funds,37,29,8,0.7838,1,12.28,0,65540.3,1
txn_000768,cust_01749,5580.36,netbanking,success,none,33,31,2,0.9394,0,0.0,0,61104.39,1
txn_000769,cust_02184,1941.86,wallet,success,none,37,27,10,0.7297,0,0.0,0,96005.78,1
txn_000770,cust_00365,1586.73,upi,success,none,4,2,2,0.5,0,0.0,0,23607.32,1
txn_000771,cust_01411,1277.59,card,success,none,20,19,1,0.95,0,0.0,0,24687.64,1
txn_000772,cust_01631,425.26,netbanking,success,none,40,29,11,0.725,0,0.0,0,118261.78,1
txn_000773,cust_02015,1080.04,upi,success,none,35,24,11,0.6857,0,0.0,0,111029.05,1
txn_000774,cust_01712,9642.14,wallet,success,none,17,11,6,0.6471,0,0.0,0,48642.67,1
txn_000775,cust_00699,920.37,card,success,none,37,31,6,0.8378,0,0.0,0,98123.78,1
txn_000776,cust_00812,1145.95,wallet,success,none,13,8,5,0.6154,0,0.0,0,43630.52,1
txn_000777,cust_01846,4708.31,card,success,none,39,26,13,0.6667,0,0.0,0,79093.53,1
txn_000778,cust_00749,286.78,card,success,none,25,22,3,0.88,0,0.0,0,75933.1,1
txn_000779,cust_01675,2490.21,wallet,success,none,37,32,5,0.8649,0,0.0,0,82899.73,1
txn_000780,cust_00681,273.45,upi,success,none,5,4,1,0.8,0,0.0,0,27394.77,1
txn_000781,cust_01134,1996.58,upi,success,none,14,8,6,0.5714,0,0.0,0,130551.6,1
txn_000782,cust_01958,1309.75,wallet,success,none,8,8,0,1.0,0,0.0,0,139602.22,1
txn_000783,cust_00251,2471.05,netbanking,failed,insufficient_funds,16,9,7,0.5625,0,1.45,0,41915.02,0
txn_000784,cust_00030,486.64,wallet,success,none,23,19,4,0.8261,0,0.0,0,32216.55,1
txn_000785,cust_01089,784.44,wallet,success,none,2,1,1,0.5,0,0.0,0,146795.11,1
txn_000786,cust_01760,2602.04,netbanking,success,none,31,19,12,0.6129,0,0.0,0,88445.16,1
txn_000787,cust_01292,804.46,card,abandoned,none,7,6,1,0.8571,0,4.69,1,39552.02,1
txn_000788,cust_00235,2851.26,netbanking,failed,insufficient_funds,1,1,0,1.0,0,6.45,0,134006.31,0
txn_000789,cust_00569,1651.06,upi,success,none,14,12,2,0.8571,0,0.0,0,122144.89,1
txn_000790,cust_01145,857.69,card,success,none,20,17,3,0.85,0,0.0,0,39972.68,1
txn_000791,cust_01947,977.16,wallet,success,none,40,33,7,0.825,0,0.0,0,90392.72,1
txn_000792,cust_01320,1344.13,upi,success,none,29,22,7,0.7586,0,0.0,0,89238.27,1
txn_000793,cust_01334,1074.72,wallet,success,none,9,7,2,0.7778,0,0.0,0,47664.68,1
txn_000794,cust_00334,2780.12,netbanking,success,none,32,25,7,0.7812,0,0.0,0,67778.01,1
txn_000795,cust_01951,924.01,upi,failed,network_error,23,20,3,0.8696,1,10.0,0,124652.7,0
txn_000796,cust_02343,755.19,upi,success,none,17,16,1,0.9412,0,0.0,0,52276.9,1
txn_000797,cust_01235,3328.42,wallet,success,none,33,23,10,0.697,0,0.0,0,61798.58,1
txn_000798,cust_00474,878.2,wallet,success,none,3,3,0,1.0,0,0.0,0,93001.46,1
txn_000799,cust_00867,780.26,card,failed,insufficient_funds,6,5,1,0.8333,0,6.15,0,10796.47,0
txn_000800,cust_00657,111.53,netbanking,failed,network_error,25,12,13,0.48,1,10.1,0,80354.77,0
txn_000801,cust_00505,473.66,card,abandoned,none,26,23,3,0.8846,0,4.47,1,41897.58,1
txn_000802,cust_01364,579.04,card,abandoned,none,28,25,3,0.8929,0,5.39,1,16260.05,1
txn_000803,cust_01406,780.45,wallet,failed,authentication_failed,30,22,8,0.7333,3,11.34,0,3425.92,0
txn_000804,cust_00474,650.58,netbanking,success,none,3,3,0,1.0,0,0.0,0,93001.46,1
txn_000805,cust_02426,3579.76,card,failed,insufficient_funds,32,23,9,0.7188,2,1.87,0,149696.55,0
txn_000806,cust_01558,616.99,upi,success,none,12,9,3,0.75,0,0.0,0,5631.23,1
txn_000807,cust_00778,664.73,wallet,abandoned,none,16,15,1,0.9375,0,2.31,1,45871.53,1
txn_000808,cust_00518,1565.02,card,success,none,21,15,6,0.7143,0,0.0,0,112374.65,1
txn_000809,cust_01887,445.11,netbanking,success,none,19,19,0,1.0,0,0.0,0,40354.63,1
txn_000810,cust_00897,6399.61,wallet,success,none,35,21,14,0.6,0,0.0,0,44161.08,1
txn_000811,cust_01161,2987.39,card,failed,insufficient_funds,32,29,3,0.9062,2,4.39,0,69663.52,0
txn_000812,cust_00506,416.51,netbanking,abandoned,none,37,24,13,0.6486,0,4.98,1,129895.04,1
txn_000813,cust_00884,3691.05,wallet,success,none,36,29,7,0.8056,0,0.0,0,41893.2,1
txn_000814,cust_00241,4544.66,netbanking,success,none,30,23,7,0.7667,0,0.0,0,100469.08,1
txn_000815,cust_00922,427.47,upi,abandoned,none,33,25,8,0.7576,0,5.45,1,69127.37,0
txn_000816,cust_01605,417.73,netbanking,abandoned,none,38,26,12,0.6842,0,4.65,1,48382.65,0
txn_000817,cust_00089,727.48,wallet,success,none,34,29,5,0.8529,0,0.0,0,68271.44,1
txn_000818,cust_01427,325.32,wallet,success,none,7,7,0,1.0,0,0.0,0,16377.03,1
txn_000819,cust_01160,613.83,netbanking,success,none,32,25,7,0.7812,0,0.0,0,145009.73,1
txn_000820,cust_02245,897.74,wallet,success,none,26,20,6,0.7692,0,0.0,0,92480.87,1
txn_000821,cust_02378,2217.54,upi,failed,network_error,9,8,1,0.8889,3,9.2,0,79484.61,0
txn_000822,cust_01810,1452.77,wallet,success,none,20,19,1,0.95,0,0.0,0,63650.41,1
txn_000823,cust_00894,1155.14,card,failed,insufficient_funds,14,11,3,0.7857,2,10.19,0,115276.89,0
txn_000824,cust_00605,826.19,wallet,abandoned,none,30,21,9,0.7,0,3.05,1,60410.8,0
txn_000825,cust_00231,362.14,upi,success,none,5,3,2,0.6,0,0.0,0,68857.01,1
txn_000826,cust_00215,2420.47,upi,abandoned,none,12,10,2,0.8333,0,4.59,1,92711.72,0
txn_000827,cust_00609,2366.99,wallet,success,none,31,26,5,0.8387,0,0.0,0,11002.86,1
txn_000828,cust_01625,722.81,wallet,success,none,22,14,8,0.6364,0,0.0,0,45963.01,1
txn_000829,cust_00707,445.34,wallet,failed,insufficient_funds,34,31,3,0.9118,3,12.12,0,78889.46,0
txn_000830,cust_01128,6349.33,wallet,success,none,13,11,2,0.8462,0,0.0,0,8678.96,1
txn_000831,cust_00339,1714.25,upi,success,none,36,29,7,0.8056,0,0.0,0,80107.37,1
txn_000832,cust_02088,1992.15,card,success,none,3,2,1,0.6667,0,0.0,0,1749.45,1
txn_000833,cust_02346,2080.05,wallet,success,none,37,31,6,0.8378,0,0.0,0,97829.96,1
txn_000834,cust_02429,402.43,card,success,none,10,9,1,0.9,0,0.0,0,9349.71,1
txn_000835,cust_01777,5998.57,netbanking,success,none,30,24,6,0.8,0,0.0,0,38547.81,1
txn_000836,cust_00261,894.71,card,success,none,27,16,11,0.5926,0,0.0,0,59032.05,1
txn_000837,cust_01613,3047.39,wallet,success,none,6,3,3,0.5,0,0.0,0,9369.03,1
txn_000838,cust_02208,5758.5,upi,failed,bank_decline,34,30,4,0.8824,0,2.61,0,64914.48,0
txn_000839,cust_00738,1452.99,upi,success,none,40,28,12,0.7,0,0.0,0,121547.51,1
txn_000840,cust_00504,410.97,upi,success,none,19,18,1,0.9474,0,0.0,0,4269.0,1
txn_000841,cust_00661,110.67,upi,success,none,30,23,7,0.7667,0,0.0,0,138253.2,1
txn_000842,cust_00144,1288.95,upi,abandoned,none,40,32,8,0.8,0,3.59,1,149769.71,1
txn_000843,cust_02230,1720.11,card,success,none,20,18,2,0.9,0,0.0,0,87070.02,1
txn_000844,cust_00001,749.36,card,success,none,8,7,1,0.875,0,0.0,0,4726.6,1
txn_000845,cust_02128,1534.08,netbanking,success,none,38,31,7,0.8158,0,0.0,0,32701.34,1
txn_000846,cust_02364,2059.76,wallet,success,none,27,16,11,0.5926,0,0.0,0,25930.4,1
txn_000847,cust_01443,3618.91,card,success,none,6,5,1,0.8333,0,0.0,0,37976.89,1
txn_000848,cust_00184,1065.75,card,success,none,27,24,3,0.8889,0,0.0,0,120533.04,1
txn_000849,cust_00882,1280.06,card,success,none,34,21,13,0.6176,0,0.0,0,134343.96,1
txn_000850,cust_01471,1120.35,netbanking,success,none,10,7,3,0.7,0,0.0,0,80922.14,1
txn_000851,cust_00305,1385.19,netbanking,success,none,37,33,4,0.8919,0,0.0,0,117612.67,1
txn_000852,cust_00669,801.77,wallet,success,none,7,6,1,0.8571,0,0.0,0,37254.15,1
txn_000853,cust_01743,797.94,card,success,none,6,5,1,0.8333,0,0.0,0,29002.42,1
txn_000854,cust_01104,849.78,card,failed,technical_error,19,16,3,0.8421,1,5.93,0,35890.07,1
txn_000855,cust_01777,1565.98,wallet,success,none,30,24,6,0.8,0,0.0,0,38547.81,1
txn_000856,cust_00318,574.03,netbanking,success,none,38,32,6,0.8421,0,0.0,0,40990.94,1
txn_000857,cust_02247,853.21,wallet,success,none,39,33,6,0.8462,0,0.0,0,9561.99,1
txn_000858,cust_01487,8172.99,netbanking,failed,bank_decline,2,2,0,1.0,1,3.9,0,50916.64,1
txn_000859,cust_00911,3282.63,wallet,abandoned,none,16,9,7,0.5625,0,5.5,1,21990.77,1
txn_000860,cust_02157,514.36,netbanking,success,none,37,35,2,0.9459,0,0.0,0,26903.62,1
txn_000861,cust_00392,3180.12,netbanking,failed,network_error,11,7,4,0.6364,2,8.54,0,119101.66,0
txn_000862,cust_00700,2508.38,netbanking,abandoned,none,21,18,3,0.8571,0,2.79,1,91145.87,1
txn_000863,cust_02178,1207.23,wallet,success,none,38,33,5,0.8684,0,0.0,0,25008.24,1
txn_000864,cust_00039,659.86,card,success,none,3,3,0,1.0,0,0.0,0,120951.82,1
txn_000865,cust_02325,589.04,netbanking,success,none,12,9,3,0.75,0,0.0,0,86140.05,1
txn_000866,cust_01517,1675.46,card,success,none,32,24,8,0.75,0,0.0,0,149670.28,1
txn_000867,cust_01876,574.65,card,success,none,19,9,10,0.4737,0,0.0,0,24895.67,1
txn_000868,cust_01920,4012.71,netbanking,success,none,40,24,16,0.6,0,0.0,0,15191.08,1
txn_000869,cust_00938,5328.4,netbanking,success,none,7,5,2,0.7143,0,0.0,0,59691.65,1
txn_000870,cust_01252,1283.31,wallet,failed,insufficient_funds,32,24,8,0.75,0,1.17,0,89477.15,1
txn_000871,cust_00384,4182.99,card,success,none,19,13,6,0.6842,0,0.0,0,105745.15,1
txn_000872,cust_01171,887.54,wallet,failed,insufficient_funds,33,29,4,0.8788,3,9.51,0,68945.44,0
txn_000873,cust_00559,655.66,wallet,success,none,23,19,4,0.8261,0,0.0,0,10021.96,1
txn_000874,cust_02181,4024.98,upi,success,none,11,9,2,0.8182,0,0.0,0,39480.69,1
txn_000875,cust_00030,6502.01,wallet,failed,network_error,23,19,4,0.8261,1,13.92,0,32216.55,0
txn_000876,cust_02164,9539.13,upi,success,none,31,23,8,0.7419,0,0.0,0,133188.62,1
txn_000877,cust_02145,1868.06,card,success,none,3,2,1,0.6667,0,0.0,0,33604.05,1
txn_000878,cust_00547,3171.98,netbanking,abandoned,none,16,13,3,0.8125,0,3.02,1,133201.64,1
txn_000879,cust_01529,1827.34,upi,success,none,4,3,1,0.75,0,0.0,0,145911.33,1
txn_000880,cust_02209,5450.04,upi,success,none,31,27,4,0.871,0,0.0,0,118643.78,1
txn_000881,cust_01085,2065.82,card,success,none,23,19,4,0.8261,0,0.0,0,18676.34,1
txn_000882,cust_01613,2996.15,card,abandoned,none,6,3,3,0.5,0,6.51,1,9369.03,0
txn_000883,cust_02112,430.34,upi,abandoned,none,21,17,4,0.8095,0,6.26,1,37680.1,0
txn_000884,cust_00236,1062.99,netbanking,success,none,7,6,1,0.8571,0,0.0,0,116984.64,1
txn_000885,cust_01223,3021.89,netbanking,success,none,38,33,5,0.8684,0,0.0,0,99440.11,1
txn_000886,cust_00763,2762.72,wallet,success,none,27,19,8,0.7037,0,0.0,0,8935.28,1
txn_000887,cust_02016,3290.86,card,success,none,13,12,1,0.9231,0,0.0,0,116645.87,1
txn_000888,cust_00630,1511.19,wallet,success,none,20,15,5,0.75,0,0.0,0,138309.09,1
txn_000889,cust_00638,697.83,netbanking,success,none,21,19,2,0.9048,0,0.0,0,116748.51,1
txn_000890,cust_01226,1262.76,netbanking,success,none,5,3,2,0.6,0,0.0,0,13223.66,1
txn_000891,cust_01104,1403.94,upi,abandoned,none,19,16,3,0.8421,0,4.63,1,35890.07,1
txn_000892,cust_00573,1705.72,netbanking,failed,insufficient_funds,10,6,4,0.6,2,12.38,0,148141.57,0
txn_000893,cust_00454,508.84,card,success,none,21,18,3,0.8571,0,0.0,0,130570.65,1
txn_000894,cust_01725,1026.73,netbanking,failed,bank_decline,23,20,3,0.8696,1,13.28,0,131806.14,0
txn_000895,cust_01089,1225.78,upi,success,none,2,1,1,0.5,0,0.0,0,146795.11,1
txn_000896,cust_00522,142.28,netbanking,failed,authentication_failed,18,11,7,0.6111,3,1.93,0,124740.42,0
txn_000897,cust_00087,3079.45,card,success,none,26,17,9,0.6538,0,0.0,0,149277.25,1
txn_000898,cust_00969,1578.16,upi,success,none,40,33,7,0.825,0,0.0,0,138157.62,1
txn_000899,cust_02446,1746.41,upi,success,none,14,12,2,0.8571,0,0.0,0,146017.84,1
txn_000900,cust_01991,799.91,upi,failed,bank_decline,38,35,3,0.9211,1,10.24,0,86025.09,1
txn_000901,cust_01152,2407.27,upi,failed,bank_decline,15,15,0,1.0,3,2.86,0,111446.6,0
txn_000902,cust_00423,582.93,card,success,none,4,4,0,1.0,0,0.0,0,28949.8,1
txn_000903,cust_00610,682.11,card,success,none,6,6,0,1.0,0,0.0,0,14891.29,1
txn_000904,cust_01122,2510.73,card,abandoned,none,4,4,0,1.0,0,3.04,1,84795.51,1
txn_000905,cust_00373,1914.4,upi,success,none,38,31,7,0.8158,0,0.0,0,148514.66,1
txn_000906,cust_00948,373.31,card,success,none,40,26,14,0.65,0,0.0,0,48460.97,1
txn_000907,cust_02089,6485.8,wallet,success,none,39,25,14,0.641,0,0.0,0,59718.17,1
txn_000908,cust_01103,627.35,netbanking,success,none,4,3,1,0.75,0,0.0,0,21880.2,1
txn_000909,cust_01713,1173.1,card,success,none,5,4,1,0.8,0,0.0,0,13967.09,1
txn_000910,cust_00168,7683.17,upi,success,none,28,25,3,0.8929,0,0.0,0,84575.12,1
txn_000911,cust_00869,170.75,netbanking,success,none,31,27,4,0.871,0,0.0,0,79328.65,1
txn_000912,cust_00413,243.16,wallet,success,none,7,6,1,0.8571,0,0.0,0,128802.23,1
txn_000913,cust_01490,2083.77,netbanking,success,none,37,21,16,0.5676,0,0.0,0,94502.39,1
txn_000914,cust_00056,112.33,card,success,none,25,17,8,0.68,0,0.0,0,57861.27,1
txn_000915,cust_01481,173.56,netbanking,success,none,11,8,3,0.7273,0,0.0,0,74965.53,1
txn_000916,cust_02394,4337.95,wallet,success,none,34,26,8,0.7647,0,0.0,0,122491.59,1
txn_000917,cust_02466,889.92,upi,success,none,23,17,6,0.7391,0,0.0,0,108935.47,1
txn_000918,cust_00781,12041.2,card,failed,insufficient_funds,8,6,2,0.75,0,13.19,0,125666.47,0
txn_000919,cust_01235,475.91,wallet,abandoned,none,33,23,10,0.697,0,1.49,1,61798.58,0
txn_000920,cust_00180,974.1,card,success,none,16,11,5,0.6875,0,0.0,0,129826.25,1
txn_000921,cust_01035,2299.92,netbanking,failed,authentication_failed,31,22,9,0.7097,0,12.76,0,49216.65,1
txn_000922,cust_01717,2146.36,upi,success,none,1,1,0,1.0,0,0.0,0,118196.05,1
txn_000923,cust_00529,1038.05,netbanking,success,none,15,12,3,0.8,0,0.0,0,129160.95,1
txn_000924,cust_00780,700.32,wallet,success,none,40,26,14,0.65,0,0.0,0,69109.93,1
txn_000925,cust_02104,1688.11,upi,success,none,16,13,3,0.8125,0,0.0,0,15906.71,1
txn_000926,cust_01574,5307.55,wallet,success,none,30,29,1,0.9667,0,0.0,0,8545.02,1
txn_000927,cust_00754,2872.13,upi,success,none,24,17,7,0.7083,0,0.0,0,83626.57,1
txn_000928,cust_00037,711.61,wallet,success,none,21,17,4,0.8095,0,0.0,0,126584.94,1
txn_000929,cust_01061,496.82,netbanking,failed,network_error,10,8,2,0.8,2,7.77,0,25516.04,1
txn_000930,cust_00187,669.96,card,success,none,3,2,1,0.6667,0,0.0,0,128930.39,1
txn_000931,cust_01138,374.75,card,success,none,8,6,2,0.75,0,0.0,0,112285.0,1
txn_000932,cust_01020,1552.17,card,success,none,39,30,9,0.7692,0,0.0,0,16987.8,1
txn_000933,cust_01424,3022.34,netbanking,success,none,28,23,5,0.8214,0,0.0,0,104410.62,1
txn_000934,cust_02250,1247.2,netbanking,failed,authentication_failed,34,31,3,0.9118,2,4.61,0,43614.97,1
txn_000935,cust_00043,7478.35,netbanking,success,none,21,20,1,0.9524,0,0.0,0,32681.36,1
txn_000936,cust_00724,7906.3,netbanking,abandoned,none,28,22,6,0.7857,0,3.81,1,76764.78,0
txn_000937,cust_02390,1822.08,upi,failed,authentication_failed,15,10,5,0.6667,2,12.19,0,120901.46,0
txn_000938,cust_02257,2702.51,card,failed,bank_decline,26,21,5,0.8077,2,3.84,0,53616.02,0
txn_000939,cust_01620,544.32,card,success,none,10,10,0,1.0,0,0.0,0,88404.77,1
txn_000940,cust_01778,933.74,netbanking,success,none,30,25,5,0.8333,0,0.0,0,46019.62,1
txn_000941,cust_02032,4780.36,card,success,none,21,15,6,0.7143,0,0.0,0,79283.87,1
txn_000942,cust_00722,750.49,card,success,none,22,15,7,0.6818,0,0.0,0,122164.53,1
txn_000943,cust_00739,5927.63,netbanking,success,none,11,9,2,0.8182,0,0.0,0,108456.27,1
txn_000944,cust_00728,4074.75,wallet,success,none,32,18,14,0.5625,0,0.0,0,29608.78,1
txn_000945,cust_00588,2840.18,upi,success,none,2,2,0,1.0,0,0.0,0,10062.99,1
txn_000946,cust_01649,414.6,upi,failed,bank_decline,4,3,1,0.75,0,8.49,0,58504.63,0
txn_000947,cust_00085,980.45,upi,failed,insufficient_funds,35,26,9,0.7429,1,3.55,0,113534.51,1
txn_000948,cust_00585,2550.92,upi,failed,insufficient_funds,15,9,6,0.6,0,7.64,0,141866.93,0
txn_000949,cust_00349,499.82,card,success,none,34,32,2,0.9412,0,0.0,0,89921.82,1
txn_000950,cust_01820,1107.57,card,success,none,13,9,4,0.6923,0,0.0,0,52057.81,1
txn_000951,cust_00999,2841.62,upi,success,none,34,28,6,0.8235,0,0.0,0,34625.08,1
txn_000952,cust_02227,758.87,upi,success,none,36,35,1,0.9722,0,0.0,0,72887.7,1
txn_000953,cust_02231,574.53,netbanking,success,none,26,23,3,0.8846,0,0.0,0,110631.58,1
txn_000954,cust_01702,221.24,card,success,none,6,5,1,0.8333,0,0.0,0,59825.85,1
txn_000955,cust_00929,909.93,wallet,success,none,17,16,1,0.9412,0,0.0,0,109398.7,1
txn_000956,cust_01175,2902.08,card,abandoned,none,35,34,1,0.9714,0,4.82,1,83194.89,0
txn_000957,cust_00461,559.53,wallet,success,none,3,2,1,0.6667,0,0.0,0,19810.69,1
txn_000958,cust_00417,1363.58,netbanking,success,none,36,25,11,0.6944,0,0.0,0,6467.87,1
txn_000959,cust_00485,1070.4,netbanking,abandoned,none,37,26,11,0.7027,0,6.45,1,102588.26,0
txn_000960,cust_02477,687.72,card,success,none,19,15,4,0.7895,0,0.0,0,123093.36,1
txn_000961,cust_02457,3095.5,card,success,none,40,33,7,0.825,0,0.0,0,51424.89,1
txn_000962,cust_01236,6920.7,netbanking,success,none,2,2,0,1.0,0,0.0,0,14353.21,1
txn_000963,cust_02045,3656.78,netbanking,abandoned,none,16,11,5,0.6875,0,5.69,1,143875.63,0
txn_000964,cust_00313,667.85,upi,failed,bank_decline,28,24,4,0.8571,1,4.55,0,27244.41,0
txn_000965,cust_01960,9821.86,upi,success,none,13,10,3,0.7692,0,0.0,0,107801.4,1
txn_000966,cust_01141,3646.06,card,success,none,26,15,11,0.5769,0,0.0,0,137353.84,1
txn_000967,cust_00745,847.8,wallet,success,none,31,29,2,0.9355,0,0.0,0,135692.18,1
txn_000968,cust_01972,616.88,wallet,success,none,12,8,4,0.6667,0,0.0,0,109843.7,1
txn_000969,cust_00567,4109.43,card,success,none,37,20,17,0.5405,0,0.0,0,31575.63,1
txn_000970,cust_02207,1593.63,wallet,success,none,24,15,9,0.625,0,0.0,0,131348.82,1
txn_000971,cust_01576,572.06,upi,success,none,26,17,9,0.6538,0,0.0,0,74922.83,1
txn_000972,cust_02367,1155.04,card,failed,bank_decline,6,5,1,0.8333,2,0.14,0,32375.15,0
txn_000973,cust_00071,891.41,netbanking,success,none,11,11,0,1.0,0,0.0,0,81367.48,1
txn_000974,cust_00452,587.54,upi,failed,network_error,23,14,9,0.6087,1,4.2,0,50533.55,1
txn_000975,cust_02259,3694.45,wallet,success,none,13,12,1,0.9231,0,0.0,0,78143.66,1
txn_000976,cust_00229,2926.97,card,success,none,16,12,4,0.75,0,0.0,0,147606.47,1
txn_000977,cust_00587,3098.09,wallet,failed,authentication_failed,34,32,2,0.9412,2,0.85,0,45942.92,1
txn_000978,cust_02383,3055.41,upi,success,none,35,20,15,0.5714,0,0.0,0,140293.78,1
txn_000979,cust_00648,535.91,upi,success,none,38,22,16,0.5789,0,0.0,0,73508.28,1
txn_000980,cust_01004,732.39,upi,success,none,36,22,14,0.6111,0,0.0,0,146708.7,1
txn_000981,cust_01706,5759.8,card,failed,authentication_failed,29,20,9,0.6897,1,10.5,0,26758.97,0
txn_000982,cust_01227,1492.21,wallet,success,none,10,7,3,0.7,0,0.0,0,57620.0,1
txn_000983,cust_00055,307.82,netbanking,success,none,28,26,2,0.9286,0,0.0,0,89864.95,1
txn_000984,cust_00132,1663.94,card,success,none,5,3,2,0.6,0,0.0,0,101606.67,1
txn_000985,cust_01736,2578.06,wallet,success,none,20,18,2,0.9,0,0.0,0,47331.45,1
txn_000986,cust_02344,2262.08,netbanking,failed,authentication_failed,27,25,2,0.9259,1,3.88,0,19064.39,1
txn_000987,cust_01547,524.33,card,failed,authentication_failed,30,18,12,0.6,0,3.14,0,47790.96,1
txn_000988,cust_02291,8837.17,upi,failed,authentication_failed,13,12,1,0.9231,3,4.45,0,75350.9,0
txn_000989,cust_01559,298.69,card,success,none,26,19,7,0.7308,0,0.0,0,128335.59,1
txn_000990,cust_01738,1496.52,card,success,none,7,6,1,0.8571,0,0.0,0,145902.0,1
txn_000991,cust_01486,7604.94,netbanking,success,none,8,6,2,0.75,0,0.0,0,115943.11,1
txn_000992,cust_02219,2420.32,upi,success,none,25,22,3,0.88,0,0.0,0,98527.37,1
txn_000993,cust_01267,3090.91,card,success,none,26,24,2,0.9231,0,0.0,0,55387.32,1
txn_000994,cust_00133,467.24,card,success,none,16,14,2,0.875,0,0.0,0,61162.56,1
txn_000995,cust_02314,1895.14,upi,success,none,1,0,1,0.0,0,0.0,0,2761.18,1
txn_000996,cust_00188,1291.29,upi,success,none,15,12,3,0.8,0,0.0,0,30736.35,1
txn_000997,cust_00035,432.66,netbanking,failed,authentication_failed,25,13,12,0.52,1,4.47,0,41222.23,0
txn_000998,cust_01458,3181.38,card,failed,insufficient_funds,31,24,7,0.7742,2,5.76,0,143213.49,0
txn_000999,cust_00414,590.23,card,success,none,22,19,3,0.8636,0,0.0,0,62335.12,1
txn_001000,cust_01954,664.53,upi,success,none,3,3,0,1.0,0,0.0,0,134634.69,1
txn_001001,cust_01897,2064.37,upi,failed,insufficient_funds,18,15,3,0.8333,1,12.39,0,131892.86,0
txn_001002,cust_00577,1160.67,card,abandoned,none,23,19,4,0.8261,0,3.56,1,118707.71,0
txn_001003,cust_02494,1586.5,netbanking,success,none,3,2,1,0.6667,0,0.0,0,31109.78,1
txn_001004,cust_01192,1091.71,netbanking,success,none,31,24,7,0.7742,0,0.0,0,9361.13,1
txn_001005,cust_00164,5503.07,wallet,success,none,3,2,1,0.6667,0,0.0,0,1528.31,1
txn_001006,cust_02486,531.11,upi,abandoned,none,13,9,4,0.6923,0,4.01,1,79086.4,0
txn_001007,cust_00399,841.5,upi,success,none,39,32,7,0.8205,0,0.0,0,6939.26,1
txn_001008,cust_02242,2167.16,upi,success,none,5,4,1,0.8,0,0.0,0,40200.71,1
txn_001009,cust_00696,498.74,netbanking,success,none,33,32,1,0.9697,0,0.0,0,58287.89,1
txn_001010,cust_01489,477.12,netbanking,success,none,5,3,2,0.6,0,0.0,0,40179.5,1
txn_001011,cust_01888,1537.24,netbanking,abandoned,none,4,2,2,0.5,0,6.85,1,15871.53,0
txn_001012,cust_01811,3188.65,card,abandoned,none,22,20,2,0.9091,0,6.8,1,56380.68,1
txn_001013,cust_01489,3633.23,netbanking,success,none,5,3,2,0.6,0,0.0,0,40179.5,1
txn_001014,cust_00529,1468.12,wallet,success,none,15,12,3,0.8,0,0.0,0,129160.95,1
txn_001015,cust_01285,683.94,netbanking,success,none,6,3,3,0.5,0,0.0,0,17296.04,1
txn_001016,cust_01844,1764.57,netbanking,failed,insufficient_funds,20,12,8,0.6,0,10.4,0,142321.04,1
txn_001017,cust_02298,2359.34,upi,success,none,6,5,1,0.8333,0,0.0,0,101696.01,1
txn_001018,cust_01540,1740.38,card,success,none,17,15,2,0.8824,0,0.0,0,127786.14,1
txn_001019,cust_00914,4601.65,wallet,failed,insufficient_funds,27,13,14,0.4815,2,6.58,0,37992.27,0
txn_001020,cust_01905,485.82,upi,success,none,4,2,2,0.5,0,0.0,0,147253.81,1
txn_001021,cust_01626,667.16,wallet,success,none,9,4,5,0.4444,0,0.0,0,146403.24,1
txn_001022,cust_01300,4005.2,netbanking,abandoned,none,19,15,4,0.7895,0,3.46,1,62980.34,0
txn_001023,cust_01951,307.04,upi,success,none,23,20,3,0.8696,0,0.0,0,124652.7,1
txn_001024,cust_00638,781.03,wallet,success,none,21,19,2,0.9048,0,0.0,0,116748.51,1
txn_001025,cust_02328,644.49,upi,abandoned,none,16,13,3,0.8125,0,5.44,1,83745.67,1
txn_001026,cust_01481,280.28,wallet,abandoned,none,11,8,3,0.7273,0,1.57,1,74965.53,1
txn_001027,cust_00094,1110.82,wallet,success,none,4,3,1,0.75,0,0.0,0,35112.33,1
txn_001028,cust_00343,2825.09,card,success,none,17,15,2,0.8824,0,0.0,0,35350.17,1
txn_001029,cust_01222,1566.08,wallet,failed,technical_error,25,20,5,0.8,1,9.41,0,65345.34,1
txn_001030,cust_00221,2979.78,upi,failed,authentication_failed,29,24,5,0.8276,2,13.49,0,101668.46,0
txn_001031,cust_00814,4411.44,netbanking,abandoned,none,22,18,4,0.8182,0,3.42,1,41709.27,1
txn_001032,cust_00659,910.84,wallet,success,none,23,19,4,0.8261,0,0.0,0,11739.25,1
txn_001033,cust_01594,18898.65,upi,success,none,2,2,0,1.0,0,0.0,0,48512.76,1
txn_001034,cust_00814,948.22,upi,failed,technical_error,22,18,4,0.8182,1,4.6,0,41709.27,0
txn_001035,cust_01297,1082.98,upi,success,none,38,35,3,0.9211,0,0.0,0,103875.16,1
txn_001036,cust_00605,660.09,wallet,failed,insufficient_funds,30,21,9,0.7,3,3.75,0,60410.8,0
txn_001037,cust_01846,2310.89,card,success,none,39,26,13,0.6667,0,0.0,0,79093.53,1
txn_001038,cust_02370,1001.74,upi,success,none,31,28,3,0.9032,0,0.0,0,82716.63,1
txn_001039,cust_00769,1237.82,wallet,success,none,9,8,1,0.8889,0,0.0,0,6707.18,1
txn_001040,cust_02462,1090.93,wallet,success,none,36,33,3,0.9167,0,0.0,0,118495.71,1
txn_001041,cust_00783,1066.46,upi,success,none,2,2,0,1.0,0,0.0,0,95161.29,1
txn_001042,cust_01237,1569.14,netbanking,success,none,36,25,11,0.6944,0,0.0,0,14866.57,1
txn_001043,cust_02045,853.87,wallet,success,none,16,11,5,0.6875,0,0.0,0,143875.63,1
txn_001044,cust_02222,894.89,wallet,success,none,38,24,14,0.6316,0,0.0,0,38791.28,1
txn_001045,cust_00465,3916.1,card,success,none,30,19,11,0.6333,0,0.0,0,3286.79,1
txn_001046,cust_02265,998.72,card,success,none,13,10,3,0.7692,0,0.0,0,68759.09,1
txn_001047,cust_01792,1965.6,netbanking,failed,insufficient_funds,21,18,3,0.8571,0,11.3,0,102432.61,1
txn_001048,cust_00068,550.32,wallet,success,none,20,15,5,0.75,0,0.0,0,126408.73,1
txn_001049,cust_02232,858.61,upi,success,none,8,7,1,0.875,0,0.0,0,112424.32,1
txn_001050,cust_00134,390.5,netbanking,failed,bank_decline,37,34,3,0.9189,1,10.9,0,37686.09,0
txn_001051,cust_00469,8556.39,card,failed,insufficient_funds,26,19,7,0.7308,2,13.55,0,97825.66,0
txn_001052,cust_01692,5299.99,wallet,success,none,10,8,2,0.8,0,0.0,0,113083.04,1
txn_001053,cust_00918,2429.54,netbanking,success,none,32,23,9,0.7188,0,0.0,0,149399.44,1
txn_001054,cust_01260,11511.51,wallet,success,none,21,18,3,0.8571,0,0.0,0,90878.48,1
txn_001055,cust_01699,2893.68,upi,success,none,35,29,6,0.8286,0,0.0,0,103373.12,1
txn_001056,cust_01534,1127.8,netbanking,success,none,24,21,3,0.875,0,0.0,0,69310.25,1
txn_001057,cust_01762,1944.03,card,success,none,17,9,8,0.5294,0,0.0,0,112595.21,1
txn_001058,cust_01612,5222.79,upi,failed,technical_error,12,7,5,0.5833,3,1.89,0,74075.03,0
txn_001059,cust_00712,555.4,wallet,failed,technical_error,22,18,4,0.8182,1,6.18,0,10820.87,1
txn_001060,cust_00518,414.55,upi,success,none,21,15,6,0.7143,0,0.0,0,112374.65,1
txn_001061,cust_01066,2010.38,card,abandoned,none,4,4,0,1.0,0,1.51,1,68561.41,1
txn_001062,cust_01792,744.83,upi,success,none,21,18,3,0.8571,0,0.0,0,102432.61,1
txn_001063,cust_00114,139.78,upi,success,none,35,24,11,0.6857,0,0.0,0,125568.11,1
txn_001064,cust_00535,386.47,wallet,success,none,17,15,2,0.8824,0,0.0,0,88099.45,1
txn_001065,cust_00765,981.0,card,success,none,25,16,9,0.64,0,0.0,0,149184.28,1
txn_001066,cust_00794,1405.56,card,failed,authentication_failed,3,3,0,1.0,2,9.26,0,95714.95,0
txn_001067,cust_00589,1448.04,upi,success,none,31,16,15,0.5161,0,0.0,0,127247.48,1
txn_001068,cust_00424,9948.69,upi,success,none,24,19,5,0.7917,0,0.0,0,93772.45,1
txn_001069,cust_00439,1088.3,card,success,none,31,27,4,0.871,0,0.0,0,147056.45,1
txn_001070,cust_00381,1768.92,upi,success,none,1,1,0,1.0,0,0.0,0,61869.12,1
txn_001071,cust_00852,263.51,wallet,success,none,32,26,6,0.8125,0,0.0,0,30826.57,1
txn_001072,cust_01695,1298.37,upi,success,none,27,24,3,0.8889,0,0.0,0,145635.13,1
txn_001073,cust_00862,1870.95,wallet,success,none,13,11,2,0.8462,0,0.0,0,119017.79,1
txn_001074,cust_01847,338.57,card,success,none,28,18,10,0.6429,0,0.0,0,133308.13,1
txn_001075,cust_00732,526.37,upi,success,none,35,27,8,0.7714,0,0.0,0,125432.85,1
txn_001076,cust_01421,2184.56,wallet,abandoned,none,15,14,1,0.9333,0,4.24,1,78397.19,1
txn_001077,cust_02138,775.63,netbanking,abandoned,none,1,1,0,1.0,0,1.43,1,99739.09,1
txn_001078,cust_00095,1208.89,card,success,none,3,1,2,0.3333,0,0.0,0,129085.67,1
txn_001079,cust_00889,2300.26,upi,success,none,40,39,1,0.975,0,0.0,0,108374.28,1
txn_001080,cust_00519,10268.87,netbanking,success,none,12,12,0,1.0,0,0.0,0,30918.42,1
txn_001081,cust_00377,1073.0,netbanking,failed,network_error,14,11,3,0.7857,3,10.46,0,94201.74,0
txn_001082,cust_02100,7857.3,wallet,abandoned,none,5,3,2,0.6,0,1.83,1,38352.45,1
txn_001083,cust_01152,188.9,wallet,success,none,15,15,0,1.0,0,0.0,0,111446.6,1
txn_001084,cust_02407,1553.65,netbanking,success,none,28,21,7,0.75,0,0.0,0,94173.13,1
txn_001085,cust_01999,959.02,wallet,failed,authentication_failed,17,14,3,0.8235,2,11.44,0,22817.83,0
txn_001086,cust_02488,786.46,wallet,success,none,10,9,1,0.9,0,0.0,0,92342.85,1
txn_001087,cust_01532,2586.52,upi,success,none,15,12,3,0.8,0,0.0,0,134695.83,1
txn_001088,cust_02095,1080.72,netbanking,success,none,17,15,2,0.8824,0,0.0,0,29954.61,1
txn_001089,cust_02173,176.8,netbanking,success,none,8,7,1,0.875,0,0.0,0,72745.98,1
txn_001090,cust_01322,273.59,wallet,failed,network_error,14,13,1,0.9286,1,1.11,0,31661.89,1
txn_001091,cust_01524,2757.35,card,failed,insufficient_funds,1,1,0,1.0,0,4.53,0,114080.44,1
txn_001092,cust_01348,260.54,card,success,none,25,22,3,0.88,0,0.0,0,144610.53,1
txn_001093,cust_00953,2832.23,upi,success,none,37,30,7,0.8108,0,0.0,0,45668.79,1
txn_001094,cust_02160,1517.43,card,success,none,25,17,8,0.68,0,0.0,0,145928.44,1
txn_001095,cust_02490,1129.71,upi,success,none,21,18,3,0.8571,0,0.0,0,17459.16,1
txn_001096,cust_01783,1234.63,netbanking,failed,bank_decline,39,29,10,0.7436,1,0.79,0,91748.47,0
txn_001097,cust_00192,2241.18,netbanking,success,none,18,15,3,0.8333,0,0.0,0,129788.59,1
txn_001098,cust_00701,412.61,netbanking,success,none,33,27,6,0.8182,0,0.0,0,23478.3,1
txn_001099,cust_00088,1397.29,netbanking,success,none,24,20,4,0.8333,0,0.0,0,66276.91,1
txn_001100,cust_02359,428.59,upi,failed,network_error,18,14,4,0.7778,1,11.8,0,91202.36,1
txn_001101,cust_02186,1577.58,upi,success,none,14,11,3,0.7857,0,0.0,0,67931.3,1
txn_001102,cust_01925,2556.71,upi,failed,authentication_failed,11,5,6,0.4545,2,3.92,0,76329.57,0
txn_001103,cust_01640,1581.21,upi,success,none,37,34,3,0.9189,0,0.0,0,16512.42,1
txn_001104,cust_00193,2461.69,wallet,success,none,18,14,4,0.7778,0,0.0,0,53320.77,1
txn_001105,cust_02021,665.13,upi,failed,technical_error,8,5,3,0.625,0,0.51,0,57202.54,1
txn_001106,cust_00043,1258.68,card,success,none,21,20,1,0.9524,0,0.0,0,32681.36,1
txn_001107,cust_01785,1055.77,card,success,none,31,26,5,0.8387,0,0.0,0,10511.72,1
txn_001108,cust_01511,988.87,upi,abandoned,none,20,18,2,0.9,0,6.09,1,49767.84,1
txn_001109,cust_00177,601.46,upi,success,none,36,31,5,0.8611,0,0.0,0,132736.07,1
txn_001110,cust_01081,869.73,netbanking,success,none,27,18,9,0.6667,0,0.0,0,56794.68,1
txn_001111,cust_01555,440.23,netbanking,success,none,16,12,4,0.75,0,0.0,0,145291.6,1
txn_001112,cust_02390,246.13,wallet,success,none,15,10,5,0.6667,0,0.0,0,120901.46,1
txn_001113,cust_00607,664.67,wallet,success,none,21,18,3,0.8571,0,0.0,0,100101.07,1
txn_001114,cust_02138,2504.79,card,success,none,1,1,0,1.0,0,0.0,0,99739.09,1
txn_001115,cust_01150,1692.68,netbanking,failed,authentication_failed,24,21,3,0.875,1,1.38,0,47625.38,0
txn_001116,cust_00340,381.23,netbanking,success,none,28,19,9,0.6786,0,0.0,0,149498.09,1
txn_001117,cust_00844,892.47,upi,success,none,21,16,5,0.7619,0,0.0,0,97784.55,1
txn_001118,cust_00871,2677.03,upi,success,none,5,4,1,0.8,0,0.0,0,19673.69,1
txn_001119,cust_01578,855.35,card,success,none,12,11,1,0.9167,0,0.0,0,53737.54,1
txn_001120,cust_02419,324.48,netbanking,failed,network_error,35,29,6,0.8286,3,9.21,0,4297.5,0
txn_001121,cust_00433,12805.48,card,success,none,6,5,1,0.8333,0,0.0,0,34480.4,1
txn_001122,cust_01854,1133.47,card,failed,bank_decline,2,1,1,0.5,0,3.96,0,88864.23,1
txn_001123,cust_01259,418.39,upi,success,none,39,30,9,0.7692,0,0.0,0,21282.55,1
txn_001124,cust_00452,1589.64,card,success,none,23,14,9,0.6087,0,0.0,0,50533.55,1
txn_001125,cust_01093,1229.54,upi,success,none,16,11,5,0.6875,0,0.0,0,69633.17,1
txn_001126,cust_01442,286.72,netbanking,success,none,9,8,1,0.8889,0,0.0,0,37920.17,1
txn_001127,cust_01452,1470.52,wallet,success,none,8,6,2,0.75,0,0.0,0,36921.18,1
txn_001128,cust_01765,3582.21,netbanking,success,none,37,33,4,0.8919,0,0.0,0,117194.69,1
txn_001129,cust_00401,1061.13,upi,success,none,39,37,2,0.9487,0,0.0,0,38304.82,1
txn_001130,cust_01731,170.68,card,success,none,26,15,11,0.5769,0,0.0,0,6778.6,1
txn_001131,cust_02434,1885.45,netbanking,success,none,16,11,5,0.6875,0,0.0,0,58334.89,1
txn_001132,cust_01776,2447.69,upi,success,none,25,14,11,0.56,0,0.0,0,127886.34,1
txn_001133,cust_00455,745.15,card,success,none,16,10,6,0.625,0,0.0,0,86197.85,1
txn_001134,cust_02357,750.65,netbanking,success,none,22,21,1,0.9545,0,0.0,0,35004.47,1
txn_001135,cust_01129,12808.4,card,failed,authentication_failed,25,21,4,0.84,3,5.56,0,101377.12,0
txn_001136,cust_01099,693.52,wallet,success,none,3,3,0,1.0,0,0.0,0,67519.72,1
txn_001137,cust_01424,436.21,netbanking,failed,network_error,28,23,5,0.8214,0,1.41,0,104410.62,1
txn_001138,cust_01953,1373.5,netbanking,failed,bank_decline,24,17,7,0.7083,1,4.48,0,105612.31,1
txn_001139,cust_00768,2379.97,netbanking,failed,bank_decline,22,11,11,0.5,0,9.36,0,118915.71,0
txn_001140,cust_00086,2281.15,card,abandoned,none,13,12,1,0.9231,0,6.18,1,107229.4,1
txn_001141,cust_00040,113.51,netbanking,abandoned,none,26,18,8,0.6923,0,4.12,1,40893.39,1
txn_001142,cust_01014,691.78,wallet,success,none,12,11,1,0.9167,0,0.0,0,140154.47,1
txn_001143,cust_02324,4242.42,netbanking,failed,technical_error,26,21,5,0.8077,1,10.59,0,42664.8,0
txn_001144,cust_00410,1856.95,netbanking,failed,network_error,32,22,10,0.6875,3,6.92,0,145389.23,0
txn_001145,cust_02236,389.24,netbanking,success,none,22,17,5,0.7727,0,0.0,0,120327.21,1
txn_001146,cust_01880,4639.72,upi,failed,network_error,1,1,0,1.0,2,12.49,0,2899.66,0
txn_001147,cust_02441,3515.36,wallet,success,none,3,2,1,0.6667,0,0.0,0,111963.96,1
txn_001148,cust_00085,995.65,card,abandoned,none,35,26,9,0.7429,0,6.01,1,113534.51,0
txn_001149,cust_00581,3227.51,netbanking,success,none,27,22,5,0.8148,0,0.0,0,79386.74,1
txn_001150,cust_01765,9894.71,netbanking,success,none,37,33,4,0.8919,0,0.0,0,117194.69,1
txn_001151,cust_01548,466.67,upi,abandoned,none,8,6,2,0.75,0,6.15,1,80852.76,0
txn_001152,cust_01841,2334.25,card,success,none,7,5,2,0.7143,0,0.0,0,58149.02,1
txn_001153,cust_01357,9759.0,wallet,success,none,30,12,18,0.4,0,0.0,0,85281.92,1
txn_001154,cust_01132,2573.52,netbanking,success,none,38,28,10,0.7368,0,0.0,0,108921.48,1
txn_001155,cust_01407,629.94,upi,success,none,11,7,4,0.6364,0,0.0,0,66751.61,1
txn_001156,cust_01422,1700.9,netbanking,success,none,29,22,7,0.7586,0,0.0,0,2383.76,1
txn_001157,cust_00603,5270.51,wallet,success,none,14,12,2,0.8571,0,0.0,0,65080.42,1
txn_001158,cust_01187,485.04,card,success,none,16,11,5,0.6875,0,0.0,0,148544.72,1
txn_001159,cust_01208,1299.72,upi,success,none,16,15,1,0.9375,0,0.0,0,85437.69,1
txn_001160,cust_02430,1049.97,upi,success,none,26,20,6,0.7692,0,0.0,0,11636.32,1
txn_001161,cust_01763,712.36,netbanking,success,none,6,5,1,0.8333,0,0.0,0,43475.34,1
txn_001162,cust_01030,1705.4,card,success,none,13,10,3,0.7692,0,0.0,0,27148.74,1
txn_001163,cust_02057,1211.1,card,abandoned,none,5,4,1,0.8,0,5.02,1,32406.44,1
txn_001164,cust_00806,2548.73,wallet,success,none,13,10,3,0.7692,0,0.0,0,7527.14,1
txn_001165,cust_00897,4192.15,upi,success,none,35,21,14,0.6,0,0.0,0,44161.08,1
txn_001166,cust_01583,375.09,wallet,success,none,19,13,6,0.6842,0,0.0,0,75334.85,1
txn_001167,cust_01071,1433.01,netbanking,success,none,26,25,1,0.9615,0,0.0,0,38914.13,1
txn_001168,cust_01786,1270.13,netbanking,failed,bank_decline,18,16,2,0.8889,1,3.58,0,96448.62,0
txn_001169,cust_00818,1641.58,netbanking,success,none,12,8,4,0.6667,0,0.0,0,74934.28,1
txn_001170,cust_01889,1318.87,card,success,none,12,8,4,0.6667,0,0.0,0,131246.93,1
txn_001171,cust_01790,502.37,upi,success,none,4,4,0,1.0,0,0.0,0,121009.04,1
txn_001172,cust_01284,5737.33,netbanking,success,none,35,29,6,0.8286,0,0.0,0,89479.17,1
txn_001173,cust_01723,8784.65,wallet,success,none,37,37,0,1.0,0,0.0,0,117152.16,1
txn_001174,cust_00109,2314.36,wallet,success,none,13,10,3,0.7692,0,0.0,0,80906.58,1
txn_001175,cust_01239,2435.97,card,success,none,25,18,7,0.72,0,0.0,0,2838.75,1
txn_001176,cust_02226,1526.98,netbanking,success,none,27,13,14,0.4815,0,0.0,0,83263.64,1
txn_001177,cust_00516,3530.53,wallet,success,none,24,20,4,0.8333,0,0.0,0,110121.61,1
txn_001178,cust_02122,116.38,wallet,failed,insufficient_funds,9,8,1,0.8889,0,3.86,0,133803.26,0
txn_001179,cust_00439,1334.27,netbanking,success,none,31,27,4,0.871,0,0.0,0,147056.45,1
txn_001180,cust_02317,755.49,wallet,success,none,40,20,20,0.5,0,0.0,0,129414.46,1
txn_001181,cust_00498,1549.7,upi,failed,technical_error,28,24,4,0.8571,1,7.91,0,103856.71,0
txn_001182,cust_00559,3994.32,card,failed,bank_decline,23,19,4,0.8261,2,8.83,0,10021.96,0
txn_001183,cust_00027,1365.17,wallet,success,none,7,6,1,0.8571,0,0.0,0,57638.81,1
txn_001184,cust_00276,934.03,upi,success,none,2,1,1,0.5,0,0.0,0,13508.17,1
txn_001185,cust_02130,329.22,upi,success,none,35,26,9,0.7429,0,0.0,0,134203.9,1
txn_001186,cust_00101,1200.78,wallet,success,none,27,21,6,0.7778,0,0.0,0,29371.08,1
txn_001187,cust_01229,2623.53,wallet,success,none,21,17,4,0.8095,0,0.0,0,54744.33,1
txn_001188,cust_00963,577.62,netbanking,failed,authentication_failed,25,24,1,0.96,0,6.11,0,23018.58,0
txn_001189,cust_00757,180.67,card,failed,bank_decline,19,11,8,0.5789,1,7.21,0,13497.39,0
txn_001190,cust_00821,13019.98,wallet,success,none,6,5,1,0.8333,0,0.0,0,109335.12,1
txn_001191,cust_00410,1872.77,wallet,success,none,32,22,10,0.6875,0,0.0,0,145389.23,1
txn_001192,cust_01581,1073.23,upi,success,none,3,1,2,0.3333,0,0.0,0,92501.88,1
txn_001193,cust_00607,5382.97,upi,success,none,21,18,3,0.8571,0,0.0,0,100101.07,1
txn_001194,cust_01596,1542.99,upi,success,none,18,17,1,0.9444,0,0.0,0,9730.09,1
txn_001195,cust_01821,5074.75,upi,failed,network_error,37,33,4,0.8919,1,6.6,0,134033.92,0
txn_001196,cust_01135,4658.09,upi,abandoned,none,22,10,12,0.4545,0,2.57,1,46175.02,0
txn_001197,cust_02062,374.46,card,success,none,5,3,2,0.6,0,0.0,0,112286.73,1
txn_001198,cust_01600,2121.75,upi,success,none,16,15,1,0.9375,0,0.0,0,40712.52,1
txn_001199,cust_02307,7519.73,netbanking,success,none,9,8,1,0.8889,0,0.0,0,9068.08,1
txn_001200,cust_00574,493.41,netbanking,failed,network_error,35,27,8,0.7714,3,1.05,0,38347.48,0
txn_001201,cust_01982,499.51,wallet,abandoned,none,33,26,7,0.7879,0,4.28,1,45538.06,1
txn_001202,cust_02077,591.58,netbanking,success,none,20,15,5,0.75,0,0.0,0,91378.31,1
txn_001203,cust_02379,3263.05,netbanking,success,none,11,11,0,1.0,0,0.0,0,5257.12,1
txn_001204,cust_00277,1780.03,upi,success,none,28,15,13,0.5357,0,0.0,0,21219.22,1
txn_001205,cust_00950,193.3,upi,success,none,20,17,3,0.85,0,0.0,0,89464.97,1
txn_001206,cust_01952,1883.61,netbanking,failed,bank_decline,19,16,3,0.8421,0,12.61,0,82605.9,1
txn_001207,cust_01574,1041.15,wallet,abandoned,none,30,29,1,0.9667,0,0.53,1,8545.02,1
txn_001208,cust_00154,1197.18,upi,success,none,7,7,0,1.0,0,0.0,0,140900.57,1
txn_001209,cust_00121,579.97,card,success,none,30,23,7,0.7667,0,0.0,0,43502.14,1
txn_001210,cust_01547,1897.43,card,abandoned,none,30,18,12,0.6,0,4.06,1,47790.96,1
txn_001211,cust_01035,3829.38,wallet,success,none,31,22,9,0.7097,0,0.0,0,49216.65,1
txn_001212,cust_00825,704.88,card,success,none,21,17,4,0.8095,0,0.0,0,99476.96,1
txn_001213,cust_00788,249.02,upi,success,none,12,8,4,0.6667,0,0.0,0,99991.32,1
txn_001214,cust_00395,989.19,card,success,none,29,27,2,0.931,0,0.0,0,19528.7,1
txn_001215,cust_00022,2853.46,netbanking,failed,technical_error,40,36,4,0.9,0,4.84,0,132932.31,0
txn_001216,cust_02164,879.16,wallet,success,none,31,23,8,0.7419,0,0.0,0,133188.62,1
txn_001217,cust_01941,299.6,netbanking,success,none,40,32,8,0.8,0,0.0,0,95993.18,1
txn_001218,cust_00565,2873.38,upi,success,none,4,3,1,0.75,0,0.0,0,118232.39,1
txn_001219,cust_00291,5515.67,upi,success,none,16,14,2,0.875,0,0.0,0,19806.93,1
txn_001220,cust_00414,1366.51,upi,success,none,22,19,3,0.8636,0,0.0,0,62335.12,1
txn_001221,cust_02215,268.86,netbanking,success,none,35,28,7,0.8,0,0.0,0,61888.36,1
txn_001222,cust_01188,974.74,netbanking,success,none,15,15,0,1.0,0,0.0,0,45696.22,1
txn_001223,cust_00647,1558.59,netbanking,success,none,8,7,1,0.875,0,0.0,0,43203.72,1
txn_001224,cust_02121,596.03,netbanking,success,none,18,12,6,0.6667,0,0.0,0,128948.33,1
txn_001225,cust_00455,2400.36,wallet,abandoned,none,16,10,6,0.625,0,6.9,1,86197.85,0
txn_001226,cust_00133,540.52,netbanking,success,none,16,14,2,0.875,0,0.0,0,61162.56,1
txn_001227,cust_00244,1374.2,card,success,none,33,20,13,0.6061,0,0.0,0,64584.37,1
txn_001228,cust_01351,1066.01,upi,success,none,27,23,4,0.8519,0,0.0,0,106811.21,1
txn_001229,cust_02310,2479.61,upi,success,none,23,21,2,0.913,0,0.0,0,59663.82,1
txn_001230,cust_01705,1320.45,upi,failed,authentication_failed,40,18,22,0.45,1,3.86,0,22969.7,1
txn_001231,cust_00146,1100.49,wallet,success,none,14,11,3,0.7857,0,0.0,0,76376.82,1
txn_001232,cust_01768,600.12,wallet,success,none,18,10,8,0.5556,0,0.0,0,98086.51,1
txn_001233,cust_00933,1386.82,upi,abandoned,none,36,27,9,0.75,0,0.28,1,44001.65,0
txn_001234,cust_00804,1032.56,wallet,success,none,9,6,3,0.6667,0,0.0,0,10401.98,1
txn_001235,cust_02264,560.86,wallet,success,none,18,12,6,0.6667,0,0.0,0,34718.03,1
txn_001236,cust_00513,1571.04,wallet,failed,technical_error,9,7,2,0.7778,1,1.71,0,94608.97,1
txn_001237,cust_01507,1927.49,netbanking,success,none,4,3,1,0.75,0,0.0,0,27722.31,1
txn_001238,cust_00238,954.89,card,success,none,34,31,3,0.9118,0,0.0,0,70217.93,1
txn_001239,cust_00931,3400.13,wallet,failed,technical_error,26,24,2,0.9231,0,13.87,0,8622.5,1
txn_001240,cust_01024,1744.07,upi,success,none,30,20,10,0.6667,0,0.0,0,41652.73,1
txn_001241,cust_00740,370.98,netbanking,success,none,3,3,0,1.0,0,0.0,0,62217.93,1
txn_001242,cust_01001,5102.03,netbanking,success,none,27,17,10,0.6296,0,0.0,0,50213.75,1
txn_001243,cust_00502,2884.16,upi,success,none,25,22,3,0.88,0,0.0,0,86216.48,1
txn_001244,cust_00844,3647.62,wallet,failed,network_error,21,16,5,0.7619,1,6.27,0,97784.55,1
txn_001245,cust_01503,1999.2,netbanking,failed,bank_decline,16,15,1,0.9375,2,4.53,0,63022.23,0
txn_001246,cust_00428,129.32,upi,success,none,19,18,1,0.9474,0,0.0,0,66279.3,1
txn_001247,cust_01992,3994.28,netbanking,success,none,27,23,4,0.8519,0,0.0,0,101462.28,1
txn_001248,cust_02134,1423.38,card,success,none,38,27,11,0.7105,0,0.0,0,110250.8,1
txn_001249,cust_00503,1906.87,netbanking,failed,bank_decline,37,27,10,0.7297,0,13.69,0,45084.99,0
txn_001250,cust_01859,2299.36,upi,success,none,4,3,1,0.75,0,0.0,0,99633.52,1
txn_001251,cust_01108,9286.13,netbanking,success,none,10,9,1,0.9,0,0.0,0,147868.64,1
txn_001252,cust_00347,775.71,upi,success,none,31,25,6,0.8065,0,0.0,0,42198.44,1
txn_001253,cust_02029,796.0,upi,failed,authentication_failed,20,18,2,0.9,3,0.72,0,74092.09,1
txn_001254,cust_00756,571.9,wallet,success,none,34,24,10,0.7059,0,0.0,0,127823.74,1
txn_001255,cust_00129,459.46,netbanking,abandoned,none,34,24,10,0.7059,0,6.38,1,24457.48,0
txn_001256,cust_01378,468.0,netbanking,failed,technical_error,19,14,5,0.7368,1,10.63,0,44110.65,1
txn_001257,cust_01778,210.24,wallet,failed,insufficient_funds,30,25,5,0.8333,0,7.79,0,46019.62,0
txn_001258,cust_01178,2052.18,wallet,success,none,19,9,10,0.4737,0,0.0,0,3554.25,1
txn_001259,cust_02126,9777.18,netbanking,success,none,2,2,0,1.0,0,0.0,0,122083.72,1
txn_001260,cust_00976,10420.96,card,failed,network_error,22,17,5,0.7727,2,1.29,0,82394.71,1
txn_001261,cust_02224,571.14,netbanking,success,none,24,21,3,0.875,0,0.0,0,92170.22,1
txn_001262,cust_01124,1020.29,netbanking,success,none,9,7,2,0.7778,0,0.0,0,58874.44,1
txn_001263,cust_02491,4597.84,upi,success,none,34,30,4,0.8824,0,0.0,0,99174.76,1
txn_001264,cust_01315,2063.89,netbanking,failed,authentication_failed,30,25,5,0.8333,3,0.34,0,35546.48,1
txn_001265,cust_00152,1532.29,netbanking,success,none,34,29,5,0.8529,0,0.0,0,2165.64,1
txn_001266,cust_00893,1036.15,wallet,success,none,37,28,9,0.7568,0,0.0,0,40433.73,1
txn_001267,cust_01133,4351.61,netbanking,abandoned,none,36,30,6,0.8333,0,3.14,1,33335.46,1
txn_001268,cust_01132,458.04,netbanking,failed,bank_decline,38,28,10,0.7368,1,8.86,0,108921.48,1
txn_001269,cust_00204,2166.51,card,success,none,1,1,0,1.0,0,0.0,0,78468.13,1
txn_001270,cust_02076,1891.14,wallet,success,none,33,20,13,0.6061,0,0.0,0,16814.2,1
txn_001271,cust_00934,1398.8,upi,abandoned,none,25,23,2,0.92,0,6.94,1,76134.07,0
txn_001272,cust_00067,2944.6,netbanking,success,none,7,4,3,0.5714,0,0.0,0,130707.27,1
txn_001273,cust_00962,1385.39,netbanking,success,none,40,28,12,0.7,0,0.0,0,116416.31,1
txn_001274,cust_00464,784.83,upi,success,none,29,20,9,0.6897,0,0.0,0,15857.04,1
txn_001275,cust_01522,1469.26,wallet,success,none,35,29,6,0.8286,0,0.0,0,52617.13,1
txn_001276,cust_01160,272.57,card,success,none,32,25,7,0.7812,0,0.0,0,145009.73,1
txn_001277,cust_01476,2471.83,netbanking,abandoned,none,6,5,1,0.8333,0,6.29,1,138769.54,1
txn_001278,cust_01205,3191.45,upi,success,none,14,14,0,1.0,0,0.0,0,88468.38,1
txn_001279,cust_00615,694.63,upi,success,none,8,6,2,0.75,0,0.0,0,62210.49,1
txn_001280,cust_01283,547.57,netbanking,abandoned,none,24,20,4,0.8333,0,2.71,1,105543.51,1
txn_001281,cust_00615,720.72,wallet,failed,insufficient_funds,8,6,2,0.75,0,13.42,0,62210.49,0
txn_001282,cust_02316,1257.62,wallet,success,none,7,7,0,1.0,0,0.0,0,49489.99,1
txn_001283,cust_02162,1662.18,upi,success,none,23,18,5,0.7826,0,0.0,0,122768.28,1
txn_001284,cust_02132,6737.82,wallet,success,none,10,9,1,0.9,0,0.0,0,55506.98,1
txn_001285,cust_02357,5937.78,netbanking,failed,network_error,22,21,1,0.9545,1,11.21,0,35004.47,0
txn_001286,cust_00946,3076.48,wallet,success,none,39,30,9,0.7692,0,0.0,0,134076.62,1
txn_001287,cust_00988,1512.11,wallet,failed,authentication_failed,26,18,8,0.6923,2,1.21,0,122938.24,0
txn_001288,cust_00314,530.11,netbanking,success,none,34,25,9,0.7353,0,0.0,0,144855.59,1
txn_001289,cust_01839,7184.18,wallet,success,none,16,15,1,0.9375,0,0.0,0,34713.59,1
txn_001290,cust_00514,1045.61,card,failed,authentication_failed,3,2,1,0.6667,1,8.52,0,47031.0,0
txn_001291,cust_01400,1774.68,netbanking,success,none,28,27,1,0.9643,0,0.0,0,123902.3,1
txn_001292,cust_02069,2508.28,card,success,none,29,21,8,0.7241,0,0.0,0,94902.37,1
txn_001293,cust_00812,1424.53,card,failed,insufficient_funds,13,8,5,0.6154,1,1.78,0,43630.52,1
txn_001294,cust_02272,4234.83,wallet,failed,bank_decline,35,27,8,0.7714,0,11.69,0,122158.96,1
txn_001295,cust_00684,2112.0,upi,success,none,29,22,7,0.7586,0,0.0,0,102488.89,1
txn_001296,cust_01590,3599.82,wallet,success,none,23,20,3,0.8696,0,0.0,0,72472.98,1
txn_001297,cust_02282,2095.08,card,failed,insufficient_funds,15,13,2,0.8667,2,12.57,0,120224.05,0
txn_001298,cust_02423,1289.62,upi,abandoned,none,10,10,0,1.0,0,0.41,1,3194.0,1
txn_001299,cust_01454,1442.58,wallet,failed,authentication_failed,1,1,0,1.0,3,4.12,0,148045.5,0
txn_001300,cust_00552,1258.61,card,failed,technical_error,7,6,1,0.8571,0,2.22,0,125220.27,1
txn_001301,cust_02430,370.82,netbanking,success,none,26,20,6,0.7692,0,0.0,0,11636.32,1
txn_001302,cust_01313,492.35,wallet,success,none,36,19,17,0.5278,0,0.0,0,24860.22,1
txn_001303,cust_01145,2808.9,upi,success,none,20,17,3,0.85,0,0.0,0,39972.68,1
txn_001304,cust_00198,380.17,wallet,success,none,17,15,2,0.8824,0,0.0,0,6700.32,1
txn_001305,cust_00731,894.06,card,success,none,7,7,0,1.0,0,0.0,0,76645.77,1
txn_001306,cust_00863,468.67,wallet,success,none,16,11,5,0.6875,0,0.0,0,118765.59,1
txn_001307,cust_01288,847.49,upi,success,none,40,36,4,0.9,0,0.0,0,7600.21,1
txn_001308,cust_01180,1146.8,netbanking,success,none,12,11,1,0.9167,0,0.0,0,16945.45,1
txn_001309,cust_00694,892.27,netbanking,abandoned,none,19,18,1,0.9474,0,1.89,1,12432.92,1
txn_001310,cust_00435,321.06,card,success,none,8,5,3,0.625,0,0.0,0,97508.74,1
txn_001311,cust_00848,1112.62,card,success,none,36,27,9,0.75,0,0.0,0,18546.39,1
txn_001312,cust_02212,513.42,card,success,none,9,8,1,0.8889,0,0.0,0,38923.19,1
txn_001313,cust_00106,708.71,netbanking,success,none,7,6,1,0.8571,0,0.0,0,10031.29,1
txn_001314,cust_02340,2808.82,wallet,failed,technical_error,7,6,1,0.8571,1,11.65,0,68028.37,1
txn_001315,cust_00449,3482.11,upi,success,none,38,31,7,0.8158,0,0.0,0,149836.45,1
txn_001316,cust_01078,361.05,upi,failed,network_error,31,26,5,0.8387,0,13.56,0,5728.5,0
txn_001317,cust_00912,6429.59,upi,success,none,4,3,1,0.75,0,0.0,0,44241.59,1
txn_001318,cust_01131,804.25,wallet,success,none,5,3,2,0.6,0,0.0,0,29036.33,1
txn_001319,cust_00304,734.35,netbanking,failed,insufficient_funds,39,26,13,0.6667,3,1.5,0,121023.67,0
txn_001320,cust_02136,549.14,netbanking,success,none,33,22,11,0.6667,0,0.0,0,77051.39,1
txn_001321,cust_00146,1416.45,upi,success,none,14,11,3,0.7857,0,0.0,0,76376.82,1
txn_001322,cust_00902,9716.2,card,success,none,31,16,15,0.5161,0,0.0,0,70201.88,1
txn_001323,cust_00767,287.25,wallet,success,none,21,17,4,0.8095,0,0.0,0,139693.06,1
txn_001324,cust_00364,171.25,card,success,none,5,5,0,1.0,0,0.0,0,86976.15,1
txn_001325,cust_02285,1752.0,card,failed,insufficient_funds,17,13,4,0.7647,3,9.66,0,37990.38,0
txn_001326,cust_02392,2366.91,card,success,none,27,23,4,0.8519,0,0.0,0,39711.25,1
txn_001327,cust_00738,1411.87,netbanking,failed,network_error,40,28,12,0.7,3,6.91,0,121547.51,0
txn_001328,cust_02449,2430.37,netbanking,success,none,18,13,5,0.7222,0,0.0,0,88119.83,1
txn_001329,cust_00897,432.14,upi,abandoned,none,35,21,14,0.6,0,6.29,1,44161.08,0
txn_001330,cust_01719,520.68,wallet,success,none,27,16,11,0.5926,0,0.0,0,17765.31,1
txn_001331,cust_00475,1516.19,card,success,none,16,15,1,0.9375,0,0.0,0,95042.99,1
txn_001332,cust_00466,7770.34,netbanking,success,none,10,7,3,0.7,0,0.0,0,62086.81,1
txn_001333,cust_01982,2346.5,wallet,success,none,33,26,7,0.7879,0,0.0,0,45538.06,1
txn_001334,cust_00119,2458.25,netbanking,success,none,11,9,2,0.8182,0,0.0,0,57466.99,1
txn_001335,cust_01676,457.75,upi,success,none,32,31,1,0.9688,0,0.0,0,23884.9,1
txn_001336,cust_01301,2043.47,wallet,success,none,6,4,2,0.6667,0,0.0,0,18294.33,1
txn_001337,cust_01633,410.69,netbanking,failed,network_error,12,10,2,0.8333,3,10.22,0,57379.23,0
txn_001338,cust_00187,7845.99,netbanking,success,none,3,2,1,0.6667,0,0.0,0,128930.39,1
txn_001339,cust_00683,486.91,card,failed,insufficient_funds,37,28,9,0.7568,2,1.9,0,114221.7,0
txn_001340,cust_00087,603.97,wallet,success,none,26,17,9,0.6538,0,0.0,0,149277.25,1
txn_001341,cust_01445,307.02,upi,success,none,39,34,5,0.8718,0,0.0,0,43453.2,1
txn_001342,cust_01484,1459.45,card,abandoned,none,9,7,2,0.7778,0,5.88,1,112716.68,1
txn_001343,cust_00940,1399.39,netbanking,failed,network_error,24,11,13,0.4583,2,5.85,0,113489.81,0
txn_001344,cust_01019,6082.93,upi,success,none,1,1,0,1.0,0,0.0,0,45460.44,1
txn_001345,cust_02157,2911.47,upi,success,none,37,35,2,0.9459,0,0.0,0,26903.62,1
txn_001346,cust_00174,607.43,card,success,none,3,2,1,0.6667,0,0.0,0,134939.77,1
txn_001347,cust_01013,3207.98,upi,success,none,12,10,2,0.8333,0,0.0,0,63264.86,1
txn_001348,cust_01548,386.25,wallet,success,none,8,6,2,0.75,0,0.0,0,80852.76,1
txn_001349,cust_01106,653.05,upi,success,none,39,28,11,0.7179,0,0.0,0,116108.19,1
txn_001350,cust_01702,1507.88,upi,success,none,6,5,1,0.8333,0,0.0,0,59825.85,1
txn_001351,cust_02478,431.87,card,success,none,35,30,5,0.8571,0,0.0,0,55699.79,1
txn_001352,cust_01603,3884.15,card,failed,network_error,25,23,2,0.92,2,6.01,0,53865.89,0
txn_001353,cust_01238,13086.19,netbanking,success,none,39,37,2,0.9487,0,0.0,0,117881.37,1
txn_001354,cust_02361,997.73,wallet,success,none,29,27,2,0.931,0,0.0,0,117365.13,1
txn_001355,cust_00911,698.07,wallet,success,none,16,9,7,0.5625,0,0.0,0,21990.77,1
txn_001356,cust_02185,1176.63,card,success,none,19,15,4,0.7895,0,0.0,0,142140.83,1
txn_001357,cust_01613,767.11,netbanking,failed,insufficient_funds,6,3,3,0.5,3,3.21,0,9369.03,0
txn_001358,cust_01628,1740.16,card,success,none,32,29,3,0.9062,0,0.0,0,97727.86,1
txn_001359,cust_00447,356.95,netbanking,success,none,1,1,0,1.0,0,0.0,0,43143.01,1
txn_001360,cust_00343,1841.81,upi,success,none,17,15,2,0.8824,0,0.0,0,35350.17,1
txn_001361,cust_02007,9062.71,card,success,none,19,12,7,0.6316,0,0.0,0,104247.48,1
txn_001362,cust_01940,180.88,card,success,none,6,5,1,0.8333,0,0.0,0,118975.71,1
txn_001363,cust_01687,416.28,netbanking,failed,bank_decline,24,17,7,0.7083,0,4.57,0,132938.41,0
txn_001364,cust_01666,858.29,upi,success,none,2,2,0,1.0,0,0.0,0,65267.18,1
txn_001365,cust_02304,2302.83,wallet,success,none,32,23,9,0.7188,0,0.0,0,28247.91,1
txn_001366,cust_00966,3262.93,netbanking,success,none,29,29,0,1.0,0,0.0,0,47740.18,1
txn_001367,cust_02273,3010.72,upi,abandoned,none,37,29,8,0.7838,0,3.04,1,38271.08,1
txn_001368,cust_00522,246.73,upi,success,none,18,11,7,0.6111,0,0.0,0,124740.42,1
txn_001369,cust_00681,682.43,card,success,none,5,4,1,0.8,0,0.0,0,27394.77,1
txn_001370,cust_00160,544.4,wallet,success,none,17,13,4,0.7647,0,0.0,0,76305.95,1
txn_001371,cust_02149,1254.89,wallet,success,none,34,31,3,0.9118,0,0.0,0,136251.19,1
txn_001372,cust_01713,1364.14,wallet,success,none,5,4,1,0.8,0,0.0,0,13967.09,1
txn_001373,cust_01206,340.62,netbanking,success,none,26,14,12,0.5385,0,0.0,0,139402.37,1
txn_001374,cust_01523,863.03,card,success,none,1,1,0,1.0,0,0.0,0,142697.55,1
txn_001375,cust_00838,2393.52,netbanking,success,none,24,21,3,0.875,0,0.0,0,54960.44,1
txn_001376,cust_01896,714.56,card,abandoned,none,29,25,4,0.8621,0,6.5,1,143308.28,0
txn_001377,cust_00555,1096.38,card,success,none,24,22,2,0.9167,0,0.0,0,33373.18,1
txn_001378,cust_00041,7309.21,netbanking,success,none,14,8,6,0.5714,0,0.0,0,137057.28,1
txn_001379,cust_00275,9798.94,upi,success,none,26,18,8,0.6923,0,0.0,0,89192.02,1
txn_001380,cust_00385,154.26,wallet,success,none,30,25,5,0.8333,0,0.0,0,11605.78,1
txn_001381,cust_01920,1501.02,card,success,none,40,24,16,0.6,0,0.0,0,15191.08,1
txn_001382,cust_00926,24761.19,netbanking,success,none,31,21,10,0.6774,0,0.0,0,43576.51,1
txn_001383,cust_01125,2162.13,netbanking,failed,authentication_failed,17,15,2,0.8824,2,5.21,0,31297.17,0
txn_001384,cust_01044,1364.43,card,success,none,26,15,11,0.5769,0,0.0,0,103224.97,1
txn_001385,cust_00887,4977.53,netbanking,success,none,11,7,4,0.6364,0,0.0,0,89179.46,1
txn_001386,cust_00519,1665.85,wallet,success,none,12,12,0,1.0,0,0.0,0,30918.42,1
txn_001387,cust_02426,2722.04,netbanking,abandoned,none,32,23,9,0.7188,0,5.19,1,149696.55,0
txn_001388,cust_01940,1085.39,card,success,none,6,5,1,0.8333,0,0.0,0,118975.71,1
txn_001389,cust_00887,1641.74,upi,abandoned,none,11,7,4,0.6364,0,4.34,1,89179.46,1
txn_001390,cust_01948,2052.12,upi,success,none,24,19,5,0.7917,0,0.0,0,107671.11,1
txn_001391,cust_00214,3182.93,card,success,none,25,16,9,0.64,0,0.0,0,101920.37,1
txn_001392,cust_01933,869.81,netbanking,success,none,6,5,1,0.8333,0,0.0,0,69405.09,1
txn_001393,cust_00987,846.49,wallet,success,none,25,13,12,0.52,0,0.0,0,134468.31,1
txn_001394,cust_01944,194.91,netbanking,success,none,24,21,3,0.875,0,0.0,0,123971.34,1
txn_001395,cust_02174,909.46,upi,failed,bank_decline,31,27,4,0.871,1,13.24,0,72374.15,0
txn_001396,cust_00586,3473.91,wallet,success,none,3,3,0,1.0,0,0.0,0,109359.21,1
txn_001397,cust_01027,2128.61,upi,success,none,12,9,3,0.75,0,0.0,0,3098.55,1
txn_001398,cust_01427,494.35,card,success,none,7,7,0,1.0,0,0.0,0,16377.03,1
txn_001399,cust_01910,199.56,netbanking,failed,bank_decline,23,15,8,0.6522,1,5.42,0,92092.4,1
txn_001400,cust_00044,1161.63,card,success,none,32,22,10,0.6875,0,0.0,0,59949.15,1
txn_001401,cust_00023,3373.74,netbanking,success,none,24,15,9,0.625,0,0.0,0,87025.47,1
txn_001402,cust_01040,829.73,upi,success,none,37,30,7,0.8108,0,0.0,0,2703.92,1
txn_001403,cust_01127,315.79,wallet,success,none,24,20,4,0.8333,0,0.0,0,14777.14,1
txn_001404,cust_01037,742.85,netbanking,success,none,25,22,3,0.88,0,0.0,0,36092.67,1
txn_001405,cust_00125,1855.96,wallet,abandoned,none,4,3,1,0.75,0,4.46,1,87297.86,1
txn_001406,cust_01940,4639.85,upi,success,none,6,5,1,0.8333,0,0.0,0,118975.71,1
txn_001407,cust_00628,1036.19,card,failed,bank_decline,18,11,7,0.6111,0,5.93,0,5314.02,0
txn_001408,cust_00230,3846.4,wallet,success,none,40,34,6,0.85,0,0.0,0,127610.92,1
txn_001409,cust_00400,3442.81,netbanking,abandoned,none,28,21,7,0.75,0,1.44,1,110445.55,1
txn_001410,cust_00069,412.95,netbanking,failed,network_error,33,31,2,0.9394,1,12.69,0,91736.56,0
txn_001411,cust_01501,4678.38,upi,abandoned,none,3,2,1,0.6667,0,2.88,1,83376.85,0
txn_001412,cust_00252,1799.23,upi,success,none,5,4,1,0.8,0,0.0,0,107318.18,1
txn_001413,cust_00605,400.74,netbanking,success,none,30,21,9,0.7,0,0.0,0,60410.8,1
txn_001414,cust_01129,7791.83,card,success,none,25,21,4,0.84,0,0.0,0,101377.12,1
txn_001415,cust_00014,1181.36,netbanking,success,none,14,12,2,0.8571,0,0.0,0,143624.75,1
txn_001416,cust_01399,191.82,wallet,success,none,35,31,4,0.8857,0,0.0,0,60259.66,1
txn_001417,cust_02320,660.99,wallet,success,none,40,29,11,0.725,0,0.0,0,52121.37,1
txn_001418,cust_00748,516.74,upi,success,none,30,29,1,0.9667,0,0.0,0,115646.34,1
txn_001419,cust_00083,677.4,card,failed,bank_decline,34,29,5,0.8529,2,6.5,0,130992.52,0
txn_001420,cust_01011,858.18,netbanking,failed,bank_decline,15,11,4,0.7333,1,4.42,0,80737.69,0
txn_001421,cust_01176,1035.47,card,success,none,1,1,0,1.0,0,0.0,0,3492.2,1
txn_001422,cust_01696,997.25,card,failed,network_error,38,30,8,0.7895,1,2.56,0,34899.4,1
txn_001423,cust_01801,1215.02,netbanking,success,none,23,19,4,0.8261,0,0.0,0,76589.91,1
txn_001424,cust_01490,2410.03,netbanking,failed,technical_error,37,21,16,0.5676,3,11.63,0,94502.39,0
txn_001425,cust_00699,634.96,upi,abandoned,none,37,31,6,0.8378,0,4.14,1,98123.78,1
txn_001426,cust_02330,4363.37,card,abandoned,none,10,7,3,0.7,0,3.09,1,71475.07,0
txn_001427,cust_01183,393.4,card,success,none,34,27,7,0.7941,0,0.0,0,38610.31,1
txn_001428,cust_02260,2477.78,netbanking,success,none,5,5,0,1.0,0,0.0,0,137957.44,1
txn_001429,cust_01058,6927.62,card,success,none,8,7,1,0.875,0,0.0,0,10201.95,1
txn_001430,cust_00473,1121.75,card,success,none,32,19,13,0.5938,0,0.0,0,130985.07,1
txn_001431,cust_01323,1625.33,netbanking,success,none,5,4,1,0.8,0,0.0,0,87024.84,1
txn_001432,cust_00139,508.79,netbanking,failed,network_error,14,7,7,0.5,0,2.31,0,100789.17,1
txn_001433,cust_01380,802.89,upi,success,none,33,23,10,0.697,0,0.0,0,147837.76,1
txn_001434,cust_00667,6423.24,wallet,success,none,40,31,9,0.775,0,0.0,0,69554.44,1
txn_001435,cust_01799,2831.27,wallet,success,none,15,14,1,0.9333,0,0.0,0,103261.4,1
txn_001436,cust_01636,2035.6,wallet,failed,network_error,37,35,2,0.9459,2,8.45,0,59348.61,0
txn_001437,cust_01644,192.87,netbanking,success,none,6,4,2,0.6667,0,0.0,0,123427.61,1
txn_001438,cust_00960,654.27,upi,success,none,4,2,2,0.5,0,0.0,0,87944.97,1
txn_001439,cust_02366,7623.51,wallet,success,none,16,8,8,0.5,0,0.0,0,99641.36,1
txn_001440,cust_00682,2019.96,netbanking,failed,technical_error,32,23,9,0.7188,1,13.33,0,70129.01,0
txn_001441,cust_00572,2288.37,card,success,none,39,32,7,0.8205,0,0.0,0,1422.5,1
txn_001442,cust_00221,1588.52,upi,success,none,29,24,5,0.8276,0,0.0,0,101668.46,1
txn_001443,cust_01418,725.61,wallet,success,none,6,5,1,0.8333,0,0.0,0,105851.01,1
txn_001444,cust_00605,1867.85,card,failed,network_error,30,21,9,0.7,2,1.22,0,60410.8,1
txn_001445,cust_00833,289.97,wallet,success,none,26,17,9,0.6538,0,0.0,0,55133.36,1
txn_001446,cust_02275,268.96,netbanking,success,none,37,23,14,0.6216,0,0.0,0,73060.85,1
txn_001447,cust_00410,642.09,wallet,success,none,32,22,10,0.6875,0,0.0,0,145389.23,1
txn_001448,cust_00871,1623.22,wallet,success,none,5,4,1,0.8,0,0.0,0,19673.69,1
txn_001449,cust_00995,278.75,upi,success,none,36,32,4,0.8889,0,0.0,0,104729.52,1
txn_001450,cust_00547,1520.88,wallet,failed,network_error,16,13,3,0.8125,3,8.4,0,133201.64,0
txn_001451,cust_01421,495.44,wallet,success,none,15,14,1,0.9333,0,0.0,0,78397.19,1
txn_001452,cust_00111,566.9,card,failed,bank_decline,18,17,1,0.9444,1,5.23,0,69931.58,1
txn_001453,cust_00007,4912.75,wallet,failed,bank_decline,33,30,3,0.9091,1,7.05,0,90700.79,1
txn_001454,cust_01237,1390.33,wallet,success,none,36,25,11,0.6944,0,0.0,0,14866.57,1
txn_001455,cust_00737,542.5,wallet,success,none,12,10,2,0.8333,0,0.0,0,124870.41,1
txn_001456,cust_01969,1614.59,upi,success,none,28,23,5,0.8214,0,0.0,0,125983.6,1
txn_001457,cust_00736,308.09,card,success,none,25,20,5,0.8,0,0.0,0,23983.66,1
txn_001458,cust_00436,1963.2,wallet,failed,network_error,10,8,2,0.8,0,9.22,0,75257.95,1
txn_001459,cust_00051,4053.43,card,success,none,9,7,2,0.7778,0,0.0,0,76919.42,1
txn_001460,cust_01573,2596.0,wallet,success,none,22,20,2,0.9091,0,0.0,0,19256.62,1
txn_001461,cust_01646,11587.87,wallet,failed,network_error,17,11,6,0.6471,3,3.7,0,32242.96,0
txn_001462,cust_02473,192.79,wallet,success,none,18,17,1,0.9444,0,0.0,0,130281.61,1
txn_001463,cust_01373,1520.77,netbanking,success,none,11,10,1,0.9091,0,0.0,0,92806.53,1
txn_001464,cust_01737,349.5,wallet,failed,insufficient_funds,32,22,10,0.6875,1,0.2,0,128876.98,0
txn_001465,cust_02418,1126.4,netbanking,success,none,2,2,0,1.0,0,0.0,0,23670.25,1
txn_001466,cust_01864,1341.5,wallet,success,none,10,8,2,0.8,0,0.0,0,31618.74,1
txn_001467,cust_00498,13093.16,wallet,success,none,28,24,4,0.8571,0,0.0,0,103856.71,1
txn_001468,cust_02455,1261.71,netbanking,success,none,6,4,2,0.6667,0,0.0,0,38059.62,1
txn_001469,cust_01214,1238.39,upi,success,none,28,18,10,0.6429,0,0.0,0,35589.46,1
txn_001470,cust_01462,3659.78,wallet,success,none,4,3,1,0.75,0,0.0,0,142353.32,1
txn_001471,cust_00146,1270.52,upi,success,none,14,11,3,0.7857,0,0.0,0,76376.82,1
txn_001472,cust_01623,8359.44,card,success,none,5,5,0,1.0,0,0.0,0,56665.03,1
txn_001473,cust_00517,2616.74,card,success,none,6,5,1,0.8333,0,0.0,0,136534.54,1
txn_001474,cust_01126,3067.15,netbanking,abandoned,none,6,5,1,0.8333,0,4.85,1,138411.69,1
txn_001475,cust_02145,206.94,wallet,success,none,3,2,1,0.6667,0,0.0,0,33604.05,1
txn_001476,cust_00157,9751.86,card,success,none,10,7,3,0.7,0,0.0,0,41579.88,1
txn_001477,cust_00415,694.74,wallet,success,none,32,25,7,0.7812,0,0.0,0,43944.45,1
txn_001478,cust_01384,1326.46,netbanking,success,none,9,8,1,0.8889,0,0.0,0,105512.55,1
txn_001479,cust_01053,697.36,upi,failed,authentication_failed,14,13,1,0.9286,0,11.13,0,114517.08,0
txn_001480,cust_01242,480.94,card,success,none,36,29,7,0.8056,0,0.0,0,135875.93,1
txn_001481,cust_02349,402.55,wallet,success,none,33,28,5,0.8485,0,0.0,0,73636.57,1
txn_001482,cust_01126,1485.11,card,success,none,6,5,1,0.8333,0,0.0,0,138411.69,1
txn_001483,cust_02477,186.81,wallet,failed,network_error,19,15,4,0.7895,2,0.17,0,123093.36,1
txn_001484,cust_01698,1050.69,card,success,none,34,31,3,0.9118,0,0.0,0,63376.18,1
txn_001485,cust_01304,3857.48,upi,success,none,14,12,2,0.8571,0,0.0,0,78646.11,1
txn_001486,cust_01330,2519.82,card,success,none,8,7,1,0.875,0,0.0,0,52840.77,1
txn_001487,cust_02496,2064.07,wallet,success,none,3,2,1,0.6667,0,0.0,0,86080.82,1
txn_001488,cust_01347,547.09,wallet,success,none,32,29,3,0.9062,0,0.0,0,21343.67,1
txn_001489,cust_01405,274.21,netbanking,success,none,4,4,0,1.0,0,0.0,0,7845.5,1
txn_001490,cust_00622,3796.35,wallet,failed,authentication_failed,7,5,2,0.7143,1,7.5,0,53166.99,0
txn_001491,cust_01598,854.95,netbanking,success,none,38,34,4,0.8947,0,0.0,0,149941.26,1
txn_001492,cust_02341,1232.65,upi,success,none,22,19,3,0.8636,0,0.0,0,39705.6,1
txn_001493,cust_01415,1099.27,upi,success,none,11,8,3,0.7273,0,0.0,0,8716.3,1
txn_001494,cust_01513,2623.84,netbanking,success,none,24,17,7,0.7083,0,0.0,0,30900.0,1
txn_001495,cust_01915,8461.79,upi,success,none,21,19,2,0.9048,0,0.0,0,2841.67,1
txn_001496,cust_01441,5781.24,wallet,success,none,28,23,5,0.8214,0,0.0,0,47861.05,1
txn_001497,cust_01163,130.03,wallet,abandoned,none,35,26,9,0.7429,0,2.69,1,73759.13,1
txn_001498,cust_01551,983.84,upi,success,none,8,5,3,0.625,0,0.0,0,14472.71,1
txn_001499,cust_00454,348.37,netbanking,success,none,21,18,3,0.8571,0,0.0,0,130570.65,1
txn_001500,cust_01643,3423.53,wallet,success,none,21,14,7,0.6667,0,0.0,0,26015.23,1
txn_001501,cust_02455,1344.78,netbanking,success,none,6,4,2,0.6667,0,0.0,0,38059.62,1
txn_001502,cust_00433,2455.66,netbanking,success,none,6,5,1,0.8333,0,0.0,0,34480.4,1
txn_001503,cust_00923,903.14,wallet,success,none,16,12,4,0.75,0,0.0,0,33056.52,1
txn_001504,cust_01841,473.73,card,abandoned,none,7,5,2,0.7143,0,1.33,1,58149.02,1
txn_001505,cust_02182,562.12,netbanking,failed,bank_decline,12,8,4,0.6667,0,5.43,0,77979.46,0
txn_001506,cust_01714,289.16,wallet,success,none,36,27,9,0.75,0,0.0,0,60205.89,1
txn_001507,cust_00919,378.56,card,success,none,30,18,12,0.6,0,0.0,0,75315.2,1
txn_001508,cust_00330,306.65,wallet,abandoned,none,34,17,17,0.5,0,2.34,1,142261.32,1
txn_001509,cust_02332,475.47,wallet,success,none,32,30,2,0.9375,0,0.0,0,21036.28,1
txn_001510,cust_00094,449.31,wallet,success,none,4,3,1,0.75,0,0.0,0,35112.33,1
txn_001511,cust_00662,1986.43,wallet,success,none,21,19,2,0.9048,0,0.0,0,86788.11,1
txn_001512,cust_00718,1910.01,wallet,abandoned,none,20,18,2,0.9,0,6.46,1,145186.78,1
txn_001513,cust_01201,1984.27,upi,failed,bank_decline,18,12,6,0.6667,3,6.48,0,134997.44,0
txn_001514,cust_01818,4337.25,card,failed,authentication_failed,27,22,5,0.8148,0,11.27,0,9055.23,0
txn_001515,cust_00653,1238.51,card,success,none,9,7,2,0.7778,0,0.0,0,114859.97,1
txn_001516,cust_00029,613.5,upi,success,none,24,20,4,0.8333,0,0.0,0,25235.46,1
txn_001517,cust_02129,12227.02,wallet,failed,insufficient_funds,3,3,0,1.0,3,13.41,0,83187.51,0
txn_001518,cust_02201,3313.12,upi,failed,technical_error,40,25,15,0.625,0,6.2,0,90372.26,0
txn_001519,cust_00245,1559.81,netbanking,failed,insufficient_funds,36,33,3,0.9167,2,5.65,0,67441.13,0
txn_001520,cust_01803,1455.16,wallet,failed,insufficient_funds,36,21,15,0.5833,1,11.87,0,27989.24,0
txn_001521,cust_02375,1789.43,upi,failed,network_error,25,25,0,1.0,3,9.23,0,47096.23,1
txn_001522,cust_00996,1094.33,wallet,success,none,9,9,0,1.0,0,0.0,0,17274.76,1
txn_001523,cust_00304,1522.68,wallet,failed,authentication_failed,39,26,13,0.6667,1,10.62,0,121023.67,0
txn_001524,cust_01822,2206.98,netbanking,failed,network_error,30,22,8,0.7333,2,8.36,0,22340.4,0
txn_001525,cust_00607,647.72,netbanking,success,none,21,18,3,0.8571,0,0.0,0,100101.07,1
txn_001526,cust_02309,261.36,netbanking,failed,network_error,35,19,16,0.5429,1,7.99,0,5851.83,1
txn_001527,cust_01802,168.07,netbanking,success,none,11,9,2,0.8182,0,0.0,0,126255.17,1
txn_001528,cust_00527,3254.84,card,success,none,30,21,9,0.7,0,0.0,0,144471.1,1
txn_001529,cust_01054,275.08,card,success,none,39,26,13,0.6667,0,0.0,0,131097.12,1
txn_001530,cust_01241,2133.13,card,success,none,6,4,2,0.6667,0,0.0,0,109001.73,1
txn_001531,cust_02084,422.27,wallet,success,none,10,8,2,0.8,0,0.0,0,45410.42,1
txn_001532,cust_01410,429.13,card,success,none,9,8,1,0.8889,0,0.0,0,132440.02,1
txn_001533,cust_02144,653.15,netbanking,success,none,31,22,9,0.7097,0,0.0,0,140937.11,1
txn_001534,cust_00693,1626.41,wallet,success,none,4,2,2,0.5,0,0.0,0,55941.9,1
txn_001535,cust_00059,369.23,upi,success,none,1,1,0,1.0,0,0.0,0,102362.23,1
txn_001536,cust_00919,722.75,card,success,none,30,18,12,0.6,0,0.0,0,75315.2,1
txn_001537,cust_00490,1305.42,card,success,none,38,23,15,0.6053,0,0.0,0,22324.54,1
txn_001538,cust_00050,399.31,card,failed,network_error,15,10,5,0.6667,0,5.64,0,149601.54,1
txn_001539,cust_01350,5587.2,upi,success,none,27,26,1,0.963,0,0.0,0,103019.8,1
txn_001540,cust_02203,239.24,upi,abandoned,none,8,5,3,0.625,0,0.49,1,14885.3,1
txn_001541,cust_01016,1076.89,card,success,none,26,24,2,0.9231,0,0.0,0,118406.13,1
txn_001542,cust_01004,4781.65,card,success,none,36,22,14,0.6111,0,0.0,0,146708.7,1
txn_001543,cust_00165,356.21,netbanking,success,none,9,9,0,1.0,0,0.0,0,95929.89,1
txn_001544,cust_00779,1200.36,upi,failed,bank_decline,4,3,1,0.75,2,0.95,0,36527.49,1
txn_001545,cust_02399,1529.75,wallet,success,none,28,26,2,0.9286,0,0.0,0,119896.75,1
txn_001546,cust_00210,597.78,netbanking,failed,insufficient_funds,20,15,5,0.75,1,6.75,0,76561.25,0
txn_001547,cust_01950,1239.57,card,success,none,15,9,6,0.6,0,0.0,0,1327.35,1
txn_001548,cust_02451,2348.29,wallet,success,none,1,1,0,1.0,0,0.0,0,145356.4,1
txn_001549,cust_01761,839.54,upi,failed,authentication_failed,23,20,3,0.8696,1,8.29,0,52293.1,0
txn_001550,cust_01869,2876.5,upi,success,none,7,6,1,0.8571,0,0.0,0,77226.13,1
txn_001551,cust_01109,1983.72,wallet,success,none,34,19,15,0.5588,0,0.0,0,33935.37,1
txn_001552,cust_01980,747.77,netbanking,abandoned,none,29,27,2,0.931,0,2.17,1,120914.73,0
txn_001553,cust_01020,4135.88,netbanking,success,none,39,30,9,0.7692,0,0.0,0,16987.8,1
txn_001554,cust_01265,638.46,wallet,success,none,16,12,4,0.75,0,0.0,0,49557.05,1
txn_001555,cust_00747,3152.32,wallet,success,none,37,36,1,0.973,0,0.0,0,147681.53,1
txn_001556,cust_02088,650.01,wallet,success,none,3,2,1,0.6667,0,0.0,0,1749.45,1
txn_001557,cust_01770,976.45,netbanking,success,none,1,1,0,1.0,0,0.0,0,71640.48,1
txn_001558,cust_01403,1138.37,card,success,none,37,22,15,0.5946,0,0.0,0,20458.54,1
txn_001559,cust_00950,1879.17,card,success,none,20,17,3,0.85,0,0.0,0,89464.97,1
txn_001560,cust_02173,119.89,wallet,success,none,8,7,1,0.875,0,0.0,0,72745.98,1
txn_001561,cust_02497,2117.55,card,success,none,25,22,3,0.88,0,0.0,0,99030.27,1
txn_001562,cust_00641,1208.97,card,failed,bank_decline,40,29,11,0.725,1,8.58,0,8414.61,1
txn_001563,cust_02116,1782.44,wallet,success,none,22,15,7,0.6818,0,0.0,0,131804.99,1
txn_001564,cust_01104,2213.85,card,abandoned,none,19,16,3,0.8421,0,3.36,1,35890.07,0
txn_001565,cust_01244,1985.86,netbanking,success,none,11,10,1,0.9091,0,0.0,0,103112.08,1
txn_001566,cust_01450,179.94,netbanking,success,none,4,3,1,0.75,0,0.0,0,117786.44,1
txn_001567,cust_01612,463.58,wallet,success,none,12,7,5,0.5833,0,0.0,0,74075.03,1
txn_001568,cust_00227,1868.36,wallet,success,none,15,14,1,0.9333,0,0.0,0,121177.87,1
txn_001569,cust_01872,1635.49,netbanking,success,none,32,27,5,0.8438,0,0.0,0,30598.35,1
txn_001570,cust_00855,608.17,netbanking,success,none,29,22,7,0.7586,0,0.0,0,149592.1,1
txn_001571,cust_01319,2800.74,wallet,failed,network_error,40,37,3,0.925,1,11.18,0,132581.51,0
txn_001572,cust_01803,1036.47,netbanking,success,none,36,21,15,0.5833,0,0.0,0,27989.24,1
txn_001573,cust_01334,3247.78,wallet,abandoned,none,9,7,2,0.7778,0,4.19,1,47664.68,0
txn_001574,cust_00189,4491.86,wallet,success,none,30,14,16,0.4667,0,0.0,0,53099.11,1
txn_001575,cust_01995,1769.23,card,success,none,34,25,9,0.7353,0,0.0,0,16864.1,1
txn_001576,cust_01537,2334.5,upi,success,none,26,19,7,0.7308,0,0.0,0,12149.74,1
txn_001577,cust_01131,728.9,netbanking,success,none,5,3,2,0.6,0,0.0,0,29036.33,1
txn_001578,cust_01933,3268.9,card,failed,insufficient_funds,6,5,1,0.8333,2,13.68,0,69405.09,0
txn_001579,cust_00622,1665.91,card,success,none,7,5,2,0.7143,0,0.0,0,53166.99,1
txn_001580,cust_02302,997.54,upi,success,none,21,19,2,0.9048,0,0.0,0,74358.72,1
txn_001581,cust_02239,395.91,netbanking,success,none,1,1,0,1.0,0,0.0,0,120851.03,1
txn_001582,cust_00090,824.32,card,failed,insufficient_funds,16,13,3,0.8125,2,13.41,0,34479.9,0
txn_001583,cust_01827,441.65,card,success,none,18,11,7,0.6111,0,0.0,0,32197.97,1
txn_001584,cust_01888,2868.34,netbanking,success,none,4,2,2,0.5,0,0.0,0,15871.53,1
txn_001585,cust_01061,4538.85,netbanking,success,none,10,8,2,0.8,0,0.0,0,25516.04,1
txn_001586,cust_00575,3348.5,upi,success,none,12,11,1,0.9167,0,0.0,0,17379.03,1
txn_001587,cust_01993,16091.08,upi,failed,insufficient_funds,35,28,7,0.8,2,0.33,0,43603.27,0
txn_001588,cust_00132,845.22,netbanking,failed,authentication_failed,5,3,2,0.6,2,8.09,0,101606.67,0
txn_001589,cust_00310,2432.25,upi,abandoned,none,7,6,1,0.8571,0,5.49,1,65594.99,0
txn_001590,cust_02104,411.02,upi,success,none,16,13,3,0.8125,0,0.0,0,15906.71,1
txn_001591,cust_00782,1099.65,upi,failed,authentication_failed,32,26,6,0.8125,2,6.57,0,89914.12,0
txn_001592,cust_00624,305.71,netbanking,success,none,18,18,0,1.0,0,0.0,0,86540.9,1
txn_001593,cust_01392,2364.2,wallet,success,none,18,14,4,0.7778,0,0.0,0,104510.84,1
txn_001594,cust_01772,938.71,upi,success,none,39,34,5,0.8718,0,0.0,0,120328.86,1
txn_001595,cust_01598,171.64,upi,success,none,38,34,4,0.8947,0,0.0,0,149941.26,1
txn_001596,cust_00617,675.18,netbanking,failed,technical_error,4,4,0,1.0,2,7.5,0,145291.4,0
txn_001597,cust_00821,8047.48,netbanking,failed,technical_error,6,5,1,0.8333,1,2.72,0,109335.12,1
txn_001598,cust_01264,2019.15,card,success,none,32,25,7,0.7812,0,0.0,0,145196.7,1
txn_001599,cust_00162,2890.23,card,success,none,4,3,1,0.75,0,0.0,0,14752.47,1
txn_001600,cust_01342,1518.6,netbanking,abandoned,none,12,11,1,0.9167,0,4.64,1,83681.97,1
txn_001601,cust_00669,1117.04,wallet,abandoned,none,7,6,1,0.8571,0,1.71,1,37254.15,0
txn_001602,cust_01456,1360.46,upi,success,none,37,34,3,0.9189,0,0.0,0,63708.67,1
txn_001603,cust_01801,1712.03,upi,failed,authentication_failed,23,19,4,0.8261,0,6.27,0,76589.91,0
txn_001604,cust_00855,447.35,wallet,success,none,29,22,7,0.7586,0,0.0,0,149592.1,1
txn_001605,cust_00814,2872.86,card,failed,technical_error,22,18,4,0.8182,0,1.39,0,41709.27,1
txn_001606,cust_02369,4112.67,upi,success,none,5,4,1,0.8,0,0.0,0,140582.26,1
txn_001607,cust_02004,1100.38,netbanking,failed,network_error,36,34,2,0.9444,3,2.75,0,129861.38,0
txn_001608,cust_02077,793.9,netbanking,success,none,20,15,5,0.75,0,0.0,0,91378.31,1
txn_001609,cust_01872,637.84,upi,success,none,32,27,5,0.8438,0,0.0,0,30598.35,1
txn_001610,cust_01640,7779.26,upi,success,none,37,34,3,0.9189,0,0.0,0,16512.42,1
txn_001611,cust_00268,852.12,wallet,abandoned,none,35,30,5,0.8571,0,4.6,1,120180.36,1
txn_001612,cust_00346,2574.25,wallet,failed,insufficient_funds,12,6,6,0.5,2,10.24,0,29539.6,0
txn_001613,cust_00186,1108.13,card,failed,bank_decline,7,5,2,0.7143,0,1.88,0,57998.72,1
txn_001614,cust_01925,1049.82,upi,success,none,11,5,6,0.4545,0,0.0,0,76329.57,1
txn_001615,cust_01201,623.44,netbanking,success,none,18,12,6,0.6667,0,0.0,0,134997.44,1
txn_001616,cust_01718,507.6,card,success,none,40,30,10,0.75,0,0.0,0,88548.84,1
txn_001617,cust_00621,2807.14,card,success,none,31,18,13,0.5806,0,0.0,0,34412.49,1
txn_001618,cust_00666,496.25,upi,success,none,21,15,6,0.7143,0,0.0,0,26609.1,1
txn_001619,cust_01529,2127.11,netbanking,success,none,4,3,1,0.75,0,0.0,0,145911.33,1
txn_001620,cust_00106,1466.43,netbanking,success,none,7,6,1,0.8571,0,0.0,0,10031.29,1
txn_001621,cust_00592,2843.07,wallet,success,none,29,26,3,0.8966,0,0.0,0,11950.12,1
txn_001622,cust_02452,727.81,card,success,none,38,31,7,0.8158,0,0.0,0,117737.81,1
txn_001623,cust_00913,3944.76,upi,success,none,25,19,6,0.76,0,0.0,0,129760.41,1
txn_001624,cust_01949,1163.06,wallet,abandoned,none,8,6,2,0.75,0,6.01,1,15518.12,1
txn_001625,cust_00551,17884.59,upi,success,none,10,8,2,0.8,0,0.0,0,132926.65,1
txn_001626,cust_01053,266.62,card,success,none,14,13,1,0.9286,0,0.0,0,114517.08,1
txn_001627,cust_00395,15198.24,wallet,success,none,29,27,2,0.931,0,0.0,0,19528.7,1
txn_001628,cust_02340,1180.43,card,success,none,7,6,1,0.8571,0,0.0,0,68028.37,1
txn_001629,cust_00585,1673.72,card,success,none,15,9,6,0.6,0,0.0,0,141866.93,1
txn_001630,cust_01655,731.95,netbanking,failed,insufficient_funds,37,32,5,0.8649,1,3.24,0,97994.46,1
txn_001631,cust_01234,278.97,netbanking,failed,authentication_failed,29,28,1,0.9655,2,10.66,0,83990.77,1
txn_001632,cust_01729,789.66,netbanking,success,none,18,16,2,0.8889,0,0.0,0,61043.12,1
txn_001633,cust_00141,929.19,wallet,success,none,26,24,2,0.9231,0,0.0,0,20500.86,1
txn_001634,cust_00747,1608.09,upi,success,none,37,36,1,0.973,0,0.0,0,147681.53,1
txn_001635,cust_00975,4109.84,card,success,none,30,28,2,0.9333,0,0.0,0,136906.5,1
txn_001636,cust_01970,1620.89,wallet,failed,bank_decline,31,28,3,0.9032,3,6.38,0,138731.26,0
txn_001637,cust_01077,1649.36,wallet,success,none,5,5,0,1.0,0,0.0,0,147934.45,1
txn_001638,cust_02108,1967.2,netbanking,success,none,20,18,2,0.9,0,0.0,0,104325.26,1
txn_001639,cust_01046,231.61,netbanking,failed,authentication_failed,19,12,7,0.6316,3,9.32,0,55764.04,0
txn_001640,cust_01403,254.04,netbanking,success,none,37,22,15,0.5946,0,0.0,0,20458.54,1
txn_001641,cust_00105,299.77,card,success,none,4,3,1,0.75,0,0.0,0,101331.32,1
txn_001642,cust_00456,922.17,upi,success,none,15,14,1,0.9333,0,0.0,0,128545.93,1
txn_001643,cust_01424,206.08,netbanking,success,none,28,23,5,0.8214,0,0.0,0,104410.62,1
txn_001644,cust_00340,671.97,card,success,none,28,19,9,0.6786,0,0.0,0,149498.09,1
txn_001645,cust_02093,340.96,card,success,none,33,24,9,0.7273,0,0.0,0,22225.81,1
txn_001646,cust_00069,2181.39,card,failed,network_error,33,31,2,0.9394,1,7.92,0,91736.56,0
txn_001647,cust_00193,2074.87,netbanking,success,none,18,14,4,0.7778,0,0.0,0,53320.77,1
txn_001648,cust_02175,991.64,card,success,none,38,28,10,0.7368,0,0.0,0,25025.69,1
txn_001649,cust_00679,200.34,card,failed,bank_decline,10,6,4,0.6,3,12.03,0,39139.27,0
txn_001650,cust_01642,1056.65,netbanking,success,none,5,3,2,0.6,0,0.0,0,36461.39,1
txn_001651,cust_01726,1860.55,wallet,success,none,17,7,10,0.4118,0,0.0,0,58073.48,1
txn_001652,cust_01229,3013.11,upi,success,none,21,17,4,0.8095,0,0.0,0,54744.33,1
txn_001653,cust_01277,7734.18,card,abandoned,none,16,13,3,0.8125,0,4.33,1,38649.57,0
txn_001654,cust_00243,4099.0,wallet,success,none,29,25,4,0.8621,0,0.0,0,92285.2,1
txn_001655,cust_00657,1579.36,card,success,none,25,12,13,0.48,0,0.0,0,80354.77,1
txn_001656,cust_01717,1007.03,wallet,success,none,1,1,0,1.0,0,0.0,0,118196.05,1
txn_001657,cust_01436,637.19,upi,success,none,40,34,6,0.85,0,0.0,0,103298.36,1
txn_001658,cust_00576,5196.09,wallet,success,none,2,2,0,1.0,0,0.0,0,20638.68,1
txn_001659,cust_00622,1582.23,card,success,none,7,5,2,0.7143,0,0.0,0,53166.99,1
txn_001660,cust_01342,2516.3,upi,success,none,12,11,1,0.9167,0,0.0,0,83681.97,1
txn_001661,cust_02148,742.32,upi,failed,technical_error,3,3,0,1.0,3,3.33,0,100619.25,0
txn_001662,cust_00512,387.26,wallet,success,none,13,10,3,0.7692,0,0.0,0,93512.78,1
txn_001663,cust_01399,897.54,netbanking,abandoned,none,35,31,4,0.8857,0,0.38,1,60259.66,0
txn_001664,cust_01047,989.37,upi,success,none,15,9,6,0.6,0,0.0,0,33650.16,1
txn_001665,cust_00690,1622.58,wallet,failed,bank_decline,38,29,9,0.7632,0,1.33,0,9369.65,0
txn_001666,cust_02454,640.7,netbanking,success,none,10,9,1,0.9,0,0.0,0,56338.4,1
txn_001667,cust_02026,1373.3,wallet,success,none,10,10,0,1.0,0,0.0,0,6951.15,1
txn_001668,cust_01148,4349.02,netbanking,failed,technical_error,31,26,5,0.8387,2,5.93,0,114482.72,0
txn_001669,cust_01461,251.4,upi,success,none,14,12,2,0.8571,0,0.0,0,6934.2,1
txn_001670,cust_01989,161.27,card,success,none,21,20,1,0.9524,0,0.0,0,106842.56,1
txn_001671,cust_01777,4656.01,netbanking,success,none,30,24,6,0.8,0,0.0,0,38547.81,1
txn_001672,cust_01999,309.94,wallet,success,none,17,14,3,0.8235,0,0.0,0,22817.83,1
txn_001673,cust_01568,915.92,upi,success,none,17,15,2,0.8824,0,0.0,0,137696.86,1
txn_001674,cust_00404,2461.39,upi,success,none,2,2,0,1.0,0,0.0,0,149936.29,1
txn_001675,cust_01478,1262.4,wallet,failed,insufficient_funds,39,35,4,0.8974,2,9.09,0,9199.26,0
txn_001676,cust_01888,1244.78,upi,abandoned,none,4,2,2,0.5,0,5.71,1,15871.53,0
txn_001677,cust_01769,1440.0,upi,success,none,33,32,1,0.9697,0,0.0,0,3987.8,1
txn_001678,cust_01348,16625.85,upi,success,none,25,22,3,0.88,0,0.0,0,144610.53,1
txn_001679,cust_00117,7947.6,wallet,failed,network_error,32,15,17,0.4688,2,11.48,0,72722.4,0
txn_001680,cust_01019,669.33,netbanking,success,none,1,1,0,1.0,0,0.0,0,45460.44,1
txn_001681,cust_01877,3831.03,netbanking,failed,bank_decline,36,32,4,0.8889,1,7.86,0,74956.85,0
txn_001682,cust_01319,2220.54,wallet,failed,bank_decline,40,37,3,0.925,3,12.01,0,132581.51,0
txn_001683,cust_02205,1313.55,card,success,none,35,28,7,0.8,0,0.0,0,124300.75,1
txn_001684,cust_00371,540.3,wallet,success,none,34,24,10,0.7059,0,0.0,0,57676.33,1
txn_001685,cust_00763,2103.52,wallet,success,none,27,19,8,0.7037,0,0.0,0,8935.28,1
txn_001686,cust_01989,986.29,netbanking,success,none,21,20,1,0.9524,0,0.0,0,106842.56,1
txn_001687,cust_01481,916.39,card,abandoned,none,11,8,3,0.7273,0,2.33,1,74965.53,1
txn_001688,cust_02384,621.99,netbanking,failed,technical_error,36,31,5,0.8611,2,10.62,0,67281.89,0
txn_001689,cust_01631,3640.31,upi,success,none,40,29,11,0.725,0,0.0,0,118261.78,1
txn_001690,cust_02450,621.58,wallet,failed,bank_decline,26,23,3,0.8846,2,7.51,0,118582.42,0
txn_001691,cust_01578,625.38,upi,failed,network_error,12,11,1,0.9167,0,4.6,0,53737.54,1
txn_001692,cust_00168,2915.91,card,success,none,28,25,3,0.8929,0,0.0,0,84575.12,1
txn_001693,cust_01122,1159.41,upi,success,none,4,4,0,1.0,0,0.0,0,84795.51,1
txn_001694,cust_00897,1191.04,card,failed,authentication_failed,35,21,14,0.6,1,2.12,0,44161.08,1
txn_001695,cust_00086,3762.71,wallet,failed,authentication_failed,13,12,1,0.9231,1,5.83,0,107229.4,0
txn_001696,cust_02380,4982.57,wallet,success,none,23,22,1,0.9565,0,0.0,0,129194.95,1
txn_001697,cust_01586,159.52,netbanking,failed,network_error,9,7,2,0.7778,2,6.1,0,63465.99,1
txn_001698,cust_00962,1177.59,netbanking,success,none,40,28,12,0.7,0,0.0,0,116416.31,1
txn_001699,cust_00551,326.93,netbanking,failed,bank_decline,10,8,2,0.8,1,1.44,0,132926.65,0
txn_001700,cust_02079,909.78,wallet,success,none,29,24,5,0.8276,0,0.0,0,57830.62,1
txn_001701,cust_02475,1330.44,card,failed,technical_error,36,28,8,0.7778,1,6.57,0,24891.17,0
txn_001702,cust_00218,939.31,wallet,success,none,14,12,2,0.8571,0,0.0,0,65053.33,1
txn_001703,cust_01787,480.45,upi,abandoned,none,18,16,2,0.8889,0,1.28,1,39910.89,1
txn_001704,cust_02290,456.68,upi,failed,authentication_failed,37,27,10,0.7297,1,0.99,0,41092.29,1
txn_001705,cust_01131,2773.71,netbanking,abandoned,none,5,3,2,0.6,0,5.12,1,29036.33,0
txn_001706,cust_02011,6215.55,wallet,failed,bank_decline,4,3,1,0.75,3,3.09,0,2931.82,0
txn_001707,cust_02206,170.63,netbanking,success,none,28,16,12,0.5714,0,0.0,0,78784.59,1
txn_001708,cust_02081,965.24,wallet,success,none,35,29,6,0.8286,0,0.0,0,33759.99,1
txn_001709,cust_02404,2784.89,netbanking,failed,technical_error,16,12,4,0.75,0,10.0,0,25327.15,1
txn_001710,cust_00491,1296.46,upi,success,none,30,27,3,0.9,0,0.0,0,96047.79,1
txn_001711,cust_00661,439.8,card,success,none,30,23,7,0.7667,0,0.0,0,138253.2,1
txn_001712,cust_00735,830.65,card,success,none,40,33,7,0.825,0,0.0,0,20526.31,1
txn_001713,cust_00490,1811.93,netbanking,success,none,38,23,15,0.6053,0,0.0,0,22324.54,1
txn_001714,cust_02352,985.16,wallet,failed,authentication_failed,30,17,13,0.5667,3,2.03,0,95125.12,0
txn_001715,cust_00393,1276.68,netbanking,success,none,39,33,6,0.8462,0,0.0,0,112594.7,1
txn_001716,cust_01033,1314.01,wallet,success,none,26,21,5,0.8077,0,0.0,0,100719.12,1
txn_001717,cust_00822,792.92,card,success,none,6,6,0,1.0,0,0.0,0,65160.47,1
txn_001718,cust_00335,3030.76,netbanking,success,none,2,2,0,1.0,0,0.0,0,14864.95,1
txn_001719,cust_01056,830.9,upi,failed,insufficient_funds,34,29,5,0.8529,0,9.59,0,105861.15,1
txn_001720,cust_00008,490.06,upi,success,none,36,28,8,0.7778,0,0.0,0,30626.81,1
txn_001721,cust_00114,12452.04,netbanking,failed,bank_decline,35,24,11,0.6857,1,8.95,0,125568.11,0
txn_001722,cust_02193,1239.18,card,abandoned,none,22,17,5,0.7727,0,0.77,1,138430.44,1
txn_001723,cust_00634,100.0,netbanking,success,none,2,2,0,1.0,0,0.0,0,14671.89,1
txn_001724,cust_00728,4697.31,card,failed,authentication_failed,32,18,14,0.5625,0,8.75,0,29608.78,0
txn_001725,cust_00493,4682.23,netbanking,abandoned,none,1,1,0,1.0,0,0.84,1,134937.37,1
txn_001726,cust_02418,2115.77,card,failed,authentication_failed,2,2,0,1.0,1,8.49,0,23670.25,0
txn_001727,cust_01382,2519.05,wallet,abandoned,none,27,20,7,0.7407,0,3.88,1,137896.54,1
txn_001728,cust_01835,11611.4,upi,success,none,24,17,7,0.7083,0,0.0,0,142560.22,1
txn_001729,cust_01009,511.42,netbanking,success,none,4,4,0,1.0,0,0.0,0,136282.61,1
txn_001730,cust_02011,1530.33,card,failed,insufficient_funds,4,3,1,0.75,2,0.91,0,2931.82,0
txn_001731,cust_01968,9601.77,upi,failed,insufficient_funds,4,3,1,0.75,2,12.77,0,83430.72,0
txn_001732,cust_02179,11867.62,wallet,failed,bank_decline,33,15,18,0.4545,2,4.55,0,6839.44,0
txn_001733,cust_00812,928.81,netbanking,abandoned,none,13,8,5,0.6154,0,3.04,1,43630.52,1
txn_001734,cust_00338,9998.1,wallet,success,none,38,32,6,0.8421,0,0.0,0,55984.05,1
txn_001735,cust_02299,2988.81,wallet,success,none,32,17,15,0.5312,0,0.0,0,92460.22,1
txn_001736,cust_01177,5974.25,upi,success,none,18,16,2,0.8889,0,0.0,0,80824.98,1
txn_001737,cust_00366,2892.34,netbanking,failed,technical_error,37,20,17,0.5405,1,9.01,0,142419.72,0
txn_001738,cust_02189,1817.92,upi,success,none,27,21,6,0.7778,0,0.0,0,90524.97,1
txn_001739,cust_00772,12202.39,netbanking,abandoned,none,31,23,8,0.7419,0,0.46,1,67841.62,0
txn_001740,cust_01777,789.49,card,success,none,30,24,6,0.8,0,0.0,0,38547.81,1
txn_001741,cust_00184,8975.76,card,success,none,27,24,3,0.8889,0,0.0,0,120533.04,1
txn_001742,cust_00908,10516.38,netbanking,success,none,33,21,12,0.6364,0,0.0,0,84686.03,1
txn_001743,cust_00847,5234.61,upi,success,none,32,25,7,0.7812,0,0.0,0,78144.05,1
txn_001744,cust_00477,1246.72,netbanking,success,none,6,4,2,0.6667,0,0.0,0,65661.75,1
txn_001745,cust_01355,1710.32,card,abandoned,none,18,14,4,0.7778,0,5.8,1,34501.67,1
txn_001746,cust_01647,374.35,upi,success,none,5,3,2,0.6,0,0.0,0,53221.69,1
txn_001747,cust_01058,851.86,wallet,success,none,8,7,1,0.875,0,0.0,0,10201.95,1
txn_001748,cust_01269,2491.68,card,abandoned,none,35,18,17,0.5143,0,4.61,1,27809.15,0
txn_001749,cust_01677,321.59,upi,success,none,24,17,7,0.7083,0,0.0,0,1568.52,1
txn_001750,cust_01140,994.35,card,failed,authentication_failed,39,37,2,0.9487,2,8.44,0,105861.52,0
txn_001751,cust_01620,9365.88,upi,success,none,10,10,0,1.0,0,0.0,0,88404.77,1
txn_001752,cust_00914,1147.84,upi,success,none,27,13,14,0.4815,0,0.0,0,37992.27,1
txn_001753,cust_02002,3765.47,upi,success,none,35,34,1,0.9714,0,0.0,0,5813.65,1
txn_001754,cust_01051,2360.2,wallet,success,none,36,24,12,0.6667,0,0.0,0,137006.74,1
txn_001755,cust_02336,984.67,netbanking,success,none,37,30,7,0.8108,0,0.0,0,8108.69,1
txn_001756,cust_00828,1147.05,upi,success,none,29,28,1,0.9655,0,0.0,0,53380.5,1
txn_001757,cust_00521,1582.66,upi,success,none,24,20,4,0.8333,0,0.0,0,80097.0,1
txn_001758,cust_00937,172.26,upi,failed,bank_decline,8,6,2,0.75,0,10.7,0,20170.85,0
txn_001759,cust_00991,3452.92,wallet,success,none,6,5,1,0.8333,0,0.0,0,52608.16,1
txn_001760,cust_00585,1189.89,wallet,success,none,15,9,6,0.6,0,0.0,0,141866.93,1
txn_001761,cust_02063,3575.7,card,failed,network_error,10,9,1,0.9,0,8.01,0,4539.19,0
txn_001762,cust_01399,1974.76,netbanking,abandoned,none,35,31,4,0.8857,0,2.52,1,60259.66,1
txn_001763,cust_00232,1138.47,wallet,success,none,37,21,16,0.5676,0,0.0,0,29970.85,1
txn_001764,cust_02071,1631.98,upi,success,none,25,23,2,0.92,0,0.0,0,101321.51,1
txn_001765,cust_01376,1637.48,wallet,success,none,35,30,5,0.8571,0,0.0,0,42881.67,1
txn_001766,cust_01007,5861.67,netbanking,success,none,13,10,3,0.7692,0,0.0,0,113630.75,1
txn_001767,cust_01301,1426.04,upi,success,none,6,4,2,0.6667,0,0.0,0,18294.33,1
txn_001768,cust_02122,1786.77,upi,success,none,9,8,1,0.8889,0,0.0,0,133803.26,1
txn_001769,cust_01318,379.22,netbanking,success,none,28,22,6,0.7857,0,0.0,0,59941.77,1
txn_001770,cust_00958,1277.88,upi,success,none,17,15,2,0.8824,0,0.0,0,145093.53,1
txn_001771,cust_01588,5734.81,upi,failed,insufficient_funds,35,31,4,0.8857,0,0.38,0,119432.09,0
txn_001772,cust_01952,2056.62,wallet,success,none,19,16,3,0.8421,0,0.0,0,82605.9,1
txn_001773,cust_01842,454.4,card,success,none,38,33,5,0.8684,0,0.0,0,46611.15,1
txn_001774,cust_01414,505.82,wallet,success,none,24,23,1,0.9583,0,0.0,0,100011.81,1
txn_001775,cust_01861,638.11,netbanking,success,none,8,6,2,0.75,0,0.0,0,63099.56,1
txn_001776,cust_00715,3639.61,wallet,abandoned,none,39,23,16,0.5897,0,6.19,1,131118.67,1
txn_001777,cust_00086,3218.08,wallet,failed,bank_decline,13,12,1,0.9231,0,6.49,0,107229.4,0
txn_001778,cust_02218,100.0,card,abandoned,none,8,6,2,0.75,0,0.96,1,78444.51,1
txn_001779,cust_00853,1234.74,wallet,success,none,9,8,1,0.8889,0,0.0,0,128071.12,1
txn_001780,cust_01853,1552.53,wallet,abandoned,none,9,8,1,0.8889,0,3.3,1,32467.34,1
txn_001781,cust_01634,511.76,card,failed,bank_decline,19,16,3,0.8421,1,3.12,0,19974.91,1
txn_001782,cust_00798,906.44,netbanking,failed,technical_error,7,5,2,0.7143,3,5.31,0,115953.7,0
txn_001783,cust_01610,5069.51,card,success,none,13,11,2,0.8462,0,0.0,0,125667.83,1
txn_001784,cust_01853,2015.94,netbanking,failed,technical_error,9,8,1,0.8889,3,0.81,0,32467.34,1
txn_001785,cust_02260,812.74,card,success,none,5,5,0,1.0,0,0.0,0,137957.44,1
txn_001786,cust_01769,1110.64,card,abandoned,none,33,32,1,0.9697,0,0.26,1,3987.8,1
txn_001787,cust_02325,1066.49,card,success,none,12,9,3,0.75,0,0.0,0,86140.05,1
txn_001788,cust_02308,1775.71,card,success,none,28,26,2,0.9286,0,0.0,0,72269.69,1
txn_001789,cust_00811,320.62,card,success,none,3,2,1,0.6667,0,0.0,0,113240.35,1
txn_001790,cust_00535,685.57,wallet,success,none,17,15,2,0.8824,0,0.0,0,88099.45,1
txn_001791,cust_02174,3772.14,upi,success,none,31,27,4,0.871,0,0.0,0,72374.15,1
txn_001792,cust_00352,1245.68,upi,success,none,12,11,1,0.9167,0,0.0,0,46037.87,1
txn_001793,cust_00217,572.55,netbanking,failed,network_error,1,1,0,1.0,2,2.92,0,46277.37,1
txn_001794,cust_00873,596.66,netbanking,failed,network_error,29,25,4,0.8621,2,8.21,0,70409.15,0
txn_001795,cust_01946,2754.09,netbanking,failed,network_error,22,16,6,0.7273,2,1.51,0,84462.48,0
txn_001796,cust_00623,798.07,card,success,none,36,32,4,0.8889,0,0.0,0,55766.6,1
txn_001797,cust_01679,2232.56,card,success,none,39,22,17,0.5641,0,0.0,0,72568.93,1
txn_001798,cust_01152,715.63,card,abandoned,none,15,15,0,1.0,0,4.68,1,111446.6,1
txn_001799,cust_01823,432.7,upi,failed,bank_decline,12,10,2,0.8333,3,6.67,0,117062.24,0
txn_001800,cust_00082,1710.34,netbanking,abandoned,none,36,25,11,0.6944,0,4.14,1,25603.92,1
txn_001801,cust_00082,1215.15,wallet,abandoned,none,36,25,11,0.6944,0,4.01,1,25603.92,0
txn_001802,cust_00349,2657.46,netbanking,success,none,34,32,2,0.9412,0,0.0,0,89921.82,1
txn_001803,cust_01230,3242.58,wallet,failed,insufficient_funds,6,6,0,1.0,1,13.47,0,1774.09,0
txn_001804,cust_00341,936.39,netbanking,success,none,36,24,12,0.6667,0,0.0,0,50287.9,1
txn_001805,cust_00066,1898.72,wallet,abandoned,none,12,11,1,0.9167,0,2.62,1,76644.57,1
txn_001806,cust_02103,907.95,netbanking,abandoned,none,23,21,2,0.913,0,6.34,1,20104.06,1
txn_001807,cust_01305,2524.12,card,success,none,23,18,5,0.7826,0,0.0,0,71948.22,1
txn_001808,cust_01256,1691.58,netbanking,success,none,40,36,4,0.9,0,0.0,0,57603.6,1
txn_001809,cust_00166,717.78,netbanking,failed,authentication_failed,17,13,4,0.7647,0,4.73,0,25075.71,1
txn_001810,cust_00044,660.12,upi,success,none,32,22,10,0.6875,0,0.0,0,59949.15,1
txn_001811,cust_01926,1752.27,wallet,success,none,31,24,7,0.7742,0,0.0,0,127928.8,1
txn_001812,cust_01108,4282.07,wallet,success,none,10,9,1,0.9,0,0.0,0,147868.64,1
txn_001813,cust_01739,3298.74,wallet,failed,bank_decline,15,15,0,1.0,2,10.1,0,21023.44,0
txn_001814,cust_02003,521.65,netbanking,success,none,29,27,2,0.931,0,0.0,0,16269.52,1
txn_001815,cust_00348,579.49,netbanking,failed,insufficient_funds,38,32,6,0.8421,0,11.37,0,146514.45,0
txn_001816,cust_00439,671.51,card,success,none,31,27,4,0.871,0,0.0,0,147056.45,1
txn_001817,cust_00631,737.63,card,failed,insufficient_funds,23,22,1,0.9565,0,10.15,0,1909.76,0
txn_001818,cust_01398,217.75,upi,success,none,23,12,11,0.5217,0,0.0,0,127665.83,1
txn_001819,cust_01888,2951.42,netbanking,failed,insufficient_funds,4,2,2,0.5,0,0.88,0,15871.53,1
txn_001820,cust_00333,849.05,card,success,none,16,8,8,0.5,0,0.0,0,103900.79,1
txn_001821,cust_00016,2126.16,wallet,failed,bank_decline,25,22,3,0.88,1,0.79,0,15410.74,1
txn_001822,cust_01313,976.76,card,success,none,36,19,17,0.5278,0,0.0,0,24860.22,1
txn_001823,cust_02029,1309.02,card,success,none,20,18,2,0.9,0,0.0,0,74092.09,1
txn_001824,cust_02425,675.07,upi,success,none,20,19,1,0.95,0,0.0,0,118073.08,1
txn_001825,cust_00326,1302.11,card,abandoned,none,23,18,5,0.7826,0,1.92,1,119877.02,0
txn_001826,cust_02357,560.46,card,success,none,22,21,1,0.9545,0,0.0,0,35004.47,1
txn_001827,cust_00311,1311.81,card,success,none,24,20,4,0.8333,0,0.0,0,95702.18,1
txn_001828,cust_00933,5751.54,card,success,none,36,27,9,0.75,0,0.0,0,44001.65,1
txn_001829,cust_01216,2254.32,wallet,success,none,40,36,4,0.9,0,0.0,0,143273.9,1
txn_001830,cust_01748,1791.94,netbanking,failed,bank_decline,11,8,3,0.7273,0,9.2,0,10776.93,0
txn_001831,cust_01031,357.9,netbanking,failed,insufficient_funds,26,22,4,0.8462,0,0.97,0,124221.48,1
txn_001832,cust_00248,2361.98,wallet,success,none,16,13,3,0.8125,0,0.0,0,126139.57,1
txn_001833,cust_01827,2603.09,upi,abandoned,none,18,11,7,0.6111,0,4.75,1,32197.97,1
txn_001834,cust_01481,1751.57,upi,success,none,11,8,3,0.7273,0,0.0,0,74965.53,1
txn_001835,cust_01307,1659.52,wallet,success,none,29,23,6,0.7931,0,0.0,0,48517.51,1
txn_001836,cust_01518,1164.23,wallet,success,none,13,12,1,0.9231,0,0.0,0,110137.04,1
txn_001837,cust_02237,2564.2,card,success,none,40,31,9,0.775,0,0.0,0,104861.55,1
txn_001838,cust_01446,5415.45,wallet,success,none,2,2,0,1.0,0,0.0,0,127335.92,1
txn_001839,cust_01652,1864.09,wallet,failed,authentication_failed,25,22,3,0.88,3,2.22,0,53333.44,0
txn_001840,cust_01580,506.88,wallet,abandoned,none,29,23,6,0.7931,0,6.13,1,132630.15,0
txn_001841,cust_01563,547.18,card,success,none,9,7,2,0.7778,0,0.0,0,19096.54,1
txn_001842,cust_00708,2769.0,card,success,none,11,9,2,0.8182,0,0.0,0,55220.8,1
txn_001843,cust_00389,511.02,upi,success,none,35,28,7,0.8,0,0.0,0,34496.61,1
txn_001844,cust_01382,1637.71,card,success,none,27,20,7,0.7407,0,0.0,0,137896.54,1
txn_001845,cust_01244,948.1,netbanking,success,none,11,10,1,0.9091,0,0.0,0,103112.08,1
txn_001846,cust_02045,458.41,wallet,success,none,16,11,5,0.6875,0,0.0,0,143875.63,1
txn_001847,cust_01997,3078.72,upi,success,none,4,3,1,0.75,0,0.0,0,30785.46,1
txn_001848,cust_01325,2715.61,wallet,success,none,21,19,2,0.9048,0,0.0,0,30364.07,1
txn_001849,cust_02125,345.28,wallet,failed,authentication_failed,2,2,0,1.0,3,0.28,0,127588.5,1
txn_001850,cust_00650,2167.75,netbanking,success,none,26,24,2,0.9231,0,0.0,0,147682.4,1
txn_001851,cust_01758,1872.93,upi,success,none,16,15,1,0.9375,0,0.0,0,56497.55,1
txn_001852,cust_01398,3094.73,netbanking,failed,bank_decline,23,12,11,0.5217,2,7.96,0,127665.83,0
txn_001853,cust_00073,1582.53,wallet,success,none,39,29,10,0.7436,0,0.0,0,49299.25,1
txn_001854,cust_01337,5579.4,card,failed,network_error,10,8,2,0.8,3,11.04,0,77112.91,0
txn_001855,cust_02365,1180.08,netbanking,success,none,2,2,0,1.0,0,0.0,0,19630.95,1
txn_001856,cust_01319,1020.35,card,failed,technical_error,40,37,3,0.925,1,11.41,0,132581.51,1
txn_001857,cust_02308,505.33,wallet,failed,network_error,28,26,2,0.9286,0,5.44,0,72269.69,1
txn_001858,cust_01318,526.4,upi,success,none,28,22,6,0.7857,0,0.0,0,59941.77,1
txn_001859,cust_01090,480.83,upi,success,none,30,26,4,0.8667,0,0.0,0,101351.48,1
txn_001860,cust_01132,1666.36,card,success,none,38,28,10,0.7368,0,0.0,0,108921.48,1
txn_001861,cust_01941,1023.42,card,success,none,40,32,8,0.8,0,0.0,0,95993.18,1
txn_001862,cust_01459,1864.4,wallet,success,none,5,3,2,0.6,0,0.0,0,3486.72,1
txn_001863,cust_01311,399.71,wallet,abandoned,none,11,10,1,0.9091,0,4.27,1,139558.44,1
txn_001864,cust_00771,569.24,upi,success,none,9,7,2,0.7778,0,0.0,0,114067.33,1
txn_001865,cust_00799,559.73,netbanking,success,none,22,19,3,0.8636,0,0.0,0,20878.03,1
txn_001866,cust_00045,11722.56,netbanking,success,none,30,22,8,0.7333,0,0.0,0,22287.87,1
txn_001867,cust_00104,1134.92,upi,success,none,30,26,4,0.8667,0,0.0,0,129711.68,1
txn_001868,cust_00323,1253.42,netbanking,success,none,25,19,6,0.76,0,0.0,0,51123.1,1
txn_001869,cust_00605,1239.6,wallet,success,none,30,21,9,0.7,0,0.0,0,60410.8,1
txn_001870,cust_02433,6328.57,wallet,failed,insufficient_funds,1,1,0,1.0,2,6.44,0,19172.27,1
txn_001871,cust_02485,266.84,wallet,success,none,35,27,8,0.7714,0,0.0,0,123038.41,1
txn_001872,cust_01323,1261.56,upi,success,none,5,4,1,0.8,0,0.0,0,87024.84,1
txn_001873,cust_02264,264.35,wallet,success,none,18,12,6,0.6667,0,0.0,0,34718.03,1
txn_001874,cust_01537,123.99,upi,success,none,26,19,7,0.7308,0,0.0,0,12149.74,1
txn_001875,cust_01621,642.75,card,success,none,10,9,1,0.9,0,0.0,0,116380.61,1
txn_001876,cust_00142,2022.65,netbanking,success,none,20,19,1,0.95,0,0.0,0,69126.46,1
txn_001877,cust_00162,603.18,upi,failed,bank_decline,4,3,1,0.75,3,0.99,0,14752.47,1
txn_001878,cust_00621,1989.75,upi,success,none,31,18,13,0.5806,0,0.0,0,34412.49,1
txn_001879,cust_00963,1489.92,upi,failed,network_error,25,24,1,0.96,2,1.23,0,23018.58,1
txn_001880,cust_00285,1165.53,wallet,success,none,35,31,4,0.8857,0,0.0,0,8760.76,1
txn_001881,cust_01706,4745.55,wallet,success,none,29,20,9,0.6897,0,0.0,0,26758.97,1
txn_001882,cust_00367,738.01,card,success,none,6,5,1,0.8333,0,0.0,0,149093.8,1
txn_001883,cust_01069,1959.91,card,success,none,30,24,6,0.8,0,0.0,0,101242.39,1
txn_001884,cust_02285,220.72,upi,success,none,17,13,4,0.7647,0,0.0,0,37990.38,1
txn_001885,cust_00924,1478.49,wallet,success,none,23,14,9,0.6087,0,0.0,0,8250.06,1
txn_001886,cust_00953,1035.65,card,abandoned,none,37,30,7,0.8108,0,1.05,1,45668.79,1
txn_001887,cust_01588,410.66,wallet,success,none,35,31,4,0.8857,0,0.0,0,119432.09,1
txn_001888,cust_02017,1995.2,upi,success,none,13,10,3,0.7692,0,0.0,0,44832.48,1
txn_001889,cust_02253,639.73,upi,success,none,15,12,3,0.8,0,0.0,0,92663.31,1
txn_001890,cust_00856,7571.79,card,success,none,21,13,8,0.619,0,0.0,0,100508.13,1
txn_001891,cust_00331,117.47,netbanking,success,none,6,5,1,0.8333,0,0.0,0,36962.05,1
txn_001892,cust_01627,1716.87,card,success,none,28,26,2,0.9286,0,0.0,0,118984.54,1
txn_001893,cust_01153,1397.86,netbanking,success,none,2,2,0,1.0,0,0.0,0,39855.34,1
txn_001894,cust_00655,1011.45,card,failed,network_error,1,1,0,1.0,2,2.82,0,75110.41,0
txn_001895,cust_01609,789.0,upi,success,none,37,34,3,0.9189,0,0.0,0,22173.24,1
txn_001896,cust_01825,1434.58,wallet,success,none,12,11,1,0.9167,0,0.0,0,47698.7,1
txn_001897,cust_01588,3874.58,upi,failed,bank_decline,35,31,4,0.8857,1,10.66,0,119432.09,0
txn_001898,cust_01224,251.59,card,failed,network_error,6,5,1,0.8333,2,6.55,0,116052.94,0
txn_001899,cust_00942,598.25,netbanking,success,none,26,17,9,0.6538,0,0.0,0,75511.61,1
txn_001900,cust_00051,468.57,card,failed,network_error,9,7,2,0.7778,1,7.04,0,76919.42,0
txn_001901,cust_01341,447.07,wallet,abandoned,none,35,25,10,0.7143,0,4.25,1,104321.51,1
txn_001902,cust_02014,1887.01,wallet,success,none,24,19,5,0.7917,0,0.0,0,113511.05,1
txn_001903,cust_01018,2414.72,upi,success,none,19,17,2,0.8947,0,0.0,0,131634.73,1
txn_001904,cust_00128,3885.87,upi,failed,network_error,38,37,1,0.9737,0,4.32,0,72041.49,1
txn_001905,cust_02327,2453.08,card,success,none,7,6,1,0.8571,0,0.0,0,108401.5,1
txn_001906,cust_00782,2660.16,wallet,failed,network_error,32,26,6,0.8125,0,3.99,0,89914.12,0
txn_001907,cust_01219,326.42,upi,failed,network_error,18,15,3,0.8333,1,3.75,0,117748.67,0
txn_001908,cust_00839,5905.05,upi,failed,insufficient_funds,37,27,10,0.7297,3,2.53,0,5825.41,1
txn_001909,cust_00962,1085.98,wallet,failed,technical_error,40,28,12,0.7,2,3.85,0,116416.31,0
txn_001910,cust_01965,3763.09,upi,failed,bank_decline,38,35,3,0.9211,1,1.01,0,143472.36,0
txn_001911,cust_00123,338.27,upi,success,none,32,28,4,0.875,0,0.0,0,24064.73,1
txn_001912,cust_01690,1052.14,card,abandoned,none,30,28,2,0.9333,0,4.08,1,40246.72,1
txn_001913,cust_00259,3439.27,netbanking,failed,authentication_failed,22,19,3,0.8636,1,11.25,0,81849.06,1
txn_001914,cust_01114,1377.36,card,success,none,4,3,1,0.75,0,0.0,0,145871.25,1
txn_001915,cust_00008,630.2,upi,failed,authentication_failed,36,28,8,0.7778,3,11.11,0,30626.81,0
txn_001916,cust_00194,4963.24,netbanking,success,none,33,29,4,0.8788,0,0.0,0,60552.08,1
txn_001917,cust_01869,415.13,wallet,success,none,7,6,1,0.8571,0,0.0,0,77226.13,1
txn_001918,cust_01521,1312.35,card,success,none,27,13,14,0.4815,0,0.0,0,4562.63,1
txn_001919,cust_01668,2540.64,card,success,none,28,20,8,0.7143,0,0.0,0,24408.46,1
txn_001920,cust_01424,10890.98,netbanking,success,none,28,23,5,0.8214,0,0.0,0,104410.62,1
txn_001921,cust_02026,846.95,wallet,success,none,10,10,0,1.0,0,0.0,0,6951.15,1
txn_001922,cust_02467,1015.92,netbanking,failed,network_error,17,8,9,0.4706,2,9.07,0,134900.79,0
txn_001923,cust_02209,858.6,card,failed,network_error,31,27,4,0.871,1,8.42,0,118643.78,0
txn_001924,cust_00654,1700.15,card,abandoned,none,19,15,4,0.7895,0,5.57,1,49890.23,0
txn_001925,cust_01624,2411.32,upi,failed,insufficient_funds,26,17,9,0.6538,0,7.32,0,88316.48,0
txn_001926,cust_01044,3997.06,card,failed,network_error,26,15,11,0.5769,3,1.73,0,103224.97,0
txn_001927,cust_01530,2852.78,wallet,success,none,10,8,2,0.8,0,0.0,0,107036.22,1
txn_001928,cust_00898,814.54,netbanking,failed,insufficient_funds,20,19,1,0.95,1,9.0,0,72958.78,0
txn_001929,cust_00772,3021.08,upi,failed,technical_error,31,23,8,0.7419,0,6.98,0,67841.62,0
txn_001930,cust_01256,1467.84,card,failed,network_error,40,36,4,0.9,1,7.63,0,57603.6,1
txn_001931,cust_00783,2822.14,upi,success,none,2,2,0,1.0,0,0.0,0,95161.29,1
txn_001932,cust_00849,2988.02,card,failed,insufficient_funds,17,15,2,0.8824,0,3.62,0,105901.63,0
txn_001933,cust_01729,6837.15,netbanking,success,none,18,16,2,0.8889,0,0.0,0,61043.12,1
txn_001934,cust_02448,939.56,netbanking,success,none,21,19,2,0.9048,0,0.0,0,3245.09,1
txn_001935,cust_01245,776.23,wallet,success,none,11,10,1,0.9091,0,0.0,0,21687.17,1
txn_001936,cust_02431,2094.7,upi,success,none,31,30,1,0.9677,0,0.0,0,28058.96,1
txn_001937,cust_02048,4369.99,netbanking,success,none,35,34,1,0.9714,0,0.0,0,108872.37,1
txn_001938,cust_01940,1419.51,wallet,failed,insufficient_funds,6,5,1,0.8333,3,9.67,0,118975.71,0
txn_001939,cust_01438,4664.39,wallet,abandoned,none,7,5,2,0.7143,0,2.72,1,21861.96,0
txn_001940,cust_00356,2670.6,wallet,success,none,9,8,1,0.8889,0,0.0,0,96042.58,1
txn_001941,cust_01006,1095.3,upi,success,none,31,24,7,0.7742,0,0.0,0,72139.83,1
txn_001942,cust_00989,2352.74,wallet,success,none,10,8,2,0.8,0,0.0,0,44277.45,1
txn_001943,cust_01849,867.12,card,success,none,32,26,6,0.8125,0,0.0,0,54528.38,1
txn_001944,cust_00526,1700.37,upi,abandoned,none,22,18,4,0.8182,0,3.17,1,120830.65,1
txn_001945,cust_01898,457.99,netbanking,success,none,6,6,0,1.0,0,0.0,0,56520.7,1
txn_001946,cust_02195,1251.18,upi,success,none,15,13,2,0.8667,0,0.0,0,57353.49,1
txn_001947,cust_02117,3639.82,wallet,success,none,30,25,5,0.8333,0,0.0,0,67358.34,1
txn_001948,cust_00667,2884.62,upi,success,none,40,31,9,0.775,0,0.0,0,69554.44,1
txn_001949,cust_00450,2492.0,card,abandoned,none,32,29,3,0.9062,0,0.63,1,129923.83,1
txn_001950,cust_01021,1785.55,upi,success,none,22,17,5,0.7727,0,0.0,0,43399.69,1
txn_001951,cust_00724,1571.59,wallet,success,none,28,22,6,0.7857,0,0.0,0,76764.78,1
txn_001952,cust_01393,377.26,wallet,success,none,24,23,1,0.9583,0,0.0,0,68749.65,1
txn_001953,cust_00476,1089.98,upi,success,none,19,16,3,0.8421,0,0.0,0,149616.46,1
txn_001954,cust_02479,1607.79,upi,success,none,1,1,0,1.0,0,0.0,0,116611.77,1
txn_001955,cust_01762,435.11,upi,failed,network_error,17,9,8,0.5294,0,5.92,0,112595.21,1
txn_001956,cust_01788,232.35,wallet,success,none,20,17,3,0.85,0,0.0,0,29065.65,1
txn_001957,cust_01465,4141.58,wallet,success,none,28,11,17,0.3929,0,0.0,0,105569.79,1
txn_001958,cust_00564,1409.29,upi,success,none,39,38,1,0.9744,0,0.0,0,145692.9,1
txn_001959,cust_00766,1652.39,card,success,none,24,21,3,0.875,0,0.0,0,34456.28,1
txn_001960,cust_01530,2334.67,netbanking,success,none,10,8,2,0.8,0,0.0,0,107036.22,1
txn_001961,cust_00760,501.62,wallet,success,none,28,18,10,0.6429,0,0.0,0,14665.32,1
txn_001962,cust_00830,894.71,card,success,none,23,18,5,0.7826,0,0.0,0,92612.87,1
txn_001963,cust_01601,6027.38,upi,success,none,4,3,1,0.75,0,0.0,0,114843.41,1
txn_001964,cust_00050,821.67,upi,success,none,15,10,5,0.6667,0,0.0,0,149601.54,1
txn_001965,cust_02174,1026.74,upi,success,none,31,27,4,0.871,0,0.0,0,72374.15,1
txn_001966,cust_01309,685.75,card,failed,bank_decline,8,5,3,0.625,1,9.33,0,4365.18,0
txn_001967,cust_00878,638.52,upi,success,none,4,3,1,0.75,0,0.0,0,124877.23,1
txn_001968,cust_02218,4045.99,upi,success,none,8,6,2,0.75,0,0.0,0,78444.51,1
txn_001969,cust_02089,112.54,card,failed,insufficient_funds,39,25,14,0.641,3,7.24,0,59718.17,0
txn_001970,cust_02319,848.09,card,success,none,16,15,1,0.9375,0,0.0,0,41141.83,1
txn_001971,cust_01482,1678.09,card,failed,authentication_failed,23,22,1,0.9565,0,10.56,0,78927.8,1
txn_001972,cust_01313,7308.48,wallet,success,none,36,19,17,0.5278,0,0.0,0,24860.22,1
txn_001973,cust_01531,430.43,wallet,success,none,6,5,1,0.8333,0,0.0,0,7541.14,1
txn_001974,cust_00921,362.97,card,success,none,6,3,3,0.5,0,0.0,0,141839.69,1
txn_001975,cust_02088,566.74,wallet,success,none,3,2,1,0.6667,0,0.0,0,1749.45,1
txn_001976,cust_00645,2701.89,card,success,none,14,13,1,0.9286,0,0.0,0,113486.53,1
txn_001977,cust_00308,1518.21,wallet,success,none,22,18,4,0.8182,0,0.0,0,2885.17,1
txn_001978,cust_02301,316.51,upi,failed,bank_decline,31,26,5,0.8387,0,5.24,0,56308.28,1
txn_001979,cust_01903,1479.65,netbanking,success,none,31,22,9,0.7097,0,0.0,0,120184.97,1
txn_001980,cust_01340,6319.77,netbanking,failed,authentication_failed,12,9,3,0.75,3,5.47,0,73513.86,0
txn_001981,cust_02415,1744.95,card,success,none,30,25,5,0.8333,0,0.0,0,93041.68,1
txn_001982,cust_02006,1579.02,netbanking,success,none,33,26,7,0.7879,0,0.0,0,117861.77,1
txn_001983,cust_00258,1676.97,netbanking,success,none,5,4,1,0.8,0,0.0,0,62815.32,1
txn_001984,cust_01184,2027.39,card,success,none,23,20,3,0.8696,0,0.0,0,40831.39,1
txn_001985,cust_00981,377.25,card,success,none,20,17,3,0.85,0,0.0,0,115904.97,1
txn_001986,cust_01373,1062.18,wallet,success,none,11,10,1,0.9091,0,0.0,0,92806.53,1
txn_001987,cust_00772,1119.06,card,failed,network_error,31,23,8,0.7419,1,9.65,0,67841.62,1
txn_001988,cust_02224,825.95,netbanking,success,none,24,21,3,0.875,0,0.0,0,92170.22,1
txn_001989,cust_02131,2660.11,card,success,none,35,22,13,0.6286,0,0.0,0,71343.49,1
txn_001990,cust_01194,710.53,card,success,none,6,4,2,0.6667,0,0.0,0,75478.9,1
txn_001991,cust_01382,934.52,card,failed,authentication_failed,27,20,7,0.7407,2,3.51,0,137896.54,0
txn_001992,cust_01109,379.87,wallet,success,none,34,19,15,0.5588,0,0.0,0,33935.37,1
txn_001993,cust_02483,1955.32,upi,success,none,40,31,9,0.775,0,0.0,0,36579.2,1
txn_001994,cust_02256,3435.45,wallet,success,none,6,4,2,0.6667,0,0.0,0,149525.75,1
txn_001995,cust_01044,933.54,wallet,success,none,26,15,11,0.5769,0,0.0,0,103224.97,1
txn_001996,cust_02391,3003.07,netbanking,success,none,29,20,9,0.6897,0,0.0,0,46872.36,1
txn_001997,cust_01089,1156.37,upi,abandoned,none,2,1,1,0.5,0,4.43,1,146795.11,0
txn_001998,cust_00443,106.97,wallet,success,none,9,8,1,0.8889,0,0.0,0,129740.01,1
txn_001999,cust_00573,1272.18,card,success,none,10,6,4,0.6,0,0.0,0,148141.57,1
txn_002000,cust_00224,1123.75,upi,failed,network_error,19,15,4,0.7895,0,7.72,0,77802.35,1
txn_002001,cust_00393,1484.74,wallet,success,none,39,33,6,0.8462,0,0.0,0,112594.7,1
txn_002002,cust_02321,1725.35,upi,success,none,12,11,1,0.9167,0,0.0,0,75316.73,1
txn_002003,cust_01136,675.92,netbanking,success,none,1,1,0,1.0,0,0.0,0,32559.36,1
txn_002004,cust_02473,5833.16,netbanking,abandoned,none,18,17,1,0.9444,0,2.54,1,130281.61,1
txn_002005,cust_00095,1253.68,netbanking,failed,bank_decline,3,1,2,0.3333,3,2.92,0,129085.67,0
txn_002006,cust_00657,1097.0,upi,success,none,25,12,13,0.48,0,0.0,0,80354.77,1
txn_002007,cust_01105,2820.11,wallet,success,none,37,25,12,0.6757,0,0.0,0,48516.65,1
txn_002008,cust_01665,1364.5,card,success,none,40,37,3,0.925,0,0.0,0,134090.7,1
txn_002009,cust_00711,17428.14,card,success,none,4,4,0,1.0,0,0.0,0,118594.81,1
txn_002010,cust_01264,1085.82,wallet,success,none,32,25,7,0.7812,0,0.0,0,145196.7,1
txn_002011,cust_01584,1904.2,wallet,success,none,36,29,7,0.8056,0,0.0,0,72375.61,1
txn_002012,cust_00336,633.24,wallet,failed,authentication_failed,15,14,1,0.9333,1,10.37,0,61255.77,0
txn_002013,cust_01558,3198.81,upi,success,none,12,9,3,0.75,0,0.0,0,5631.23,1
txn_002014,cust_02014,1823.87,wallet,failed,technical_error,24,19,5,0.7917,2,4.58,0,113511.05,0
txn_002015,cust_01589,954.35,wallet,success,none,25,19,6,0.76,0,0.0,0,117505.45,1
txn_002016,cust_00317,559.79,wallet,success,none,30,20,10,0.6667,0,0.0,0,65900.6,1
txn_002017,cust_00893,361.61,netbanking,success,none,37,28,9,0.7568,0,0.0,0,40433.73,1
txn_002018,cust_01191,2035.94,card,success,none,25,23,2,0.92,0,0.0,0,57198.27,1
txn_002019,cust_00100,334.66,card,success,none,16,14,2,0.875,0,0.0,0,117908.29,1
txn_002020,cust_00090,4956.59,wallet,success,none,16,13,3,0.8125,0,0.0,0,34479.9,1
txn_002021,cust_00084,378.86,wallet,success,none,28,27,1,0.9643,0,0.0,0,144690.07,1
txn_002022,cust_01738,1120.61,upi,success,none,7,6,1,0.8571,0,0.0,0,145902.0,1
txn_002023,cust_01103,554.72,netbanking,failed,network_error,4,3,1,0.75,3,2.3,0,21880.2,1
txn_002024,cust_02399,1383.94,card,failed,authentication_failed,28,26,2,0.9286,2,0.77,0,119896.75,1
txn_002025,cust_00651,1375.41,upi,success,none,4,3,1,0.75,0,0.0,0,2145.38,1
txn_002026,cust_01026,2089.76,upi,success,none,30,23,7,0.7667,0,0.0,0,97594.52,1
txn_002027,cust_00611,291.12,netbanking,success,none,7,7,0,1.0,0,0.0,0,111943.76,1
txn_002028,cust_00762,624.09,card,success,none,23,21,2,0.913,0,0.0,0,139640.32,1
txn_002029,cust_00274,3535.28,card,failed,technical_error,40,32,8,0.8,0,8.06,0,80584.42,0
txn_002030,cust_00721,2587.77,netbanking,success,none,25,16,9,0.64,0,0.0,0,96880.5,1
txn_002031,cust_00688,110.0,card,success,none,5,4,1,0.8,0,0.0,0,70869.24,1
txn_002032,cust_02469,1953.21,upi,success,none,36,27,9,0.75,0,0.0,0,44912.47,1
txn_002033,cust_00733,477.01,upi,failed,technical_error,34,23,11,0.6765,2,10.15,0,6624.38,1
txn_002034,cust_00766,741.13,card,failed,network_error,24,21,3,0.875,1,10.75,0,34456.28,0
txn_002035,cust_00085,1067.07,upi,success,none,35,26,9,0.7429,0,0.0,0,113534.51,1
txn_002036,cust_01922,6357.5,card,failed,bank_decline,25,23,2,0.92,2,8.08,0,23149.51,0
txn_002037,cust_01007,472.15,wallet,success,none,13,10,3,0.7692,0,0.0,0,113630.75,1
txn_002038,cust_01017,329.02,card,success,none,12,12,0,1.0,0,0.0,0,140554.7,1
txn_002039,cust_00275,2101.32,wallet,success,none,26,18,8,0.6923,0,0.0,0,89192.02,1
txn_002040,cust_02167,1302.42,wallet,success,none,15,12,3,0.8,0,0.0,0,12486.15,1
txn_002041,cust_02218,4478.32,wallet,failed,authentication_failed,8,6,2,0.75,2,11.03,0,78444.51,0
txn_002042,cust_01660,941.21,netbanking,success,none,7,6,1,0.8571,0,0.0,0,12055.86,1
txn_002043,cust_02061,4495.43,wallet,success,none,28,24,4,0.8571,0,0.0,0,97337.61,1
txn_002044,cust_00301,1361.4,netbanking,failed,insufficient_funds,13,13,0,1.0,3,5.42,0,12323.48,0
txn_002045,cust_00098,2273.59,netbanking,success,none,14,12,2,0.8571,0,0.0,0,81345.86,1
txn_002046,cust_00883,6795.01,wallet,failed,bank_decline,6,5,1,0.8333,3,12.13,0,38340.19,0
txn_002047,cust_00573,1133.14,netbanking,success,none,10,6,4,0.6,0,0.0,0,148141.57,1
txn_002048,cust_00931,3807.26,wallet,success,none,26,24,2,0.9231,0,0.0,0,8622.5,1
txn_002049,cust_01906,725.17,netbanking,failed,authentication_failed,11,8,3,0.7273,1,5.88,0,16453.25,1
txn_002050,cust_00597,1681.66,upi,success,none,21,13,8,0.619,0,0.0,0,57754.76,1
txn_002051,cust_01906,315.87,wallet,failed,authentication_failed,11,8,3,0.7273,0,8.42,0,16453.25,0
txn_002052,cust_02100,808.9,wallet,success,none,5,3,2,0.6,0,0.0,0,38352.45,1
txn_002053,cust_01964,464.97,upi,success,none,29,12,17,0.4138,0,0.0,0,69150.79,1
txn_002054,cust_02076,4540.32,card,success,none,33,20,13,0.6061,0,0.0,0,16814.2,1
txn_002055,cust_02301,7622.03,netbanking,success,none,31,26,5,0.8387,0,0.0,0,56308.28,1
txn_002056,cust_02135,939.45,netbanking,success,none,19,15,4,0.7895,0,0.0,0,20948.31,1
txn_002057,cust_01886,618.29,netbanking,success,none,15,10,5,0.6667,0,0.0,0,69055.93,1
txn_002058,cust_00209,359.98,upi,failed,authentication_failed,8,7,1,0.875,3,10.71,0,108243.39,0
txn_002059,cust_02245,1745.06,upi,abandoned,none,26,20,6,0.7692,0,1.16,1,92480.87,0
txn_002060,cust_01353,733.42,wallet,failed,network_error,6,4,2,0.6667,1,2.08,0,85244.27,0
txn_002061,cust_00382,773.78,wallet,success,none,39,29,10,0.7436,0,0.0,0,71016.96,1
txn_002062,cust_00181,6833.48,netbanking,success,none,12,11,1,0.9167,0,0.0,0,132331.01,1
txn_002063,cust_01714,995.85,card,success,none,36,27,9,0.75,0,0.0,0,60205.89,1
txn_002064,cust_00622,2408.24,wallet,success,none,7,5,2,0.7143,0,0.0,0,53166.99,1
txn_002065,cust_00863,1412.28,upi,abandoned,none,16,11,5,0.6875,0,1.23,1,118765.59,1
txn_002066,cust_01977,345.43,upi,success,none,39,38,1,0.9744,0,0.0,0,137470.63,1
txn_002067,cust_00679,211.69,wallet,success,none,10,6,4,0.6,0,0.0,0,39139.27,1
txn_002068,cust_01404,2180.96,netbanking,failed,network_error,32,30,2,0.9375,2,8.88,0,118457.24,0
txn_002069,cust_00638,7362.17,netbanking,failed,bank_decline,21,19,2,0.9048,1,11.43,0,116748.51,0
txn_002070,cust_01115,1835.34,netbanking,abandoned,none,25,18,7,0.72,0,2.17,1,118084.88,0
txn_002071,cust_01658,2500.11,upi,abandoned,none,3,3,0,1.0,0,2.17,1,44941.38,0
txn_002072,cust_00437,542.02,card,success,none,19,18,1,0.9474,0,0.0,0,76821.93,1
txn_002073,cust_00897,3695.59,card,success,none,35,21,14,0.6,0,0.0,0,44161.08,1
txn_002074,cust_00404,3650.08,netbanking,success,none,2,2,0,1.0,0,0.0,0,149936.29,1
txn_002075,cust_02321,667.67,netbanking,success,none,12,11,1,0.9167,0,0.0,0,75316.73,1
txn_002076,cust_01971,2310.94,upi,failed,insufficient_funds,12,9,3,0.75,3,5.74,0,104080.84,0
txn_002077,cust_01697,228.97,wallet,abandoned,none,4,3,1,0.75,0,2.4,1,126278.78,1
txn_002078,cust_01262,2762.56,card,success,none,12,11,1,0.9167,0,0.0,0,144721.62,1
txn_002079,cust_01624,755.65,card,success,none,26,17,9,0.6538,0,0.0,0,88316.48,1
txn_002080,cust_01174,392.63,card,success,none,32,30,2,0.9375,0,0.0,0,3344.03,1
txn_002081,cust_00653,2003.48,netbanking,success,none,9,7,2,0.7778,0,0.0,0,114859.97,1
txn_002082,cust_00413,227.75,upi,success,none,7,6,1,0.8571,0,0.0,0,128802.23,1
txn_002083,cust_00615,1886.38,wallet,success,none,8,6,2,0.75,0,0.0,0,62210.49,1
txn_002084,cust_00623,431.7,upi,success,none,36,32,4,0.8889,0,0.0,0,55766.6,1
txn_002085,cust_00547,348.53,netbanking,abandoned,none,16,13,3,0.8125,0,2.63,1,133201.64,0
txn_002086,cust_01464,1422.05,upi,success,none,33,30,3,0.9091,0,0.0,0,115299.39,1
txn_002087,cust_01353,1127.15,upi,success,none,6,4,2,0.6667,0,0.0,0,85244.27,1
txn_002088,cust_00162,5749.05,upi,failed,bank_decline,4,3,1,0.75,1,12.57,0,14752.47,0
txn_002089,cust_02009,370.63,upi,success,none,25,21,4,0.84,0,0.0,0,63068.37,1
txn_002090,cust_02155,5297.84,upi,failed,network_error,18,13,5,0.7222,1,1.0,0,125395.97,0
txn_002091,cust_01065,429.39,card,success,none,33,27,6,0.8182,0,0.0,0,67376.92,1
txn_002092,cust_00394,3359.15,wallet,success,none,37,31,6,0.8378,0,0.0,0,138257.69,1
txn_002093,cust_00132,4048.46,wallet,failed,bank_decline,5,3,2,0.6,3,11.36,0,101606.67,0
txn_002094,cust_02085,1847.26,netbanking,success,none,24,18,6,0.75,0,0.0,0,143651.36,1
txn_002095,cust_01643,607.31,wallet,failed,bank_decline,21,14,7,0.6667,2,9.36,0,26015.23,0
txn_002096,cust_01890,292.09,card,failed,insufficient_funds,19,14,5,0.7368,0,0.92,0,54671.98,0
txn_002097,cust_00605,190.23,upi,abandoned,none,30,21,9,0.7,0,0.97,1,60410.8,0
txn_002098,cust_01158,8538.08,netbanking,success,none,16,15,1,0.9375,0,0.0,0,75395.92,1
txn_002099,cust_01973,995.4,wallet,success,none,9,9,0,1.0,0,0.0,0,16429.54,1
txn_002100,cust_02262,443.78,netbanking,abandoned,none,36,28,8,0.7778,0,1.55,1,137336.34,1
txn_002101,cust_00139,427.02,netbanking,success,none,14,7,7,0.5,0,0.0,0,100789.17,1
txn_002102,cust_00271,1584.24,upi,success,none,2,2,0,1.0,0,0.0,0,58939.72,1
txn_002103,cust_01033,902.48,wallet,success,none,26,21,5,0.8077,0,0.0,0,100719.12,1
txn_002104,cust_01629,196.51,netbanking,success,none,12,10,2,0.8333,0,0.0,0,106370.26,1
txn_002105,cust_01730,3179.7,netbanking,abandoned,none,40,29,11,0.725,0,5.29,1,91689.63,0
txn_002106,cust_00754,1872.41,upi,failed,bank_decline,24,17,7,0.7083,2,5.88,0,83626.57,0
txn_002107,cust_01371,8433.03,card,success,none,38,27,11,0.7105,0,0.0,0,103680.9,1
txn_002108,cust_02101,4191.41,wallet,abandoned,none,13,10,3,0.7692,0,6.36,1,109112.8,0
txn_002109,cust_01712,100.0,upi,failed,network_error,17,11,6,0.6471,2,11.22,0,48642.67,0
txn_002110,cust_00012,5524.64,upi,success,none,11,8,3,0.7273,0,0.0,0,105022.77,1
txn_002111,cust_02053,4480.51,card,success,none,13,11,2,0.8462,0,0.0,0,48726.6,1
txn_002112,cust_02069,641.38,netbanking,success,none,29,21,8,0.7241,0,0.0,0,94902.37,1
txn_002113,cust_02419,869.07,card,success,none,35,29,6,0.8286,0,0.0,0,4297.5,1
txn_002114,cust_00162,2021.76,wallet,abandoned,none,4,3,1,0.75,0,4.18,1,14752.47,1
txn_002115,cust_01870,485.79,upi,success,none,40,37,3,0.925,0,0.0,0,18542.45,1
txn_002116,cust_02414,1050.76,upi,success,none,19,12,7,0.6316,0,0.0,0,17443.1,1
txn_002117,cust_01899,3641.09,card,abandoned,none,22,9,13,0.4091,0,5.86,1,28247.54,1
txn_002118,cust_01085,2247.85,netbanking,failed,insufficient_funds,23,19,4,0.8261,1,9.39,0,18676.34,0
txn_002119,cust_01618,687.61,netbanking,success,none,22,11,11,0.5,0,0.0,0,107823.71,1
txn_002120,cust_00909,3724.77,wallet,success,none,21,16,5,0.7619,0,0.0,0,37018.94,1
txn_002121,cust_00196,1813.28,upi,failed,network_error,2,2,0,1.0,3,0.33,0,18185.92,0
txn_002122,cust_01255,1752.34,upi,success,none,26,23,3,0.8846,0,0.0,0,50500.37,1
txn_002123,cust_02188,800.36,netbanking,failed,bank_decline,11,10,1,0.9091,3,7.89,0,33685.21,0
txn_002124,cust_02233,1330.7,card,success,none,29,20,9,0.6897,0,0.0,0,117683.28,1
txn_002125,cust_01347,617.64,card,abandoned,none,32,29,3,0.9062,0,0.24,1,21343.67,1
txn_002126,cust_01058,192.38,card,success,none,8,7,1,0.875,0,0.0,0,10201.95,1
txn_002127,cust_01703,1012.53,card,failed,bank_decline,3,2,1,0.6667,1,5.12,0,75813.12,0
txn_002128,cust_01183,1185.41,netbanking,abandoned,none,34,27,7,0.7941,0,4.87,1,38610.31,0
txn_002129,cust_00313,1536.54,card,failed,insufficient_funds,28,24,4,0.8571,1,1.02,0,27244.41,0
txn_002130,cust_01107,4501.45,card,success,none,21,21,0,1.0,0,0.0,0,36298.7,1
txn_002131,cust_00498,697.65,wallet,success,none,28,24,4,0.8571,0,0.0,0,103856.71,1
txn_002132,cust_01140,927.27,upi,success,none,39,37,2,0.9487,0,0.0,0,105861.52,1
txn_002133,cust_00723,2881.82,wallet,failed,technical_error,34,26,8,0.7647,2,10.18,0,14924.49,0
txn_002134,cust_00354,631.11,upi,success,none,3,3,0,1.0,0,0.0,0,146169.94,1
txn_002135,cust_02139,1562.04,card,success,none,40,35,5,0.875,0,0.0,0,102940.09,1
txn_002136,cust_01440,890.44,upi,success,none,25,20,5,0.8,0,0.0,0,53378.81,1
txn_002137,cust_01772,1049.82,upi,failed,authentication_failed,39,34,5,0.8718,1,2.43,0,120328.86,0
txn_002138,cust_01981,2858.76,upi,abandoned,none,9,6,3,0.6667,0,5.24,1,62499.08,0
txn_002139,cust_02025,922.0,wallet,success,none,1,1,0,1.0,0,0.0,0,50253.86,1
txn_002140,cust_00816,2953.49,upi,success,none,26,23,3,0.8846,0,0.0,0,111752.85,1
txn_002141,cust_02339,190.1,netbanking,success,none,17,14,3,0.8235,0,0.0,0,72004.37,1
txn_002142,cust_01526,320.66,netbanking,success,none,20,17,3,0.85,0,0.0,0,16488.4,1
txn_002143,cust_01291,131.87,wallet,success,none,28,24,4,0.8571,0,0.0,0,16785.74,1
txn_002144,cust_02436,417.48,upi,success,none,3,2,1,0.6667,0,0.0,0,30677.8,1
txn_002145,cust_02268,8577.04,netbanking,success,none,33,26,7,0.7879,0,0.0,0,16863.28,1
txn_002146,cust_01299,1316.15,card,success,none,2,1,1,0.5,0,0.0,0,72932.89,1
txn_002147,cust_01202,651.12,upi,failed,insufficient_funds,37,31,6,0.8378,2,9.34,0,99058.28,0
txn_002148,cust_01058,2930.14,wallet,abandoned,none,8,7,1,0.875,0,2.04,1,10201.95,0
txn_002149,cust_00305,3374.53,netbanking,success,none,37,33,4,0.8919,0,0.0,0,117612.67,1
txn_002150,cust_01229,395.11,wallet,success,none,21,17,4,0.8095,0,0.0,0,54744.33,1
txn_002151,cust_01343,16288.26,card,failed,bank_decline,32,26,6,0.8125,0,5.14,0,44036.38,1
txn_002152,cust_01083,1765.75,netbanking,success,none,25,17,8,0.68,0,0.0,0,56971.18,1
txn_002153,cust_02361,2002.9,card,success,none,29,27,2,0.931,0,0.0,0,117365.13,1
txn_002154,cust_00202,2202.25,netbanking,success,none,37,30,7,0.8108,0,0.0,0,29321.74,1
txn_002155,cust_02218,2197.64,upi,failed,technical_error,8,6,2,0.75,2,12.7,0,78444.51,0
txn_002156,cust_00412,719.48,wallet,failed,insufficient_funds,22,17,5,0.7727,2,12.87,0,48837.68,0
txn_002157,cust_01366,11075.82,netbanking,failed,bank_decline,3,3,0,1.0,0,1.41,0,68010.12,0
txn_002158,cust_00017,1007.08,upi,failed,insufficient_funds,23,16,7,0.6957,3,11.35,0,90955.18,0
txn_002159,cust_00438,3489.51,netbanking,success,none,18,14,4,0.7778,0,0.0,0,62908.06,1
txn_002160,cust_01015,833.03,upi,success,none,3,3,0,1.0,0,0.0,0,149578.6,1
txn_002161,cust_02331,697.66,upi,success,none,1,1,0,1.0,0,0.0,0,27314.48,1
txn_002162,cust_00895,8972.01,card,success,none,27,17,10,0.6296,0,0.0,0,93098.16,1
txn_002163,cust_02088,1201.86,card,abandoned,none,3,2,1,0.6667,0,0.14,1,1749.45,1
txn_002164,cust_01120,1294.52,card,success,none,15,12,3,0.8,0,0.0,0,45809.73,1
txn_002165,cust_01761,1778.66,card,success,none,23,20,3,0.8696,0,0.0,0,52293.1,1
txn_002166,cust_02162,18065.7,netbanking,success,none,23,18,5,0.7826,0,0.0,0,122768.28,1
txn_002167,cust_02420,11716.59,wallet,failed,network_error,7,5,2,0.7143,2,3.56,0,43035.07,0
txn_002168,cust_00511,4835.71,wallet,success,none,23,18,5,0.7826,0,0.0,0,33631.68,1
txn_002169,cust_00006,23239.82,upi,success,none,6,4,2,0.6667,0,0.0,0,33577.06,1
txn_002170,cust_01037,520.83,card,success,none,25,22,3,0.88,0,0.0,0,36092.67,1
txn_002171,cust_02377,2580.88,upi,abandoned,none,29,18,11,0.6207,0,1.82,1,94345.62,0
txn_002172,cust_00946,1444.94,card,failed,insufficient_funds,39,30,9,0.7692,3,1.95,0,134076.62,1
txn_002173,cust_00462,228.36,upi,success,none,38,24,14,0.6316,0,0.0,0,50467.21,1
txn_002174,cust_00057,2128.34,wallet,success,none,30,22,8,0.7333,0,0.0,0,79838.04,1
txn_002175,cust_00592,819.89,card,failed,insufficient_funds,29,26,3,0.8966,2,4.62,0,11950.12,0
txn_002176,cust_02126,6207.42,netbanking,success,none,2,2,0,1.0,0,0.0,0,122083.72,1
txn_002177,cust_00598,902.33,card,success,none,39,32,7,0.8205,0,0.0,0,80052.97,1
txn_002178,cust_00995,852.44,wallet,success,none,36,32,4,0.8889,0,0.0,0,104729.52,1
txn_002179,cust_00201,6204.74,netbanking,success,none,33,25,8,0.7576,0,0.0,0,18231.22,1
txn_002180,cust_00252,1254.57,upi,failed,technical_error,5,4,1,0.8,2,2.93,0,107318.18,1
txn_002181,cust_01177,4285.01,card,success,none,18,16,2,0.8889,0,0.0,0,80824.98,1
txn_002182,cust_00057,2047.47,wallet,failed,technical_error,30,22,8,0.7333,0,8.25,0,79838.04,1
txn_002183,cust_00919,2075.11,wallet,success,none,30,18,12,0.6,0,0.0,0,75315.2,1
txn_002184,cust_01954,1049.38,wallet,success,none,3,3,0,1.0,0,0.0,0,134634.69,1
txn_002185,cust_01795,2213.23,card,success,none,27,23,4,0.8519,0,0.0,0,61285.24,1
txn_002186,cust_01991,1174.39,wallet,success,none,38,35,3,0.9211,0,0.0,0,86025.09,1
txn_002187,cust_02088,599.56,card,success,none,3,2,1,0.6667,0,0.0,0,1749.45,1
txn_002188,cust_02139,1206.82,netbanking,success,none,40,35,5,0.875,0,0.0,0,102940.09,1
txn_002189,cust_02116,4855.32,netbanking,failed,insufficient_funds,22,15,7,0.6818,0,7.98,0,131804.99,0
txn_002190,cust_00989,2289.32,netbanking,success,none,10,8,2,0.8,0,0.0,0,44277.45,1
txn_002191,cust_02278,2888.35,card,success,none,38,23,15,0.6053,0,0.0,0,129441.47,1
txn_002192,cust_00014,1341.4,card,abandoned,none,14,12,2,0.8571,0,2.36,1,143624.75,1
txn_002193,cust_02269,192.91,wallet,success,none,5,4,1,0.8,0,0.0,0,75972.21,1
txn_002194,cust_00793,394.88,card,success,none,25,24,1,0.96,0,0.0,0,131126.38,1
txn_002195,cust_01741,1003.24,netbanking,success,none,21,14,7,0.6667,0,0.0,0,41143.58,1
txn_002196,cust_00818,430.5,wallet,success,none,12,8,4,0.6667,0,0.0,0,74934.28,1
txn_002197,cust_02316,792.86,netbanking,success,none,7,7,0,1.0,0,0.0,0,49489.99,1
txn_002198,cust_00804,764.67,card,success,none,9,6,3,0.6667,0,0.0,0,10401.98,1
txn_002199,cust_01462,788.07,wallet,failed,technical_error,4,3,1,0.75,2,6.95,0,142353.32,0
txn_002200,cust_02304,5637.35,upi,success,none,32,23,9,0.7188,0,0.0,0,28247.91,1
txn_002201,cust_00562,1270.32,card,success,none,30,29,1,0.9667,0,0.0,0,14659.34,1
txn_002202,cust_01914,3410.69,wallet,success,none,5,4,1,0.8,0,0.0,0,39980.32,1
txn_002203,cust_00421,1578.05,wallet,failed,bank_decline,1,1,0,1.0,1,3.14,0,98991.4,1
txn_002204,cust_01051,5517.87,upi,failed,authentication_failed,36,24,12,0.6667,0,13.88,0,137006.74,0
txn_002205,cust_01843,3718.14,card,success,none,5,4,1,0.8,0,0.0,0,123752.73,1
txn_002206,cust_00487,741.36,upi,failed,technical_error,6,5,1,0.8333,1,0.71,0,91814.28,0
txn_002207,cust_02217,9524.56,card,success,none,1,1,0,1.0,0,0.0,0,87120.08,1
txn_002208,cust_00027,850.21,wallet,failed,bank_decline,7,6,1,0.8571,3,12.44,0,57638.81,0
txn_002209,cust_02064,1635.99,card,abandoned,none,22,21,1,0.9545,0,2.02,1,6645.06,1
txn_002210,cust_01430,1952.81,netbanking,failed,technical_error,9,7,2,0.7778,1,0.47,0,96594.85,1
txn_002211,cust_02342,2182.8,upi,success,none,24,21,3,0.875,0,0.0,0,84492.16,1
txn_002212,cust_00643,2969.59,card,failed,bank_decline,28,25,3,0.8929,1,11.6,0,73363.59,0
txn_002213,cust_01209,628.42,wallet,success,none,25,19,6,0.76,0,0.0,0,101878.21,1
txn_002214,cust_00551,2730.76,upi,success,none,10,8,2,0.8,0,0.0,0,132926.65,1
txn_002215,cust_00837,2395.02,netbanking,success,none,5,4,1,0.8,0,0.0,0,36163.31,1
txn_002216,cust_01228,1340.06,wallet,success,none,10,4,6,0.4,0,0.0,0,111208.64,1
txn_002217,cust_00652,1107.94,wallet,success,none,20,15,5,0.75,0,0.0,0,141853.29,1
txn_002218,cust_00144,596.99,card,success,none,40,32,8,0.8,0,0.0,0,149769.71,1
txn_002219,cust_00445,2165.38,upi,failed,bank_decline,27,18,9,0.6667,0,2.24,0,51641.41,1
txn_002220,cust_00940,691.96,card,success,none,24,11,13,0.4583,0,0.0,0,113489.81,1
txn_002221,cust_02274,1699.15,netbanking,failed,bank_decline,29,23,6,0.7931,1,13.36,0,144942.26,0
txn_002222,cust_01824,1210.36,netbanking,success,none,32,22,10,0.6875,0,0.0,0,50561.79,1
txn_002223,cust_00083,352.78,card,success,none,34,29,5,0.8529,0,0.0,0,130992.52,1
txn_002224,cust_02194,526.66,wallet,abandoned,none,39,31,8,0.7949,0,6.14,1,88998.8,1
txn_002225,cust_00520,2007.76,upi,success,none,35,32,3,0.9143,0,0.0,0,131592.63,1
txn_002226,cust_00464,792.89,wallet,success,none,29,20,9,0.6897,0,0.0,0,15857.04,1
txn_002227,cust_00554,766.3,upi,success,none,18,16,2,0.8889,0,0.0,0,5874.73,1
txn_002228,cust_00950,623.94,card,success,none,20,17,3,0.85,0,0.0,0,89464.97,1
txn_002229,cust_02486,645.48,upi,success,none,13,9,4,0.6923,0,0.0,0,79086.4,1
txn_002230,cust_01390,6923.43,upi,success,none,5,4,1,0.8,0,0.0,0,95410.54,1
txn_002231,cust_00558,437.06,card,success,none,24,18,6,0.75,0,0.0,0,82125.41,1
txn_002232,cust_00841,5842.44,card,failed,bank_decline,24,23,1,0.9583,0,7.3,0,56429.99,0
txn_002233,cust_00293,962.24,wallet,failed,technical_error,14,12,2,0.8571,0,10.35,0,70290.06,1
txn_002234,cust_00675,696.62,netbanking,abandoned,none,8,8,0,1.0,0,2.43,1,80060.12,1
txn_002235,cust_00048,1966.13,upi,failed,insufficient_funds,38,34,4,0.8947,0,1.26,0,64836.64,1
txn_002236,cust_02400,1412.39,upi,success,none,39,34,5,0.8718,0,0.0,0,35451.09,1
txn_002237,cust_00403,1099.38,wallet,failed,technical_error,37,33,4,0.8919,2,0.9,0,88481.32,0
txn_002238,cust_02478,1668.84,upi,failed,network_error,35,30,5,0.8571,2,5.37,0,55699.79,1
txn_002239,cust_02065,1390.19,netbanking,failed,network_error,5,4,1,0.8,1,1.28,0,9085.94,0
txn_002240,cust_02460,1079.66,wallet,success,none,7,7,0,1.0,0,0.0,0,19748.29,1
txn_002241,cust_00314,3414.12,card,success,none,34,25,9,0.7353,0,0.0,0,144855.59,1
txn_002242,cust_02054,315.14,upi,success,none,6,6,0,1.0,0,0.0,0,142283.56,1
txn_002243,cust_02078,536.64,wallet,success,none,19,16,3,0.8421,0,0.0,0,115025.86,1
txn_002244,cust_00201,608.98,upi,success,none,33,25,8,0.7576,0,0.0,0,18231.22,1
txn_002245,cust_01548,465.01,netbanking,success,none,8,6,2,0.75,0,0.0,0,80852.76,1
txn_002246,cust_02114,1459.61,netbanking,success,none,28,22,6,0.7857,0,0.0,0,42225.3,1
txn_002247,cust_02307,2220.35,upi,success,none,9,8,1,0.8889,0,0.0,0,9068.08,1
txn_002248,cust_01104,188.19,card,abandoned,none,19,16,3,0.8421,0,2.65,1,35890.07,1
txn_002249,cust_01271,833.76,card,failed,authentication_failed,30,29,1,0.9667,0,7.78,0,141503.26,1
txn_002250,cust_01925,971.01,upi,success,none,11,5,6,0.4545,0,0.0,0,76329.57,1
txn_002251,cust_02467,1006.41,wallet,success,none,17,8,9,0.4706,0,0.0,0,134900.79,1
txn_002252,cust_00070,370.52,card,success,none,10,8,2,0.8,0,0.0,0,56713.16,1
txn_002253,cust_00193,979.14,upi,failed,network_error,18,14,4,0.7778,0,12.47,0,53320.77,0
txn_002254,cust_00021,538.55,netbanking,success,none,19,14,5,0.7368,0,0.0,0,124581.29,1
txn_002255,cust_00727,958.74,wallet,success,none,22,17,5,0.7727,0,0.0,0,142202.57,1
txn_002256,cust_02113,239.94,card,success,none,15,14,1,0.9333,0,0.0,0,107117.67,1
txn_002257,cust_02165,965.3,upi,success,none,1,1,0,1.0,0,0.0,0,75773.71,1
txn_002258,cust_00269,652.6,card,success,none,15,14,1,0.9333,0,0.0,0,73746.19,1
txn_002259,cust_01209,1030.21,card,success,none,25,19,6,0.76,0,0.0,0,101878.21,1
txn_002260,cust_01260,1809.48,wallet,success,none,21,18,3,0.8571,0,0.0,0,90878.48,1
txn_002261,cust_01720,1280.83,card,success,none,10,8,2,0.8,0,0.0,0,23081.76,1
txn_002262,cust_02165,2961.33,wallet,success,none,1,1,0,1.0,0,0.0,0,75773.71,1
txn_002263,cust_01032,933.77,upi,success,none,33,15,18,0.4545,0,0.0,0,49861.07,1
txn_002264,cust_01599,2487.13,netbanking,abandoned,none,11,8,3,0.7273,0,4.46,1,15920.02,1
txn_002265,cust_01531,4125.68,netbanking,failed,insufficient_funds,6,5,1,0.8333,1,5.71,0,7541.14,1
txn_002266,cust_01512,1761.22,netbanking,success,none,36,22,14,0.6111,0,0.0,0,69055.18,1
txn_002267,cust_00786,1311.86,upi,success,none,1,1,0,1.0,0,0.0,0,92606.63,1
txn_002268,cust_01261,2027.1,wallet,failed,network_error,13,12,1,0.9231,0,10.83,0,72372.45,0
txn_002269,cust_01509,1824.54,card,success,none,26,24,2,0.9231,0,0.0,0,11270.04,1
txn_002270,cust_00731,3645.48,netbanking,success,none,7,7,0,1.0,0,0.0,0,76645.77,1
txn_002271,cust_01908,2962.53,upi,success,none,37,31,6,0.8378,0,0.0,0,102080.58,1
txn_002272,cust_01187,2998.38,upi,abandoned,none,16,11,5,0.6875,0,2.11,1,148544.72,1
txn_002273,cust_00886,1399.72,card,abandoned,none,6,4,2,0.6667,0,5.79,1,75883.4,1
txn_002274,cust_02156,1884.14,netbanking,success,none,17,13,4,0.7647,0,0.0,0,87216.08,1
txn_002275,cust_00501,1849.23,wallet,failed,bank_decline,31,29,2,0.9355,0,1.35,0,16891.34,0
txn_002276,cust_01863,400.46,wallet,failed,insufficient_funds,17,15,2,0.8824,0,8.53,0,71685.05,1
txn_002277,cust_02431,3900.72,upi,success,none,31,30,1,0.9677,0,0.0,0,28058.96,1
txn_002278,cust_00888,252.32,card,success,none,38,36,2,0.9474,0,0.0,0,23974.95,1
txn_002279,cust_00925,2730.35,upi,failed,insufficient_funds,19,18,1,0.9474,0,13.39,0,74739.24,0
txn_002280,cust_02069,1749.34,wallet,failed,network_error,29,21,8,0.7241,3,1.42,0,94902.37,0
txn_002281,cust_01668,1007.99,upi,success,none,28,20,8,0.7143,0,0.0,0,24408.46,1
txn_002282,cust_00109,1980.67,upi,success,none,13,10,3,0.7692,0,0.0,0,80906.58,1
txn_002283,cust_01700,2035.65,upi,success,none,31,22,9,0.7097,0,0.0,0,86334.43,1
txn_002284,cust_02146,362.2,upi,success,none,32,28,4,0.875,0,0.0,0,35530.74,1
txn_002285,cust_01935,5519.96,wallet,success,none,32,25,7,0.7812,0,0.0,0,67613.15,1
txn_002286,cust_02442,1439.63,upi,abandoned,none,36,27,9,0.75,0,6.36,1,78618.01,0
txn_002287,cust_00876,13558.0,wallet,success,none,12,11,1,0.9167,0,0.0,0,115399.46,1
txn_002288,cust_00549,2950.62,upi,success,none,24,14,10,0.5833,0,0.0,0,100902.45,1
txn_002289,cust_00505,1407.26,netbanking,success,none,26,23,3,0.8846,0,0.0,0,41897.58,1
txn_002290,cust_00948,671.8,wallet,success,none,40,26,14,0.65,0,0.0,0,48460.97,1
txn_002291,cust_00109,1198.9,card,failed,authentication_failed,13,10,3,0.7692,1,2.47,0,80906.58,0
txn_002292,cust_00884,1555.93,card,success,none,36,29,7,0.8056,0,0.0,0,41893.2,1
txn_002293,cust_01373,5798.94,netbanking,success,none,11,10,1,0.9091,0,0.0,0,92806.53,1
txn_002294,cust_00150,4567.22,netbanking,success,none,29,23,6,0.7931,0,0.0,0,125228.0,1
txn_002295,cust_00176,2103.77,netbanking,success,none,7,7,0,1.0,0,0.0,0,53698.12,1
txn_002296,cust_01383,7857.24,card,success,none,18,15,3,0.8333,0,0.0,0,130190.09,1
txn_002297,cust_01784,178.36,upi,success,none,20,16,4,0.8,0,0.0,0,102977.56,1
txn_002298,cust_00528,2127.68,wallet,failed,insufficient_funds,10,7,3,0.7,0,13.22,0,113368.57,0
txn_002299,cust_00227,4701.57,card,success,none,15,14,1,0.9333,0,0.0,0,121177.87,1
txn_002300,cust_02489,2315.63,upi,failed,insufficient_funds,21,18,3,0.8571,3,2.24,0,62060.87,0
txn_002301,cust_01313,353.26,card,success,none,36,19,17,0.5278,0,0.0,0,24860.22,1
txn_002302,cust_00896,5374.62,netbanking,failed,network_error,2,2,0,1.0,0,11.46,0,75207.67,1
txn_002303,cust_00752,2867.94,wallet,success,none,9,7,2,0.7778,0,0.0,0,131077.29,1
txn_002304,cust_01988,1887.51,wallet,failed,bank_decline,12,9,3,0.75,1,13.78,0,76080.12,0
txn_002305,cust_01190,1463.17,upi,success,none,3,2,1,0.6667,0,0.0,0,14931.58,1
txn_002306,cust_02272,9834.99,upi,failed,authentication_failed,35,27,8,0.7714,1,4.86,0,122158.96,1
txn_002307,cust_02254,2089.16,card,success,none,3,3,0,1.0,0,0.0,0,54601.26,1
txn_002308,cust_01534,1051.61,upi,success,none,24,21,3,0.875,0,0.0,0,69310.25,1
txn_002309,cust_01850,595.04,upi,success,none,13,10,3,0.7692,0,0.0,0,25567.64,1
txn_002310,cust_01509,2857.0,upi,failed,network_error,26,24,2,0.9231,1,13.1,0,11270.04,0
txn_002311,cust_01856,3591.17,netbanking,success,none,3,3,0,1.0,0,0.0,0,56903.67,1
txn_002312,cust_02449,1417.31,wallet,failed,technical_error,18,13,5,0.7222,3,12.19,0,88119.83,0
txn_002313,cust_02264,766.8,wallet,success,none,18,12,6,0.6667,0,0.0,0,34718.03,1
txn_002314,cust_00595,5064.73,netbanking,success,none,18,14,4,0.7778,0,0.0,0,94023.31,1
txn_002315,cust_02330,551.47,card,success,none,10,7,3,0.7,0,0.0,0,71475.07,1
txn_002316,cust_01206,9599.3,upi,failed,network_error,26,14,12,0.5385,1,13.35,0,139402.37,0
txn_002317,cust_00444,642.56,card,failed,bank_decline,18,17,1,0.9444,2,10.95,0,116128.59,0
txn_002318,cust_01761,373.05,wallet,success,none,23,20,3,0.8696,0,0.0,0,52293.1,1
txn_002319,cust_00225,423.96,wallet,success,none,40,30,10,0.75,0,0.0,0,50943.05,1
txn_002320,cust_02286,441.54,wallet,success,none,6,4,2,0.6667,0,0.0,0,60440.66,1
txn_002321,cust_01873,1057.23,wallet,abandoned,none,13,11,2,0.8462,0,0.31,1,116915.88,1
txn_002322,cust_00885,838.68,netbanking,success,none,20,16,4,0.8,0,0.0,0,92549.81,1
txn_002323,cust_00935,3731.78,card,success,none,36,34,2,0.9444,0,0.0,0,42678.38,1
txn_002324,cust_01482,3235.94,card,failed,technical_error,23,22,1,0.9565,1,9.24,0,78927.8,0
txn_002325,cust_00072,1071.15,netbanking,failed,network_error,34,31,3,0.9118,3,12.43,0,137855.53,1
txn_002326,cust_00584,29833.42,wallet,success,none,7,6,1,0.8571,0,0.0,0,68348.81,1
txn_002327,cust_00604,1057.05,wallet,success,none,15,12,3,0.8,0,0.0,0,62658.22,1
txn_002328,cust_00601,1207.71,wallet,success,none,8,8,0,1.0,0,0.0,0,128066.12,1
txn_002329,cust_02256,373.37,wallet,success,none,6,4,2,0.6667,0,0.0,0,149525.75,1
txn_002330,cust_00299,1235.78,card,success,none,20,14,6,0.7,0,0.0,0,86793.71,1
txn_002331,cust_01745,1803.35,upi,success,none,27,19,8,0.7037,0,0.0,0,111400.78,1
txn_002332,cust_00597,409.85,card,failed,network_error,21,13,8,0.619,2,13.73,0,57754.76,0
txn_002333,cust_01032,813.47,card,failed,authentication_failed,33,15,18,0.4545,1,3.44,0,49861.07,0
txn_002334,cust_01273,1857.54,netbanking,success,none,19,16,3,0.8421,0,0.0,0,124860.99,1
txn_002335,cust_00121,792.48,card,success,none,30,23,7,0.7667,0,0.0,0,43502.14,1
txn_002336,cust_00027,642.8,wallet,success,none,7,6,1,0.8571,0,0.0,0,57638.81,1
txn_002337,cust_01595,2928.17,upi,abandoned,none,15,8,7,0.5333,0,0.91,1,5366.22,0
txn_002338,cust_01586,371.63,card,success,none,9,7,2,0.7778,0,0.0,0,63465.99,1
txn_002339,cust_01372,451.28,upi,success,none,40,31,9,0.775,0,0.0,0,95282.82,1
txn_002340,cust_02162,1599.39,upi,success,none,23,18,5,0.7826,0,0.0,0,122768.28,1
txn_002341,cust_01201,3121.78,upi,failed,network_error,18,12,6,0.6667,0,6.4,0,134997.44,0
txn_002342,cust_02138,1818.06,card,failed,authentication_failed,1,1,0,1.0,3,8.81,0,99739.09,1
txn_002343,cust_01509,1070.75,card,success,none,26,24,2,0.9231,0,0.0,0,11270.04,1
txn_002344,cust_02029,986.94,wallet,success,none,20,18,2,0.9,0,0.0,0,74092.09,1
txn_002345,cust_00665,3679.17,upi,failed,authentication_failed,26,23,3,0.8846,1,10.19,0,4107.63,0
txn_002346,cust_01687,3162.13,card,success,none,24,17,7,0.7083,0,0.0,0,132938.41,1
txn_002347,cust_02276,1407.89,upi,failed,authentication_failed,16,14,2,0.875,3,12.93,0,113863.52,0
txn_002348,cust_00660,1014.73,upi,failed,network_error,3,3,0,1.0,0,5.62,0,65996.72,1
txn_002349,cust_02186,1387.52,netbanking,success,none,14,11,3,0.7857,0,0.0,0,67931.3,1
txn_002350,cust_00831,647.3,wallet,success,none,28,21,7,0.75,0,0.0,0,41908.75,1
txn_002351,cust_01287,1152.66,netbanking,failed,bank_decline,23,19,4,0.8261,1,4.89,0,25784.44,0
txn_002352,cust_00446,820.95,wallet,success,none,33,22,11,0.6667,0,0.0,0,40808.73,1
txn_002353,cust_00044,1210.94,card,failed,bank_decline,32,22,10,0.6875,0,1.19,0,59949.15,1
txn_002354,cust_01556,850.92,upi,success,none,26,21,5,0.8077,0,0.0,0,77505.49,1
txn_002355,cust_02103,2261.88,netbanking,success,none,23,21,2,0.913,0,0.0,0,20104.06,1
txn_002356,cust_02349,3036.33,netbanking,success,none,33,28,5,0.8485,0,0.0,0,73636.57,1
txn_002357,cust_01833,916.25,upi,failed,technical_error,31,24,7,0.7742,2,4.37,0,58114.15,0
txn_002358,cust_00691,594.74,netbanking,success,none,33,20,13,0.6061,0,0.0,0,12054.41,1
txn_002359,cust_01205,2728.81,upi,abandoned,none,14,14,0,1.0,0,0.75,1,88468.38,1
txn_002360,cust_00217,1611.24,card,success,none,1,1,0,1.0,0,0.0,0,46277.37,1
txn_002361,cust_00417,928.22,wallet,success,none,36,25,11,0.6944,0,0.0,0,6467.87,1
txn_002362,cust_00581,5300.48,wallet,failed,authentication_failed,27,22,5,0.8148,1,12.82,0,79386.74,1
txn_002363,cust_00662,761.25,upi,failed,technical_error,21,19,2,0.9048,1,1.52,0,86788.11,1
txn_002364,cust_02128,182.56,wallet,success,none,38,31,7,0.8158,0,0.0,0,32701.34,1
txn_002365,cust_02013,659.87,wallet,success,none,29,23,6,0.7931,0,0.0,0,124667.54,1
txn_002366,cust_00949,6757.3,card,failed,technical_error,26,24,2,0.9231,1,7.65,0,148601.74,0
txn_002367,cust_01673,974.86,upi,success,none,19,12,7,0.6316,0,0.0,0,45312.7,1
txn_002368,cust_01842,799.96,upi,success,none,38,33,5,0.8684,0,0.0,0,46611.15,1
txn_002369,cust_02231,1375.54,wallet,success,none,26,23,3,0.8846,0,0.0,0,110631.58,1
txn_002370,cust_00488,3681.45,wallet,success,none,25,22,3,0.88,0,0.0,0,93336.84,1
txn_002371,cust_02034,1232.87,card,failed,technical_error,33,27,6,0.8182,1,12.06,0,24746.2,1
txn_002372,cust_00010,2419.58,wallet,success,none,29,27,2,0.931,0,0.0,0,88800.59,1
txn_002373,cust_00701,1108.47,card,success,none,33,27,6,0.8182,0,0.0,0,23478.3,1
txn_002374,cust_00653,2438.68,upi,abandoned,none,9,7,2,0.7778,0,4.78,1,114859.97,0
txn_002375,cust_00061,1604.01,netbanking,success,none,35,26,9,0.7429,0,0.0,0,112880.79,1
txn_002376,cust_00430,899.65,netbanking,success,none,39,36,3,0.9231,0,0.0,0,120097.75,1
txn_002377,cust_00299,1733.84,card,success,none,20,14,6,0.7,0,0.0,0,86793.71,1
txn_002378,cust_01341,778.59,wallet,abandoned,none,35,25,10,0.7143,0,5.31,1,104321.51,0
txn_002379,cust_02284,337.58,netbanking,success,none,34,17,17,0.5,0,0.0,0,80812.13,1
txn_002380,cust_02220,1313.06,netbanking,failed,insufficient_funds,21,18,3,0.8571,1,1.86,0,61917.92,0
txn_002381,cust_01356,368.94,upi,abandoned,none,19,13,6,0.6842,0,4.87,1,26063.14,1
txn_002382,cust_02222,2434.34,wallet,abandoned,none,38,24,14,0.6316,0,4.23,1,38791.28,0
txn_002383,cust_02079,1290.14,netbanking,success,none,29,24,5,0.8276,0,0.0,0,57830.62,1
txn_002384,cust_02481,5559.66,netbanking,failed,technical_error,12,10,2,0.8333,0,9.1,0,132556.92,1
txn_002385,cust_01851,962.72,wallet,abandoned,none,26,22,4,0.8462,0,5.28,1,3849.59,1
txn_002386,cust_01808,1312.87,upi,success,none,22,18,4,0.8182,0,0.0,0,98510.76,1
txn_002387,cust_02229,308.08,wallet,success,none,31,27,4,0.871,0,0.0,0,38812.87,1
txn_002388,cust_02209,444.04,card,success,none,31,27,4,0.871,0,0.0,0,118643.78,1
txn_002389,cust_01126,249.95,wallet,failed,technical_error,6,5,1,0.8333,0,10.1,0,138411.69,0
txn_002390,cust_01890,3934.32,wallet,success,none,19,14,5,0.7368,0,0.0,0,54671.98,1
txn_002391,cust_02220,845.94,card,failed,technical_error,21,18,3,0.8571,3,7.13,0,61917.92,0
txn_002392,cust_00631,5049.68,card,success,none,23,22,1,0.9565,0,0.0,0,1909.76,1
txn_002393,cust_02024,100.0,upi,failed,technical_error,38,26,12,0.6842,2,9.57,0,127056.12,1
txn_002394,cust_00763,6298.55,card,success,none,27,19,8,0.7037,0,0.0,0,8935.28,1
txn_002395,cust_00123,1251.35,netbanking,failed,authentication_failed,32,28,4,0.875,3,10.21,0,24064.73,0
txn_002396,cust_01871,1881.54,upi,success,none,8,7,1,0.875,0,0.0,0,117929.25,1
txn_002397,cust_01146,462.69,card,failed,network_error,33,26,7,0.7879,2,3.83,0,132538.98,1
txn_002398,cust_02145,2269.44,wallet,success,none,3,2,1,0.6667,0,0.0,0,33604.05,1
txn_002399,cust_00575,921.58,netbanking,failed,technical_error,12,11,1,0.9167,2,2.68,0,17379.03,1
txn_002400,cust_00546,405.88,netbanking,failed,bank_decline,32,28,4,0.875,1,7.69,0,18301.95,0
txn_002401,cust_02346,400.35,upi,success,none,37,31,6,0.8378,0,0.0,0,97829.96,1
txn_002402,cust_00327,393.33,netbanking,success,none,22,20,2,0.9091,0,0.0,0,42669.11,1
txn_002403,cust_01980,1959.1,card,failed,network_error,29,27,2,0.931,3,2.43,0,120914.73,0
txn_002404,cust_01654,709.36,card,failed,bank_decline,31,25,6,0.8065,2,7.46,0,118520.77,0
txn_002405,cust_01516,259.8,upi,success,none,24,17,7,0.7083,0,0.0,0,89161.95,1
txn_002406,cust_02067,1937.78,upi,success,none,37,27,10,0.7297,0,0.0,0,123421.28,1
txn_002407,cust_01499,152.52,upi,abandoned,none,31,24,7,0.7742,0,3.48,1,55232.5,1
txn_002408,cust_01583,5059.75,netbanking,success,none,19,13,6,0.6842,0,0.0,0,75334.85,1
txn_002409,cust_01998,9763.54,netbanking,failed,bank_decline,11,8,3,0.7273,0,2.8,0,147546.33,0
txn_002410,cust_00492,360.53,upi,abandoned,none,30,24,6,0.8,0,0.88,1,39043.68,1
txn_002411,cust_01984,3837.02,card,success,none,36,30,6,0.8333,0,0.0,0,95254.91,1
txn_002412,cust_01367,1899.03,card,success,none,23,20,3,0.8696,0,0.0,0,129467.74,1
txn_002413,cust_01492,812.37,card,success,none,24,19,5,0.7917,0,0.0,0,9260.43,1
txn_002414,cust_01203,851.18,wallet,success,none,12,10,2,0.8333,0,0.0,0,139386.19,1
txn_002415,cust_00829,2577.25,upi,success,none,3,2,1,0.6667,0,0.0,0,109295.34,1
txn_002416,cust_00879,1286.97,wallet,success,none,34,25,9,0.7353,0,0.0,0,23799.3,1
txn_002417,cust_02149,100.06,upi,success,none,34,31,3,0.9118,0,0.0,0,136251.19,1
txn_002418,cust_01300,10646.8,upi,success,none,19,15,4,0.7895,0,0.0,0,62980.34,1
txn_002419,cust_00614,2065.6,upi,success,none,36,30,6,0.8333,0,0.0,0,84690.82,1
txn_002420,cust_00357,1271.55,upi,failed,bank_decline,32,27,5,0.8438,3,5.42,0,16285.56,0
txn_002421,cust_00500,653.0,wallet,success,none,13,8,5,0.6154,0,0.0,0,149906.66,1
txn_002422,cust_00540,1108.81,wallet,success,none,40,22,18,0.55,0,0.0,0,33983.71,1
txn_002423,cust_00963,4765.64,netbanking,success,none,25,24,1,0.96,0,0.0,0,23018.58,1
txn_002424,cust_01356,1739.96,wallet,success,none,19,13,6,0.6842,0,0.0,0,26063.14,1
txn_002425,cust_02391,1949.59,wallet,failed,authentication_failed,29,20,9,0.6897,3,3.99,0,46872.36,0
txn_002426,cust_00567,384.07,wallet,failed,technical_error,37,20,17,0.5405,2,13.77,0,31575.63,0
txn_002427,cust_01146,944.23,netbanking,failed,authentication_failed,33,26,7,0.7879,2,11.17,0,132538.98,0
txn_002428,cust_01180,1409.59,card,success,none,12,11,1,0.9167,0,0.0,0,16945.45,1
txn_002429,cust_00487,2688.04,upi,failed,authentication_failed,6,5,1,0.8333,2,0.45,0,91814.28,0
txn_002430,cust_00026,883.76,upi,success,none,6,5,1,0.8333,0,0.0,0,128442.34,1
txn_002431,cust_01526,3387.57,card,success,none,20,17,3,0.85,0,0.0,0,16488.4,1
txn_002432,cust_00298,426.51,card,success,none,7,4,3,0.5714,0,0.0,0,87224.03,1
txn_002433,cust_00475,1435.88,netbanking,failed,insufficient_funds,16,15,1,0.9375,1,0.18,0,95042.99,1
txn_002434,cust_00139,1214.86,card,success,none,14,7,7,0.5,0,0.0,0,100789.17,1
txn_002435,cust_00747,294.26,upi,success,none,37,36,1,0.973,0,0.0,0,147681.53,1
txn_002436,cust_02130,1277.03,wallet,success,none,35,26,9,0.7429,0,0.0,0,134203.9,1
txn_002437,cust_02010,747.99,card,success,none,21,18,3,0.8571,0,0.0,0,144909.15,1
txn_002438,cust_00910,5507.0,wallet,success,none,8,6,2,0.75,0,0.0,0,40853.28,1
txn_002439,cust_01807,888.69,netbanking,success,none,12,8,4,0.6667,0,0.0,0,142091.58,1
txn_002440,cust_00027,1902.4,card,success,none,7,6,1,0.8571,0,0.0,0,57638.81,1
txn_002441,cust_00687,391.1,netbanking,success,none,21,16,5,0.7619,0,0.0,0,23492.65,1
txn_002442,cust_00286,1696.92,card,failed,bank_decline,23,18,5,0.7826,0,10.34,0,34409.1,1
txn_002443,cust_00258,884.44,card,success,none,5,4,1,0.8,0,0.0,0,62815.32,1
txn_002444,cust_00030,616.29,netbanking,success,none,23,19,4,0.8261,0,0.0,0,32216.55,1
txn_002445,cust_00034,22785.79,upi,success,none,16,11,5,0.6875,0,0.0,0,25346.97,1
txn_002446,cust_02006,940.63,card,success,none,33,26,7,0.7879,0,0.0,0,117861.77,1
txn_002447,cust_01414,1083.61,upi,success,none,24,23,1,0.9583,0,0.0,0,100011.81,1
txn_002448,cust_01655,3301.04,upi,success,none,37,32,5,0.8649,0,0.0,0,97994.46,1
txn_002449,cust_00741,621.15,netbanking,success,none,16,9,7,0.5625,0,0.0,0,145468.7,1
txn_002450,cust_01488,2004.75,netbanking,success,none,28,20,8,0.7143,0,0.0,0,41525.11,1
txn_002451,cust_02340,2231.26,upi,success,none,7,6,1,0.8571,0,0.0,0,68028.37,1
txn_002452,cust_02093,1710.77,wallet,success,none,33,24,9,0.7273,0,0.0,0,22225.81,1
txn_002453,cust_00988,13310.91,upi,success,none,26,18,8,0.6923,0,0.0,0,122938.24,1
txn_002454,cust_00745,599.28,wallet,abandoned,none,31,29,2,0.9355,0,4.55,1,135692.18,1
txn_002455,cust_01873,6232.92,card,success,none,13,11,2,0.8462,0,0.0,0,116915.88,1
txn_002456,cust_00890,2147.67,card,abandoned,none,39,31,8,0.7949,0,6.49,1,51305.32,1
txn_002457,cust_00707,3325.75,card,success,none,34,31,3,0.9118,0,0.0,0,78889.46,1
txn_002458,cust_00877,1884.15,wallet,failed,insufficient_funds,9,6,3,0.6667,3,11.21,0,65460.12,0
txn_002459,cust_02397,8762.86,upi,success,none,32,30,2,0.9375,0,0.0,0,142096.67,1
txn_002460,cust_02256,972.55,card,success,none,6,4,2,0.6667,0,0.0,0,149525.75,1
txn_002461,cust_01490,2202.22,card,failed,technical_error,37,21,16,0.5676,1,4.55,0,94502.39,0
txn_002462,cust_01093,4941.74,wallet,success,none,16,11,5,0.6875,0,0.0,0,69633.17,1
txn_002463,cust_01897,765.98,wallet,success,none,18,15,3,0.8333,0,0.0,0,131892.86,1
txn_002464,cust_01188,3642.54,card,abandoned,none,15,15,0,1.0,0,4.04,1,45696.22,1
txn_002465,cust_01040,1314.7,wallet,success,none,37,30,7,0.8108,0,0.0,0,2703.92,1
txn_002466,cust_00740,389.6,wallet,success,none,3,3,0,1.0,0,0.0,0,62217.93,1
txn_002467,cust_02385,313.69,wallet,success,none,35,31,4,0.8857,0,0.0,0,27378.46,1
txn_002468,cust_01803,1223.14,upi,success,none,36,21,15,0.5833,0,0.0,0,27989.24,1
txn_002469,cust_02441,3607.91,wallet,failed,authentication_failed,3,2,1,0.6667,0,3.08,0,111963.96,0
txn_002470,cust_01339,167.51,card,success,none,37,26,11,0.7027,0,0.0,0,58172.78,1
txn_002471,cust_02126,1636.72,card,success,none,2,2,0,1.0,0,0.0,0,122083.72,1
txn_002472,cust_00404,3269.45,card,failed,authentication_failed,2,2,0,1.0,0,7.72,0,149936.29,1
txn_002473,cust_00183,373.18,netbanking,failed,authentication_failed,22,19,3,0.8636,3,7.31,0,117575.59,0
txn_002474,cust_02331,710.55,wallet,success,none,1,1,0,1.0,0,0.0,0,27314.48,1
txn_002475,cust_01525,2374.08,netbanking,success,none,25,21,4,0.84,0,0.0,0,127501.89,1
txn_002476,cust_01616,3129.22,upi,failed,insufficient_funds,22,16,6,0.7273,1,0.34,0,137766.53,0
txn_002477,cust_00968,6661.49,wallet,success,none,14,11,3,0.7857,0,0.0,0,62146.23,1
txn_002478,cust_02351,745.2,netbanking,success,none,25,19,6,0.76,0,0.0,0,92435.9,1
txn_002479,cust_00668,592.54,card,failed,technical_error,24,20,4,0.8333,0,0.42,0,14131.35,1
txn_002480,cust_02365,6993.14,card,failed,technical_error,2,2,0,1.0,2,9.33,0,19630.95,1
txn_002481,cust_00815,629.58,wallet,success,none,24,19,5,0.7917,0,0.0,0,66105.76,1
txn_002482,cust_02095,2224.5,card,success,none,17,15,2,0.8824,0,0.0,0,29954.61,1
txn_002483,cust_00021,11885.98,wallet,abandoned,none,19,14,5,0.7368,0,0.67,1,124581.29,0
txn_002484,cust_02048,2843.27,upi,success,none,35,34,1,0.9714,0,0.0,0,108872.37,1
txn_002485,cust_01630,2931.5,upi,success,none,36,34,2,0.9444,0,0.0,0,104340.5,1
txn_002486,cust_00474,4808.14,card,success,none,3,3,0,1.0,0,0.0,0,93001.46,1
txn_002487,cust_01886,2263.95,wallet,success,none,15,10,5,0.6667,0,0.0,0,69055.93,1
txn_002488,cust_00220,2945.61,upi,success,none,21,16,5,0.7619,0,0.0,0,70283.24,1
txn_002489,cust_00366,950.9,upi,success,none,37,20,17,0.5405,0,0.0,0,142419.72,1
txn_002490,cust_00531,4272.53,card,success,none,36,26,10,0.7222,0,0.0,0,55500.48,1
txn_002491,cust_00131,2025.32,wallet,success,none,12,11,1,0.9167,0,0.0,0,11209.68,1
txn_002492,cust_02168,305.49,wallet,abandoned,none,18,14,4,0.7778,0,1.47,1,32516.05,1
txn_002493,cust_00877,1707.77,upi,success,none,9,6,3,0.6667,0,0.0,0,65460.12,1
txn_002494,cust_01558,152.99,netbanking,success,none,12,9,3,0.75,0,0.0,0,5631.23,1
txn_002495,cust_00733,2735.07,wallet,success,none,34,23,11,0.6765,0,0.0,0,6624.38,1
txn_002496,cust_01235,1060.45,upi,success,none,33,23,10,0.697,0,0.0,0,61798.58,1
txn_002497,cust_00722,9005.16,upi,success,none,22,15,7,0.6818,0,0.0,0,122164.53,1
txn_002498,cust_02288,2185.57,wallet,success,none,12,11,1,0.9167,0,0.0,0,72006.76,1
txn_002499,cust_01381,3375.1,upi,success,none,7,6,1,0.8571,0,0.0,0,21202.75,1
txn_002500,cust_00552,469.08,card,success,none,7,6,1,0.8571,0,0.0,0,125220.27,1
txn_002501,cust_00071,2656.0,card,failed,network_error,11,11,0,1.0,2,10.13,0,81367.48,0
txn_002502,cust_00271,705.81,upi,failed,bank_decline,2,2,0,1.0,2,1.88,0,58939.72,0
txn_002503,cust_02034,3985.9,upi,failed,bank_decline,33,27,6,0.8182,3,1.75,0,24746.2,0
txn_002504,cust_01737,437.75,netbanking,success,none,32,22,10,0.6875,0,0.0,0,128876.98,1
txn_002505,cust_01587,1494.89,netbanking,failed,bank_decline,34,32,2,0.9412,1,11.86,0,38123.02,0
txn_002506,cust_00307,420.78,card,success,none,24,21,3,0.875,0,0.0,0,11274.55,1
txn_002507,cust_00221,1519.0,wallet,success,none,29,24,5,0.8276,0,0.0,0,101668.46,1
txn_002508,cust_01964,10122.21,card,success,none,29,12,17,0.4138,0,0.0,0,69150.79,1
txn_002509,cust_00682,2755.26,upi,success,none,32,23,9,0.7188,0,0.0,0,70129.01,1
txn_002510,cust_00350,1296.43,wallet,success,none,7,4,3,0.5714,0,0.0,0,125061.63,1
txn_002511,cust_01689,114.19,card,success,none,3,1,2,0.3333,0,0.0,0,40231.1,1
txn_002512,cust_02176,783.92,upi,success,none,27,22,5,0.8148,0,0.0,0,4344.46,1
txn_002513,cust_00650,2153.08,upi,success,none,26,24,2,0.9231,0,0.0,0,147682.4,1
txn_002514,cust_01170,803.63,upi,success,none,10,10,0,1.0,0,0.0,0,2362.08,1
txn_002515,cust_01488,5581.15,wallet,abandoned,none,28,20,8,0.7143,0,3.99,1,41525.11,0
txn_002516,cust_01850,1438.76,netbanking,success,none,13,10,3,0.7692,0,0.0,0,25567.64,1
txn_002517,cust_00266,3938.66,netbanking,success,none,20,15,5,0.75,0,0.0,0,113267.79,1
txn_002518,cust_01426,1644.02,netbanking,success,none,25,24,1,0.96,0,0.0,0,14310.33,1
txn_002519,cust_01009,1016.4,netbanking,success,none,4,4,0,1.0,0,0.0,0,136282.61,1
txn_002520,cust_01029,836.04,wallet,success,none,37,27,10,0.7297,0,0.0,0,101485.77,1
txn_002521,cust_02274,486.8,upi,failed,technical_error,29,23,6,0.7931,0,0.64,0,144942.26,1
txn_002522,cust_01690,4010.27,card,success,none,30,28,2,0.9333,0,0.0,0,40246.72,1
txn_002523,cust_00369,873.05,wallet,success,none,27,24,3,0.8889,0,0.0,0,91341.33,1
txn_002524,cust_02230,2258.14,upi,success,none,20,18,2,0.9,0,0.0,0,87070.02,1
txn_002525,cust_01501,791.76,wallet,success,none,3,2,1,0.6667,0,0.0,0,83376.85,1
txn_002526,cust_00444,453.49,netbanking,failed,authentication_failed,18,17,1,0.9444,0,2.82,0,116128.59,1
txn_002527,cust_01856,2333.54,upi,success,none,3,3,0,1.0,0,0.0,0,56903.67,1
txn_002528,cust_00939,634.79,netbanking,success,none,22,20,2,0.9091,0,0.0,0,84116.94,1
txn_002529,cust_01179,897.41,netbanking,abandoned,none,28,25,3,0.8929,0,6.68,1,121118.99,1
txn_002530,cust_00818,384.26,wallet,success,none,12,8,4,0.6667,0,0.0,0,74934.28,1
txn_002531,cust_00102,818.01,upi,success,none,7,6,1,0.8571,0,0.0,0,99188.43,1
txn_002532,cust_02178,1372.11,netbanking,success,none,38,33,5,0.8684,0,0.0,0,25008.24,1
txn_002533,cust_02442,1004.77,netbanking,success,none,36,27,9,0.75,0,0.0,0,78618.01,1
txn_002534,cust_02299,3035.79,upi,success,none,32,17,15,0.5312,0,0.0,0,92460.22,1
txn_002535,cust_00821,1549.24,wallet,success,none,6,5,1,0.8333,0,0.0,0,109335.12,1
txn_002536,cust_01801,29357.81,netbanking,failed,authentication_failed,23,19,4,0.8261,3,11.54,0,76589.91,0
txn_002537,cust_02397,2047.25,upi,success,none,32,30,2,0.9375,0,0.0,0,142096.67,1
txn_002538,cust_01946,236.16,upi,success,none,22,16,6,0.7273,0,0.0,0,84462.48,1
txn_002539,cust_01651,1082.6,wallet,success,none,27,12,15,0.4444,0,0.0,0,74469.22,1
txn_002540,cust_01354,1180.57,upi,failed,insufficient_funds,15,14,1,0.9333,0,6.31,0,44521.4,1
txn_002541,cust_01915,725.14,upi,failed,insufficient_funds,21,19,2,0.9048,0,10.51,0,2841.67,1
txn_002542,cust_00967,1440.31,upi,failed,technical_error,10,7,3,0.7,2,8.08,0,62531.06,0
txn_002543,cust_00270,703.88,netbanking,failed,insufficient_funds,18,14,4,0.7778,2,8.59,0,65939.56,0
txn_002544,cust_02416,1868.37,netbanking,success,none,18,17,1,0.9444,0,0.0,0,105370.42,1
txn_002545,cust_02036,198.6,wallet,failed,technical_error,6,6,0,1.0,3,8.98,0,53061.04,0
txn_002546,cust_00814,4205.54,wallet,success,none,22,18,4,0.8182,0,0.0,0,41709.27,1
txn_002547,cust_01699,276.36,wallet,success,none,35,29,6,0.8286,0,0.0,0,103373.12,1
txn_002548,cust_00419,1029.1,wallet,failed,insufficient_funds,21,19,2,0.9048,1,3.11,0,18272.32,1
txn_002549,cust_00202,643.74,wallet,success,none,37,30,7,0.8108,0,0.0,0,29321.74,1
txn_002550,cust_00956,1818.78,card,failed,authentication_failed,38,36,2,0.9474,1,3.03,0,46844.0,0
txn_002551,cust_02112,1115.17,netbanking,success,none,21,17,4,0.8095,0,0.0,0,37680.1,1
txn_002552,cust_01828,1722.7,upi,success,none,11,8,3,0.7273,0,0.0,0,86865.56,1
txn_002553,cust_01082,4069.16,card,failed,bank_decline,25,20,5,0.8,0,3.08,0,67832.03,1
txn_002554,cust_01888,2888.85,card,success,none,4,2,2,0.5,0,0.0,0,15871.53,1
txn_002555,cust_00649,1388.96,upi,success,none,20,16,4,0.8,0,0.0,0,7767.19,1
txn_002556,cust_01063,2120.71,upi,failed,technical_error,14,11,3,0.7857,0,3.37,0,107820.78,0
txn_002557,cust_02342,9509.13,wallet,failed,insufficient_funds,24,21,3,0.875,0,13.67,0,84492.16,0
txn_002558,cust_02202,2993.62,netbanking,abandoned,none,35,10,25,0.2857,0,3.61,1,75996.05,0
txn_002559,cust_00290,998.71,wallet,failed,network_error,2,2,0,1.0,1,2.33,0,93579.01,1
txn_002560,cust_01459,4807.17,card,success,none,5,3,2,0.6,0,0.0,0,3486.72,1
txn_002561,cust_02077,1980.91,netbanking,success,none,20,15,5,0.75,0,0.0,0,91378.31,1
txn_002562,cust_00707,511.44,upi,failed,network_error,34,31,3,0.9118,0,5.92,0,78889.46,1
txn_002563,cust_00384,1117.98,card,failed,authentication_failed,19,13,6,0.6842,0,4.26,0,105745.15,1
txn_002564,cust_00345,307.27,card,success,none,35,22,13,0.6286,0,0.0,0,142680.76,1
txn_002565,cust_02419,136.32,netbanking,failed,technical_error,35,29,6,0.8286,3,7.88,0,4297.5,0
txn_002566,cust_01898,518.51,wallet,success,none,6,6,0,1.0,0,0.0,0,56520.7,1
txn_002567,cust_01955,1514.11,upi,success,none,32,25,7,0.7812,0,0.0,0,21926.93,1
txn_002568,cust_00940,1518.55,upi,success,none,24,11,13,0.4583,0,0.0,0,113489.81,1
txn_002569,cust_02380,326.5,wallet,success,none,23,22,1,0.9565,0,0.0,0,129194.95,1
txn_002570,cust_02025,124.12,card,success,none,1,1,0,1.0,0,0.0,0,50253.86,1
txn_002571,cust_02266,5829.94,card,success,none,26,25,1,0.9615,0,0.0,0,86661.1,1
txn_002572,cust_00439,1473.35,wallet,success,none,31,27,4,0.871,0,0.0,0,147056.45,1
txn_002573,cust_01631,6346.84,card,success,none,40,29,11,0.725,0,0.0,0,118261.78,1
txn_002574,cust_02478,5994.46,wallet,failed,network_error,35,30,5,0.8571,3,5.43,0,55699.79,0
txn_002575,cust_01085,2792.55,wallet,success,none,23,19,4,0.8261,0,0.0,0,18676.34,1
txn_002576,cust_01280,1421.04,card,success,none,39,27,12,0.6923,0,0.0,0,72405.97,1
txn_002577,cust_02298,899.96,netbanking,success,none,6,5,1,0.8333,0,0.0,0,101696.01,1
txn_002578,cust_01457,2747.91,card,failed,authentication_failed,35,26,9,0.7429,2,7.64,0,102758.37,0
txn_002579,cust_02059,1141.55,card,success,none,28,21,7,0.75,0,0.0,0,125514.1,1
txn_002580,cust_02056,742.77,card,success,none,35,29,6,0.8286,0,0.0,0,80447.67,1
txn_002581,cust_00564,164.37,netbanking,success,none,39,38,1,0.9744,0,0.0,0,145692.9,1
txn_002582,cust_02160,1232.62,wallet,success,none,25,17,8,0.68,0,0.0,0,145928.44,1
txn_002583,cust_00091,4010.5,upi,success,none,22,19,3,0.8636,0,0.0,0,4134.1,1
txn_002584,cust_00463,4718.83,card,success,none,7,6,1,0.8571,0,0.0,0,131254.37,1
txn_002585,cust_02457,1412.73,card,abandoned,none,40,33,7,0.825,0,6.12,1,51424.89,0
txn_002586,cust_00443,550.75,card,success,none,9,8,1,0.8889,0,0.0,0,129740.01,1
txn_002587,cust_00002,3303.52,netbanking,success,none,18,15,3,0.8333,0,0.0,0,37488.89,1
txn_002588,cust_01043,1319.01,netbanking,success,none,30,27,3,0.9,0,0.0,0,46714.14,1
txn_002589,cust_01362,929.2,upi,failed,network_error,3,3,0,1.0,2,10.53,0,114240.62,0
txn_002590,cust_01074,312.34,upi,success,none,28,24,4,0.8571,0,0.0,0,52334.8,1
txn_002591,cust_00130,10979.24,card,success,none,33,22,11,0.6667,0,0.0,0,12936.61,1
txn_002592,cust_02324,2802.87,wallet,success,none,26,21,5,0.8077,0,0.0,0,42664.8,1
txn_002593,cust_01984,3122.06,upi,failed,bank_decline,36,30,6,0.8333,2,8.36,0,95254.91,0
txn_002594,cust_02239,565.21,upi,success,none,1,1,0,1.0,0,0.0,0,120851.03,1
txn_002595,cust_00012,1450.62,wallet,success,none,11,8,3,0.7273,0,0.0,0,105022.77,1
txn_002596,cust_00397,1234.6,netbanking,success,none,18,13,5,0.7222,0,0.0,0,75570.35,1
txn_002597,cust_02118,2928.06,upi,failed,network_error,20,19,1,0.95,1,12.88,0,73558.74,0
txn_002598,cust_01086,5217.21,wallet,success,none,35,32,3,0.9143,0,0.0,0,59565.74,1
txn_002599,cust_01020,319.19,wallet,success,none,39,30,9,0.7692,0,0.0,0,16987.8,1
txn_002600,cust_01277,457.29,wallet,success,none,16,13,3,0.8125,0,0.0,0,38649.57,1
txn_002601,cust_00370,2554.82,netbanking,success,none,40,33,7,0.825,0,0.0,0,34627.38,1
txn_002602,cust_01285,805.91,upi,success,none,6,3,3,0.5,0,0.0,0,17296.04,1
txn_002603,cust_02454,3025.63,card,success,none,10,9,1,0.9,0,0.0,0,56338.4,1
txn_002604,cust_01957,922.36,netbanking,success,none,40,23,17,0.575,0,0.0,0,30192.3,1
txn_002605,cust_00183,384.22,netbanking,success,none,22,19,3,0.8636,0,0.0,0,117575.59,1
txn_002606,cust_01731,230.59,upi,success,none,26,15,11,0.5769,0,0.0,0,6778.6,1
txn_002607,cust_02275,2173.57,wallet,success,none,37,23,14,0.6216,0,0.0,0,73060.85,1
txn_002608,cust_01683,2227.53,card,success,none,8,7,1,0.875,0,0.0,0,46944.66,1
txn_002609,cust_01343,3534.11,netbanking,success,none,32,26,6,0.8125,0,0.0,0,44036.38,1
txn_002610,cust_00032,1859.15,upi,success,none,5,4,1,0.8,0,0.0,0,91760.52,1
txn_002611,cust_02345,100.0,netbanking,failed,network_error,39,36,3,0.9231,2,2.59,0,30644.76,1
txn_002612,cust_01542,2215.94,wallet,success,none,21,14,7,0.6667,0,0.0,0,48390.6,1
txn_002613,cust_02281,311.86,wallet,success,none,15,10,5,0.6667,0,0.0,0,101860.03,1
txn_002614,cust_01339,206.91,wallet,success,none,37,26,11,0.7027,0,0.0,0,58172.78,1
txn_002615,cust_01273,183.43,netbanking,success,none,19,16,3,0.8421,0,0.0,0,124860.99,1
txn_002616,cust_01815,167.3,netbanking,success,none,40,35,5,0.875,0,0.0,0,11611.14,1
txn_002617,cust_01846,1770.43,netbanking,failed,bank_decline,39,26,13,0.6667,1,10.96,0,79093.53,0
txn_002618,cust_00119,644.72,wallet,success,none,11,9,2,0.8182,0,0.0,0,57466.99,1
txn_002619,cust_01514,293.21,netbanking,failed,authentication_failed,37,33,4,0.8919,1,11.97,0,117891.58,1
txn_002620,cust_01716,1370.71,netbanking,failed,insufficient_funds,34,27,7,0.7941,0,5.61,0,69265.42,1
txn_002621,cust_02492,443.22,netbanking,success,none,3,2,1,0.6667,0,0.0,0,125443.81,1
txn_002622,cust_01743,3572.68,card,failed,insufficient_funds,6,5,1,0.8333,1,2.21,0,29002.42,1
txn_002623,cust_01852,5711.4,wallet,abandoned,none,15,14,1,0.9333,0,3.4,1,109348.16,0
txn_002624,cust_01273,1077.5,wallet,success,none,19,16,3,0.8421,0,0.0,0,124860.99,1
txn_002625,cust_00276,5309.61,wallet,success,none,2,1,1,0.5,0,0.0,0,13508.17,1
txn_002626,cust_01151,5300.68,upi,success,none,3,2,1,0.6667,0,0.0,0,84816.18,1
txn_002627,cust_02062,1457.69,netbanking,success,none,5,3,2,0.6,0,0.0,0,112286.73,1
txn_002628,cust_01591,7581.4,upi,success,none,32,27,5,0.8438,0,0.0,0,52261.08,1
txn_002629,cust_02199,719.34,upi,success,none,10,7,3,0.7,0,0.0,0,91221.14,1
txn_002630,cust_01623,189.57,wallet,failed,technical_error,5,5,0,1.0,1,2.82,0,56665.03,1
txn_002631,cust_02367,283.05,netbanking,success,none,6,5,1,0.8333,0,0.0,0,32375.15,1
txn_002632,cust_00056,686.99,netbanking,success,none,25,17,8,0.68,0,0.0,0,57861.27,1
txn_002633,cust_01674,2285.41,netbanking,failed,authentication_failed,7,6,1,0.8571,0,2.15,0,8395.68,1
txn_002634,cust_00675,422.07,upi,success,none,8,8,0,1.0,0,0.0,0,80060.12,1
txn_002635,cust_01961,681.43,netbanking,success,none,7,5,2,0.7143,0,0.0,0,113815.25,1
txn_002636,cust_02412,383.95,wallet,failed,technical_error,27,25,2,0.9259,0,6.51,0,29012.09,1
txn_002637,cust_00692,697.22,netbanking,abandoned,none,30,23,7,0.7667,0,6.64,1,68335.17,1
txn_002638,cust_00524,5129.22,upi,success,none,31,22,9,0.7097,0,0.0,0,145140.23,1
txn_002639,cust_00953,1915.2,netbanking,failed,network_error,37,30,7,0.8108,2,0.76,0,45668.79,0
txn_002640,cust_01759,752.21,netbanking,success,none,39,23,16,0.5897,0,0.0,0,67469.41,1
txn_002641,cust_01914,4539.04,netbanking,failed,bank_decline,5,4,1,0.8,0,1.65,0,39980.32,0
txn_002642,cust_00632,1374.25,wallet,success,none,10,7,3,0.7,0,0.0,0,85381.84,1
txn_002643,cust_02013,1530.97,upi,success,none,29,23,6,0.7931,0,0.0,0,124667.54,1
txn_002644,cust_01631,4199.73,card,success,none,40,29,11,0.725,0,0.0,0,118261.78,1
txn_002645,cust_00682,950.87,wallet,success,none,32,23,9,0.7188,0,0.0,0,70129.01,1
txn_002646,cust_02274,3348.41,wallet,success,none,29,23,6,0.7931,0,0.0,0,144942.26,1
txn_002647,cust_01945,3117.94,netbanking,failed,technical_error,15,6,9,0.4,0,11.24,0,126803.3,1
txn_002648,cust_01586,1158.01,card,failed,network_error,9,7,2,0.7778,2,10.04,0,63465.99,1
txn_002649,cust_01584,331.56,card,success,none,36,29,7,0.8056,0,0.0,0,72375.61,1
txn_002650,cust_00594,1356.54,netbanking,success,none,10,8,2,0.8,0,0.0,0,10786.65,1
txn_002651,cust_00941,4176.6,netbanking,success,none,13,10,3,0.7692,0,0.0,0,90766.98,1
txn_002652,cust_00426,3040.47,upi,failed,authentication_failed,4,4,0,1.0,3,6.69,0,31330.18,0
txn_002653,cust_00275,7407.52,wallet,success,none,26,18,8,0.6923,0,0.0,0,89192.02,1
txn_002654,cust_01041,820.24,netbanking,failed,network_error,24,15,9,0.625,2,3.74,0,104222.52,1
txn_002655,cust_02178,2919.89,card,failed,network_error,38,33,5,0.8684,0,6.7,0,25008.24,0
txn_002656,cust_01845,489.66,upi,success,none,30,29,1,0.9667,0,0.0,0,109446.95,1
txn_002657,cust_01313,1638.58,card,success,none,36,19,17,0.5278,0,0.0,0,24860.22,1
txn_002658,cust_02199,4045.71,wallet,abandoned,none,10,7,3,0.7,0,3.64,1,91221.14,1
txn_002659,cust_02208,3315.7,wallet,failed,technical_error,34,30,4,0.8824,3,13.84,0,64914.48,0
txn_002660,cust_00635,1484.86,upi,success,none,34,22,12,0.6471,0,0.0,0,33054.8,1
txn_002661,cust_01972,1024.49,card,failed,insufficient_funds,12,8,4,0.6667,2,11.77,0,109843.7,0
txn_002662,cust_01040,495.3,wallet,success,none,37,30,7,0.8108,0,0.0,0,2703.92,1
txn_002663,cust_02451,1068.73,wallet,failed,bank_decline,1,1,0,1.0,2,1.94,0,145356.4,1
txn_002664,cust_02281,361.33,card,success,none,15,10,5,0.6667,0,0.0,0,101860.03,1
txn_002665,cust_00965,950.33,card,success,none,8,7,1,0.875,0,0.0,0,29426.86,1
txn_002666,cust_00462,220.03,wallet,success,none,38,24,14,0.6316,0,0.0,0,50467.21,1
txn_002667,cust_00644,358.29,card,abandoned,none,29,20,9,0.6897,0,3.67,1,62713.38,1
txn_002668,cust_00203,3142.6,card,success,none,3,3,0,1.0,0,0.0,0,106609.01,1
txn_002669,cust_00480,2811.28,upi,success,none,20,15,5,0.75,0,0.0,0,135610.19,1
txn_002670,cust_00009,1003.4,upi,success,none,35,29,6,0.8286,0,0.0,0,63508.45,1
txn_002671,cust_01890,1429.06,wallet,success,none,19,14,5,0.7368,0,0.0,0,54671.98,1
txn_002672,cust_00123,1634.18,wallet,failed,insufficient_funds,32,28,4,0.875,0,7.71,0,24064.73,0
txn_002673,cust_00776,2122.45,netbanking,success,none,39,29,10,0.7436,0,0.0,0,79637.95,1
txn_002674,cust_00253,1907.06,card,failed,network_error,16,15,1,0.9375,2,9.13,0,41485.55,0
txn_002675,cust_00349,351.86,upi,failed,network_error,34,32,2,0.9412,3,10.98,0,89921.82,0
txn_002676,cust_02255,116.39,card,success,none,1,1,0,1.0,0,0.0,0,146371.24,1
txn_002677,cust_02412,484.5,netbanking,failed,insufficient_funds,27,25,2,0.9259,0,0.15,0,29012.09,1
txn_002678,cust_00070,1147.88,wallet,failed,authentication_failed,10,8,2,0.8,1,0.15,0,56713.16,0
txn_002679,cust_01143,3498.83,netbanking,abandoned,none,19,15,4,0.7895,0,4.16,1,57718.6,1
txn_002680,cust_00306,1693.17,netbanking,success,none,23,21,2,0.913,0,0.0,0,80379.04,1
txn_002681,cust_01786,2285.58,wallet,abandoned,none,18,16,2,0.8889,0,4.71,1,96448.62,1
txn_002682,cust_00377,546.27,upi,success,none,14,11,3,0.7857,0,0.0,0,94201.74,1
txn_002683,cust_01520,1247.97,netbanking,failed,insufficient_funds,16,14,2,0.875,1,13.82,0,23434.39,1
txn_002684,cust_01831,1430.08,netbanking,success,none,28,19,9,0.6786,0,0.0,0,95389.64,1
txn_002685,cust_02423,629.12,netbanking,failed,authentication_failed,10,10,0,1.0,0,7.37,0,3194.0,1
txn_002686,cust_02301,459.64,card,success,none,31,26,5,0.8387,0,0.0,0,56308.28,1
txn_002687,cust_01206,1067.76,card,success,none,26,14,12,0.5385,0,0.0,0,139402.37,1
txn_002688,cust_02313,2594.73,wallet,success,none,30,25,5,0.8333,0,0.0,0,48032.04,1
txn_002689,cust_00064,541.88,card,success,none,1,1,0,1.0,0,0.0,0,143118.57,1
txn_002690,cust_02131,1087.69,upi,success,none,35,22,13,0.6286,0,0.0,0,71343.49,1
txn_002691,cust_01988,5192.6,upi,success,none,12,9,3,0.75,0,0.0,0,76080.12,1
txn_002692,cust_02423,796.84,wallet,success,none,10,10,0,1.0,0,0.0,0,3194.0,1
txn_002693,cust_00318,1349.22,wallet,failed,insufficient_funds,38,32,6,0.8421,1,1.86,0,40990.94,0
txn_002694,cust_00544,1205.07,wallet,failed,network_error,8,6,2,0.75,3,11.9,0,21826.77,0
txn_002695,cust_02365,1110.1,card,success,none,2,2,0,1.0,0,0.0,0,19630.95,1
txn_002696,cust_00323,7104.46,upi,failed,technical_error,25,19,6,0.76,2,13.09,0,51123.1,0
txn_002697,cust_01889,1818.47,netbanking,success,none,12,8,4,0.6667,0,0.0,0,131246.93,1
txn_002698,cust_00483,278.61,wallet,success,none,24,21,3,0.875,0,0.0,0,65172.33,1
txn_002699,cust_00370,6175.96,card,success,none,40,33,7,0.825,0,0.0,0,34627.38,1
txn_002700,cust_00758,1763.07,upi,success,none,11,11,0,1.0,0,0.0,0,41645.9,1
txn_002701,cust_02259,921.89,card,success,none,13,12,1,0.9231,0,0.0,0,78143.66,1
txn_002702,cust_02426,5163.87,wallet,abandoned,none,32,23,9,0.7188,0,3.11,1,149696.55,1
txn_002703,cust_00578,614.81,wallet,success,none,16,14,2,0.875,0,0.0,0,88739.09,1
txn_002704,cust_01841,7447.99,upi,failed,network_error,7,5,2,0.7143,2,3.8,0,58149.02,1
txn_002705,cust_02268,1470.42,netbanking,success,none,33,26,7,0.7879,0,0.0,0,16863.28,1
txn_002706,cust_00186,3661.25,netbanking,success,none,7,5,2,0.7143,0,0.0,0,57998.72,1
txn_002707,cust_00012,28781.9,card,success,none,11,8,3,0.7273,0,0.0,0,105022.77,1
txn_002708,cust_02036,1603.74,upi,failed,insufficient_funds,6,6,0,1.0,0,0.98,0,53061.04,1
txn_002709,cust_01402,1215.81,wallet,success,none,19,15,4,0.7895,0,0.0,0,51325.52,1
txn_002710,cust_00704,460.8,card,failed,network_error,6,5,1,0.8333,3,13.89,0,76177.8,0
txn_002711,cust_02294,1187.29,netbanking,failed,network_error,14,13,1,0.9286,0,0.91,0,35151.92,1
txn_002712,cust_02117,475.24,card,success,none,30,25,5,0.8333,0,0.0,0,67358.34,1
txn_002713,cust_01854,1111.02,card,success,none,2,1,1,0.5,0,0.0,0,88864.23,1
txn_002714,cust_00297,24213.95,wallet,abandoned,none,11,11,0,1.0,0,3.84,1,144743.4,0
txn_002715,cust_01529,1509.6,upi,success,none,4,3,1,0.75,0,0.0,0,145911.33,1
txn_002716,cust_01440,769.94,upi,success,none,25,20,5,0.8,0,0.0,0,53378.81,1
txn_002717,cust_00005,1086.03,card,failed,insufficient_funds,28,27,1,0.9643,0,4.48,0,5735.62,1
txn_002718,cust_00179,887.25,netbanking,success,none,10,9,1,0.9,0,0.0,0,138938.81,1
txn_002719,cust_01805,3821.51,upi,failed,bank_decline,17,17,0,1.0,1,0.71,0,109052.81,1
txn_002720,cust_01763,1223.87,netbanking,success,none,6,5,1,0.8333,0,0.0,0,43475.34,1
txn_002721,cust_01982,6693.47,netbanking,failed,insufficient_funds,33,26,7,0.7879,2,7.91,0,45538.06,0
txn_002722,cust_01201,976.43,card,failed,bank_decline,18,12,6,0.6667,3,5.84,0,134997.44,0
txn_002723,cust_00874,1041.5,wallet,success,none,34,30,4,0.8824,0,0.0,0,52332.7,1
txn_002724,cust_01143,546.33,wallet,failed,authentication_failed,19,15,4,0.7895,0,13.43,0,57718.6,0
txn_002725,cust_02109,912.89,card,abandoned,none,10,10,0,1.0,0,1.5,1,85267.25,1
txn_002726,cust_02206,236.61,upi,success,none,28,16,12,0.5714,0,0.0,0,78784.59,1
txn_002727,cust_00290,159.2,upi,success,none,2,2,0,1.0,0,0.0,0,93579.01,1
txn_002728,cust_01441,2501.57,wallet,success,none,28,23,5,0.8214,0,0.0,0,47861.05,1
txn_002729,cust_01919,233.82,netbanking,success,none,22,20,2,0.9091,0,0.0,0,78345.85,1
txn_002730,cust_01475,2010.15,wallet,success,none,16,12,4,0.75,0,0.0,0,9627.99,1
txn_002731,cust_00992,812.0,netbanking,failed,bank_decline,29,20,9,0.6897,3,7.47,0,98739.84,0
txn_002732,cust_01119,3427.3,wallet,success,none,35,19,16,0.5429,0,0.0,0,71554.3,1
txn_002733,cust_00794,239.03,card,abandoned,none,3,3,0,1.0,0,6.98,1,95714.95,0
txn_002734,cust_02220,2436.34,card,success,none,21,18,3,0.8571,0,0.0,0,61917.92,1
txn_002735,cust_01303,1866.09,card,success,none,22,13,9,0.5909,0,0.0,0,68844.56,1
txn_002736,cust_01221,1924.68,wallet,failed,technical_error,23,14,9,0.6087,0,4.7,0,83402.62,1
txn_002737,cust_01820,4121.2,netbanking,failed,authentication_failed,13,9,4,0.6923,2,6.34,0,52057.81,0
txn_002738,cust_00328,1436.96,netbanking,abandoned,none,39,24,15,0.6154,0,1.2,1,105476.38,1
txn_002739,cust_00040,115.83,upi,success,none,26,18,8,0.6923,0,0.0,0,40893.39,1
txn_002740,cust_01330,2098.77,upi,success,none,8,7,1,0.875,0,0.0,0,52840.77,1
txn_002741,cust_01268,1843.96,upi,success,none,37,26,11,0.7027,0,0.0,0,30770.21,1
txn_002742,cust_00957,1048.77,upi,abandoned,none,2,2,0,1.0,0,6.98,1,89939.53,1
txn_002743,cust_02079,577.22,wallet,success,none,29,24,5,0.8276,0,0.0,0,57830.62,1
txn_002744,cust_00079,933.63,card,success,none,32,30,2,0.9375,0,0.0,0,122587.46,1
txn_002745,cust_01824,5756.36,wallet,success,none,32,22,10,0.6875,0,0.0,0,50561.79,1
txn_002746,cust_00689,533.84,upi,success,none,20,19,1,0.95,0,0.0,0,119653.12,1
txn_002747,cust_00958,235.0,netbanking,failed,network_error,17,15,2,0.8824,0,9.59,0,145093.53,0
txn_002748,cust_00339,308.5,card,success,none,36,29,7,0.8056,0,0.0,0,80107.37,1
txn_002749,cust_02318,1292.98,netbanking,failed,insufficient_funds,12,11,1,0.9167,0,2.29,0,82735.95,1
txn_002750,cust_00208,7121.34,upi,success,none,22,15,7,0.6818,0,0.0,0,93850.16,1
txn_002751,cust_00750,12147.16,netbanking,abandoned,none,27,22,5,0.8148,0,4.62,1,144973.95,0
txn_002752,cust_01064,2566.33,wallet,success,none,32,20,12,0.625,0,0.0,0,14550.31,1
txn_002753,cust_00132,502.08,wallet,success,none,5,3,2,0.6,0,0.0,0,101606.67,1
txn_002754,cust_02017,558.31,upi,failed,bank_decline,13,10,3,0.7692,1,6.55,0,44832.48,0
txn_002755,cust_01450,3215.82,netbanking,success,none,4,3,1,0.75,0,0.0,0,117786.44,1
txn_002756,cust_00270,5072.74,upi,success,none,18,14,4,0.7778,0,0.0,0,65939.56,1
txn_002757,cust_00886,704.86,netbanking,failed,insufficient_funds,6,4,2,0.6667,1,9.69,0,75883.4,0
txn_002758,cust_00013,5566.1,netbanking,success,none,22,18,4,0.8182,0,0.0,0,42402.83,1
txn_002759,cust_00879,1064.69,wallet,success,none,34,25,9,0.7353,0,0.0,0,23799.3,1
txn_002760,cust_01165,2736.09,upi,success,none,4,3,1,0.75,0,0.0,0,79067.72,1
txn_002761,cust_00385,4211.05,card,abandoned,none,30,25,5,0.8333,0,2.42,1,11605.78,1
txn_002762,cust_00714,304.37,netbanking,success,none,25,22,3,0.88,0,0.0,0,43337.9,1
txn_002763,cust_01532,2103.67,netbanking,success,none,15,12,3,0.8,0,0.0,0,134695.83,1
txn_002764,cust_00290,5589.49,upi,success,none,2,2,0,1.0,0,0.0,0,93579.01,1
txn_002765,cust_02333,764.59,upi,success,none,34,30,4,0.8824,0,0.0,0,80563.41,1
txn_002766,cust_01756,465.64,upi,success,none,30,29,1,0.9667,0,0.0,0,76263.83,1
txn_002767,cust_01800,2196.86,wallet,success,none,31,19,12,0.6129,0,0.0,0,136072.45,1
txn_002768,cust_00990,1530.64,wallet,success,none,19,17,2,0.8947,0,0.0,0,143341.74,1
txn_002769,cust_00514,965.55,card,success,none,3,2,1,0.6667,0,0.0,0,47031.0,1
txn_002770,cust_01184,1336.47,netbanking,success,none,23,20,3,0.8696,0,0.0,0,40831.39,1
txn_002771,cust_01536,252.07,card,success,none,33,29,4,0.8788,0,0.0,0,20893.56,1
txn_002772,cust_01878,2007.16,wallet,failed,bank_decline,14,12,2,0.8571,2,4.66,0,103542.38,0
txn_002773,cust_01426,6585.32,upi,success,none,25,24,1,0.96,0,0.0,0,14310.33,1
txn_002774,cust_01555,655.45,netbanking,success,none,16,12,4,0.75,0,0.0,0,145291.6,1
txn_002775,cust_00753,584.98,netbanking,success,none,4,3,1,0.75,0,0.0,0,96535.68,1
txn_002776,cust_00753,1591.71,upi,success,none,4,3,1,0.75,0,0.0,0,96535.68,1
txn_002777,cust_02346,23060.52,card,success,none,37,31,6,0.8378,0,0.0,0,97829.96,1
txn_002778,cust_01356,4023.4,upi,success,none,19,13,6,0.6842,0,0.0,0,26063.14,1
txn_002779,cust_00131,1219.05,upi,success,none,12,11,1,0.9167,0,0.0,0,11209.68,1
txn_002780,cust_00191,1393.53,netbanking,success,none,13,11,2,0.8462,0,0.0,0,60371.43,1
txn_002781,cust_02216,4441.94,wallet,success,none,13,11,2,0.8462,0,0.0,0,1814.95,1
txn_002782,cust_00621,539.49,upi,success,none,31,18,13,0.5806,0,0.0,0,34412.49,1
txn_002783,cust_00901,2469.43,card,success,none,11,8,3,0.7273,0,0.0,0,66501.22,1
txn_002784,cust_01371,438.14,wallet,success,none,38,27,11,0.7105,0,0.0,0,103680.9,1
txn_002785,cust_02305,3377.58,wallet,success,none,33,32,1,0.9697,0,0.0,0,42759.73,1
txn_002786,cust_00763,998.29,upi,success,none,27,19,8,0.7037,0,0.0,0,8935.28,1
txn_002787,cust_01735,1637.12,netbanking,success,none,2,2,0,1.0,0,0.0,0,51342.05,1
txn_002788,cust_00985,935.54,wallet,success,none,18,15,3,0.8333,0,0.0,0,43880.62,1
txn_002789,cust_00035,2693.74,card,success,none,25,13,12,0.52,0,0.0,0,41222.23,1
txn_002790,cust_00765,1124.75,upi,success,none,25,16,9,0.64,0,0.0,0,149184.28,1
txn_002791,cust_00102,11590.85,card,success,none,7,6,1,0.8571,0,0.0,0,99188.43,1
txn_002792,cust_00373,5535.11,netbanking,failed,bank_decline,38,31,7,0.8158,0,2.61,0,148514.66,1
txn_002793,cust_00690,363.48,upi,success,none,38,29,9,0.7632,0,0.0,0,9369.65,1
txn_002794,cust_00701,1622.07,upi,success,none,33,27,6,0.8182,0,0.0,0,23478.3,1
txn_002795,cust_00510,2793.79,wallet,failed,network_error,15,12,3,0.8,0,6.13,0,91452.68,0
txn_002796,cust_02061,847.12,wallet,success,none,28,24,4,0.8571,0,0.0,0,97337.61,1
txn_002797,cust_02254,4502.9,upi,failed,network_error,3,3,0,1.0,3,9.69,0,54601.26,0
txn_002798,cust_00386,4002.41,wallet,success,none,15,11,4,0.7333,0,0.0,0,138662.75,1
txn_002799,cust_00207,1232.05,netbanking,failed,authentication_failed,5,4,1,0.8,1,1.03,0,142382.3,0
txn_002800,cust_02494,3573.2,card,success,none,3,2,1,0.6667,0,0.0,0,31109.78,1
txn_002801,cust_00707,120.22,netbanking,success,none,34,31,3,0.9118,0,0.0,0,78889.46,1
txn_002802,cust_00219,5206.11,upi,abandoned,none,38,26,12,0.6842,0,1.05,1,91392.57,0
txn_002803,cust_01953,3250.32,card,success,none,24,17,7,0.7083,0,0.0,0,105612.31,1
txn_002804,cust_00876,451.39,netbanking,success,none,12,11,1,0.9167,0,0.0,0,115399.46,1
txn_002805,cust_00937,1723.1,card,success,none,8,6,2,0.75,0,0.0,0,20170.85,1
txn_002806,cust_01033,176.57,upi,success,none,26,21,5,0.8077,0,0.0,0,100719.12,1
txn_002807,cust_01142,624.27,card,failed,technical_error,36,32,4,0.8889,0,1.02,0,48920.64,0
txn_002808,cust_01475,4006.36,card,failed,bank_decline,16,12,4,0.75,0,1.87,0,9627.99,0
txn_002809,cust_00208,1322.35,netbanking,abandoned,none,22,15,7,0.6818,0,4.9,1,93850.16,1
txn_002810,cust_00538,1251.12,card,failed,authentication_failed,40,32,8,0.8,2,11.92,0,132750.99,0
txn_002811,cust_00423,1401.4,card,success,none,4,4,0,1.0,0,0.0,0,28949.8,1
txn_002812,cust_00536,1247.09,upi,success,none,24,18,6,0.75,0,0.0,0,17143.57,1
txn_002813,cust_01668,3595.68,netbanking,success,none,28,20,8,0.7143,0,0.0,0,24408.46,1
txn_002814,cust_00236,721.27,netbanking,failed,technical_error,7,6,1,0.8571,1,13.1,0,116984.64,0
txn_002815,cust_01883,2037.23,netbanking,success,none,10,4,6,0.4,0,0.0,0,142467.46,1
txn_002816,cust_02201,426.4,card,success,none,40,25,15,0.625,0,0.0,0,90372.26,1
txn_002817,cust_00094,2810.45,card,abandoned,none,4,3,1,0.75,0,0.72,1,35112.33,0
txn_002818,cust_00304,971.29,wallet,success,none,39,26,13,0.6667,0,0.0,0,121023.67,1
txn_002819,cust_00168,1285.64,card,success,none,28,25,3,0.8929,0,0.0,0,84575.12,1
txn_002820,cust_00894,932.46,upi,abandoned,none,14,11,3,0.7857,0,0.3,1,115276.89,1
txn_002821,cust_02217,1058.22,netbanking,success,none,1,1,0,1.0,0,0.0,0,87120.08,1
txn_002822,cust_00665,490.43,card,success,none,26,23,3,0.8846,0,0.0,0,4107.63,1
txn_002823,cust_00832,1861.71,upi,success,none,4,3,1,0.75,0,0.0,0,12181.13,1
txn_002824,cust_00229,2332.43,netbanking,success,none,16,12,4,0.75,0,0.0,0,147606.47,1
txn_002825,cust_01711,354.02,wallet,success,none,10,9,1,0.9,0,0.0,0,125282.11,1
txn_002826,cust_00167,737.75,wallet,success,none,29,24,5,0.8276,0,0.0,0,83200.38,1
txn_002827,cust_00627,1380.24,upi,success,none,36,29,7,0.8056,0,0.0,0,4911.82,1
txn_002828,cust_01483,736.09,netbanking,success,none,17,14,3,0.8235,0,0.0,0,25877.48,1
txn_002829,cust_01044,1071.89,netbanking,success,none,26,15,11,0.5769,0,0.0,0,103224.97,1
txn_002830,cust_01768,6741.93,wallet,abandoned,none,18,10,8,0.5556,0,4.83,1,98086.51,0
txn_002831,cust_00773,483.88,card,success,none,1,1,0,1.0,0,0.0,0,135972.77,1
txn_002832,cust_01239,132.66,wallet,success,none,25,18,7,0.72,0,0.0,0,2838.75,1
txn_002833,cust_00692,736.02,wallet,success,none,30,23,7,0.7667,0,0.0,0,68335.17,1
txn_002834,cust_00482,964.72,upi,success,none,4,3,1,0.75,0,0.0,0,44711.8,1
txn_002835,cust_00887,820.58,wallet,success,none,11,7,4,0.6364,0,0.0,0,89179.46,1
txn_002836,cust_01408,1752.52,netbanking,success,none,1,1,0,1.0,0,0.0,0,148783.9,1
txn_002837,cust_02109,479.1,upi,success,none,10,10,0,1.0,0,0.0,0,85267.25,1
txn_002838,cust_02434,413.53,upi,failed,authentication_failed,16,11,5,0.6875,1,8.99,0,58334.89,0
txn_002839,cust_00347,682.33,wallet,success,none,31,25,6,0.8065,0,0.0,0,42198.44,1
txn_002840,cust_01388,696.56,card,failed,network_error,37,35,2,0.9459,3,13.64,0,95227.9,1
txn_002841,cust_01498,11168.37,upi,success,none,1,1,0,1.0,0,0.0,0,37438.17,1
txn_002842,cust_01006,6326.15,netbanking,abandoned,none,31,24,7,0.7742,0,6.65,1,72139.83,1
txn_002843,cust_00987,252.26,upi,success,none,25,13,12,0.52,0,0.0,0,134468.31,1
txn_002844,cust_02167,194.45,wallet,success,none,15,12,3,0.8,0,0.0,0,12486.15,1
txn_002845,cust_01094,1229.36,netbanking,failed,authentication_failed,10,8,2,0.8,2,7.04,0,42071.81,0
txn_002846,cust_01645,9059.73,netbanking,failed,network_error,22,19,3,0.8636,1,5.11,0,67547.86,1
txn_002847,cust_01519,2607.35,wallet,abandoned,none,35,33,2,0.9429,0,1.97,1,114311.85,1
txn_002848,cust_02436,1296.1,wallet,abandoned,none,3,2,1,0.6667,0,0.54,1,30677.8,1
txn_002849,cust_01149,848.89,card,success,none,21,17,4,0.8095,0,0.0,0,137235.24,1
txn_002850,cust_01516,3933.02,upi,success,none,24,17,7,0.7083,0,0.0,0,89161.95,1
txn_002851,cust_02346,1600.37,netbanking,abandoned,none,37,31,6,0.8378,0,6.56,1,97829.96,0
txn_002852,cust_01255,7568.56,upi,failed,bank_decline,26,23,3,0.8846,3,8.38,0,50500.37,0
txn_002853,cust_01521,247.72,wallet,success,none,27,13,14,0.4815,0,0.0,0,4562.63,1
txn_002854,cust_00745,2046.01,upi,failed,bank_decline,31,29,2,0.9355,0,6.4,0,135692.18,0
txn_002855,cust_00560,762.58,card,success,none,18,16,2,0.8889,0,0.0,0,29281.48,1
txn_002856,cust_00487,2026.93,netbanking,success,none,6,5,1,0.8333,0,0.0,0,91814.28,1
txn_002857,cust_01172,1721.34,upi,abandoned,none,4,4,0,1.0,0,6.68,1,93057.45,0
txn_002858,cust_02391,2229.8,card,success,none,29,20,9,0.6897,0,0.0,0,46872.36,1
txn_002859,cust_01702,3560.24,upi,success,none,6,5,1,0.8333,0,0.0,0,59825.85,1
txn_002860,cust_01266,5376.5,card,failed,insufficient_funds,18,16,2,0.8889,3,7.98,0,122657.68,0
txn_002861,cust_01876,9430.68,card,success,none,19,9,10,0.4737,0,0.0,0,24895.67,1
txn_002862,cust_00075,1360.75,upi,success,none,24,22,2,0.9167,0,0.0,0,131929.56,1
txn_002863,cust_00500,778.72,wallet,abandoned,none,13,8,5,0.6154,0,5.77,1,149906.66,0
txn_002864,cust_00582,393.14,upi,success,none,5,4,1,0.8,0,0.0,0,71960.65,1
txn_002865,cust_01830,2069.14,upi,failed,technical_error,6,6,0,1.0,2,4.52,0,20281.49,1
txn_002866,cust_01145,3086.88,card,success,none,20,17,3,0.85,0,0.0,0,39972.68,1
txn_002867,cust_01887,347.77,netbanking,success,none,19,19,0,1.0,0,0.0,0,40354.63,1
txn_002868,cust_02041,4207.67,upi,success,none,36,33,3,0.9167,0,0.0,0,123729.57,1
txn_002869,cust_00671,1210.33,upi,success,none,6,6,0,1.0,0,0.0,0,59969.24,1
txn_002870,cust_01399,381.53,card,success,none,35,31,4,0.8857,0,0.0,0,60259.66,1
txn_002871,cust_01856,573.47,card,success,none,3,3,0,1.0,0,0.0,0,56903.67,1
txn_002872,cust_01327,521.53,wallet,success,none,32,30,2,0.9375,0,0.0,0,79629.54,1
txn_002873,cust_00457,530.88,netbanking,failed,insufficient_funds,27,23,4,0.8519,2,11.43,0,7503.45,0
txn_002874,cust_02200,2368.24,upi,success,none,12,11,1,0.9167,0,0.0,0,71904.51,1
txn_002875,cust_01334,3177.43,upi,success,none,9,7,2,0.7778,0,0.0,0,47664.68,1
txn_002876,cust_01982,7325.71,card,failed,insufficient_funds,33,26,7,0.7879,2,2.69,0,45538.06,0
txn_002877,cust_00799,666.33,upi,success,none,22,19,3,0.8636,0,0.0,0,20878.03,1
txn_002878,cust_00929,1887.4,upi,failed,bank_decline,17,16,1,0.9412,3,7.45,0,109398.7,0
txn_002879,cust_00356,701.33,wallet,abandoned,none,9,8,1,0.8889,0,6.37,1,96042.58,1
txn_002880,cust_00812,1366.66,wallet,success,none,13,8,5,0.6154,0,0.0,0,43630.52,1
txn_002881,cust_00632,304.79,wallet,success,none,10,7,3,0.7,0,0.0,0,85381.84,1
txn_002882,cust_02462,435.63,card,success,none,36,33,3,0.9167,0,0.0,0,118495.71,1
txn_002883,cust_01986,2990.1,card,success,none,19,12,7,0.6316,0,0.0,0,103305.08,1
txn_002884,cust_01443,303.85,card,failed,bank_decline,6,5,1,0.8333,1,2.2,0,37976.89,0
txn_002885,cust_01814,2477.07,card,success,none,38,31,7,0.8158,0,0.0,0,87466.65,1
txn_002886,cust_02139,681.2,card,success,none,40,35,5,0.875,0,0.0,0,102940.09,1
txn_002887,cust_01941,195.29,card,failed,bank_decline,40,32,8,0.8,1,3.25,0,95993.18,0
txn_002888,cust_02078,105.79,netbanking,abandoned,none,19,16,3,0.8421,0,3.34,1,115025.86,1
txn_002889,cust_00201,5787.53,wallet,success,none,33,25,8,0.7576,0,0.0,0,18231.22,1
txn_002890,cust_02487,199.25,wallet,failed,insufficient_funds,32,20,12,0.625,1,11.63,0,115094.38,0
txn_002891,cust_00159,1255.92,upi,success,none,22,18,4,0.8182,0,0.0,0,31336.0,1
txn_002892,cust_01624,1908.27,upi,success,none,26,17,9,0.6538,0,0.0,0,88316.48,1
txn_002893,cust_02268,360.25,card,failed,technical_error,33,26,7,0.7879,1,9.91,0,16863.28,0
txn_002894,cust_02020,770.06,wallet,abandoned,none,12,10,2,0.8333,0,5.36,1,110526.84,1
txn_002895,cust_01058,2162.08,wallet,success,none,8,7,1,0.875,0,0.0,0,10201.95,1
txn_002896,cust_01076,1796.0,card,success,none,4,3,1,0.75,0,0.0,0,140252.84,1
txn_002897,cust_00888,845.07,card,success,none,38,36,2,0.9474,0,0.0,0,23974.95,1
txn_002898,cust_02083,1697.49,upi,success,none,35,31,4,0.8857,0,0.0,0,44951.79,1
txn_002899,cust_01197,1209.26,netbanking,abandoned,none,7,6,1,0.8571,0,2.49,1,134323.89,0
txn_002900,cust_02319,507.54,card,failed,bank_decline,16,15,1,0.9375,1,10.31,0,41141.83,0
txn_002901,cust_00235,4449.25,wallet,success,none,1,1,0,1.0,0,0.0,0,134006.31,1
txn_002902,cust_01383,1648.17,card,success,none,18,15,3,0.8333,0,0.0,0,130190.09,1
txn_002903,cust_01596,212.29,card,failed,authentication_failed,18,17,1,0.9444,1,1.03,0,9730.09,0
txn_002904,cust_02178,2256.74,upi,success,none,38,33,5,0.8684,0,0.0,0,25008.24,1
txn_002905,cust_02015,723.78,netbanking,success,none,35,24,11,0.6857,0,0.0,0,111029.05,1
txn_002906,cust_01989,1002.81,netbanking,success,none,21,20,1,0.9524,0,0.0,0,106842.56,1
txn_002907,cust_01249,1350.45,upi,success,none,20,13,7,0.65,0,0.0,0,73150.47,1
txn_002908,cust_00056,606.1,upi,success,none,25,17,8,0.68,0,0.0,0,57861.27,1
txn_002909,cust_01644,8127.74,upi,success,none,6,4,2,0.6667,0,0.0,0,123427.61,1
txn_002910,cust_01636,300.87,card,success,none,37,35,2,0.9459,0,0.0,0,59348.61,1
txn_002911,cust_01497,1417.55,wallet,success,none,33,19,14,0.5758,0,0.0,0,1382.71,1
txn_002912,cust_01951,1961.28,upi,success,none,23,20,3,0.8696,0,0.0,0,124652.7,1
txn_002913,cust_00298,1395.79,card,abandoned,none,7,4,3,0.5714,0,4.65,1,87224.03,1
txn_002914,cust_01754,1106.56,netbanking,success,none,4,4,0,1.0,0,0.0,0,137786.63,1
txn_002915,cust_01402,918.72,netbanking,success,none,19,15,4,0.7895,0,0.0,0,51325.52,1
txn_002916,cust_00375,599.93,wallet,success,none,4,4,0,1.0,0,0.0,0,91835.01,1
txn_002917,cust_01315,589.39,wallet,success,none,30,25,5,0.8333,0,0.0,0,35546.48,1
txn_002918,cust_00758,4266.48,upi,success,none,11,11,0,1.0,0,0.0,0,41645.9,1
txn_002919,cust_00562,861.14,upi,success,none,30,29,1,0.9667,0,0.0,0,14659.34,1
txn_002920,cust_00649,11295.79,upi,success,none,20,16,4,0.8,0,0.0,0,7767.19,1
txn_002921,cust_02033,2614.79,upi,success,none,12,10,2,0.8333,0,0.0,0,78570.34,1
txn_002922,cust_00614,100.0,netbanking,success,none,36,30,6,0.8333,0,0.0,0,84690.82,1
txn_002923,cust_00998,3239.77,wallet,failed,technical_error,4,4,0,1.0,3,6.53,0,100805.26,0
txn_002924,cust_01860,1270.09,wallet,success,none,2,2,0,1.0,0,0.0,0,8187.02,1
txn_002925,cust_01944,333.64,card,success,none,24,21,3,0.875,0,0.0,0,123971.34,1
txn_002926,cust_01982,4935.73,card,success,none,33,26,7,0.7879,0,0.0,0,45538.06,1
txn_002927,cust_00760,866.17,card,success,none,28,18,10,0.6429,0,0.0,0,14665.32,1
txn_002928,cust_00116,795.58,wallet,abandoned,none,16,15,1,0.9375,0,4.9,1,25780.36,0
txn_002929,cust_02191,1949.23,wallet,success,none,12,11,1,0.9167,0,0.0,0,93858.55,1
txn_002930,cust_00972,4199.96,card,abandoned,none,21,18,3,0.8571,0,4.83,1,149720.31,0
txn_002931,cust_01265,1500.29,card,success,none,16,12,4,0.75,0,0.0,0,49557.05,1
txn_002932,cust_01566,1396.63,netbanking,success,none,26,22,4,0.8462,0,0.0,0,56463.72,1
txn_002933,cust_02100,667.23,netbanking,success,none,5,3,2,0.6,0,0.0,0,38352.45,1
txn_002934,cust_00188,4128.86,card,success,none,15,12,3,0.8,0,0.0,0,30736.35,1
txn_002935,cust_00097,1514.82,netbanking,success,none,18,16,2,0.8889,0,0.0,0,100677.69,1
txn_002936,cust_01159,1069.08,wallet,failed,network_error,22,20,2,0.9091,3,0.2,0,39341.69,1
txn_002937,cust_00575,944.35,wallet,abandoned,none,12,11,1,0.9167,0,3.3,1,17379.03,1
txn_002938,cust_02232,3739.94,wallet,success,none,8,7,1,0.875,0,0.0,0,112424.32,1
txn_002939,cust_01835,1030.37,wallet,abandoned,none,24,17,7,0.7083,0,6.21,1,142560.22,1
txn_002940,cust_00825,3749.57,wallet,failed,authentication_failed,21,17,4,0.8095,0,3.67,0,99476.96,1
txn_002941,cust_00095,835.83,wallet,success,none,3,1,2,0.3333,0,0.0,0,129085.67,1
txn_002942,cust_00904,2758.12,wallet,success,none,21,17,4,0.8095,0,0.0,0,129361.28,1
txn_002943,cust_01582,1647.63,netbanking,success,none,40,16,24,0.4,0,0.0,0,37621.93,1
txn_002944,cust_01903,517.62,wallet,success,none,31,22,9,0.7097,0,0.0,0,120184.97,1
txn_002945,cust_02317,1227.85,netbanking,success,none,40,20,20,0.5,0,0.0,0,129414.46,1
txn_002946,cust_00913,149.81,netbanking,success,none,25,19,6,0.76,0,0.0,0,129760.41,1
txn_002947,cust_02432,636.48,wallet,failed,bank_decline,17,15,2,0.8824,2,4.96,0,122770.36,1
txn_002948,cust_00660,276.5,wallet,success,none,3,3,0,1.0,0,0.0,0,65996.72,1
txn_002949,cust_01228,9872.42,card,abandoned,none,10,4,6,0.4,0,5.99,1,111208.64,0
txn_002950,cust_02149,279.77,netbanking,success,none,34,31,3,0.9118,0,0.0,0,136251.19,1
txn_002951,cust_01154,17779.31,wallet,success,none,38,34,4,0.8947,0,0.0,0,87292.3,1
txn_002952,cust_01354,2240.11,netbanking,failed,network_error,15,14,1,0.9333,1,4.37,0,44521.4,1
txn_002953,cust_00299,797.22,netbanking,success,none,20,14,6,0.7,0,0.0,0,86793.71,1
txn_002954,cust_02472,2999.98,card,failed,bank_decline,21,16,5,0.7619,2,3.93,0,110127.96,0
txn_002955,cust_00928,703.09,netbanking,failed,network_error,28,20,8,0.7143,0,7.41,0,20956.31,0
txn_002956,cust_02300,327.16,card,success,none,35,27,8,0.7714,0,0.0,0,143740.97,1
txn_002957,cust_01345,1449.64,wallet,success,none,29,18,11,0.6207,0,0.0,0,93292.09,1
txn_002958,cust_00896,2697.48,netbanking,success,none,2,2,0,1.0,0,0.0,0,75207.67,1
txn_002959,cust_00033,4809.8,wallet,success,none,11,9,2,0.8182,0,0.0,0,80586.84,1
txn_002960,cust_00472,2203.34,wallet,failed,authentication_failed,21,19,2,0.9048,2,4.29,0,94393.08,0
txn_002961,cust_01425,788.91,card,success,none,31,23,8,0.7419,0,0.0,0,11553.42,1
txn_002962,cust_01691,5357.63,netbanking,success,none,18,13,5,0.7222,0,0.0,0,85072.74,1
txn_002963,cust_00541,4285.43,card,success,none,5,5,0,1.0,0,0.0,0,95675.18,1
txn_002964,cust_01237,1752.88,netbanking,success,none,36,25,11,0.6944,0,0.0,0,14866.57,1
txn_002965,cust_01563,4495.26,upi,success,none,9,7,2,0.7778,0,0.0,0,19096.54,1
txn_002966,cust_02321,11906.15,upi,failed,bank_decline,12,11,1,0.9167,2,1.58,0,75316.73,0
txn_002967,cust_00836,777.76,wallet,success,none,29,28,1,0.9655,0,0.0,0,6185.05,1
txn_002968,cust_01460,544.75,wallet,success,none,5,5,0,1.0,0,0.0,0,3055.22,1
txn_002969,cust_01931,755.45,upi,success,none,36,19,17,0.5278,0,0.0,0,96854.28,1
txn_002970,cust_00324,347.36,card,abandoned,none,32,21,11,0.6562,0,1.9,1,127791.97,1
txn_002971,cust_01223,2419.25,card,success,none,38,33,5,0.8684,0,0.0,0,99440.11,1
txn_002972,cust_01589,267.76,card,success,none,25,19,6,0.76,0,0.0,0,117505.45,1
txn_002973,cust_02221,4745.79,netbanking,success,none,7,5,2,0.7143,0,0.0,0,24062.01,1
txn_002974,cust_00752,683.9,card,failed,bank_decline,9,7,2,0.7778,1,0.57,0,131077.29,1
txn_002975,cust_01270,5211.94,wallet,success,none,36,33,3,0.9167,0,0.0,0,5010.5,1
txn_002976,cust_00852,103.85,upi,success,none,32,26,6,0.8125,0,0.0,0,30826.57,1
txn_002977,cust_01847,911.25,wallet,success,none,28,18,10,0.6429,0,0.0,0,133308.13,1
txn_002978,cust_01624,367.6,upi,success,none,26,17,9,0.6538,0,0.0,0,88316.48,1
txn_002979,cust_01286,5184.12,card,success,none,16,13,3,0.8125,0,0.0,0,98982.65,1
txn_002980,cust_02387,7179.79,upi,success,none,37,34,3,0.9189,0,0.0,0,65811.63,1
txn_002981,cust_00368,128.5,wallet,success,none,8,6,2,0.75,0,0.0,0,84152.88,1
txn_002982,cust_01908,3183.9,netbanking,success,none,37,31,6,0.8378,0,0.0,0,102080.58,1
txn_002983,cust_00852,3899.83,netbanking,success,none,32,26,6,0.8125,0,0.0,0,30826.57,1
txn_002984,cust_01502,1855.08,upi,success,none,27,23,4,0.8519,0,0.0,0,34452.78,1
txn_002985,cust_02497,2411.88,netbanking,success,none,25,22,3,0.88,0,0.0,0,99030.27,1
txn_002986,cust_01837,2244.09,netbanking,failed,bank_decline,34,29,5,0.8529,1,2.89,0,29395.93,0
txn_002987,cust_00628,3195.53,card,success,none,18,11,7,0.6111,0,0.0,0,5314.02,1
txn_002988,cust_01353,449.23,wallet,success,none,6,4,2,0.6667,0,0.0,0,85244.27,1
txn_002989,cust_00838,4449.27,upi,success,none,24,21,3,0.875,0,0.0,0,54960.44,1
txn_002990,cust_01039,1651.35,wallet,success,none,20,14,6,0.7,0,0.0,0,87786.65,1
txn_002991,cust_00504,1555.16,wallet,failed,network_error,19,18,1,0.9474,0,6.18,0,4269.0,1
txn_002992,cust_01960,2360.49,netbanking,failed,network_error,13,10,3,0.7692,1,12.59,0,107801.4,1
txn_002993,cust_01139,375.87,netbanking,success,none,31,21,10,0.6774,0,0.0,0,137251.75,1
txn_002994,cust_00709,283.31,card,failed,technical_error,19,15,4,0.7895,2,11.44,0,58725.07,1
txn_002995,cust_00119,1186.74,card,success,none,11,9,2,0.8182,0,0.0,0,57466.99,1
txn_002996,cust_00540,6270.05,upi,success,none,40,22,18,0.55,0,0.0,0,33983.71,1
txn_002997,cust_00279,409.37,upi,success,none,17,16,1,0.9412,0,0.0,0,57486.48,1
txn_002998,cust_00670,1595.84,card,success,none,38,32,6,0.8421,0,0.0,0,60667.02,1
txn_002999,cust_00240,654.14,wallet,failed,authentication_failed,8,6,2,0.75,2,9.28,0,69012.81,0
txn_003000,cust_00417,571.93,wallet,success,none,36,25,11,0.6944,0,0.0,0,6467.87,1
txn_003001,cust_01316,2210.0,netbanking,success,none,26,20,6,0.7692,0,0.0,0,94834.29,1
txn_003002,cust_02461,2862.28,card,abandoned,none,15,11,4,0.7333,0,0.45,1,48194.19,1
txn_003003,cust_02219,609.38,card,success,none,25,22,3,0.88,0,0.0,0,98527.37,1
txn_003004,cust_00632,5362.85,wallet,success,none,10,7,3,0.7,0,0.0,0,85381.84,1
txn_003005,cust_00263,2043.67,card,success,none,2,2,0,1.0,0,0.0,0,128653.07,1
txn_003006,cust_02396,1051.87,netbanking,success,none,31,28,3,0.9032,0,0.0,0,80729.73,1
txn_003007,cust_01155,1896.03,netbanking,failed,bank_decline,27,24,3,0.8889,1,6.85,0,44983.65,0
txn_003008,cust_01849,10263.48,upi,failed,insufficient_funds,32,26,6,0.8125,1,1.28,0,54528.38,0
txn_003009,cust_00489,2845.6,wallet,abandoned,none,16,15,1,0.9375,0,0.39,1,75152.42,1
txn_003010,cust_02265,666.01,wallet,failed,technical_error,13,10,3,0.7692,0,9.41,0,68759.09,0
txn_003011,cust_00303,1314.61,wallet,failed,authentication_failed,20,16,4,0.8,2,9.74,0,127693.69,0
txn_003012,cust_00924,1527.32,card,success,none,23,14,9,0.6087,0,0.0,0,8250.06,1
txn_003013,cust_01032,2605.44,netbanking,success,none,33,15,18,0.4545,0,0.0,0,49861.07,1
txn_003014,cust_00449,1701.98,wallet,success,none,38,31,7,0.8158,0,0.0,0,149836.45,1
txn_003015,cust_02017,8913.51,wallet,failed,bank_decline,13,10,3,0.7692,1,7.85,0,44832.48,0
txn_003016,cust_00088,1067.75,netbanking,failed,bank_decline,24,20,4,0.8333,1,1.67,0,66276.91,1
txn_003017,cust_01313,237.48,netbanking,success,none,36,19,17,0.5278,0,0.0,0,24860.22,1
txn_003018,cust_00788,1659.93,card,failed,insufficient_funds,12,8,4,0.6667,1,2.91,0,99991.32,1
txn_003019,cust_01238,861.67,wallet,failed,insufficient_funds,39,37,2,0.9487,2,7.08,0,117881.37,0
txn_003020,cust_02084,297.67,netbanking,success,none,10,8,2,0.8,0,0.0,0,45410.42,1
txn_003021,cust_00681,662.8,upi,failed,technical_error,5,4,1,0.8,3,10.75,0,27394.77,0
txn_003022,cust_00293,936.0,netbanking,success,none,14,12,2,0.8571,0,0.0,0,70290.06,1
txn_003023,cust_02036,4187.27,netbanking,success,none,6,6,0,1.0,0,0.0,0,53061.04,1
txn_003024,cust_01628,303.92,wallet,success,none,32,29,3,0.9062,0,0.0,0,97727.86,1
txn_003025,cust_02449,1900.33,netbanking,success,none,18,13,5,0.7222,0,0.0,0,88119.83,1
txn_003026,cust_01853,12338.51,wallet,success,none,9,8,1,0.8889,0,0.0,0,32467.34,1
txn_003027,cust_00656,1124.55,netbanking,success,none,28,23,5,0.8214,0,0.0,0,27178.53,1
txn_003028,cust_00330,1091.99,wallet,success,none,34,17,17,0.5,0,0.0,0,142261.32,1
txn_003029,cust_02477,2751.16,card,success,none,19,15,4,0.7895,0,0.0,0,123093.36,1
txn_003030,cust_00646,2257.88,card,success,none,8,6,2,0.75,0,0.0,0,52430.76,1
txn_003031,cust_01322,5527.89,wallet,success,none,14,13,1,0.9286,0,0.0,0,31661.89,1
txn_003032,cust_01302,1133.3,netbanking,failed,technical_error,10,9,1,0.9,3,3.33,0,52900.97,1
txn_003033,cust_00632,2703.2,wallet,success,none,10,7,3,0.7,0,0.0,0,85381.84,1
txn_003034,cust_01216,2746.55,card,success,none,40,36,4,0.9,0,0.0,0,143273.9,1
txn_003035,cust_01374,957.61,netbanking,success,none,14,9,5,0.6429,0,0.0,0,122215.95,1
txn_003036,cust_02258,1195.14,netbanking,success,none,26,21,5,0.8077,0,0.0,0,61412.19,1
txn_003037,cust_00439,1324.51,card,success,none,31,27,4,0.871,0,0.0,0,147056.45,1
txn_003038,cust_00166,388.5,upi,success,none,17,13,4,0.7647,0,0.0,0,25075.71,1
txn_003039,cust_00920,908.07,card,success,none,20,14,6,0.7,0,0.0,0,75108.17,1
txn_003040,cust_00725,5979.93,card,success,none,2,2,0,1.0,0,0.0,0,55027.05,1
txn_003041,cust_00313,3780.9,netbanking,failed,technical_error,28,24,4,0.8571,0,9.99,0,27244.41,0
txn_003042,cust_01784,749.99,wallet,success,none,20,16,4,0.8,0,0.0,0,102977.56,1
txn_003043,cust_01221,1318.51,upi,success,none,23,14,9,0.6087,0,0.0,0,83402.62,1
txn_003044,cust_02175,3538.26,netbanking,success,none,38,28,10,0.7368,0,0.0,0,25025.69,1
txn_003045,cust_01596,2086.84,netbanking,abandoned,none,18,17,1,0.9444,0,5.28,1,9730.09,0
txn_003046,cust_00004,2980.69,upi,failed,bank_decline,35,25,10,0.7143,3,6.25,0,13953.89,0
txn_003047,cust_01002,2285.02,netbanking,success,none,31,27,4,0.871,0,0.0,0,15981.19,1
txn_003048,cust_01589,1661.39,wallet,success,none,25,19,6,0.76,0,0.0,0,117505.45,1
txn_003049,cust_01274,1134.68,upi,success,none,5,4,1,0.8,0,0.0,0,123025.87,1
txn_003050,cust_00892,405.41,netbanking,success,none,2,2,0,1.0,0,0.0,0,13102.21,1
txn_003051,cust_00578,2676.42,wallet,failed,bank_decline,16,14,2,0.875,0,2.79,0,88739.09,1
txn_003052,cust_00262,1073.04,upi,success,none,38,24,14,0.6316,0,0.0,0,141963.24,1
txn_003053,cust_02179,257.78,card,failed,insufficient_funds,33,15,18,0.4545,2,10.29,0,6839.44,0
txn_003054,cust_02328,776.15,upi,success,none,16,13,3,0.8125,0,0.0,0,83745.67,1
txn_003055,cust_01829,3140.98,card,failed,authentication_failed,11,7,4,0.6364,2,8.1,0,73946.99,0
txn_003056,cust_00659,197.12,card,success,none,23,19,4,0.8261,0,0.0,0,11739.25,1
txn_003057,cust_00234,478.41,card,failed,authentication_failed,16,14,2,0.875,3,0.39,0,22988.13,0
txn_003058,cust_00689,1536.3,upi,success,none,20,19,1,0.95,0,0.0,0,119653.12,1
txn_003059,cust_00806,5462.81,card,success,none,13,10,3,0.7692,0,0.0,0,7527.14,1
txn_003060,cust_01623,3640.86,card,failed,insufficient_funds,5,5,0,1.0,2,8.88,0,56665.03,0
txn_003061,cust_00736,6012.73,netbanking,success,none,25,20,5,0.8,0,0.0,0,23983.66,1
txn_003062,cust_00963,1648.77,upi,abandoned,none,25,24,1,0.96,0,3.92,1,23018.58,1
txn_003063,cust_01712,1086.61,card,success,none,17,11,6,0.6471,0,0.0,0,48642.67,1
txn_003064,cust_00256,3112.89,upi,success,none,15,12,3,0.8,0,0.0,0,58072.26,1
txn_003065,cust_01771,544.92,card,failed,authentication_failed,9,7,2,0.7778,1,12.02,0,97458.36,1
txn_003066,cust_02277,504.02,card,failed,technical_error,30,21,9,0.7,3,9.46,0,102557.61,0
txn_003067,cust_00835,421.96,card,failed,authentication_failed,10,8,2,0.8,0,7.13,0,127451.73,0
txn_003068,cust_02222,3979.39,wallet,success,none,38,24,14,0.6316,0,0.0,0,38791.28,1
txn_003069,cust_01016,581.39,wallet,success,none,26,24,2,0.9231,0,0.0,0,118406.13,1
txn_003070,cust_00446,3643.15,upi,abandoned,none,33,22,11,0.6667,0,1.41,1,40808.73,0
txn_003071,cust_00643,1553.79,card,failed,technical_error,28,25,3,0.8929,1,1.48,0,73363.59,1
txn_003072,cust_02082,4030.88,card,success,none,26,15,11,0.5769,0,0.0,0,119718.8,1
txn_003073,cust_02458,443.46,upi,success,none,4,3,1,0.75,0,0.0,0,9906.49,1
txn_003074,cust_00082,716.58,wallet,abandoned,none,36,25,11,0.6944,0,3.43,1,25603.92,1
txn_003075,cust_00178,2109.04,wallet,failed,network_error,27,20,7,0.7407,1,0.19,0,146101.72,0
txn_003076,cust_02205,870.48,upi,failed,network_error,35,28,7,0.8,1,10.81,0,124300.75,0
txn_003077,cust_01914,110.68,wallet,abandoned,none,5,4,1,0.8,0,0.91,1,39980.32,0
txn_003078,cust_00454,339.59,netbanking,abandoned,none,21,18,3,0.8571,0,2.99,1,130570.65,0
txn_003079,cust_01012,439.99,netbanking,success,none,3,2,1,0.6667,0,0.0,0,137071.23,1
txn_003080,cust_00069,473.83,card,failed,authentication_failed,33,31,2,0.9394,2,9.77,0,91736.56,0
txn_003081,cust_02187,2648.59,wallet,failed,technical_error,31,27,4,0.871,2,8.09,0,130228.06,1
txn_003082,cust_01326,1876.28,wallet,success,none,8,6,2,0.75,0,0.0,0,40090.66,1
txn_003083,cust_02430,1575.34,card,success,none,26,20,6,0.7692,0,0.0,0,11636.32,1
txn_003084,cust_01118,9983.3,wallet,success,none,25,20,5,0.8,0,0.0,0,28397.97,1
txn_003085,cust_01821,4338.24,netbanking,failed,technical_error,37,33,4,0.8919,0,6.29,0,134033.92,0
txn_003086,cust_00585,2986.39,wallet,success,none,15,9,6,0.6,0,0.0,0,141866.93,1
txn_003087,cust_01248,300.29,upi,failed,technical_error,28,21,7,0.75,3,6.83,0,42118.32,0
txn_003088,cust_02267,1421.6,wallet,success,none,17,16,1,0.9412,0,0.0,0,27080.18,1
txn_003089,cust_01045,1805.69,netbanking,success,none,20,17,3,0.85,0,0.0,0,103853.27,1
txn_003090,cust_01165,884.28,wallet,success,none,4,3,1,0.75,0,0.0,0,79067.72,1
txn_003091,cust_00793,7378.9,netbanking,success,none,25,24,1,0.96,0,0.0,0,131126.38,1
txn_003092,cust_01184,1409.8,wallet,success,none,23,20,3,0.8696,0,0.0,0,40831.39,1
txn_003093,cust_00845,392.15,wallet,failed,technical_error,16,12,4,0.75,0,13.96,0,144117.49,1
txn_003094,cust_02394,494.04,upi,success,none,34,26,8,0.7647,0,0.0,0,122491.59,1
txn_003095,cust_02478,13125.9,card,success,none,35,30,5,0.8571,0,0.0,0,55699.79,1
txn_003096,cust_01616,879.96,upi,success,none,22,16,6,0.7273,0,0.0,0,137766.53,1
txn_003097,cust_00129,167.58,card,success,none,34,24,10,0.7059,0,0.0,0,24457.48,1
txn_003098,cust_00161,735.58,wallet,success,none,17,13,4,0.7647,0,0.0,0,135895.14,1
txn_003099,cust_00251,215.59,upi,failed,bank_decline,16,9,7,0.5625,2,7.53,0,41915.02,0
txn_003100,cust_02131,3351.99,upi,failed,insufficient_funds,35,22,13,0.6286,1,12.26,0,71343.49,0
txn_003101,cust_01352,189.64,wallet,success,none,29,23,6,0.7931,0,0.0,0,73816.23,1
txn_003102,cust_02258,329.57,card,success,none,26,21,5,0.8077,0,0.0,0,61412.19,1
txn_003103,cust_01073,1344.78,upi,success,none,38,31,7,0.8158,0,0.0,0,11881.4,1
txn_003104,cust_00969,4061.79,upi,success,none,40,33,7,0.825,0,0.0,0,138157.62,1
txn_003105,cust_01518,1249.58,upi,success,none,13,12,1,0.9231,0,0.0,0,110137.04,1
txn_003106,cust_01413,380.83,wallet,failed,authentication_failed,24,19,5,0.7917,0,8.33,0,38308.0,0
txn_003107,cust_02444,1607.71,netbanking,success,none,20,15,5,0.75,0,0.0,0,30609.82,1
txn_003108,cust_01465,838.99,wallet,success,none,28,11,17,0.3929,0,0.0,0,105569.79,1
txn_003109,cust_02316,4157.64,card,failed,technical_error,7,7,0,1.0,2,6.1,0,49489.99,0
txn_003110,cust_02059,3148.84,wallet,failed,insufficient_funds,28,21,7,0.75,0,7.48,0,125514.1,1
txn_003111,cust_00144,782.77,upi,success,none,40,32,8,0.8,0,0.0,0,149769.71,1
txn_003112,cust_01752,2921.27,netbanking,failed,insufficient_funds,13,11,2,0.8462,0,3.31,0,125709.52,0
txn_003113,cust_01242,1756.76,netbanking,success,none,36,29,7,0.8056,0,0.0,0,135875.93,1
txn_003114,cust_00178,5254.34,wallet,success,none,27,20,7,0.7407,0,0.0,0,146101.72,1
txn_003115,cust_01729,2799.46,wallet,failed,network_error,18,16,2,0.8889,1,4.28,0,61043.12,1
txn_003116,cust_00581,2314.61,card,success,none,27,22,5,0.8148,0,0.0,0,79386.74,1
txn_003117,cust_02447,5054.12,wallet,failed,bank_decline,16,13,3,0.8125,2,13.06,0,95303.44,0
txn_003118,cust_00755,1360.22,card,success,none,7,5,2,0.7143,0,0.0,0,106998.75,1
txn_003119,cust_00967,618.25,card,abandoned,none,10,7,3,0.7,0,4.57,1,62531.06,1
txn_003120,cust_00121,1637.36,netbanking,success,none,30,23,7,0.7667,0,0.0,0,43502.14,1
txn_003121,cust_01593,938.78,netbanking,success,none,25,21,4,0.84,0,0.0,0,41294.92,1
txn_003122,cust_01334,2450.87,netbanking,success,none,9,7,2,0.7778,0,0.0,0,47664.68,1
txn_003123,cust_01337,1425.02,card,success,none,10,8,2,0.8,0,0.0,0,77112.91,1
txn_003124,cust_00950,2004.07,card,success,none,20,17,3,0.85,0,0.0,0,89464.97,1
txn_003125,cust_00336,401.77,card,success,none,15,14,1,0.9333,0,0.0,0,61255.77,1
txn_003126,cust_00894,2226.72,upi,success,none,14,11,3,0.7857,0,0.0,0,115276.89,1
txn_003127,cust_02441,370.47,upi,success,none,3,2,1,0.6667,0,0.0,0,111963.96,1
txn_003128,cust_00524,3504.35,card,abandoned,none,31,22,9,0.7097,0,6.52,1,145140.23,1
txn_003129,cust_01935,3509.59,card,abandoned,none,32,25,7,0.7812,0,4.52,1,67613.15,0
txn_003130,cust_01898,1896.86,wallet,success,none,6,6,0,1.0,0,0.0,0,56520.7,1
txn_003131,cust_02196,1826.37,card,success,none,9,6,3,0.6667,0,0.0,0,17176.95,1
txn_003132,cust_01316,1071.0,netbanking,success,none,26,20,6,0.7692,0,0.0,0,94834.29,1
txn_003133,cust_01251,732.73,card,success,none,16,15,1,0.9375,0,0.0,0,108414.02,1
txn_003134,cust_01281,1319.52,upi,success,none,26,23,3,0.8846,0,0.0,0,80620.74,1
txn_003135,cust_01343,9727.23,wallet,success,none,32,26,6,0.8125,0,0.0,0,44036.38,1
txn_003136,cust_00273,1684.66,upi,success,none,30,16,14,0.5333,0,0.0,0,138011.7,1
txn_003137,cust_00194,348.71,netbanking,success,none,33,29,4,0.8788,0,0.0,0,60552.08,1
txn_003138,cust_01836,242.66,wallet,success,none,21,19,2,0.9048,0,0.0,0,113770.31,1
txn_003139,cust_01500,317.96,card,success,none,10,9,1,0.9,0,0.0,0,27665.18,1
txn_003140,cust_01796,918.19,netbanking,success,none,3,2,1,0.6667,0,0.0,0,87870.53,1
txn_003141,cust_01890,4749.52,upi,success,none,19,14,5,0.7368,0,0.0,0,54671.98,1
txn_003142,cust_02340,481.31,wallet,success,none,7,6,1,0.8571,0,0.0,0,68028.37,1
txn_003143,cust_02471,5551.07,card,success,none,12,10,2,0.8333,0,0.0,0,81999.46,1
txn_003144,cust_02092,1602.71,upi,success,none,23,20,3,0.8696,0,0.0,0,32548.8,1
txn_003145,cust_00892,2172.09,wallet,success,none,2,2,0,1.0,0,0.0,0,13102.21,1
txn_003146,cust_00824,2113.37,card,failed,technical_error,21,20,1,0.9524,1,6.04,0,16287.09,1
txn_003147,cust_01944,2417.93,card,failed,technical_error,24,21,3,0.875,0,5.0,0,123971.34,1
txn_003148,cust_02226,887.7,wallet,success,none,27,13,14,0.4815,0,0.0,0,83263.64,1
txn_003149,cust_02273,129.75,wallet,success,none,37,29,8,0.7838,0,0.0,0,38271.08,1
txn_003150,cust_01284,743.7,card,success,none,35,29,6,0.8286,0,0.0,0,89479.17,1
txn_003151,cust_01674,551.21,netbanking,failed,bank_decline,7,6,1,0.8571,2,10.23,0,8395.68,0
txn_003152,cust_02097,1827.24,upi,success,none,37,31,6,0.8378,0,0.0,0,127985.42,1
txn_003153,cust_00440,1667.76,netbanking,success,none,16,13,3,0.8125,0,0.0,0,69061.18,1
txn_003154,cust_01199,1020.06,netbanking,failed,authentication_failed,37,28,9,0.7568,0,10.32,0,71849.54,0
txn_003155,cust_01552,7750.6,card,success,none,20,15,5,0.75,0,0.0,0,124131.62,1
txn_003156,cust_00268,705.76,netbanking,success,none,35,30,5,0.8571,0,0.0,0,120180.36,1
txn_003157,cust_00560,144.64,netbanking,failed,authentication_failed,18,16,2,0.8889,2,13.61,0,29281.48,0
txn_003158,cust_02497,1509.38,upi,success,none,25,22,3,0.88,0,0.0,0,99030.27,1
txn_003159,cust_02181,4399.27,netbanking,success,none,11,9,2,0.8182,0,0.0,0,39480.69,1
txn_003160,cust_02177,1784.98,card,failed,network_error,3,2,1,0.6667,1,1.42,0,20054.88,1
txn_003161,cust_02435,937.64,wallet,success,none,29,19,10,0.6552,0,0.0,0,37827.17,1
txn_003162,cust_01178,1703.51,card,success,none,19,9,10,0.4737,0,0.0,0,3554.25,1
txn_003163,cust_02108,8424.56,netbanking,success,none,20,18,2,0.9,0,0.0,0,104325.26,1
txn_003164,cust_01876,558.29,netbanking,success,none,19,9,10,0.4737,0,0.0,0,24895.67,1
txn_003165,cust_01520,1381.43,wallet,success,none,16,14,2,0.875,0,0.0,0,23434.39,1
txn_003166,cust_01428,2617.42,card,abandoned,none,24,19,5,0.7917,0,5.22,1,132267.36,0
txn_003167,cust_00211,1726.56,card,success,none,27,16,11,0.5926,0,0.0,0,49601.25,1
txn_003168,cust_02392,1045.38,wallet,failed,technical_error,27,23,4,0.8519,0,11.5,0,39711.25,1
txn_003169,cust_02214,874.52,card,success,none,6,6,0,1.0,0,0.0,0,43206.73,1
txn_003170,cust_01851,1007.08,upi,success,none,26,22,4,0.8462,0,0.0,0,3849.59,1
txn_003171,cust_02379,2280.23,netbanking,failed,network_error,11,11,0,1.0,2,11.37,0,5257.12,0
txn_003172,cust_00845,2151.18,wallet,success,none,16,12,4,0.75,0,0.0,0,144117.49,1
txn_003173,cust_02143,10880.4,wallet,abandoned,none,10,9,1,0.9,0,0.82,1,110652.05,1
txn_003174,cust_00892,288.07,upi,success,none,2,2,0,1.0,0,0.0,0,13102.21,1
txn_003175,cust_01780,7769.08,upi,failed,technical_error,26,21,5,0.8077,1,8.58,0,88088.59,0
txn_003176,cust_02207,1091.74,upi,success,none,24,15,9,0.625,0,0.0,0,131348.82,1
txn_003177,cust_02362,1223.43,upi,failed,insufficient_funds,24,21,3,0.875,1,11.68,0,112436.43,0
txn_003178,cust_02364,3161.28,upi,success,none,27,16,11,0.5926,0,0.0,0,25930.4,1
txn_003179,cust_01742,3141.35,wallet,success,none,27,23,4,0.8519,0,0.0,0,91141.89,1
txn_003180,cust_01531,4258.27,upi,success,none,6,5,1,0.8333,0,0.0,0,7541.14,1
txn_003181,cust_02067,5296.37,upi,failed,authentication_failed,37,27,10,0.7297,0,10.79,0,123421.28,0
txn_003182,cust_00800,1287.13,card,success,none,23,16,7,0.6957,0,0.0,0,82356.05,1
txn_003183,cust_00498,5364.89,upi,success,none,28,24,4,0.8571,0,0.0,0,103856.71,1
txn_003184,cust_00327,713.97,upi,success,none,22,20,2,0.9091,0,0.0,0,42669.11,1
txn_003185,cust_00515,987.03,wallet,success,none,29,23,6,0.7931,0,0.0,0,5971.32,1
txn_003186,cust_01291,1116.53,netbanking,success,none,28,24,4,0.8571,0,0.0,0,16785.74,1
txn_003187,cust_00174,791.06,upi,success,none,3,2,1,0.6667,0,0.0,0,134939.77,1
txn_003188,cust_02192,1422.05,upi,failed,insufficient_funds,33,28,5,0.8485,0,4.04,0,40413.58,1
txn_003189,cust_00556,3282.71,netbanking,success,none,29,22,7,0.7586,0,0.0,0,142632.72,1
txn_003190,cust_01641,2569.19,upi,failed,technical_error,32,17,15,0.5312,3,2.96,0,21955.86,0
txn_003191,cust_00573,725.47,wallet,success,none,10,6,4,0.6,0,0.0,0,148141.57,1
txn_003192,cust_02088,668.13,wallet,success,none,3,2,1,0.6667,0,0.0,0,1749.45,1
txn_003193,cust_00992,569.44,upi,failed,network_error,29,20,9,0.6897,2,13.66,0,98739.84,0
txn_003194,cust_01763,1463.8,upi,success,none,6,5,1,0.8333,0,0.0,0,43475.34,1
txn_003195,cust_01845,275.66,card,success,none,30,29,1,0.9667,0,0.0,0,109446.95,1
txn_003196,cust_01581,549.71,wallet,success,none,3,1,2,0.3333,0,0.0,0,92501.88,1
txn_003197,cust_00762,846.56,netbanking,success,none,23,21,2,0.913,0,0.0,0,139640.32,1
txn_003198,cust_00415,3848.24,wallet,success,none,32,25,7,0.7812,0,0.0,0,43944.45,1
txn_003199,cust_00175,1173.6,card,failed,bank_decline,14,10,4,0.7143,3,6.86,0,102627.94,0
txn_003200,cust_00649,3662.35,wallet,abandoned,none,20,16,4,0.8,0,4.59,1,7767.19,1
txn_003201,cust_01406,1615.78,card,success,none,30,22,8,0.7333,0,0.0,0,3425.92,1
txn_003202,cust_01548,833.56,netbanking,success,none,8,6,2,0.75,0,0.0,0,80852.76,1
txn_003203,cust_01689,868.58,upi,success,none,3,1,2,0.3333,0,0.0,0,40231.1,1
txn_003204,cust_01892,417.36,netbanking,success,none,8,6,2,0.75,0,0.0,0,15154.77,1
txn_003205,cust_02194,14811.84,netbanking,success,none,39,31,8,0.7949,0,0.0,0,88998.8,1
txn_003206,cust_01530,4066.4,upi,success,none,10,8,2,0.8,0,0.0,0,107036.22,1
txn_003207,cust_02240,2449.71,upi,success,none,10,9,1,0.9,0,0.0,0,71278.63,1
txn_003208,cust_00034,363.83,netbanking,success,none,16,11,5,0.6875,0,0.0,0,25346.97,1
txn_003209,cust_01730,852.67,card,abandoned,none,40,29,11,0.725,0,3.61,1,91689.63,1
txn_003210,cust_01062,505.05,netbanking,success,none,34,28,6,0.8235,0,0.0,0,66834.24,1
txn_003211,cust_02372,1521.68,card,success,none,34,22,12,0.6471,0,0.0,0,114984.46,1
txn_003212,cust_00089,529.9,wallet,success,none,34,29,5,0.8529,0,0.0,0,68271.44,1
txn_003213,cust_02029,685.2,wallet,success,none,20,18,2,0.9,0,0.0,0,74092.09,1
txn_003214,cust_02486,543.94,upi,success,none,13,9,4,0.6923,0,0.0,0,79086.4,1
txn_003215,cust_02198,1053.89,netbanking,abandoned,none,33,18,15,0.5455,0,3.61,1,102970.81,0
txn_003216,cust_01311,1438.6,netbanking,success,none,11,10,1,0.9091,0,0.0,0,139558.44,1
txn_003217,cust_01347,1082.19,wallet,success,none,32,29,3,0.9062,0,0.0,0,21343.67,1
txn_003218,cust_01858,6203.73,netbanking,failed,insufficient_funds,40,36,4,0.9,3,11.3,0,8239.46,0
txn_003219,cust_00491,3014.25,upi,failed,network_error,30,27,3,0.9,0,2.92,0,96047.79,0
txn_003220,cust_02420,612.14,upi,success,none,7,5,2,0.7143,0,0.0,0,43035.07,1
txn_003221,cust_01925,1854.94,wallet,success,none,11,5,6,0.4545,0,0.0,0,76329.57,1
txn_003222,cust_02098,664.7,card,failed,bank_decline,36,33,3,0.9167,3,4.05,0,69728.52,0
txn_003223,cust_00058,902.24,netbanking,success,none,36,31,5,0.8611,0,0.0,0,129256.18,1
txn_003224,cust_02479,2162.88,upi,success,none,1,1,0,1.0,0,0.0,0,116611.77,1
txn_003225,cust_01430,2606.2,card,success,none,9,7,2,0.7778,0,0.0,0,96594.85,1
txn_003226,cust_01717,744.39,upi,success,none,1,1,0,1.0,0,0.0,0,118196.05,1
txn_003227,cust_00546,443.69,netbanking,success,none,32,28,4,0.875,0,0.0,0,18301.95,1
txn_003228,cust_00162,1462.21,netbanking,success,none,4,3,1,0.75,0,0.0,0,14752.47,1
txn_003229,cust_00953,2068.59,upi,success,none,37,30,7,0.8108,0,0.0,0,45668.79,1
txn_003230,cust_01459,707.48,wallet,success,none,5,3,2,0.6,0,0.0,0,3486.72,1
txn_003231,cust_01145,3030.72,upi,success,none,20,17,3,0.85,0,0.0,0,39972.68,1
txn_003232,cust_02027,2538.41,netbanking,success,none,21,16,5,0.7619,0,0.0,0,89935.17,1
txn_003233,cust_01109,697.24,netbanking,abandoned,none,34,19,15,0.5588,0,1.76,1,33935.37,1
txn_003234,cust_00309,4147.09,upi,success,none,27,25,2,0.9259,0,0.0,0,123527.31,1
txn_003235,cust_01268,4275.8,upi,abandoned,none,37,26,11,0.7027,0,6.47,1,30770.21,1
txn_003236,cust_01135,10590.03,wallet,success,none,22,10,12,0.4545,0,0.0,0,46175.02,1
txn_003237,cust_02286,7418.7,wallet,success,none,6,4,2,0.6667,0,0.0,0,60440.66,1
txn_003238,cust_01048,543.15,wallet,success,none,9,8,1,0.8889,0,0.0,0,72249.1,1
txn_003239,cust_00321,3377.81,wallet,failed,bank_decline,29,20,9,0.6897,1,4.13,0,37335.65,0
txn_003240,cust_00877,3228.04,card,success,none,9,6,3,0.6667,0,0.0,0,65460.12,1
txn_003241,cust_00212,945.31,upi,success,none,19,16,3,0.8421,0,0.0,0,83607.46,1
txn_003242,cust_01768,2111.02,upi,success,none,18,10,8,0.5556,0,0.0,0,98086.51,1
txn_003243,cust_01946,204.87,upi,success,none,22,16,6,0.7273,0,0.0,0,84462.48,1
txn_003244,cust_00696,199.26,upi,abandoned,none,33,32,1,0.9697,0,1.14,1,58287.89,1
txn_003245,cust_02436,241.14,netbanking,failed,bank_decline,3,2,1,0.6667,3,12.52,0,30677.8,0
txn_003246,cust_00556,1976.84,upi,success,none,29,22,7,0.7586,0,0.0,0,142632.72,1
txn_003247,cust_02228,2072.5,upi,success,none,24,22,2,0.9167,0,0.0,0,84304.98,1
txn_003248,cust_02478,1018.53,netbanking,success,none,35,30,5,0.8571,0,0.0,0,55699.79,1
txn_003249,cust_00997,7488.84,card,success,none,38,36,2,0.9474,0,0.0,0,36653.03,1
txn_003250,cust_00051,3594.2,upi,failed,bank_decline,9,7,2,0.7778,3,1.34,0,76919.42,0
txn_003251,cust_00142,270.88,wallet,success,none,20,19,1,0.95,0,0.0,0,69126.46,1
txn_003252,cust_00837,1127.8,wallet,success,none,5,4,1,0.8,0,0.0,0,36163.31,1
txn_003253,cust_01936,523.38,upi,success,none,8,7,1,0.875,0,0.0,0,147119.94,1
txn_003254,cust_00761,2026.36,upi,success,none,15,8,7,0.5333,0,0.0,0,122688.79,1
txn_003255,cust_01296,1299.09,netbanking,failed,insufficient_funds,24,15,9,0.625,3,1.64,0,59278.99,1
txn_003256,cust_00281,553.92,wallet,failed,authentication_failed,22,18,4,0.8182,2,4.36,0,114423.23,0
txn_003257,cust_00593,7291.56,card,failed,network_error,6,5,1,0.8333,1,2.65,0,48994.66,1
txn_003258,cust_01628,1418.56,upi,success,none,32,29,3,0.9062,0,0.0,0,97727.86,1
txn_003259,cust_02408,883.56,netbanking,failed,bank_decline,34,28,6,0.8235,0,8.21,0,114916.21,1
txn_003260,cust_01828,1039.88,wallet,failed,authentication_failed,11,8,3,0.7273,0,2.99,0,86865.56,1
txn_003261,cust_01447,6759.26,netbanking,success,none,20,18,2,0.9,0,0.0,0,31611.41,1
txn_003262,cust_01927,3331.82,wallet,success,none,11,9,2,0.8182,0,0.0,0,12154.92,1
txn_003263,cust_01230,1138.71,upi,abandoned,none,6,6,0,1.0,0,4.77,1,1774.09,1
txn_003264,cust_01413,496.66,netbanking,success,none,24,19,5,0.7917,0,0.0,0,38308.0,1
txn_003265,cust_01566,580.45,upi,success,none,26,22,4,0.8462,0,0.0,0,56463.72,1
txn_003266,cust_00453,827.04,netbanking,abandoned,none,35,22,13,0.6286,0,3.81,1,57204.3,0
txn_003267,cust_00373,2224.23,card,failed,technical_error,38,31,7,0.8158,3,13.91,0,148514.66,0
txn_003268,cust_02485,2854.16,wallet,success,none,35,27,8,0.7714,0,0.0,0,123038.41,1
txn_003269,cust_02105,648.37,wallet,success,none,40,22,18,0.55,0,0.0,0,11401.52,1
txn_003270,cust_00241,2983.22,upi,success,none,30,23,7,0.7667,0,0.0,0,100469.08,1
txn_003271,cust_01869,539.9,netbanking,success,none,7,6,1,0.8571,0,0.0,0,77226.13,1
txn_003272,cust_01796,726.49,upi,abandoned,none,3,2,1,0.6667,0,0.86,1,87870.53,1
txn_003273,cust_01195,314.34,card,success,none,28,24,4,0.8571,0,0.0,0,97091.18,1
txn_003274,cust_00207,305.12,wallet,success,none,5,4,1,0.8,0,0.0,0,142382.3,1
txn_003275,cust_02168,534.09,card,success,none,18,14,4,0.7778,0,0.0,0,32516.05,1
txn_003276,cust_00524,1305.4,card,failed,bank_decline,31,22,9,0.7097,2,7.61,0,145140.23,0
txn_003277,cust_01108,495.72,wallet,abandoned,none,10,9,1,0.9,0,0.37,1,147868.64,1
txn_003278,cust_00918,5991.42,wallet,success,none,32,23,9,0.7188,0,0.0,0,149399.44,1
txn_003279,cust_00607,527.16,upi,success,none,21,18,3,0.8571,0,0.0,0,100101.07,1
txn_003280,cust_00817,1609.93,wallet,success,none,25,16,9,0.64,0,0.0,0,51516.46,1
txn_003281,cust_00060,5015.27,netbanking,failed,insufficient_funds,8,8,0,1.0,1,10.68,0,102574.84,1
txn_003282,cust_00085,1469.26,upi,success,none,35,26,9,0.7429,0,0.0,0,113534.51,1
txn_003283,cust_01195,930.84,wallet,success,none,28,24,4,0.8571,0,0.0,0,97091.18,1
txn_003284,cust_00020,1551.55,upi,success,none,25,20,5,0.8,0,0.0,0,12741.23,1
txn_003285,cust_02328,763.77,upi,success,none,16,13,3,0.8125,0,0.0,0,83745.67,1
txn_003286,cust_00011,492.35,upi,success,none,1,1,0,1.0,0,0.0,0,114062.3,1
txn_003287,cust_00379,2471.81,wallet,success,none,11,9,2,0.8182,0,0.0,0,36739.91,1
txn_003288,cust_00624,747.62,card,success,none,18,18,0,1.0,0,0.0,0,86540.9,1
txn_003289,cust_01871,3417.8,wallet,failed,technical_error,8,7,1,0.875,0,5.5,0,117929.25,1
txn_003290,cust_01380,2969.84,netbanking,success,none,33,23,10,0.697,0,0.0,0,147837.76,1
txn_003291,cust_00337,1581.8,wallet,success,none,16,10,6,0.625,0,0.0,0,46624.7,1
txn_003292,cust_01004,3536.48,upi,success,none,36,22,14,0.6111,0,0.0,0,146708.7,1
txn_003293,cust_02415,777.39,netbanking,success,none,30,25,5,0.8333,0,0.0,0,93041.68,1
txn_003294,cust_00487,2932.99,upi,failed,bank_decline,6,5,1,0.8333,3,1.25,0,91814.28,1
txn_003295,cust_00349,2917.76,netbanking,success,none,34,32,2,0.9412,0,0.0,0,89921.82,1
txn_003296,cust_01513,990.87,netbanking,success,none,24,17,7,0.7083,0,0.0,0,30900.0,1
txn_003297,cust_02349,871.56,netbanking,success,none,33,28,5,0.8485,0,0.0,0,73636.57,1
txn_003298,cust_01065,1861.3,upi,success,none,33,27,6,0.8182,0,0.0,0,67376.92,1
txn_003299,cust_00980,9587.78,netbanking,success,none,15,14,1,0.9333,0,0.0,0,141281.35,1
txn_003300,cust_01318,1061.85,wallet,abandoned,none,28,22,6,0.7857,0,4.29,1,59941.77,1
txn_003301,cust_02384,853.4,netbanking,failed,authentication_failed,36,31,5,0.8611,3,2.16,0,67281.89,1
txn_003302,cust_00240,4352.02,card,success,none,8,6,2,0.75,0,0.0,0,69012.81,1
txn_003303,cust_00066,1433.87,card,failed,technical_error,12,11,1,0.9167,0,9.67,0,76644.57,1
txn_003304,cust_00565,3184.41,card,success,none,4,3,1,0.75,0,0.0,0,118232.39,1
txn_003305,cust_01184,5852.54,upi,success,none,23,20,3,0.8696,0,0.0,0,40831.39,1
txn_003306,cust_00577,198.93,upi,success,none,23,19,4,0.8261,0,0.0,0,118707.71,1
txn_003307,cust_00287,1290.03,wallet,success,none,5,4,1,0.8,0,0.0,0,117403.72,1
txn_003308,cust_00557,1064.43,wallet,success,none,24,18,6,0.75,0,0.0,0,15803.84,1
txn_003309,cust_00790,511.66,wallet,success,none,24,21,3,0.875,0,0.0,0,11084.22,1
txn_003310,cust_00911,196.64,netbanking,abandoned,none,16,9,7,0.5625,0,0.22,1,21990.77,1
txn_003311,cust_00654,272.74,upi,abandoned,none,19,15,4,0.7895,0,3.96,1,49890.23,1
txn_003312,cust_01360,1486.78,upi,success,none,18,14,4,0.7778,0,0.0,0,116491.84,1
txn_003313,cust_00285,785.22,card,failed,network_error,35,31,4,0.8857,2,7.95,0,8760.76,1
txn_003314,cust_01629,600.74,upi,failed,insufficient_funds,12,10,2,0.8333,3,8.46,0,106370.26,0
txn_003315,cust_01084,1472.07,wallet,success,none,35,29,6,0.8286,0,0.0,0,20815.48,1
txn_003316,cust_00524,670.39,card,success,none,31,22,9,0.7097,0,0.0,0,145140.23,1
txn_003317,cust_00122,4866.75,upi,failed,bank_decline,36,19,17,0.5278,1,13.77,0,99618.83,0
txn_003318,cust_01750,719.9,upi,success,none,34,24,10,0.7059,0,0.0,0,132020.56,1
txn_003319,cust_01084,6034.94,netbanking,success,none,35,29,6,0.8286,0,0.0,0,20815.48,1
txn_003320,cust_01783,1299.82,netbanking,success,none,39,29,10,0.7436,0,0.0,0,91748.47,1
txn_003321,cust_01060,697.92,netbanking,success,none,13,10,3,0.7692,0,0.0,0,86332.55,1
txn_003322,cust_01252,649.0,card,failed,authentication_failed,32,24,8,0.75,3,13.83,0,89477.15,0
txn_003323,cust_01229,6086.29,wallet,failed,insufficient_funds,21,17,4,0.8095,0,8.75,0,54744.33,0
txn_003324,cust_00029,2686.07,netbanking,success,none,24,20,4,0.8333,0,0.0,0,25235.46,1
txn_003325,cust_00840,626.77,netbanking,success,none,10,9,1,0.9,0,0.0,0,102180.25,1
txn_003326,cust_00963,1508.81,netbanking,success,none,25,24,1,0.96,0,0.0,0,23018.58,1
txn_003327,cust_02012,126.64,wallet,success,none,17,15,2,0.8824,0,0.0,0,31260.0,1
txn_003328,cust_01302,353.68,upi,failed,bank_decline,10,9,1,0.9,3,9.39,0,52900.97,0
txn_003329,cust_01856,632.52,upi,success,none,3,3,0,1.0,0,0.0,0,56903.67,1
txn_003330,cust_01587,617.19,netbanking,abandoned,none,34,32,2,0.9412,0,5.5,1,38123.02,0
txn_003331,cust_00533,4505.32,netbanking,abandoned,none,35,30,5,0.8571,0,6.7,1,19414.72,0
txn_003332,cust_01811,197.51,wallet,failed,authentication_failed,22,20,2,0.9091,2,11.08,0,56380.68,0
txn_003333,cust_01914,321.24,upi,success,none,5,4,1,0.8,0,0.0,0,39980.32,1
txn_003334,cust_00851,2105.68,netbanking,success,none,19,18,1,0.9474,0,0.0,0,104403.12,1
txn_003335,cust_00446,1686.27,netbanking,success,none,33,22,11,0.6667,0,0.0,0,40808.73,1
txn_003336,cust_01235,944.1,card,success,none,33,23,10,0.697,0,0.0,0,61798.58,1
txn_003337,cust_01114,10430.49,card,success,none,4,3,1,0.75,0,0.0,0,145871.25,1
txn_003338,cust_01718,2483.46,wallet,success,none,40,30,10,0.75,0,0.0,0,88548.84,1
txn_003339,cust_00618,4549.74,upi,success,none,39,34,5,0.8718,0,0.0,0,47554.89,1
txn_003340,cust_01036,1273.09,netbanking,success,none,16,15,1,0.9375,0,0.0,0,2017.69,1
txn_003341,cust_00705,777.76,upi,abandoned,none,12,10,2,0.8333,0,4.65,1,6832.18,1
txn_003342,cust_01160,786.72,upi,failed,insufficient_funds,32,25,7,0.7812,3,10.86,0,145009.73,0
txn_003343,cust_00329,3386.88,card,success,none,18,15,3,0.8333,0,0.0,0,83812.86,1
txn_003344,cust_01758,2900.82,card,success,none,16,15,1,0.9375,0,0.0,0,56497.55,1
txn_003345,cust_02404,1076.42,netbanking,success,none,16,12,4,0.75,0,0.0,0,25327.15,1
txn_003346,cust_00733,2146.48,upi,success,none,34,23,11,0.6765,0,0.0,0,6624.38,1
txn_003347,cust_01720,3507.36,upi,abandoned,none,10,8,2,0.8,0,2.9,1,23081.76,0
txn_003348,cust_00075,762.09,netbanking,failed,insufficient_funds,24,22,2,0.9167,0,2.63,0,131929.56,1
txn_003349,cust_01520,950.14,netbanking,success,none,16,14,2,0.875,0,0.0,0,23434.39,1
txn_003350,cust_00337,2093.6,card,success,none,16,10,6,0.625,0,0.0,0,46624.7,1
txn_003351,cust_01645,223.93,upi,success,none,22,19,3,0.8636,0,0.0,0,67547.86,1
txn_003352,cust_02163,2133.66,wallet,success,none,23,22,1,0.9565,0,0.0,0,73542.37,1
txn_003353,cust_02035,434.83,card,success,none,35,26,9,0.7429,0,0.0,0,81018.36,1
txn_003354,cust_02070,3434.59,wallet,success,none,28,25,3,0.8929,0,0.0,0,48144.23,1
txn_003355,cust_00669,11473.38,upi,abandoned,none,7,6,1,0.8571,0,1.49,1,37254.15,1
txn_003356,cust_02256,667.03,upi,success,none,6,4,2,0.6667,0,0.0,0,149525.75,1
txn_003357,cust_00133,347.36,upi,success,none,16,14,2,0.875,0,0.0,0,61162.56,1
txn_003358,cust_01945,1118.89,upi,success,none,15,6,9,0.4,0,0.0,0,126803.3,1
txn_003359,cust_02034,1027.35,upi,success,none,33,27,6,0.8182,0,0.0,0,24746.2,1
txn_003360,cust_02273,2593.4,wallet,success,none,37,29,8,0.7838,0,0.0,0,38271.08,1
txn_003361,cust_01590,1692.67,card,failed,network_error,23,20,3,0.8696,0,10.13,0,72472.98,1
txn_003362,cust_02384,995.92,netbanking,failed,authentication_failed,36,31,5,0.8611,2,12.16,0,67281.89,0
txn_003363,cust_00494,1466.47,upi,success,none,30,22,8,0.7333,0,0.0,0,135280.2,1
txn_003364,cust_00916,436.09,netbanking,success,none,37,28,9,0.7568,0,0.0,0,108448.14,1
txn_003365,cust_00093,3069.33,wallet,abandoned,none,15,13,2,0.8667,0,3.95,1,2071.44,0
txn_003366,cust_01818,6754.48,upi,success,none,27,22,5,0.8148,0,0.0,0,9055.23,1
txn_003367,cust_02453,404.4,upi,failed,authentication_failed,31,21,10,0.6774,0,13.24,0,103572.57,1
txn_003368,cust_00113,276.1,upi,failed,authentication_failed,36,22,14,0.6111,1,1.9,0,15588.4,1
txn_003369,cust_02441,895.97,wallet,success,none,3,2,1,0.6667,0,0.0,0,111963.96,1
txn_003370,cust_00495,394.86,card,success,none,35,35,0,1.0,0,0.0,0,24538.37,1
txn_003371,cust_00166,373.82,wallet,failed,technical_error,17,13,4,0.7647,0,12.61,0,25075.71,1
txn_003372,cust_01175,329.63,upi,success,none,35,34,1,0.9714,0,0.0,0,83194.89,1
txn_003373,cust_01501,1103.67,netbanking,success,none,3,2,1,0.6667,0,0.0,0,83376.85,1
txn_003374,cust_00129,887.65,upi,success,none,34,24,10,0.7059,0,0.0,0,24457.48,1
txn_003375,cust_01201,1945.47,card,failed,bank_decline,18,12,6,0.6667,1,12.28,0,134997.44,0
txn_003376,cust_00665,762.79,upi,success,none,26,23,3,0.8846,0,0.0,0,4107.63,1
txn_003377,cust_01575,396.77,wallet,success,none,37,29,8,0.7838,0,0.0,0,65540.3,1
txn_003378,cust_01064,1317.01,wallet,success,none,32,20,12,0.625,0,0.0,0,14550.31,1
txn_003379,cust_01813,464.72,netbanking,success,none,8,4,4,0.5,0,0.0,0,71109.95,1
txn_003380,cust_00485,2235.39,card,success,none,37,26,11,0.7027,0,0.0,0,102588.26,1
txn_003381,cust_01494,253.1,card,success,none,11,9,2,0.8182,0,0.0,0,39012.3,1
txn_003382,cust_00473,153.72,wallet,failed,bank_decline,32,19,13,0.5938,3,1.11,0,130985.07,0
txn_003383,cust_00040,267.8,card,success,none,26,18,8,0.6923,0,0.0,0,40893.39,1
txn_003384,cust_02141,881.55,netbanking,failed,bank_decline,11,8,3,0.7273,2,11.89,0,27692.63,0
txn_003385,cust_00461,1005.13,card,success,none,3,2,1,0.6667,0,0.0,0,19810.69,1
txn_003386,cust_01200,1536.01,upi,success,none,3,3,0,1.0,0,0.0,0,138699.73,1
txn_003387,cust_00439,761.51,wallet,success,none,31,27,4,0.871,0,0.0,0,147056.45,1
txn_003388,cust_00064,574.5,netbanking,failed,insufficient_funds,1,1,0,1.0,1,1.5,0,143118.57,0
txn_003389,cust_01545,5615.44,wallet,failed,technical_error,38,28,10,0.7368,3,9.81,0,17236.95,0
txn_003390,cust_01004,4310.83,card,success,none,36,22,14,0.6111,0,0.0,0,146708.7,1
txn_003391,cust_01352,3591.06,card,success,none,29,23,6,0.7931,0,0.0,0,73816.23,1
txn_003392,cust_00013,1824.2,netbanking,success,none,22,18,4,0.8182,0,0.0,0,42402.83,1
txn_003393,cust_01132,1975.36,wallet,success,none,38,28,10,0.7368,0,0.0,0,108921.48,1
txn_003394,cust_00637,598.72,wallet,success,none,11,9,2,0.8182,0,0.0,0,56137.91,1
txn_003395,cust_01739,1547.44,upi,success,none,15,15,0,1.0,0,0.0,0,21023.44,1
txn_003396,cust_01381,523.29,netbanking,failed,insufficient_funds,7,6,1,0.8571,1,7.69,0,21202.75,1
txn_003397,cust_01840,467.19,wallet,success,none,23,17,6,0.7391,0,0.0,0,47501.75,1
txn_003398,cust_00960,265.74,netbanking,failed,authentication_failed,4,2,2,0.5,0,4.84,0,87944.97,1
txn_003399,cust_01542,2010.37,upi,failed,technical_error,21,14,7,0.6667,3,2.33,0,48390.6,0
txn_003400,cust_00078,1577.62,card,success,none,6,4,2,0.6667,0,0.0,0,13762.36,1
txn_003401,cust_01515,989.42,netbanking,success,none,40,27,13,0.675,0,0.0,0,37145.02,1
txn_003402,cust_00579,868.0,upi,success,none,2,1,1,0.5,0,0.0,0,26962.68,1
txn_003403,cust_00112,214.84,wallet,success,none,5,4,1,0.8,0,0.0,0,67026.48,1
txn_003404,cust_01900,1730.9,upi,success,none,26,22,4,0.8462,0,0.0,0,60637.28,1
txn_003405,cust_01969,976.97,card,success,none,28,23,5,0.8214,0,0.0,0,125983.6,1
txn_003406,cust_00887,3281.31,upi,success,none,11,7,4,0.6364,0,0.0,0,89179.46,1
txn_003407,cust_00935,1550.31,upi,failed,authentication_failed,36,34,2,0.9444,2,11.52,0,42678.38,0
txn_003408,cust_02062,2712.93,netbanking,failed,bank_decline,5,3,2,0.6,3,0.79,0,112286.73,0
txn_003409,cust_01362,1329.77,netbanking,failed,authentication_failed,3,3,0,1.0,3,13.74,0,114240.62,0
txn_003410,cust_00762,1606.28,netbanking,abandoned,none,23,21,2,0.913,0,3.2,1,139640.32,1
txn_003411,cust_00558,3398.63,upi,success,none,24,18,6,0.75,0,0.0,0,82125.41,1
txn_003412,cust_00848,1105.01,card,success,none,36,27,9,0.75,0,0.0,0,18546.39,1
txn_003413,cust_00846,2147.06,netbanking,success,none,2,2,0,1.0,0,0.0,0,110615.55,1
txn_003414,cust_01643,859.61,wallet,success,none,21,14,7,0.6667,0,0.0,0,26015.23,1
txn_003415,cust_02473,1174.85,card,success,none,18,17,1,0.9444,0,0.0,0,130281.61,1
txn_003416,cust_02065,6591.42,wallet,success,none,5,4,1,0.8,0,0.0,0,9085.94,1
txn_003417,cust_00124,2541.49,netbanking,success,none,19,14,5,0.7368,0,0.0,0,33437.43,1
txn_003418,cust_01612,779.41,card,success,none,12,7,5,0.5833,0,0.0,0,74075.03,1
txn_003419,cust_01518,2044.52,card,success,none,13,12,1,0.9231,0,0.0,0,110137.04,1
txn_003420,cust_00105,372.42,card,success,none,4,3,1,0.75,0,0.0,0,101331.32,1
txn_003421,cust_00344,1073.64,netbanking,success,none,13,11,2,0.8462,0,0.0,0,48016.64,1
txn_003422,cust_01055,516.24,upi,success,none,6,5,1,0.8333,0,0.0,0,79300.49,1
txn_003423,cust_01318,2104.65,wallet,success,none,28,22,6,0.7857,0,0.0,0,59941.77,1
txn_003424,cust_02049,1108.84,wallet,success,none,2,2,0,1.0,0,0.0,0,136789.05,1
txn_003425,cust_01044,1778.42,card,success,none,26,15,11,0.5769,0,0.0,0,103224.97,1
txn_003426,cust_00114,2904.97,card,failed,technical_error,35,24,11,0.6857,2,2.15,0,125568.11,1
txn_003427,cust_00861,845.38,wallet,failed,bank_decline,33,25,8,0.7576,3,10.23,0,34412.0,0
txn_003428,cust_00722,876.13,card,abandoned,none,22,15,7,0.6818,0,1.12,1,122164.53,1
txn_003429,cust_00308,1290.73,wallet,failed,authentication_failed,22,18,4,0.8182,3,8.53,0,2885.17,0
txn_003430,cust_00437,566.52,wallet,success,none,19,18,1,0.9474,0,0.0,0,76821.93,1
txn_003431,cust_00646,1324.5,netbanking,success,none,8,6,2,0.75,0,0.0,0,52430.76,1
txn_003432,cust_02263,1396.27,wallet,success,none,23,20,3,0.8696,0,0.0,0,52773.79,1
txn_003433,cust_01536,1684.02,card,abandoned,none,33,29,4,0.8788,0,5.87,1,20893.56,0
txn_003434,cust_00033,2037.65,card,success,none,11,9,2,0.8182,0,0.0,0,80586.84,1
txn_003435,cust_00767,269.59,upi,failed,authentication_failed,21,17,4,0.8095,0,1.43,0,139693.06,0
txn_003436,cust_01091,370.51,card,success,none,35,30,5,0.8571,0,0.0,0,64195.08,1
txn_003437,cust_00318,416.89,upi,success,none,38,32,6,0.8421,0,0.0,0,40990.94,1
txn_003438,cust_00293,1469.4,wallet,success,none,14,12,2,0.8571,0,0.0,0,70290.06,1
txn_003439,cust_00080,1007.9,card,failed,insufficient_funds,35,34,1,0.9714,3,12.94,0,115109.33,0
txn_003440,cust_00162,138.69,netbanking,success,none,4,3,1,0.75,0,0.0,0,14752.47,1
txn_003441,cust_01193,9386.66,card,success,none,1,1,0,1.0,0,0.0,0,105723.93,1
txn_003442,cust_01880,183.28,card,success,none,1,1,0,1.0,0,0.0,0,2899.66,1
txn_003443,cust_02366,1380.81,card,failed,authentication_failed,16,8,8,0.5,1,7.93,0,99641.36,0
txn_003444,cust_01775,2352.83,card,failed,insufficient_funds,18,14,4,0.7778,1,13.41,0,64147.21,1
txn_003445,cust_01629,652.11,netbanking,success,none,12,10,2,0.8333,0,0.0,0,106370.26,1
txn_003446,cust_01433,2540.1,netbanking,success,none,11,8,3,0.7273,0,0.0,0,66574.81,1
txn_003447,cust_02477,488.74,card,success,none,19,15,4,0.7895,0,0.0,0,123093.36,1
txn_003448,cust_02021,1589.38,card,success,none,8,5,3,0.625,0,0.0,0,57202.54,1
txn_003449,cust_02346,151.33,upi,failed,bank_decline,37,31,6,0.8378,2,9.17,0,97829.96,0
txn_003450,cust_02307,4329.59,wallet,success,none,9,8,1,0.8889,0,0.0,0,9068.08,1
txn_003451,cust_01720,1340.6,wallet,success,none,10,8,2,0.8,0,0.0,0,23081.76,1
txn_003452,cust_00704,271.86,wallet,failed,technical_error,6,5,1,0.8333,2,5.05,0,76177.8,1
txn_003453,cust_02004,2511.8,netbanking,success,none,36,34,2,0.9444,0,0.0,0,129861.38,1
txn_003454,cust_01531,6851.02,upi,success,none,6,5,1,0.8333,0,0.0,0,7541.14,1
txn_003455,cust_02237,530.38,wallet,success,none,40,31,9,0.775,0,0.0,0,104861.55,1
txn_003456,cust_02029,1085.49,netbanking,failed,insufficient_funds,20,18,2,0.9,1,0.72,0,74092.09,1
txn_003457,cust_00424,800.45,card,success,none,24,19,5,0.7917,0,0.0,0,93772.45,1
txn_003458,cust_00319,620.04,netbanking,failed,network_error,16,13,3,0.8125,1,8.71,0,124778.92,1
txn_003459,cust_02221,558.04,upi,success,none,7,5,2,0.7143,0,0.0,0,24062.01,1
txn_003460,cust_00643,701.73,netbanking,abandoned,none,28,25,3,0.8929,0,1.81,1,73363.59,1
txn_003461,cust_00688,740.72,card,success,none,5,4,1,0.8,0,0.0,0,70869.24,1
txn_003462,cust_01533,937.8,netbanking,success,none,34,33,1,0.9706,0,0.0,0,62545.46,1
txn_003463,cust_00465,872.12,card,abandoned,none,30,19,11,0.6333,0,2.06,1,3286.79,0
txn_003464,cust_00137,2867.43,card,failed,technical_error,38,32,6,0.8421,2,9.76,0,85218.81,0
txn_003465,cust_00794,2622.48,card,success,none,3,3,0,1.0,0,0.0,0,95714.95,1
txn_003466,cust_01009,289.02,wallet,failed,technical_error,4,4,0,1.0,3,1.94,0,136282.61,0
txn_003467,cust_00110,739.82,netbanking,success,none,9,9,0,1.0,0,0.0,0,63860.36,1
txn_003468,cust_00945,4677.68,upi,success,none,34,22,12,0.6471,0,0.0,0,69091.3,1
txn_003469,cust_01104,1797.27,netbanking,success,none,19,16,3,0.8421,0,0.0,0,35890.07,1
txn_003470,cust_00236,1871.45,wallet,failed,technical_error,7,6,1,0.8571,3,4.45,0,116984.64,0
txn_003471,cust_02463,1701.01,card,abandoned,none,23,16,7,0.6957,0,0.91,1,121023.28,1
txn_003472,cust_02034,1031.06,wallet,success,none,33,27,6,0.8182,0,0.0,0,24746.2,1
txn_003473,cust_01266,1285.56,netbanking,success,none,18,16,2,0.8889,0,0.0,0,122657.68,1
txn_003474,cust_00061,894.35,wallet,success,none,35,26,9,0.7429,0,0.0,0,112880.79,1
txn_003475,cust_01099,3151.82,upi,success,none,3,3,0,1.0,0,0.0,0,67519.72,1
txn_003476,cust_01401,902.55,upi,success,none,32,28,4,0.875,0,0.0,0,41011.99,1
txn_003477,cust_01829,1196.37,upi,failed,insufficient_funds,11,7,4,0.6364,3,5.28,0,73946.99,0
txn_003478,cust_00525,2794.3,wallet,failed,network_error,19,19,0,1.0,3,4.53,0,112237.34,0
txn_003479,cust_02084,965.08,wallet,success,none,10,8,2,0.8,0,0.0,0,45410.42,1
txn_003480,cust_00582,1247.98,upi,failed,authentication_failed,5,4,1,0.8,0,6.34,0,71960.65,0
txn_003481,cust_00109,936.17,upi,success,none,13,10,3,0.7692,0,0.0,0,80906.58,1
txn_003482,cust_02184,1224.96,netbanking,success,none,37,27,10,0.7297,0,0.0,0,96005.78,1
txn_003483,cust_00251,968.43,card,success,none,16,9,7,0.5625,0,0.0,0,41915.02,1
txn_003484,cust_01450,783.79,card,failed,network_error,4,3,1,0.75,0,4.52,0,117786.44,1
txn_003485,cust_00572,659.87,upi,success,none,39,32,7,0.8205,0,0.0,0,1422.5,1
txn_003486,cust_00974,1127.26,upi,success,none,21,18,3,0.8571,0,0.0,0,143546.14,1
txn_003487,cust_02422,3707.96,wallet,success,none,1,1,0,1.0,0,0.0,0,35688.76,1
txn_003488,cust_02480,2499.13,card,success,none,33,30,3,0.9091,0,0.0,0,57477.49,1
txn_003489,cust_00538,276.12,card,abandoned,none,40,32,8,0.8,0,3.56,1,132750.99,1
txn_003490,cust_01042,872.05,netbanking,failed,technical_error,4,3,1,0.75,0,8.31,0,100500.13,0
txn_003491,cust_00031,707.45,netbanking,failed,authentication_failed,18,14,4,0.7778,3,0.68,0,105571.23,0
txn_003492,cust_01566,280.81,card,abandoned,none,26,22,4,0.8462,0,6.18,1,56463.72,0
txn_003493,cust_02413,1763.89,wallet,success,none,5,5,0,1.0,0,0.0,0,28178.67,1
txn_003494,cust_00235,1216.71,card,success,none,1,1,0,1.0,0,0.0,0,134006.31,1
txn_003495,cust_01188,10126.81,wallet,success,none,15,15,0,1.0,0,0.0,0,45696.22,1
txn_003496,cust_01367,959.08,netbanking,failed,technical_error,23,20,3,0.8696,1,11.63,0,129467.74,0
txn_003497,cust_01314,616.36,wallet,failed,authentication_failed,36,29,7,0.8056,1,5.72,0,64529.04,1
txn_003498,cust_02081,559.51,netbanking,success,none,35,29,6,0.8286,0,0.0,0,33759.99,1
txn_003499,cust_02395,852.7,card,success,none,9,9,0,1.0,0,0.0,0,52238.85,1
txn_003500,cust_01307,2417.11,netbanking,success,none,29,23,6,0.7931,0,0.0,0,48517.51,1
txn_003501,cust_00692,2710.44,card,success,none,30,23,7,0.7667,0,0.0,0,68335.17,1
txn_003502,cust_00036,24988.16,upi,success,none,36,28,8,0.7778,0,0.0,0,33722.66,1
txn_003503,cust_01662,400.78,card,failed,network_error,11,4,7,0.3636,3,2.49,0,110065.78,0
txn_003504,cust_02413,1460.06,netbanking,failed,insufficient_funds,5,5,0,1.0,0,11.93,0,28178.67,1
txn_003505,cust_00666,675.68,card,abandoned,none,21,15,6,0.7143,0,0.7,1,26609.1,1
txn_003506,cust_00717,1901.69,upi,failed,technical_error,10,8,2,0.8,3,5.58,0,137595.22,0
txn_003507,cust_01817,5340.94,upi,success,none,25,17,8,0.68,0,0.0,0,79945.94,1
txn_003508,cust_01075,3171.98,netbanking,failed,insufficient_funds,5,3,2,0.6,2,6.08,0,81633.36,0
txn_003509,cust_01955,400.37,netbanking,success,none,32,25,7,0.7812,0,0.0,0,21926.93,1
txn_003510,cust_00949,2656.22,upi,success,none,26,24,2,0.9231,0,0.0,0,148601.74,1
txn_003511,cust_02355,161.85,card,success,none,40,29,11,0.725,0,0.0,0,86174.0,1
txn_003512,cust_02207,123.98,card,success,none,24,15,9,0.625,0,0.0,0,131348.82,1
txn_003513,cust_01900,1044.14,upi,success,none,26,22,4,0.8462,0,0.0,0,60637.28,1
txn_003514,cust_01566,2466.81,upi,success,none,26,22,4,0.8462,0,0.0,0,56463.72,1
txn_003515,cust_00088,1897.32,card,success,none,24,20,4,0.8333,0,0.0,0,66276.91,1
txn_003516,cust_01313,9007.28,wallet,success,none,36,19,17,0.5278,0,0.0,0,24860.22,1
txn_003517,cust_01713,1494.17,upi,success,none,5,4,1,0.8,0,0.0,0,13967.09,1
txn_003518,cust_00532,1203.68,wallet,success,none,26,22,4,0.8462,0,0.0,0,3073.88,1
txn_003519,cust_01450,4252.2,upi,success,none,4,3,1,0.75,0,0.0,0,117786.44,1
txn_003520,cust_01897,921.38,card,success,none,18,15,3,0.8333,0,0.0,0,131892.86,1
txn_003521,cust_01822,1975.84,wallet,success,none,30,22,8,0.7333,0,0.0,0,22340.4,1
txn_003522,cust_00456,2098.5,card,abandoned,none,15,14,1,0.9333,0,6.21,1,128545.93,0
txn_003523,cust_00470,506.86,upi,success,none,22,14,8,0.6364,0,0.0,0,127998.86,1
txn_003524,cust_01061,1973.31,netbanking,failed,authentication_failed,10,8,2,0.8,2,2.01,0,25516.04,1
txn_003525,cust_00407,11908.73,wallet,success,none,29,23,6,0.7931,0,0.0,0,137494.85,1
txn_003526,cust_01179,4174.08,upi,failed,bank_decline,28,25,3,0.8929,3,2.58,0,121118.99,0
txn_003527,cust_01591,578.66,netbanking,success,none,32,27,5,0.8438,0,0.0,0,52261.08,1
txn_003528,cust_00130,13886.2,wallet,failed,bank_decline,33,22,11,0.6667,2,8.5,0,12936.61,0
txn_003529,cust_00185,2668.49,netbanking,failed,insufficient_funds,16,14,2,0.875,3,4.66,0,40754.05,0
txn_003530,cust_02096,2047.24,wallet,success,none,12,9,3,0.75,0,0.0,0,100975.71,1
txn_003531,cust_02026,1215.34,card,success,none,10,10,0,1.0,0,0.0,0,6951.15,1
txn_003532,cust_00169,2651.04,card,success,none,8,6,2,0.75,0,0.0,0,12211.34,1
txn_003533,cust_01261,1497.85,netbanking,failed,insufficient_funds,13,12,1,0.9231,3,2.44,0,72372.45,1
txn_003534,cust_01755,1366.0,netbanking,failed,technical_error,13,9,4,0.6923,3,8.06,0,41822.65,0
txn_003535,cust_00045,1172.5,card,success,none,30,22,8,0.7333,0,0.0,0,22287.87,1
txn_003536,cust_02196,3546.68,netbanking,failed,authentication_failed,9,6,3,0.6667,1,5.91,0,17176.95,0
txn_003537,cust_01151,3174.61,wallet,success,none,3,2,1,0.6667,0,0.0,0,84816.18,1
txn_003538,cust_01091,1153.56,upi,success,none,35,30,5,0.8571,0,0.0,0,64195.08,1
txn_003539,cust_00014,293.25,netbanking,success,none,14,12,2,0.8571,0,0.0,0,143624.75,1
txn_003540,cust_01282,1388.62,wallet,failed,network_error,27,26,1,0.963,1,1.37,0,82003.14,1
txn_003541,cust_00961,653.36,netbanking,failed,technical_error,11,10,1,0.9091,0,11.71,0,79110.62,1
txn_003542,cust_00903,834.16,wallet,success,none,22,20,2,0.9091,0,0.0,0,91392.38,1
txn_003543,cust_01751,1182.22,upi,success,none,2,2,0,1.0,0,0.0,0,26886.87,1
txn_003544,cust_01682,463.91,upi,success,none,6,5,1,0.8333,0,0.0,0,71562.03,1
txn_003545,cust_02141,267.66,netbanking,success,none,11,8,3,0.7273,0,0.0,0,27692.63,1
txn_003546,cust_01623,1793.59,wallet,success,none,5,5,0,1.0,0,0.0,0,56665.03,1
txn_003547,cust_01440,1375.85,wallet,success,none,25,20,5,0.8,0,0.0,0,53378.81,1
txn_003548,cust_01915,1324.24,card,success,none,21,19,2,0.9048,0,0.0,0,2841.67,1
txn_003549,cust_00958,2232.25,wallet,success,none,17,15,2,0.8824,0,0.0,0,145093.53,1
txn_003550,cust_00276,692.61,netbanking,success,none,2,1,1,0.5,0,0.0,0,13508.17,1
txn_003551,cust_00357,1867.72,netbanking,failed,technical_error,32,27,5,0.8438,0,13.14,0,16285.56,1
txn_003552,cust_01948,5102.17,card,success,none,24,19,5,0.7917,0,0.0,0,107671.11,1
txn_003553,cust_02118,1038.25,netbanking,success,none,20,19,1,0.95,0,0.0,0,73558.74,1
txn_003554,cust_02303,8949.78,wallet,success,none,37,34,3,0.9189,0,0.0,0,130446.56,1
txn_003555,cust_01489,1408.1,wallet,failed,authentication_failed,5,3,2,0.6,0,4.79,0,40179.5,1
txn_003556,cust_01016,571.13,wallet,success,none,26,24,2,0.9231,0,0.0,0,118406.13,1
txn_003557,cust_02086,3132.8,card,success,none,1,1,0,1.0,0,0.0,0,83475.1,1
txn_003558,cust_01803,1196.84,card,success,none,36,21,15,0.5833,0,0.0,0,27989.24,1
txn_003559,cust_00493,3837.4,card,success,none,1,1,0,1.0,0,0.0,0,134937.37,1
txn_003560,cust_01681,2025.04,wallet,failed,network_error,11,9,2,0.8182,0,8.64,0,96090.41,0
txn_003561,cust_01852,965.04,wallet,success,none,15,14,1,0.9333,0,0.0,0,109348.16,1
txn_003562,cust_01350,6130.4,upi,success,none,27,26,1,0.963,0,0.0,0,103019.8,1
txn_003563,cust_02346,812.92,wallet,success,none,37,31,6,0.8378,0,0.0,0,97829.96,1
txn_003564,cust_00693,153.6,wallet,abandoned,none,4,2,2,0.5,0,0.27,1,55941.9,0
txn_003565,cust_01322,3231.11,upi,failed,network_error,14,13,1,0.9286,1,2.03,0,31661.89,1
txn_003566,cust_01866,1900.61,upi,success,none,7,6,1,0.8571,0,0.0,0,99709.96,1
txn_003567,cust_01731,4835.4,upi,success,none,26,15,11,0.5769,0,0.0,0,6778.6,1
txn_003568,cust_01814,554.64,upi,success,none,38,31,7,0.8158,0,0.0,0,87466.65,1
txn_003569,cust_00251,1046.13,upi,success,none,16,9,7,0.5625,0,0.0,0,41915.02,1
txn_003570,cust_00061,934.45,wallet,success,none,35,26,9,0.7429,0,0.0,0,112880.79,1
txn_003571,cust_02382,3407.6,card,failed,technical_error,30,23,7,0.7667,0,9.45,0,146272.25,0
txn_003572,cust_02198,2567.92,card,success,none,33,18,15,0.5455,0,0.0,0,102970.81,1
txn_003573,cust_01715,1660.38,netbanking,abandoned,none,21,14,7,0.6667,0,5.41,1,128637.0,0
txn_003574,cust_00956,1671.11,wallet,success,none,38,36,2,0.9474,0,0.0,0,46844.0,1
txn_003575,cust_00025,423.7,wallet,failed,network_error,15,11,4,0.7333,2,2.49,0,116187.18,0
txn_003576,cust_00647,2889.05,upi,success,none,8,7,1,0.875,0,0.0,0,43203.72,1
txn_003577,cust_02194,2948.7,card,abandoned,none,39,31,8,0.7949,0,0.7,1,88998.8,0
txn_003578,cust_01339,13241.45,netbanking,success,none,37,26,11,0.7027,0,0.0,0,58172.78,1
txn_003579,cust_00079,2144.76,upi,success,none,32,30,2,0.9375,0,0.0,0,122587.46,1
txn_003580,cust_01715,2521.12,wallet,success,none,21,14,7,0.6667,0,0.0,0,128637.0,1
txn_003581,cust_00736,2159.43,upi,success,none,25,20,5,0.8,0,0.0,0,23983.66,1
txn_003582,cust_01799,667.34,card,success,none,15,14,1,0.9333,0,0.0,0,103261.4,1
txn_003583,cust_02488,4672.28,card,abandoned,none,10,9,1,0.9,0,1.97,1,92342.85,1
txn_003584,cust_02100,1266.81,netbanking,success,none,5,3,2,0.6,0,0.0,0,38352.45,1
txn_003585,cust_00223,1104.38,card,failed,insufficient_funds,11,8,3,0.7273,3,10.17,0,99168.76,0
txn_003586,cust_01932,1170.5,upi,success,none,26,25,1,0.9615,0,0.0,0,122748.39,1
txn_003587,cust_01111,1253.95,card,success,none,36,26,10,0.7222,0,0.0,0,142329.52,1
txn_003588,cust_02162,823.52,upi,success,none,23,18,5,0.7826,0,0.0,0,122768.28,1
txn_003589,cust_01035,1661.11,card,failed,technical_error,31,22,9,0.7097,0,4.67,0,49216.65,1
txn_003590,cust_01839,1216.08,upi,success,none,16,15,1,0.9375,0,0.0,0,34713.59,1
txn_003591,cust_02454,1116.88,card,success,none,10,9,1,0.9,0,0.0,0,56338.4,1
txn_003592,cust_01828,2185.99,upi,success,none,11,8,3,0.7273,0,0.0,0,86865.56,1
txn_003593,cust_02210,1444.89,upi,success,none,25,19,6,0.76,0,0.0,0,53227.15,1
txn_003594,cust_00269,769.59,wallet,success,none,15,14,1,0.9333,0,0.0,0,73746.19,1
txn_003595,cust_00679,624.19,wallet,success,none,10,6,4,0.6,0,0.0,0,39139.27,1
txn_003596,cust_01213,1477.94,netbanking,failed,network_error,23,22,1,0.9565,0,9.28,0,9000.77,1
txn_003597,cust_00604,634.84,netbanking,abandoned,none,15,12,3,0.8,0,1.37,1,62658.22,1
txn_003598,cust_01129,590.75,upi,success,none,25,21,4,0.84,0,0.0,0,101377.12,1
txn_003599,cust_01733,599.16,upi,failed,authentication_failed,4,3,1,0.75,0,2.48,0,112116.72,1
txn_003600,cust_01606,1728.46,card,success,none,23,18,5,0.7826,0,0.0,0,137183.02,1
txn_003601,cust_00547,4418.44,upi,success,none,16,13,3,0.8125,0,0.0,0,133201.64,1
txn_003602,cust_00233,1896.49,card,abandoned,none,25,20,5,0.8,0,3.01,1,74662.2,0
txn_003603,cust_01084,3251.34,netbanking,success,none,35,29,6,0.8286,0,0.0,0,20815.48,1
txn_003604,cust_02437,1249.25,wallet,success,none,7,5,2,0.7143,0,0.0,0,78649.73,1
txn_003605,cust_01037,1544.14,netbanking,abandoned,none,25,22,3,0.88,0,4.8,1,36092.67,0
txn_003606,cust_00025,6995.31,upi,success,none,15,11,4,0.7333,0,0.0,0,116187.18,1
txn_003607,cust_01210,3067.77,card,success,none,35,28,7,0.8,0,0.0,0,50427.75,1
txn_003608,cust_01532,3418.74,card,success,none,15,12,3,0.8,0,0.0,0,134695.83,1
txn_003609,cust_00369,1028.44,card,abandoned,none,27,24,3,0.8889,0,3.26,1,91341.33,1
txn_003610,cust_00749,1332.39,netbanking,success,none,25,22,3,0.88,0,0.0,0,75933.1,1
txn_003611,cust_00241,2009.55,card,success,none,30,23,7,0.7667,0,0.0,0,100469.08,1
txn_003612,cust_01839,730.4,upi,success,none,16,15,1,0.9375,0,0.0,0,34713.59,1
txn_003613,cust_00993,126.07,wallet,success,none,31,20,11,0.6452,0,0.0,0,32884.03,1
txn_003614,cust_01263,1991.15,upi,success,none,21,15,6,0.7143,0,0.0,0,44425.77,1
txn_003615,cust_01741,3502.97,netbanking,success,none,21,14,7,0.6667,0,0.0,0,41143.58,1
txn_003616,cust_02183,1415.45,wallet,failed,network_error,26,24,2,0.9231,0,13.6,0,90304.27,0
txn_003617,cust_01115,738.11,card,success,none,25,18,7,0.72,0,0.0,0,118084.88,1
txn_003618,cust_02335,962.28,wallet,abandoned,none,20,15,5,0.75,0,1.82,1,38395.13,1
txn_003619,cust_01639,176.22,wallet,success,none,40,37,3,0.925,0,0.0,0,33913.39,1
txn_003620,cust_00521,959.85,card,success,none,24,20,4,0.8333,0,0.0,0,80097.0,1
txn_003621,cust_01899,439.18,wallet,success,none,22,9,13,0.4091,0,0.0,0,28247.54,1
txn_003622,cust_01528,665.38,netbanking,success,none,27,25,2,0.9259,0,0.0,0,74312.3,1
txn_003623,cust_00714,417.51,card,failed,network_error,25,22,3,0.88,1,8.51,0,43337.9,1
txn_003624,cust_00680,372.05,wallet,success,none,12,11,1,0.9167,0,0.0,0,90757.45,1
txn_003625,cust_01573,490.73,wallet,success,none,22,20,2,0.9091,0,0.0,0,19256.62,1
txn_003626,cust_02332,2522.03,wallet,success,none,32,30,2,0.9375,0,0.0,0,21036.28,1
txn_003627,cust_01545,804.49,card,success,none,38,28,10,0.7368,0,0.0,0,17236.95,1
txn_003628,cust_02246,442.34,card,success,none,34,31,3,0.9118,0,0.0,0,43683.92,1
txn_003629,cust_01956,2846.98,wallet,success,none,27,25,2,0.9259,0,0.0,0,16937.26,1
txn_003630,cust_02030,1523.81,wallet,success,none,37,27,10,0.7297,0,0.0,0,82973.87,1
txn_003631,cust_01777,126.01,upi,success,none,30,24,6,0.8,0,0.0,0,38547.81,1
txn_003632,cust_02152,3625.05,card,success,none,3,1,2,0.3333,0,0.0,0,147107.88,1
txn_003633,cust_01031,1439.53,card,success,none,26,22,4,0.8462,0,0.0,0,124221.48,1
txn_003634,cust_02163,2893.94,card,abandoned,none,23,22,1,0.9565,0,4.24,1,73542.37,1
txn_003635,cust_00517,1069.32,wallet,success,none,6,5,1,0.8333,0,0.0,0,136534.54,1
txn_003636,cust_00273,6665.44,netbanking,success,none,30,16,14,0.5333,0,0.0,0,138011.7,1
txn_003637,cust_01911,914.26,wallet,success,none,9,8,1,0.8889,0,0.0,0,72978.87,1
txn_003638,cust_00276,100.0,netbanking,failed,bank_decline,2,1,1,0.5,0,12.2,0,13508.17,0
txn_003639,cust_02311,550.39,upi,success,none,12,10,2,0.8333,0,0.0,0,69122.21,1
txn_003640,cust_00837,2213.08,wallet,success,none,5,4,1,0.8,0,0.0,0,36163.31,1
txn_003641,cust_02227,1570.4,wallet,success,none,36,35,1,0.9722,0,0.0,0,72887.7,1
txn_003642,cust_02213,1184.99,wallet,success,none,15,14,1,0.9333,0,0.0,0,136602.72,1
txn_003643,cust_01572,499.5,netbanking,success,none,6,5,1,0.8333,0,0.0,0,135856.62,1
txn_003644,cust_00555,1364.33,netbanking,failed,network_error,24,22,2,0.9167,1,0.87,0,33373.18,1
txn_003645,cust_01380,1320.31,card,success,none,33,23,10,0.697,0,0.0,0,147837.76,1
txn_003646,cust_01748,1306.82,wallet,success,none,11,8,3,0.7273,0,0.0,0,10776.93,1
txn_003647,cust_01070,2293.12,wallet,success,none,20,19,1,0.95,0,0.0,0,108768.73,1
txn_003648,cust_02234,1606.43,upi,success,none,11,10,1,0.9091,0,0.0,0,15941.51,1
txn_003649,cust_01648,1040.76,card,failed,insufficient_funds,7,5,2,0.7143,3,9.26,0,108341.62,0
txn_003650,cust_00012,491.49,wallet,success,none,11,8,3,0.7273,0,0.0,0,105022.77,1
txn_003651,cust_02156,5218.66,wallet,success,none,17,13,4,0.7647,0,0.0,0,87216.08,1
txn_003652,cust_00627,9716.7,netbanking,failed,insufficient_funds,36,29,7,0.8056,2,3.55,0,4911.82,0
txn_003653,cust_02011,7663.39,netbanking,success,none,4,3,1,0.75,0,0.0,0,2931.82,1
txn_003654,cust_00924,2694.8,upi,success,none,23,14,9,0.6087,0,0.0,0,8250.06,1
txn_003655,cust_01294,250.87,wallet,success,none,36,26,10,0.7222,0,0.0,0,87497.23,1
txn_003656,cust_02008,222.0,wallet,success,none,4,3,1,0.75,0,0.0,0,139046.24,1
txn_003657,cust_02033,774.0,netbanking,success,none,12,10,2,0.8333,0,0.0,0,78570.34,1
txn_003658,cust_02358,1268.07,card,abandoned,none,21,14,7,0.6667,0,1.11,1,98298.95,1
txn_003659,cust_02392,1217.04,upi,success,none,27,23,4,0.8519,0,0.0,0,39711.25,1
txn_003660,cust_00793,1625.79,card,success,none,25,24,1,0.96,0,0.0,0,131126.38,1
txn_003661,cust_00754,332.8,netbanking,failed,network_error,24,17,7,0.7083,2,11.87,0,83626.57,0
txn_003662,cust_02495,6683.65,upi,failed,authentication_failed,32,22,10,0.6875,3,0.46,0,29550.88,0
txn_003663,cust_02190,6034.44,wallet,failed,bank_decline,38,30,8,0.7895,2,13.81,0,123247.52,0
txn_003664,cust_00022,360.92,wallet,success,none,40,36,4,0.9,0,0.0,0,132932.31,1
txn_003665,cust_02492,208.19,upi,failed,insufficient_funds,3,2,1,0.6667,2,1.35,0,125443.81,0
txn_003666,cust_00682,1224.46,netbanking,success,none,32,23,9,0.7188,0,0.0,0,70129.01,1
txn_003667,cust_00789,4731.94,netbanking,success,none,6,4,2,0.6667,0,0.0,0,78999.2,1
txn_003668,cust_02287,1297.01,netbanking,success,none,22,18,4,0.8182,0,0.0,0,12328.29,1
txn_003669,cust_02231,1737.07,upi,failed,insufficient_funds,26,23,3,0.8846,2,12.54,0,110631.58,0
txn_003670,cust_01112,862.89,wallet,success,none,12,10,2,0.8333,0,0.0,0,94272.98,1
txn_003671,cust_00480,1550.42,wallet,success,none,20,15,5,0.75,0,0.0,0,135610.19,1
txn_003672,cust_01937,3444.3,upi,success,none,2,2,0,1.0,0,0.0,0,16293.85,1
txn_003673,cust_01007,2022.54,upi,failed,network_error,13,10,3,0.7692,2,1.73,0,113630.75,1
txn_003674,cust_00076,2381.55,card,success,none,20,13,7,0.65,0,0.0,0,36678.39,1
txn_003675,cust_02237,253.86,card,success,none,40,31,9,0.775,0,0.0,0,104861.55,1
txn_003676,cust_00099,11364.87,card,success,none,37,33,4,0.8919,0,0.0,0,86855.54,1
txn_003677,cust_00657,256.92,upi,success,none,25,12,13,0.48,0,0.0,0,80354.77,1
txn_003678,cust_02229,1566.22,wallet,success,none,31,27,4,0.871,0,0.0,0,38812.87,1
txn_003679,cust_00087,1152.34,wallet,success,none,26,17,9,0.6538,0,0.0,0,149277.25,1
txn_003680,cust_01605,1203.63,netbanking,success,none,38,26,12,0.6842,0,0.0,0,48382.65,1
txn_003681,cust_00371,3196.54,wallet,success,none,34,24,10,0.7059,0,0.0,0,57676.33,1
txn_003682,cust_02459,659.97,card,failed,bank_decline,10,7,3,0.7,2,10.12,0,105497.89,0
txn_003683,cust_00228,868.96,card,success,none,10,9,1,0.9,0,0.0,0,4639.38,1
txn_003684,cust_01080,425.56,upi,success,none,9,7,2,0.7778,0,0.0,0,115108.32,1
txn_003685,cust_00219,4114.03,wallet,success,none,38,26,12,0.6842,0,0.0,0,91392.57,1
txn_003686,cust_02479,1747.75,wallet,abandoned,none,1,1,0,1.0,0,0.39,1,116611.77,1
txn_003687,cust_00482,2533.15,upi,success,none,4,3,1,0.75,0,0.0,0,44711.8,1
txn_003688,cust_01156,3016.9,card,success,none,13,10,3,0.7692,0,0.0,0,50149.93,1
txn_003689,cust_00595,9812.5,wallet,success,none,18,14,4,0.7778,0,0.0,0,94023.31,1
txn_003690,cust_02201,8241.57,netbanking,success,none,40,25,15,0.625,0,0.0,0,90372.26,1
txn_003691,cust_01405,1850.19,card,failed,bank_decline,4,4,0,1.0,1,9.25,0,7845.5,1
txn_003692,cust_01652,1568.64,upi,success,none,25,22,3,0.88,0,0.0,0,53333.44,1
txn_003693,cust_00651,786.71,card,success,none,4,3,1,0.75,0,0.0,0,2145.38,1
txn_003694,cust_01927,2819.06,upi,success,none,11,9,2,0.8182,0,0.0,0,12154.92,1
txn_003695,cust_01489,2716.54,netbanking,success,none,5,3,2,0.6,0,0.0,0,40179.5,1
txn_003696,cust_00233,645.88,card,failed,bank_decline,25,20,5,0.8,0,6.27,0,74662.2,1
txn_003697,cust_01600,2751.17,upi,failed,technical_error,16,15,1,0.9375,2,10.24,0,40712.52,0
txn_003698,cust_01726,3671.5,wallet,failed,authentication_failed,17,7,10,0.4118,1,12.23,0,58073.48,0
txn_003699,cust_01339,436.31,wallet,abandoned,none,37,26,11,0.7027,0,2.61,1,58172.78,0
txn_003700,cust_00565,1619.57,wallet,success,none,4,3,1,0.75,0,0.0,0,118232.39,1
txn_003701,cust_00068,1254.22,card,success,none,20,15,5,0.75,0,0.0,0,126408.73,1
txn_003702,cust_01837,1332.24,upi,success,none,34,29,5,0.8529,0,0.0,0,29395.93,1
txn_003703,cust_01644,516.64,upi,success,none,6,4,2,0.6667,0,0.0,0,123427.61,1
txn_003704,cust_01612,215.6,card,success,none,12,7,5,0.5833,0,0.0,0,74075.03,1
txn_003705,cust_01778,629.28,upi,success,none,30,25,5,0.8333,0,0.0,0,46019.62,1
txn_003706,cust_02175,547.05,upi,success,none,38,28,10,0.7368,0,0.0,0,25025.69,1
txn_003707,cust_00033,1906.88,upi,success,none,11,9,2,0.8182,0,0.0,0,80586.84,1
txn_003708,cust_00180,1938.2,upi,abandoned,none,16,11,5,0.6875,0,0.51,1,129826.25,0
txn_003709,cust_00119,1830.95,card,success,none,11,9,2,0.8182,0,0.0,0,57466.99,1
txn_003710,cust_01075,331.38,netbanking,success,none,5,3,2,0.6,0,0.0,0,81633.36,1
txn_003711,cust_01885,437.22,netbanking,success,none,7,7,0,1.0,0,0.0,0,135812.13,1
txn_003712,cust_01502,722.94,card,failed,technical_error,27,23,4,0.8519,1,13.57,0,34452.78,1
txn_003713,cust_02185,1370.79,wallet,success,none,19,15,4,0.7895,0,0.0,0,142140.83,1
txn_003714,cust_01899,958.04,netbanking,failed,authentication_failed,22,9,13,0.4091,2,9.3,0,28247.54,0
txn_003715,cust_01120,1827.38,card,success,none,15,12,3,0.8,0,0.0,0,45809.73,1
txn_003716,cust_02281,3552.73,netbanking,success,none,15,10,5,0.6667,0,0.0,0,101860.03,1
txn_003717,cust_00923,493.1,upi,success,none,16,12,4,0.75,0,0.0,0,33056.52,1
txn_003718,cust_02299,512.21,upi,failed,technical_error,32,17,15,0.5312,3,4.94,0,92460.22,0
txn_003719,cust_00866,1533.58,netbanking,failed,network_error,36,28,8,0.7778,2,5.63,0,20335.91,0
txn_003720,cust_00688,1233.94,netbanking,success,none,5,4,1,0.8,0,0.0,0,70869.24,1
txn_003721,cust_02028,2816.82,upi,success,none,40,35,5,0.875,0,0.0,0,126627.86,1
txn_003722,cust_00050,1349.62,card,abandoned,none,15,10,5,0.6667,0,2.92,1,149601.54,0
txn_003723,cust_00572,7635.18,netbanking,success,none,39,32,7,0.8205,0,0.0,0,1422.5,1
txn_003724,cust_00043,273.73,netbanking,success,none,21,20,1,0.9524,0,0.0,0,32681.36,1
txn_003725,cust_01727,3103.29,wallet,success,none,32,29,3,0.9062,0,0.0,0,86231.46,1
txn_003726,cust_00258,1634.88,netbanking,success,none,5,4,1,0.8,0,0.0,0,62815.32,1
txn_003727,cust_01534,329.31,card,success,none,24,21,3,0.875,0,0.0,0,69310.25,1
txn_003728,cust_00944,169.36,upi,success,none,22,17,5,0.7727,0,0.0,0,120790.91,1
txn_003729,cust_01295,434.84,wallet,success,none,37,27,10,0.7297,0,0.0,0,33933.73,1
txn_003730,cust_02344,4487.66,upi,success,none,27,25,2,0.9259,0,0.0,0,19064.39,1
txn_003731,cust_01238,4004.73,upi,success,none,39,37,2,0.9487,0,0.0,0,117881.37,1
txn_003732,cust_01260,1177.73,wallet,success,none,21,18,3,0.8571,0,0.0,0,90878.48,1
txn_003733,cust_01538,932.37,netbanking,failed,network_error,37,29,8,0.7838,1,1.45,0,10280.15,0
txn_003734,cust_01916,569.01,upi,success,none,34,32,2,0.9412,0,0.0,0,115361.78,1
txn_003735,cust_02346,1110.55,upi,failed,technical_error,37,31,6,0.8378,3,6.14,0,97829.96,0
txn_003736,cust_01231,833.67,wallet,success,none,20,15,5,0.75,0,0.0,0,67265.64,1
txn_003737,cust_01591,7405.23,upi,success,none,32,27,5,0.8438,0,0.0,0,52261.08,1
txn_003738,cust_01321,388.95,wallet,success,none,25,16,9,0.64,0,0.0,0,1663.06,1
txn_003739,cust_01885,1983.14,wallet,success,none,7,7,0,1.0,0,0.0,0,135812.13,1
txn_003740,cust_01920,7762.59,upi,failed,bank_decline,40,24,16,0.6,3,11.88,0,15191.08,0
txn_003741,cust_00364,2906.15,netbanking,success,none,5,5,0,1.0,0,0.0,0,86976.15,1
txn_003742,cust_00411,435.16,card,success,none,31,19,12,0.6129,0,0.0,0,52846.2,1
txn_003743,cust_01772,286.48,wallet,success,none,39,34,5,0.8718,0,0.0,0,120328.86,1
txn_003744,cust_00589,1762.35,wallet,success,none,31,16,15,0.5161,0,0.0,0,127247.48,1
txn_003745,cust_00862,1557.01,wallet,success,none,13,11,2,0.8462,0,0.0,0,119017.79,1
txn_003746,cust_02297,4593.55,card,success,none,7,6,1,0.8571,0,0.0,0,18861.9,1
txn_003747,cust_01618,2317.97,wallet,success,none,22,11,11,0.5,0,0.0,0,107823.71,1
txn_003748,cust_00766,824.82,netbanking,success,none,24,21,3,0.875,0,0.0,0,34456.28,1
txn_003749,cust_00970,770.69,card,success,none,4,3,1,0.75,0,0.0,0,106160.51,1
txn_003750,cust_01386,362.8,card,success,none,21,20,1,0.9524,0,0.0,0,124443.79,1
txn_003751,cust_00747,1524.41,upi,success,none,37,36,1,0.973,0,0.0,0,147681.53,1
txn_003752,cust_00001,328.83,upi,success,none,8,7,1,0.875,0,0.0,0,4726.6,1
txn_003753,cust_00718,3327.55,netbanking,success,none,20,18,2,0.9,0,0.0,0,145186.78,1
txn_003754,cust_01217,2414.28,wallet,success,none,26,23,3,0.8846,0,0.0,0,145369.16,1
txn_003755,cust_02152,2338.95,card,failed,insufficient_funds,3,1,2,0.3333,3,4.71,0,147107.88,0
txn_003756,cust_00345,357.16,netbanking,failed,network_error,35,22,13,0.6286,1,12.56,0,142680.76,1
txn_003757,cust_01813,1152.9,netbanking,success,none,8,4,4,0.5,0,0.0,0,71109.95,1
txn_003758,cust_00285,907.5,card,success,none,35,31,4,0.8857,0,0.0,0,8760.76,1
txn_003759,cust_00121,1484.46,upi,failed,authentication_failed,30,23,7,0.7667,2,13.79,0,43502.14,0
txn_003760,cust_00634,2272.22,card,failed,authentication_failed,2,2,0,1.0,1,12.8,0,14671.89,0
txn_003761,cust_01915,801.43,wallet,success,none,21,19,2,0.9048,0,0.0,0,2841.67,1
txn_003762,cust_01697,832.15,upi,abandoned,none,4,3,1,0.75,0,2.87,1,126278.78,1
txn_003763,cust_01959,2643.68,upi,abandoned,none,26,17,9,0.6538,0,3.16,1,33122.84,1
txn_003764,cust_01481,432.9,upi,success,none,11,8,3,0.7273,0,0.0,0,74965.53,1
txn_003765,cust_01373,634.82,netbanking,success,none,11,10,1,0.9091,0,0.0,0,92806.53,1
txn_003766,cust_01247,1347.27,card,success,none,10,6,4,0.6,0,0.0,0,10426.81,1
txn_003767,cust_00154,3293.55,wallet,failed,network_error,7,7,0,1.0,0,1.94,0,140900.57,1
txn_003768,cust_00076,508.38,wallet,success,none,20,13,7,0.65,0,0.0,0,36678.39,1
txn_003769,cust_02074,8020.04,card,success,none,38,34,4,0.8947,0,0.0,0,7782.01,1
txn_003770,cust_01521,347.0,upi,failed,authentication_failed,27,13,14,0.4815,1,0.29,0,4562.63,1
txn_003771,cust_01659,6312.45,card,failed,network_error,21,16,5,0.7619,3,12.37,0,39908.03,0
txn_003772,cust_01687,4445.24,upi,success,none,24,17,7,0.7083,0,0.0,0,132938.41,1
txn_003773,cust_01291,320.51,wallet,success,none,28,24,4,0.8571,0,0.0,0,16785.74,1
txn_003774,cust_02142,261.86,card,abandoned,none,37,33,4,0.8919,0,4.92,1,99252.58,1
txn_003775,cust_01985,2751.4,netbanking,failed,technical_error,13,10,3,0.7692,0,3.68,0,32247.19,0
txn_003776,cust_02073,918.37,wallet,success,none,40,34,6,0.85,0,0.0,0,10422.4,1
txn_003777,cust_01291,489.34,netbanking,success,none,28,24,4,0.8571,0,0.0,0,16785.74,1
txn_003778,cust_00851,8198.46,card,failed,authentication_failed,19,18,1,0.9474,2,3.11,0,104403.12,1
txn_003779,cust_00912,405.9,netbanking,failed,insufficient_funds,4,3,1,0.75,1,1.5,0,44241.59,0
txn_003780,cust_02400,647.46,upi,success,none,39,34,5,0.8718,0,0.0,0,35451.09,1
txn_003781,cust_01350,728.95,netbanking,success,none,27,26,1,0.963,0,0.0,0,103019.8,1
txn_003782,cust_01031,100.0,upi,success,none,26,22,4,0.8462,0,0.0,0,124221.48,1
txn_003783,cust_01845,1467.58,wallet,failed,bank_decline,30,29,1,0.9667,1,12.74,0,109446.95,0
txn_003784,cust_02176,538.31,netbanking,abandoned,none,27,22,5,0.8148,0,2.17,1,4344.46,0
txn_003785,cust_00662,3012.53,netbanking,success,none,21,19,2,0.9048,0,0.0,0,86788.11,1
txn_003786,cust_02065,3433.25,wallet,success,none,5,4,1,0.8,0,0.0,0,9085.94,1
txn_003787,cust_02053,1688.71,card,failed,bank_decline,13,11,2,0.8462,1,6.36,0,48726.6,0
txn_003788,cust_01979,1707.95,upi,success,none,22,21,1,0.9545,0,0.0,0,145603.26,1
txn_003789,cust_01189,1577.49,upi,success,none,6,5,1,0.8333,0,0.0,0,98406.62,1
txn_003790,cust_00316,664.87,card,success,none,35,21,14,0.6,0,0.0,0,116421.58,1
txn_003791,cust_01516,724.28,wallet,success,none,24,17,7,0.7083,0,0.0,0,89161.95,1
txn_003792,cust_02356,5030.26,netbanking,success,none,5,3,2,0.6,0,0.0,0,12787.68,1
txn_003793,cust_01330,2794.03,wallet,success,none,8,7,1,0.875,0,0.0,0,52840.77,1
txn_003794,cust_02324,1645.97,wallet,success,none,26,21,5,0.8077,0,0.0,0,42664.8,1
txn_003795,cust_00989,2440.76,upi,failed,authentication_failed,10,8,2,0.8,1,2.9,0,44277.45,0
txn_003796,cust_00208,1260.06,upi,success,none,22,15,7,0.6818,0,0.0,0,93850.16,1
txn_003797,cust_00343,1611.54,wallet,success,none,17,15,2,0.8824,0,0.0,0,35350.17,1
txn_003798,cust_01715,2427.26,netbanking,success,none,21,14,7,0.6667,0,0.0,0,128637.0,1
txn_003799,cust_01842,168.3,wallet,abandoned,none,38,33,5,0.8684,0,2.38,1,46611.15,1
txn_003800,cust_02142,3314.75,wallet,success,none,37,33,4,0.8919,0,0.0,0,99252.58,1
txn_003801,cust_01469,3085.1,wallet,success,none,6,4,2,0.6667,0,0.0,0,77184.4,1
txn_003802,cust_00706,613.58,netbanking,success,none,29,22,7,0.7586,0,0.0,0,148656.92,1
txn_003803,cust_00029,4647.58,upi,success,none,24,20,4,0.8333,0,0.0,0,25235.46,1
txn_003804,cust_02135,145.87,wallet,failed,bank_decline,19,15,4,0.7895,2,9.6,0,20948.31,0
txn_003805,cust_01699,1906.36,wallet,success,none,35,29,6,0.8286,0,0.0,0,103373.12,1
txn_003806,cust_00631,1394.0,card,failed,network_error,23,22,1,0.9565,2,1.06,0,1909.76,1
txn_003807,cust_01935,982.92,netbanking,success,none,32,25,7,0.7812,0,0.0,0,67613.15,1
txn_003808,cust_00827,1365.62,card,success,none,28,20,8,0.7143,0,0.0,0,25830.07,1
txn_003809,cust_01745,2398.82,upi,success,none,27,19,8,0.7037,0,0.0,0,111400.78,1
txn_003810,cust_01304,220.18,wallet,failed,insufficient_funds,14,12,2,0.8571,3,0.38,0,78646.11,1
txn_003811,cust_00795,3644.46,upi,failed,network_error,24,20,4,0.8333,2,2.24,0,38793.89,1
txn_003812,cust_01685,888.67,upi,success,none,17,14,3,0.8235,0,0.0,0,14579.39,1
txn_003813,cust_01364,3697.65,upi,success,none,28,25,3,0.8929,0,0.0,0,16260.05,1
txn_003814,cust_00915,2549.16,upi,abandoned,none,11,9,2,0.8182,0,5.46,1,122208.2,1
txn_003815,cust_00284,870.38,card,success,none,6,5,1,0.8333,0,0.0,0,71075.72,1
txn_003816,cust_02392,1237.28,wallet,success,none,27,23,4,0.8519,0,0.0,0,39711.25,1
txn_003817,cust_01949,1312.15,wallet,failed,technical_error,8,6,2,0.75,3,1.98,0,15518.12,1
txn_003818,cust_00627,6675.91,netbanking,success,none,36,29,7,0.8056,0,0.0,0,4911.82,1
txn_003819,cust_02497,428.18,netbanking,success,none,25,22,3,0.88,0,0.0,0,99030.27,1
txn_003820,cust_00174,864.31,wallet,success,none,3,2,1,0.6667,0,0.0,0,134939.77,1
txn_003821,cust_01547,275.29,wallet,success,none,30,18,12,0.6,0,0.0,0,47790.96,1
txn_003822,cust_00059,1516.12,netbanking,success,none,1,1,0,1.0,0,0.0,0,102362.23,1
txn_003823,cust_00913,718.02,netbanking,success,none,25,19,6,0.76,0,0.0,0,129760.41,1
txn_003824,cust_02395,810.64,upi,success,none,9,9,0,1.0,0,0.0,0,52238.85,1
txn_003825,cust_00005,5911.71,card,failed,network_error,28,27,1,0.9643,2,2.15,0,5735.62,0
txn_003826,cust_00182,587.94,card,abandoned,none,2,2,0,1.0,0,2.54,1,27724.74,1
txn_003827,cust_00574,1141.93,netbanking,success,none,35,27,8,0.7714,0,0.0,0,38347.48,1
txn_003828,cust_00072,846.75,wallet,success,none,34,31,3,0.9118,0,0.0,0,137855.53,1
txn_003829,cust_00168,901.6,card,success,none,28,25,3,0.8929,0,0.0,0,84575.12,1
txn_003830,cust_01884,21413.77,wallet,success,none,33,24,9,0.7273,0,0.0,0,12182.18,1
txn_003831,cust_01486,236.28,netbanking,abandoned,none,8,6,2,0.75,0,0.88,1,115943.11,1
txn_003832,cust_02104,2550.56,wallet,failed,technical_error,16,13,3,0.8125,1,2.9,0,15906.71,1
txn_003833,cust_00529,15174.53,netbanking,failed,technical_error,15,12,3,0.8,3,9.78,0,129160.95,0
txn_003834,cust_01133,3940.59,upi,success,none,36,30,6,0.8333,0,0.0,0,33335.46,1
txn_003835,cust_00901,1403.81,card,abandoned,none,11,8,3,0.7273,0,3.06,1,66501.22,0
txn_003836,cust_01477,414.57,wallet,failed,network_error,8,5,3,0.625,1,6.48,0,68552.4,0
txn_003837,cust_01199,4938.29,card,success,none,37,28,9,0.7568,0,0.0,0,71849.54,1
txn_003838,cust_00789,3419.83,upi,success,none,6,4,2,0.6667,0,0.0,0,78999.2,1
txn_003839,cust_02419,290.12,card,success,none,35,29,6,0.8286,0,0.0,0,4297.5,1
txn_003840,cust_00355,972.35,netbanking,success,none,36,22,14,0.6111,0,0.0,0,44528.36,1
txn_003841,cust_00370,400.98,wallet,success,none,40,33,7,0.825,0,0.0,0,34627.38,1
txn_003842,cust_00601,100.0,wallet,failed,network_error,8,8,0,1.0,2,5.86,0,128066.12,0
txn_003843,cust_00096,391.76,wallet,abandoned,none,5,4,1,0.8,0,1.73,1,77609.26,1
txn_003844,cust_00592,1488.37,card,success,none,29,26,3,0.8966,0,0.0,0,11950.12,1
txn_003845,cust_02059,2393.04,upi,abandoned,none,28,21,7,0.75,0,6.2,1,125514.1,1
txn_003846,cust_02348,969.29,upi,success,none,19,17,2,0.8947,0,0.0,0,53911.25,1
txn_003847,cust_01755,5292.92,netbanking,failed,technical_error,13,9,4,0.6923,3,0.87,0,41822.65,0
txn_003848,cust_01150,3749.73,wallet,abandoned,none,24,21,3,0.875,0,4.11,1,47625.38,0
txn_003849,cust_00290,1181.72,wallet,success,none,2,2,0,1.0,0,0.0,0,93579.01,1
txn_003850,cust_00830,1040.44,upi,abandoned,none,23,18,5,0.7826,0,6.16,1,92612.87,1
txn_003851,cust_00163,1964.0,wallet,failed,authentication_failed,28,21,7,0.75,0,5.0,0,124572.87,1
txn_003852,cust_02024,1315.74,upi,success,none,38,26,12,0.6842,0,0.0,0,127056.12,1
txn_003853,cust_02089,321.92,wallet,success,none,39,25,14,0.641,0,0.0,0,59718.17,1
txn_003854,cust_00861,996.87,netbanking,success,none,33,25,8,0.7576,0,0.0,0,34412.0,1
txn_003855,cust_00842,2605.99,upi,failed,insufficient_funds,5,2,3,0.4,3,5.64,0,86514.34,0
txn_003856,cust_02432,4987.75,wallet,success,none,17,15,2,0.8824,0,0.0,0,122770.36,1
txn_003857,cust_02469,3498.76,upi,success,none,36,27,9,0.75,0,0.0,0,44912.47,1
txn_003858,cust_00362,1871.14,upi,success,none,31,27,4,0.871,0,0.0,0,17998.98,1
txn_003859,cust_02212,5752.4,wallet,failed,insufficient_funds,9,8,1,0.8889,1,11.44,0,38923.19,1
txn_003860,cust_02001,2046.63,upi,failed,authentication_failed,19,15,4,0.7895,0,12.24,0,31396.13,1
txn_003861,cust_02401,1225.92,card,success,none,1,1,0,1.0,0,0.0,0,82683.62,1
txn_003862,cust_02415,5876.47,card,success,none,30,25,5,0.8333,0,0.0,0,93041.68,1
txn_003863,cust_00947,2752.48,card,success,none,9,7,2,0.7778,0,0.0,0,49866.91,1
txn_003864,cust_01789,4924.62,netbanking,success,none,34,25,9,0.7353,0,0.0,0,115055.68,1
txn_003865,cust_00190,408.46,card,failed,insufficient_funds,15,12,3,0.8,3,6.92,0,34215.61,0
txn_003866,cust_01695,566.64,card,abandoned,none,27,24,3,0.8889,0,1.42,1,145635.13,1
txn_003867,cust_01828,591.46,upi,failed,authentication_failed,11,8,3,0.7273,1,10.38,0,86865.56,0
txn_003868,cust_00894,1606.44,upi,success,none,14,11,3,0.7857,0,0.0,0,115276.89,1
txn_003869,cust_00175,8302.81,netbanking,success,none,14,10,4,0.7143,0,0.0,0,102627.94,1
txn_003870,cust_01465,428.83,card,success,none,28,11,17,0.3929,0,0.0,0,105569.79,1
txn_003871,cust_02472,3312.19,card,success,none,21,16,5,0.7619,0,0.0,0,110127.96,1
txn_003872,cust_01148,402.39,netbanking,success,none,31,26,5,0.8387,0,0.0,0,114482.72,1
txn_003873,cust_02086,11131.34,card,success,none,1,1,0,1.0,0,0.0,0,83475.1,1
txn_003874,cust_00262,271.33,netbanking,failed,insufficient_funds,38,24,14,0.6316,0,10.56,0,141963.24,0
txn_003875,cust_01322,2808.2,upi,success,none,14,13,1,0.9286,0,0.0,0,31661.89,1
txn_003876,cust_01819,3230.45,upi,success,none,10,8,2,0.8,0,0.0,0,21467.42,1
txn_003877,cust_02187,2489.92,upi,failed,technical_error,31,27,4,0.871,3,12.31,0,130228.06,0
txn_003878,cust_01829,557.1,upi,failed,bank_decline,11,7,4,0.6364,1,8.98,0,73946.99,0
txn_003879,cust_01094,465.75,netbanking,success,none,10,8,2,0.8,0,0.0,0,42071.81,1
txn_003880,cust_01688,4780.98,wallet,success,none,24,17,7,0.7083,0,0.0,0,28800.86,1
txn_003881,cust_00950,3821.53,wallet,failed,authentication_failed,20,17,3,0.85,2,11.42,0,89464.97,0
txn_003882,cust_00893,3769.74,card,success,none,37,28,9,0.7568,0,0.0,0,40433.73,1
txn_003883,cust_02043,4255.52,card,failed,network_error,23,15,8,0.6522,3,5.19,0,67404.42,0
txn_003884,cust_00657,288.28,card,success,none,25,12,13,0.48,0,0.0,0,80354.77,1
txn_003885,cust_02086,279.79,wallet,abandoned,none,1,1,0,1.0,0,5.44,1,83475.1,1
txn_003886,cust_00155,684.49,card,success,none,9,7,2,0.7778,0,0.0,0,40405.42,1
txn_003887,cust_02291,829.11,netbanking,abandoned,none,13,12,1,0.9231,0,4.67,1,75350.9,1
txn_003888,cust_00929,745.31,card,success,none,17,16,1,0.9412,0,0.0,0,109398.7,1
txn_003889,cust_01528,1767.81,upi,success,none,27,25,2,0.9259,0,0.0,0,74312.3,1
txn_003890,cust_01042,4085.71,card,success,none,4,3,1,0.75,0,0.0,0,100500.13,1
txn_003891,cust_00099,998.25,wallet,failed,network_error,37,33,4,0.8919,2,11.15,0,86855.54,0
txn_003892,cust_01043,592.7,wallet,success,none,30,27,3,0.9,0,0.0,0,46714.14,1
txn_003893,cust_02345,3019.73,netbanking,success,none,39,36,3,0.9231,0,0.0,0,30644.76,1
txn_003894,cust_01995,1010.33,netbanking,failed,technical_error,34,25,9,0.7353,0,6.0,0,16864.1,1
txn_003895,cust_01380,1491.18,upi,abandoned,none,33,23,10,0.697,0,6.29,1,147837.76,1
txn_003896,cust_00386,960.57,wallet,success,none,15,11,4,0.7333,0,0.0,0,138662.75,1
txn_003897,cust_01175,1881.77,upi,success,none,35,34,1,0.9714,0,0.0,0,83194.89,1
txn_003898,cust_01121,485.95,wallet,success,none,10,8,2,0.8,0,0.0,0,121060.65,1
txn_003899,cust_02420,2769.09,netbanking,failed,bank_decline,7,5,2,0.7143,3,11.37,0,43035.07,0
txn_003900,cust_00527,1296.24,card,success,none,30,21,9,0.7,0,0.0,0,144471.1,1
txn_003901,cust_00989,623.71,card,failed,insufficient_funds,10,8,2,0.8,1,6.0,0,44277.45,0
txn_003902,cust_01425,2277.73,upi,success,none,31,23,8,0.7419,0,0.0,0,11553.42,1
txn_003903,cust_01575,623.11,card,success,none,37,29,8,0.7838,0,0.0,0,65540.3,1
txn_003904,cust_01703,651.27,wallet,success,none,3,2,1,0.6667,0,0.0,0,75813.12,1
txn_003905,cust_01547,402.91,wallet,success,none,30,18,12,0.6,0,0.0,0,47790.96,1
txn_003906,cust_00007,243.82,card,abandoned,none,33,30,3,0.9091,0,5.25,1,90700.79,0
txn_003907,cust_01139,2285.37,card,failed,insufficient_funds,31,21,10,0.6774,1,11.13,0,137251.75,0
txn_003908,cust_00548,4296.76,card,success,none,9,4,5,0.4444,0,0.0,0,58908.23,1
txn_003909,cust_00163,853.55,upi,failed,bank_decline,28,21,7,0.75,3,13.61,0,124572.87,0
txn_003910,cust_01725,602.77,wallet,success,none,23,20,3,0.8696,0,0.0,0,131806.14,1
txn_003911,cust_00385,218.7,wallet,failed,technical_error,30,25,5,0.8333,0,4.65,0,11605.78,1
txn_003912,cust_01131,152.42,wallet,success,none,5,3,2,0.6,0,0.0,0,29036.33,1
txn_003913,cust_00673,2770.35,card,success,none,15,12,3,0.8,0,0.0,0,50627.22,1
txn_003914,cust_00257,186.05,wallet,success,none,10,8,2,0.8,0,0.0,0,106256.45,1
txn_003915,cust_01477,426.69,wallet,failed,bank_decline,8,5,3,0.625,3,11.41,0,68552.4,0
txn_003916,cust_01572,1778.33,card,success,none,6,5,1,0.8333,0,0.0,0,135856.62,1
txn_003917,cust_00894,1465.14,upi,success,none,14,11,3,0.7857,0,0.0,0,115276.89,1
txn_003918,cust_01462,1853.26,wallet,failed,network_error,4,3,1,0.75,2,8.2,0,142353.32,1
txn_003919,cust_00749,1348.73,wallet,success,none,25,22,3,0.88,0,0.0,0,75933.1,1
txn_003920,cust_01077,937.37,upi,success,none,5,5,0,1.0,0,0.0,0,147934.45,1
txn_003921,cust_00887,429.29,netbanking,success,none,11,7,4,0.6364,0,0.0,0,89179.46,1
txn_003922,cust_01371,710.42,netbanking,success,none,38,27,11,0.7105,0,0.0,0,103680.9,1
txn_003923,cust_00854,1003.2,netbanking,failed,network_error,29,19,10,0.6552,3,6.79,0,26725.8,1
txn_003924,cust_02196,202.28,card,success,none,9,6,3,0.6667,0,0.0,0,17176.95,1
txn_003925,cust_00988,610.13,card,success,none,26,18,8,0.6923,0,0.0,0,122938.24,1
txn_003926,cust_01131,923.14,wallet,failed,insufficient_funds,5,3,2,0.6,2,9.64,0,29036.33,0
txn_003927,cust_00811,672.52,card,success,none,3,2,1,0.6667,0,0.0,0,113240.35,1
txn_003928,cust_02410,950.93,wallet,success,none,18,15,3,0.8333,0,0.0,0,43416.85,1
txn_003929,cust_01298,2614.24,card,success,none,10,8,2,0.8,0,0.0,0,52400.14,1
txn_003930,cust_00034,2955.69,netbanking,success,none,16,11,5,0.6875,0,0.0,0,25346.97,1
txn_003931,cust_00999,6071.45,wallet,success,none,34,28,6,0.8235,0,0.0,0,34625.08,1
txn_003932,cust_00389,296.51,card,success,none,35,28,7,0.8,0,0.0,0,34496.61,1
txn_003933,cust_01532,879.41,upi,success,none,15,12,3,0.8,0,0.0,0,134695.83,1
txn_003934,cust_02196,4571.42,wallet,abandoned,none,9,6,3,0.6667,0,0.69,1,17176.95,1
txn_003935,cust_00346,233.75,netbanking,success,none,12,6,6,0.5,0,0.0,0,29539.6,1
txn_003936,cust_00938,413.13,wallet,success,none,7,5,2,0.7143,0,0.0,0,59691.65,1
txn_003937,cust_00426,723.62,upi,success,none,4,4,0,1.0,0,0.0,0,31330.18,1
txn_003938,cust_02248,10345.67,wallet,success,none,12,10,2,0.8333,0,0.0,0,96403.41,1
txn_003939,cust_01661,505.46,netbanking,success,none,11,8,3,0.7273,0,0.0,0,133301.76,1
txn_003940,cust_01861,3959.29,upi,success,none,8,6,2,0.75,0,0.0,0,63099.56,1
txn_003941,cust_00010,1302.58,card,failed,technical_error,29,27,2,0.931,1,3.5,0,88800.59,0
txn_003942,cust_00296,425.62,netbanking,abandoned,none,8,6,2,0.75,0,1.34,1,116890.99,0
txn_003943,cust_00051,22022.59,wallet,success,none,9,7,2,0.7778,0,0.0,0,76919.42,1
txn_003944,cust_00223,1627.25,card,abandoned,none,11,8,3,0.7273,0,3.08,1,99168.76,1
txn_003945,cust_01373,1951.2,upi,success,none,11,10,1,0.9091,0,0.0,0,92806.53,1
txn_003946,cust_00566,2285.88,card,success,none,16,12,4,0.75,0,0.0,0,148334.31,1
txn_003947,cust_01185,2115.31,card,success,none,26,17,9,0.6538,0,0.0,0,12773.87,1
txn_003948,cust_00151,11522.69,upi,success,none,20,17,3,0.85,0,0.0,0,92139.99,1
txn_003949,cust_02412,7989.98,card,success,none,27,25,2,0.9259,0,0.0,0,29012.09,1
txn_003950,cust_01646,527.63,wallet,failed,bank_decline,17,11,6,0.6471,1,1.89,0,32242.96,0
txn_003951,cust_01139,10084.2,upi,success,none,31,21,10,0.6774,0,0.0,0,137251.75,1
txn_003952,cust_02405,665.05,card,success,none,25,17,8,0.68,0,0.0,0,124435.6,1
txn_003953,cust_01526,1848.71,wallet,success,none,20,17,3,0.85,0,0.0,0,16488.4,1
txn_003954,cust_00190,313.71,upi,success,none,15,12,3,0.8,0,0.0,0,34215.61,1
txn_003955,cust_02189,3776.7,netbanking,success,none,27,21,6,0.7778,0,0.0,0,90524.97,1
txn_003956,cust_00789,985.0,card,success,none,6,4,2,0.6667,0,0.0,0,78999.2,1
txn_003957,cust_02118,424.33,wallet,abandoned,none,20,19,1,0.95,0,0.91,1,73558.74,1
txn_003958,cust_00997,4396.22,netbanking,success,none,38,36,2,0.9474,0,0.0,0,36653.03,1
txn_003959,cust_01161,5631.9,netbanking,success,none,32,29,3,0.9062,0,0.0,0,69663.52,1
txn_003960,cust_02051,5826.1,wallet,success,none,33,29,4,0.8788,0,0.0,0,67387.98,1
txn_003961,cust_02497,292.09,wallet,success,none,25,22,3,0.88,0,0.0,0,99030.27,1
txn_003962,cust_01081,6461.02,wallet,success,none,27,18,9,0.6667,0,0.0,0,56794.68,1
txn_003963,cust_00224,991.76,netbanking,success,none,19,15,4,0.7895,0,0.0,0,77802.35,1
txn_003964,cust_01940,10420.22,card,success,none,6,5,1,0.8333,0,0.0,0,118975.71,1
txn_003965,cust_01477,2502.27,card,success,none,8,5,3,0.625,0,0.0,0,68552.4,1
txn_003966,cust_01460,1722.15,wallet,failed,insufficient_funds,5,5,0,1.0,2,9.67,0,3055.22,0
txn_003967,cust_01656,1350.89,netbanking,failed,technical_error,15,13,2,0.8667,0,3.82,0,25235.82,0
txn_003968,cust_01598,1321.25,card,success,none,38,34,4,0.8947,0,0.0,0,149941.26,1
txn_003969,cust_02093,678.91,upi,success,none,33,24,9,0.7273,0,0.0,0,22225.81,1
txn_003970,cust_01230,460.33,upi,success,none,6,6,0,1.0,0,0.0,0,1774.09,1
txn_003971,cust_01514,932.0,card,success,none,37,33,4,0.8919,0,0.0,0,117891.58,1
txn_003972,cust_01520,4406.73,card,success,none,16,14,2,0.875,0,0.0,0,23434.39,1
txn_003973,cust_01110,331.42,wallet,success,none,20,13,7,0.65,0,0.0,0,41997.93,1
txn_003974,cust_00956,5118.75,netbanking,success,none,38,36,2,0.9474,0,0.0,0,46844.0,1
txn_003975,cust_01671,1545.94,card,failed,technical_error,36,27,9,0.75,2,10.5,0,108583.68,1
txn_003976,cust_00830,2926.24,wallet,success,none,23,18,5,0.7826,0,0.0,0,92612.87,1
txn_003977,cust_01220,3081.47,upi,success,none,29,26,3,0.8966,0,0.0,0,74099.91,1
txn_003978,cust_01875,3389.19,wallet,abandoned,none,23,14,9,0.6087,0,5.24,1,105812.08,0
txn_003979,cust_00920,1369.77,netbanking,success,none,20,14,6,0.7,0,0.0,0,75108.17,1
txn_003980,cust_01174,1411.41,wallet,success,none,32,30,2,0.9375,0,0.0,0,3344.03,1
txn_003981,cust_01758,3275.08,card,success,none,16,15,1,0.9375,0,0.0,0,56497.55,1
txn_003982,cust_00415,472.82,wallet,failed,bank_decline,32,25,7,0.7812,2,7.96,0,43944.45,0
txn_003983,cust_00969,405.67,upi,success,none,40,33,7,0.825,0,0.0,0,138157.62,1
txn_003984,cust_00920,841.61,upi,success,none,20,14,6,0.7,0,0.0,0,75108.17,1
txn_003985,cust_02111,1786.64,card,success,none,28,21,7,0.75,0,0.0,0,26127.29,1
txn_003986,cust_01003,9144.16,upi,success,none,9,8,1,0.8889,0,0.0,0,1772.04,1
txn_003987,cust_00536,1405.27,wallet,success,none,24,18,6,0.75,0,0.0,0,17143.57,1
txn_003988,cust_00017,9898.64,upi,success,none,23,16,7,0.6957,0,0.0,0,90955.18,1
txn_003989,cust_01975,2242.75,upi,success,none,21,18,3,0.8571,0,0.0,0,76112.41,1
txn_003990,cust_01127,851.11,card,success,none,24,20,4,0.8333,0,0.0,0,14777.14,1
txn_003991,cust_01170,4217.8,wallet,failed,technical_error,10,10,0,1.0,2,10.98,0,2362.08,0
txn_003992,cust_00754,1050.62,netbanking,success,none,24,17,7,0.7083,0,0.0,0,83626.57,1
txn_003993,cust_02369,1721.94,card,success,none,5,4,1,0.8,0,0.0,0,140582.26,1
txn_003994,cust_01411,352.0,wallet,success,none,20,19,1,0.95,0,0.0,0,24687.64,1
txn_003995,cust_02449,296.29,upi,success,none,18,13,5,0.7222,0,0.0,0,88119.83,1
txn_003996,cust_02397,2330.07,netbanking,success,none,32,30,2,0.9375,0,0.0,0,142096.67,1
txn_003997,cust_02346,4038.91,netbanking,success,none,37,31,6,0.8378,0,0.0,0,97829.96,1
txn_003998,cust_00450,9373.74,card,success,none,32,29,3,0.9062,0,0.0,0,129923.83,1
txn_003999,cust_01570,596.23,netbanking,success,none,5,3,2,0.6,0,0.0,0,30464.8,1
txn_004000,cust_01680,5789.17,wallet,abandoned,none,7,4,3,0.5714,0,0.28,1,4834.62,0
txn_004001,cust_02256,4986.29,card,success,none,6,4,2,0.6667,0,0.0,0,149525.75,1
txn_004002,cust_00455,819.62,upi,success,none,16,10,6,0.625,0,0.0,0,86197.85,1
txn_004003,cust_00696,5367.34,netbanking,failed,technical_error,33,32,1,0.9697,0,1.68,0,58287.89,0
txn_004004,cust_01012,3443.41,netbanking,failed,insufficient_funds,3,2,1,0.6667,0,2.81,0,137071.23,1
txn_004005,cust_01114,4197.24,card,success,none,4,3,1,0.75,0,0.0,0,145871.25,1
txn_004006,cust_01975,11700.19,card,abandoned,none,21,18,3,0.8571,0,1.99,1,76112.41,0
txn_004007,cust_01153,4026.54,upi,failed,technical_error,2,2,0,1.0,2,1.33,0,39855.34,1
txn_004008,cust_00292,158.08,wallet,success,none,8,7,1,0.875,0,0.0,0,85031.47,1
txn_004009,cust_00303,1849.3,netbanking,failed,insufficient_funds,20,16,4,0.8,0,5.67,0,127693.69,0
txn_004010,cust_02369,279.55,upi,failed,insufficient_funds,5,4,1,0.8,2,9.22,0,140582.26,0
txn_004011,cust_00159,1558.45,card,success,none,22,18,4,0.8182,0,0.0,0,31336.0,1
txn_004012,cust_01709,1470.9,wallet,abandoned,none,28,24,4,0.8571,0,2.89,1,12676.91,1
txn_004013,cust_00136,747.18,upi,failed,technical_error,6,5,1,0.8333,0,3.53,0,63464.51,1
txn_004014,cust_00822,479.33,netbanking,success,none,6,6,0,1.0,0,0.0,0,65160.47,1
txn_004015,cust_01349,788.13,netbanking,success,none,33,25,8,0.7576,0,0.0,0,98307.39,1
txn_004016,cust_00246,956.08,card,success,none,11,8,3,0.7273,0,0.0,0,111804.66,1
txn_004017,cust_00252,1174.14,wallet,success,none,5,4,1,0.8,0,0.0,0,107318.18,1
txn_004018,cust_01990,1488.37,upi,success,none,23,15,8,0.6522,0,0.0,0,84779.75,1
txn_004019,cust_00241,2404.87,upi,success,none,30,23,7,0.7667,0,0.0,0,100469.08,1
txn_004020,cust_00354,979.9,wallet,success,none,3,3,0,1.0,0,0.0,0,146169.94,1
txn_004021,cust_00401,4815.76,netbanking,abandoned,none,39,37,2,0.9487,0,5.74,1,38304.82,0
txn_004022,cust_01243,1289.18,wallet,success,none,16,13,3,0.8125,0,0.0,0,86222.1,1
txn_004023,cust_02134,3376.15,upi,success,none,38,27,11,0.7105,0,0.0,0,110250.8,1
txn_004024,cust_02186,987.84,wallet,failed,network_error,14,11,3,0.7857,2,2.0,0,67931.3,1
txn_004025,cust_00308,20820.83,card,abandoned,none,22,18,4,0.8182,0,3.39,1,2885.17,0
txn_004026,cust_02011,2137.23,wallet,success,none,4,3,1,0.75,0,0.0,0,2931.82,1
txn_004027,cust_02479,6872.61,upi,success,none,1,1,0,1.0,0,0.0,0,116611.77,1
txn_004028,cust_00327,669.18,upi,failed,authentication_failed,22,20,2,0.9091,2,8.64,0,42669.11,1
txn_004029,cust_01553,856.5,upi,failed,network_error,39,36,3,0.9231,1,3.57,0,7009.14,1
txn_004030,cust_01427,1040.92,netbanking,failed,insufficient_funds,7,7,0,1.0,1,1.25,0,16377.03,1
txn_004031,cust_01358,15882.93,upi,success,none,32,30,2,0.9375,0,0.0,0,82909.2,1
txn_004032,cust_00760,1082.75,wallet,success,none,28,18,10,0.6429,0,0.0,0,14665.32,1
txn_004033,cust_01411,587.91,netbanking,success,none,20,19,1,0.95,0,0.0,0,24687.64,1
txn_004034,cust_02036,4919.23,netbanking,failed,insufficient_funds,6,6,0,1.0,1,8.9,0,53061.04,0
txn_004035,cust_00267,1420.56,wallet,success,none,27,24,3,0.8889,0,0.0,0,81194.86,1
txn_004036,cust_01131,1076.94,netbanking,success,none,5,3,2,0.6,0,0.0,0,29036.33,1
txn_004037,cust_02076,727.58,card,abandoned,none,33,20,13,0.6061,0,0.31,1,16814.2,1
txn_004038,cust_01396,2183.81,wallet,success,none,6,4,2,0.6667,0,0.0,0,109908.86,1
txn_004039,cust_01647,3876.37,card,success,none,5,3,2,0.6,0,0.0,0,53221.69,1
txn_004040,cust_01214,2945.65,card,failed,bank_decline,28,18,10,0.6429,3,8.97,0,35589.46,0
txn_004041,cust_00640,829.37,wallet,success,none,4,3,1,0.75,0,0.0,0,24181.41,1
txn_004042,cust_01482,498.85,wallet,success,none,23,22,1,0.9565,0,0.0,0,78927.8,1
txn_004043,cust_00033,100.0,wallet,success,none,11,9,2,0.8182,0,0.0,0,80586.84,1
txn_004044,cust_01205,520.37,netbanking,success,none,14,14,0,1.0,0,0.0,0,88468.38,1
txn_004045,cust_01549,923.22,wallet,failed,network_error,14,13,1,0.9286,0,11.05,0,68335.64,1
txn_004046,cust_00421,1262.64,upi,success,none,1,1,0,1.0,0,0.0,0,98991.4,1
txn_004047,cust_01687,1021.66,wallet,success,none,24,17,7,0.7083,0,0.0,0,132938.41,1
txn_004048,cust_01114,22045.79,upi,success,none,4,3,1,0.75,0,0.0,0,145871.25,1
txn_004049,cust_00032,2189.36,wallet,success,none,5,4,1,0.8,0,0.0,0,91760.52,1
txn_004050,cust_00456,388.52,upi,success,none,15,14,1,0.9333,0,0.0,0,128545.93,1
txn_004051,cust_00661,2580.06,card,success,none,30,23,7,0.7667,0,0.0,0,138253.2,1
txn_004052,cust_00742,1981.24,card,success,none,40,27,13,0.675,0,0.0,0,43454.26,1
txn_004053,cust_02196,468.76,netbanking,success,none,9,6,3,0.6667,0,0.0,0,17176.95,1
txn_004054,cust_02155,1787.92,card,success,none,18,13,5,0.7222,0,0.0,0,125395.97,1
txn_004055,cust_02440,2275.95,netbanking,success,none,11,9,2,0.8182,0,0.0,0,94745.47,1
txn_004056,cust_00160,3731.27,netbanking,success,none,17,13,4,0.7647,0,0.0,0,76305.95,1
txn_004057,cust_00935,226.86,netbanking,failed,insufficient_funds,36,34,2,0.9444,0,13.11,0,42678.38,1
txn_004058,cust_00122,2560.81,netbanking,success,none,36,19,17,0.5278,0,0.0,0,99618.83,1
txn_004059,cust_01815,5485.73,card,success,none,40,35,5,0.875,0,0.0,0,11611.14,1
txn_004060,cust_02426,8845.7,card,abandoned,none,32,23,9,0.7188,0,0.15,1,149696.55,0
txn_004061,cust_01185,393.05,upi,success,none,26,17,9,0.6538,0,0.0,0,12773.87,1
txn_004062,cust_01473,1157.53,wallet,success,none,5,3,2,0.6,0,0.0,0,47215.25,1
txn_004063,cust_01903,1275.3,card,success,none,31,22,9,0.7097,0,0.0,0,120184.97,1
txn_004064,cust_00071,2632.05,upi,success,none,11,11,0,1.0,0,0.0,0,81367.48,1
txn_004065,cust_01179,1136.12,netbanking,success,none,28,25,3,0.8929,0,0.0,0,121118.99,1
txn_004066,cust_01364,654.98,card,failed,technical_error,28,25,3,0.8929,0,13.02,0,16260.05,1
txn_004067,cust_01924,1664.33,wallet,failed,network_error,40,31,9,0.775,1,7.75,0,9130.35,1
txn_004068,cust_02089,955.75,card,success,none,39,25,14,0.641,0,0.0,0,59718.17,1
txn_004069,cust_01411,2350.04,wallet,abandoned,none,20,19,1,0.95,0,3.96,1,24687.64,0
txn_004070,cust_00103,596.11,card,success,none,23,19,4,0.8261,0,0.0,0,64113.21,1
txn_004071,cust_00473,481.88,card,success,none,32,19,13,0.5938,0,0.0,0,130985.07,1
txn_004072,cust_01822,4991.24,netbanking,abandoned,none,30,22,8,0.7333,0,6.34,1,22340.4,0
txn_004073,cust_01649,12997.7,upi,success,none,4,3,1,0.75,0,0.0,0,58504.63,1
txn_004074,cust_01324,8285.57,netbanking,failed,network_error,35,30,5,0.8571,2,9.8,0,28857.02,1
txn_004075,cust_01140,1246.47,card,success,none,39,37,2,0.9487,0,0.0,0,105861.52,1
txn_004076,cust_01717,3847.3,wallet,success,none,1,1,0,1.0,0,0.0,0,118196.05,1
txn_004077,cust_01221,674.33,netbanking,failed,technical_error,23,14,9,0.6087,3,0.31,0,83402.62,1
txn_004078,cust_00199,2226.48,wallet,success,none,39,33,6,0.8462,0,0.0,0,65750.0,1
txn_004079,cust_00957,747.1,wallet,failed,network_error,2,2,0,1.0,3,12.52,0,89939.53,1
txn_004080,cust_01304,4705.58,card,success,none,14,12,2,0.8571,0,0.0,0,78646.11,1
txn_004081,cust_00913,4119.41,wallet,success,none,25,19,6,0.76,0,0.0,0,129760.41,1
txn_004082,cust_02408,10678.14,upi,success,none,34,28,6,0.8235,0,0.0,0,114916.21,1
txn_004083,cust_00084,1064.96,netbanking,success,none,28,27,1,0.9643,0,0.0,0,144690.07,1
txn_004084,cust_00659,6496.6,wallet,success,none,23,19,4,0.8261,0,0.0,0,11739.25,1
txn_004085,cust_02044,2222.67,card,success,none,40,34,6,0.85,0,0.0,0,137872.49,1
txn_004086,cust_00038,1444.31,netbanking,success,none,4,4,0,1.0,0,0.0,0,35128.16,1
txn_004087,cust_00577,1876.18,netbanking,success,none,23,19,4,0.8261,0,0.0,0,118707.71,1
txn_004088,cust_00020,7317.42,upi,success,none,25,20,5,0.8,0,0.0,0,12741.23,1
txn_004089,cust_00517,1173.87,netbanking,success,none,6,5,1,0.8333,0,0.0,0,136534.54,1
txn_004090,cust_01011,1235.14,wallet,success,none,15,11,4,0.7333,0,0.0,0,80737.69,1
txn_004091,cust_01385,169.75,netbanking,success,none,9,8,1,0.8889,0,0.0,0,38201.91,1
txn_004092,cust_02396,1156.27,upi,success,none,31,28,3,0.9032,0,0.0,0,80729.73,1
txn_004093,cust_02307,1744.74,wallet,success,none,9,8,1,0.8889,0,0.0,0,9068.08,1
txn_004094,cust_01512,625.0,wallet,success,none,36,22,14,0.6111,0,0.0,0,69055.18,1
txn_004095,cust_00873,488.89,card,success,none,29,25,4,0.8621,0,0.0,0,70409.15,1
txn_004096,cust_01385,210.35,netbanking,success,none,9,8,1,0.8889,0,0.0,0,38201.91,1
txn_004097,cust_00339,746.47,netbanking,success,none,36,29,7,0.8056,0,0.0,0,80107.37,1
txn_004098,cust_00571,5547.92,wallet,success,none,10,9,1,0.9,0,0.0,0,118507.92,1
txn_004099,cust_00573,304.34,wallet,success,none,10,6,4,0.6,0,0.0,0,148141.57,1
txn_004100,cust_02458,2948.4,upi,success,none,4,3,1,0.75,0,0.0,0,9906.49,1
txn_004101,cust_01211,3227.12,card,success,none,9,7,2,0.7778,0,0.0,0,118784.21,1
txn_004102,cust_00109,15566.27,netbanking,success,none,13,10,3,0.7692,0,0.0,0,80906.58,1
txn_004103,cust_00725,3783.31,upi,success,none,2,2,0,1.0,0,0.0,0,55027.05,1
txn_004104,cust_00722,3479.28,wallet,success,none,22,15,7,0.6818,0,0.0,0,122164.53,1
txn_004105,cust_00021,1934.68,wallet,success,none,19,14,5,0.7368,0,0.0,0,124581.29,1
txn_004106,cust_01454,1340.58,upi,abandoned,none,1,1,0,1.0,0,0.94,1,148045.5,1
txn_004107,cust_00643,3140.7,upi,success,none,28,25,3,0.8929,0,0.0,0,73363.59,1
txn_004108,cust_01468,4669.01,upi,success,none,18,11,7,0.6111,0,0.0,0,13455.96,1
txn_004109,cust_00391,1588.42,upi,success,none,10,5,5,0.5,0,0.0,0,11640.07,1
txn_004110,cust_00998,4875.05,card,success,none,4,4,0,1.0,0,0.0,0,100805.26,1
txn_004111,cust_02475,23937.73,wallet,success,none,36,28,8,0.7778,0,0.0,0,24891.17,1
txn_004112,cust_00239,1437.78,upi,success,none,36,28,8,0.7778,0,0.0,0,38130.54,1
txn_004113,cust_01400,1478.82,wallet,success,none,28,27,1,0.9643,0,0.0,0,123902.3,1
txn_004114,cust_01395,1221.56,wallet,failed,network_error,1,1,0,1.0,3,0.99,0,130467.26,0
txn_004115,cust_01450,1531.1,netbanking,success,none,4,3,1,0.75,0,0.0,0,117786.44,1
txn_004116,cust_00585,4551.01,card,success,none,15,9,6,0.6,0,0.0,0,141866.93,1
txn_004117,cust_01410,1461.26,card,success,none,9,8,1,0.8889,0,0.0,0,132440.02,1
txn_004118,cust_01578,1618.38,wallet,success,none,12,11,1,0.9167,0,0.0,0,53737.54,1
txn_004119,cust_00310,1043.52,netbanking,success,none,7,6,1,0.8571,0,0.0,0,65594.99,1
txn_004120,cust_01180,2184.31,card,success,none,12,11,1,0.9167,0,0.0,0,16945.45,1
txn_004121,cust_00485,809.81,netbanking,abandoned,none,37,26,11,0.7027,0,2.53,1,102588.26,0
txn_004122,cust_00428,393.02,upi,success,none,19,18,1,0.9474,0,0.0,0,66279.3,1
txn_004123,cust_01753,2095.76,wallet,failed,network_error,16,15,1,0.9375,0,4.89,0,5927.59,0
txn_004124,cust_01713,9695.18,upi,success,none,5,4,1,0.8,0,0.0,0,13967.09,1
txn_004125,cust_00656,1002.3,upi,failed,network_error,28,23,5,0.8214,3,7.71,0,27178.53,0
txn_004126,cust_00304,472.86,upi,success,none,39,26,13,0.6667,0,0.0,0,121023.67,1
txn_004127,cust_00467,9096.47,wallet,success,none,10,9,1,0.9,0,0.0,0,12149.41,1
txn_004128,cust_01810,1401.87,upi,success,none,20,19,1,0.95,0,0.0,0,63650.41,1
txn_004129,cust_01752,3444.58,card,success,none,13,11,2,0.8462,0,0.0,0,125709.52,1
txn_004130,cust_00813,646.15,wallet,success,none,4,3,1,0.75,0,0.0,0,130003.94,1
txn_004131,cust_00637,1352.58,upi,failed,authentication_failed,11,9,2,0.8182,2,9.09,0,56137.91,0
txn_004132,cust_00904,5434.67,wallet,success,none,21,17,4,0.8095,0,0.0,0,129361.28,1
txn_004133,cust_00624,1526.56,netbanking,success,none,18,18,0,1.0,0,0.0,0,86540.9,1
txn_004134,cust_01003,1545.65,wallet,failed,bank_decline,9,8,1,0.8889,1,12.24,0,1772.04,0
txn_004135,cust_00300,302.3,card,success,none,25,22,3,0.88,0,0.0,0,60101.51,1
txn_004136,cust_02456,2942.55,wallet,success,none,32,31,1,0.9688,0,0.0,0,14618.83,1
txn_004137,cust_01961,610.4,netbanking,success,none,7,5,2,0.7143,0,0.0,0,113815.25,1
txn_004138,cust_00827,4103.93,wallet,success,none,28,20,8,0.7143,0,0.0,0,25830.07,1
txn_004139,cust_01397,1639.88,card,failed,bank_decline,30,25,5,0.8333,0,1.41,0,95591.24,0
txn_004140,cust_00125,1792.24,wallet,failed,bank_decline,4,3,1,0.75,3,5.56,0,87297.86,0
txn_004141,cust_01824,2900.22,card,failed,network_error,32,22,10,0.6875,0,11.3,0,50561.79,0
txn_004142,cust_01146,1949.39,netbanking,abandoned,none,33,26,7,0.7879,0,1.62,1,132538.98,0
txn_004143,cust_01020,7468.53,wallet,abandoned,none,39,30,9,0.7692,0,2.62,1,16987.8,1
txn_004144,cust_01581,6374.36,wallet,abandoned,none,3,1,2,0.3333,0,1.9,1,92501.88,0
txn_004145,cust_01203,396.53,wallet,success,none,12,10,2,0.8333,0,0.0,0,139386.19,1
txn_004146,cust_02367,1129.23,netbanking,failed,insufficient_funds,6,5,1,0.8333,0,4.36,0,32375.15,0
txn_004147,cust_01290,3091.88,upi,abandoned,none,22,21,1,0.9545,0,4.09,1,144891.8,0
txn_004148,cust_01716,521.86,netbanking,success,none,34,27,7,0.7941,0,0.0,0,69265.42,1
txn_004149,cust_00450,279.2,card,failed,insufficient_funds,32,29,3,0.9062,3,10.75,0,129923.83,0
txn_004150,cust_01712,626.28,wallet,success,none,17,11,6,0.6471,0,0.0,0,48642.67,1
txn_004151,cust_01309,1193.73,upi,success,none,8,5,3,0.625,0,0.0,0,4365.18,1
txn_004152,cust_00883,100.0,netbanking,success,none,6,5,1,0.8333,0,0.0,0,38340.19,1
txn_004153,cust_00568,439.71,upi,success,none,36,25,11,0.6944,0,0.0,0,31866.45,1
txn_004154,cust_01791,226.21,netbanking,failed,bank_decline,39,39,0,1.0,1,11.05,0,61210.67,0
txn_004155,cust_02022,4216.13,wallet,success,none,28,26,2,0.9286,0,0.0,0,42587.72,1
txn_004156,cust_00026,3399.82,netbanking,failed,authentication_failed,6,5,1,0.8333,3,12.03,0,128442.34,0
txn_004157,cust_00477,1769.7,netbanking,success,none,6,4,2,0.6667,0,0.0,0,65661.75,1
txn_004158,cust_00100,1480.32,card,success,none,16,14,2,0.875,0,0.0,0,117908.29,1
txn_004159,cust_00549,2309.55,upi,success,none,24,14,10,0.5833,0,0.0,0,100902.45,1
txn_004160,cust_00590,493.57,card,success,none,28,20,8,0.7143,0,0.0,0,103228.53,1
txn_004161,cust_00640,4688.6,upi,abandoned,none,4,3,1,0.75,0,4.92,1,24181.41,1
txn_004162,cust_00263,1470.01,wallet,success,none,2,2,0,1.0,0,0.0,0,128653.07,1
txn_004163,cust_01824,3352.96,upi,success,none,32,22,10,0.6875,0,0.0,0,50561.79,1
txn_004164,cust_00900,3217.68,card,failed,technical_error,5,5,0,1.0,3,2.89,0,103603.42,1
txn_004165,cust_00567,2284.98,card,success,none,37,20,17,0.5405,0,0.0,0,31575.63,1
txn_004166,cust_00201,1831.55,netbanking,success,none,33,25,8,0.7576,0,0.0,0,18231.22,1
txn_004167,cust_01589,1700.1,netbanking,failed,technical_error,25,19,6,0.76,1,2.94,0,117505.45,0
txn_004168,cust_01733,1257.68,wallet,success,none,4,3,1,0.75,0,0.0,0,112116.72,1
txn_004169,cust_02087,2171.03,card,abandoned,none,36,24,12,0.6667,0,4.87,1,22064.71,0
txn_004170,cust_02043,1646.17,upi,success,none,23,15,8,0.6522,0,0.0,0,67404.42,1
txn_004171,cust_01375,823.02,netbanking,success,none,4,3,1,0.75,0,0.0,0,85941.08,1
txn_004172,cust_01782,2464.43,card,success,none,24,22,2,0.9167,0,0.0,0,84657.11,1
txn_004173,cust_01718,1773.13,netbanking,success,none,40,30,10,0.75,0,0.0,0,88548.84,1
txn_004174,cust_00466,4490.81,card,success,none,10,7,3,0.7,0,0.0,0,62086.81,1
txn_004175,cust_00384,219.11,card,success,none,19,13,6,0.6842,0,0.0,0,105745.15,1
txn_004176,cust_00004,1388.84,upi,success,none,35,25,10,0.7143,0,0.0,0,13953.89,1
txn_004177,cust_01604,648.78,upi,success,none,12,11,1,0.9167,0,0.0,0,27238.95,1
txn_004178,cust_02174,798.21,upi,success,none,31,27,4,0.871,0,0.0,0,72374.15,1
txn_004179,cust_02146,2344.31,upi,success,none,32,28,4,0.875,0,0.0,0,35530.74,1
txn_004180,cust_00251,318.6,netbanking,success,none,16,9,7,0.5625,0,0.0,0,41915.02,1
txn_004181,cust_01428,1530.17,wallet,success,none,24,19,5,0.7917,0,0.0,0,132267.36,1
txn_004182,cust_00311,1380.83,card,failed,bank_decline,24,20,4,0.8333,0,3.91,0,95702.18,0
txn_004183,cust_01956,468.74,netbanking,success,none,27,25,2,0.9259,0,0.0,0,16937.26,1
txn_004184,cust_00205,1568.81,card,success,none,35,32,3,0.9143,0,0.0,0,103341.71,1
txn_004185,cust_00423,625.43,wallet,success,none,4,4,0,1.0,0,0.0,0,28949.8,1
txn_004186,cust_01155,12058.0,wallet,success,none,27,24,3,0.8889,0,0.0,0,44983.65,1
txn_004187,cust_01847,4455.82,netbanking,success,none,28,18,10,0.6429,0,0.0,0,133308.13,1
txn_004188,cust_02492,1432.62,upi,success,none,3,2,1,0.6667,0,0.0,0,125443.81,1
txn_004189,cust_00421,869.79,wallet,failed,technical_error,1,1,0,1.0,1,6.82,0,98991.4,1
txn_004190,cust_00383,2217.31,upi,success,none,3,3,0,1.0,0,0.0,0,35489.96,1
txn_004191,cust_01738,2885.56,wallet,success,none,7,6,1,0.8571,0,0.0,0,145902.0,1
txn_004192,cust_01926,1727.68,wallet,success,none,31,24,7,0.7742,0,0.0,0,127928.8,1
txn_004193,cust_02136,485.34,card,success,none,33,22,11,0.6667,0,0.0,0,77051.39,1
txn_004194,cust_00269,1086.17,wallet,failed,network_error,15,14,1,0.9333,0,4.73,0,73746.19,0
txn_004195,cust_00850,1448.11,netbanking,success,none,14,12,2,0.8571,0,0.0,0,149458.4,1
txn_004196,cust_02209,1790.54,upi,success,none,31,27,4,0.871,0,0.0,0,118643.78,1
txn_004197,cust_01802,1832.37,card,success,none,11,9,2,0.8182,0,0.0,0,126255.17,1
txn_004198,cust_00981,2781.74,card,success,none,20,17,3,0.85,0,0.0,0,115904.97,1
txn_004199,cust_02086,5124.15,card,success,none,1,1,0,1.0,0,0.0,0,83475.1,1
txn_004200,cust_00582,3686.98,upi,success,none,5,4,1,0.8,0,0.0,0,71960.65,1
txn_004201,cust_01975,2417.09,netbanking,success,none,21,18,3,0.8571,0,0.0,0,76112.41,1
txn_004202,cust_01353,380.81,netbanking,abandoned,none,6,4,2,0.6667,0,3.05,1,85244.27,1
txn_004203,cust_00853,4386.75,upi,failed,bank_decline,9,8,1,0.8889,0,2.21,0,128071.12,0
txn_004204,cust_00838,3037.55,card,failed,authentication_failed,24,21,3,0.875,1,6.76,0,54960.44,0
txn_004205,cust_02427,1037.13,card,success,none,30,25,5,0.8333,0,0.0,0,104843.29,1
txn_004206,cust_01520,1379.86,upi,success,none,16,14,2,0.875,0,0.0,0,23434.39,1
txn_004207,cust_02122,1430.22,netbanking,abandoned,none,9,8,1,0.8889,0,3.04,1,133803.26,0
txn_004208,cust_00019,864.52,wallet,failed,insufficient_funds,35,28,7,0.8,3,1.84,0,19599.1,0
txn_004209,cust_00033,233.22,wallet,failed,bank_decline,11,9,2,0.8182,1,13.31,0,80586.84,0
txn_004210,cust_01922,438.54,wallet,failed,insufficient_funds,25,23,2,0.92,0,12.32,0,23149.51,0
txn_004211,cust_00575,541.04,netbanking,success,none,12,11,1,0.9167,0,0.0,0,17379.03,1
txn_004212,cust_02065,187.2,wallet,success,none,5,4,1,0.8,0,0.0,0,9085.94,1
txn_004213,cust_00252,439.98,upi,success,none,5,4,1,0.8,0,0.0,0,107318.18,1
txn_004214,cust_00300,4193.12,upi,failed,network_error,25,22,3,0.88,1,2.79,0,60101.51,0
txn_004215,cust_02003,2177.47,card,failed,insufficient_funds,29,27,2,0.931,2,10.37,0,16269.52,0
txn_004216,cust_01832,507.26,wallet,success,none,26,25,1,0.9615,0,0.0,0,64924.79,1
txn_004217,cust_01750,673.02,upi,success,none,34,24,10,0.7059,0,0.0,0,132020.56,1
txn_004218,cust_01945,4578.76,upi,success,none,15,6,9,0.4,0,0.0,0,126803.3,1
txn_004219,cust_01780,4466.98,netbanking,failed,authentication_failed,26,21,5,0.8077,3,5.75,0,88088.59,0
txn_004220,cust_02497,1436.39,wallet,success,none,25,22,3,0.88,0,0.0,0,99030.27,1
txn_004221,cust_01178,4336.39,netbanking,success,none,19,9,10,0.4737,0,0.0,0,3554.25,1
txn_004222,cust_01502,622.72,card,success,none,27,23,4,0.8519,0,0.0,0,34452.78,1
txn_004223,cust_01154,1681.36,card,abandoned,none,38,34,4,0.8947,0,2.72,1,87292.3,1
txn_004224,cust_00804,306.63,wallet,success,none,9,6,3,0.6667,0,0.0,0,10401.98,1
txn_004225,cust_00747,930.46,card,failed,technical_error,37,36,1,0.973,0,10.67,0,147681.53,1
txn_004226,cust_00055,1377.57,wallet,success,none,28,26,2,0.9286,0,0.0,0,89864.95,1
txn_004227,cust_01959,248.38,card,success,none,26,17,9,0.6538,0,0.0,0,33122.84,1
txn_004228,cust_01371,2423.86,wallet,failed,technical_error,38,27,11,0.7105,0,1.25,0,103680.9,0
txn_004229,cust_00153,2864.65,upi,success,none,36,33,3,0.9167,0,0.0,0,45607.43,1
txn_004230,cust_00621,3681.66,wallet,success,none,31,18,13,0.5806,0,0.0,0,34412.49,1
txn_004231,cust_00552,13825.18,wallet,success,none,7,6,1,0.8571,0,0.0,0,125220.27,1
txn_004232,cust_00856,2031.88,netbanking,failed,network_error,21,13,8,0.619,3,12.1,0,100508.13,0
txn_004233,cust_00833,1256.29,card,success,none,26,17,9,0.6538,0,0.0,0,55133.36,1
txn_004234,cust_00848,269.86,netbanking,success,none,36,27,9,0.75,0,0.0,0,18546.39,1
txn_004235,cust_00766,1982.18,upi,success,none,24,21,3,0.875,0,0.0,0,34456.28,1
txn_004236,cust_02336,2343.58,upi,failed,authentication_failed,37,30,7,0.8108,1,13.59,0,8108.69,0
txn_004237,cust_01693,345.15,wallet,failed,bank_decline,7,5,2,0.7143,1,0.42,0,13770.39,1
txn_004238,cust_02027,1053.54,card,failed,authentication_failed,21,16,5,0.7619,3,5.17,0,89935.17,0
txn_004239,cust_00582,1354.43,netbanking,success,none,5,4,1,0.8,0,0.0,0,71960.65,1
txn_004240,cust_02426,2274.52,card,abandoned,none,32,23,9,0.7188,0,3.54,1,149696.55,1
txn_004241,cust_00011,3153.42,upi,failed,bank_decline,1,1,0,1.0,0,7.69,0,114062.3,0
txn_004242,cust_00354,783.24,netbanking,success,none,3,3,0,1.0,0,0.0,0,146169.94,1
txn_004243,cust_00072,1638.21,netbanking,success,none,34,31,3,0.9118,0,0.0,0,137855.53,1
txn_004244,cust_01385,2377.34,netbanking,success,none,9,8,1,0.8889,0,0.0,0,38201.91,1
txn_004245,cust_00470,1116.8,wallet,abandoned,none,22,14,8,0.6364,0,1.5,1,127998.86,1
txn_004246,cust_00812,878.78,card,success,none,13,8,5,0.6154,0,0.0,0,43630.52,1
txn_004247,cust_00890,2731.43,wallet,success,none,39,31,8,0.7949,0,0.0,0,51305.32,1
txn_004248,cust_00823,1121.34,upi,success,none,12,8,4,0.6667,0,0.0,0,82275.69,1
txn_004249,cust_00155,404.61,upi,success,none,9,7,2,0.7778,0,0.0,0,40405.42,1
txn_004250,cust_00962,5287.19,upi,success,none,40,28,12,0.7,0,0.0,0,116416.31,1
txn_004251,cust_00015,452.01,netbanking,failed,technical_error,22,14,8,0.6364,0,2.51,0,16229.33,0
txn_004252,cust_00945,1218.64,netbanking,success,none,34,22,12,0.6471,0,0.0,0,69091.3,1
txn_004253,cust_01373,1847.82,card,success,none,11,10,1,0.9091,0,0.0,0,92806.53,1
txn_004254,cust_00943,2111.61,upi,abandoned,none,3,3,0,1.0,0,4.97,1,6798.18,0
txn_004255,cust_01709,1587.03,wallet,success,none,28,24,4,0.8571,0,0.0,0,12676.91,1
txn_004256,cust_01614,100.0,card,success,none,39,29,10,0.7436,0,0.0,0,33602.53,1
txn_004257,cust_02097,663.47,upi,success,none,37,31,6,0.8378,0,0.0,0,127985.42,1
txn_004258,cust_01758,1801.35,upi,success,none,16,15,1,0.9375,0,0.0,0,56497.55,1
txn_004259,cust_02344,1201.0,netbanking,failed,network_error,27,25,2,0.9259,3,11.87,0,19064.39,0
txn_004260,cust_00903,2234.26,upi,abandoned,none,22,20,2,0.9091,0,6.06,1,91392.38,1
txn_004261,cust_01429,3720.06,card,success,none,9,7,2,0.7778,0,0.0,0,58025.44,1
txn_004262,cust_00035,2223.17,wallet,success,none,25,13,12,0.52,0,0.0,0,41222.23,1
txn_004263,cust_01835,646.12,netbanking,abandoned,none,24,17,7,0.7083,0,0.75,1,142560.22,1
txn_004264,cust_00512,781.72,netbanking,success,none,13,10,3,0.7692,0,0.0,0,93512.78,1
txn_004265,cust_00954,6846.14,wallet,abandoned,none,2,2,0,1.0,0,5.16,1,55885.31,1
txn_004266,cust_00118,1119.78,upi,success,none,26,17,9,0.6538,0,0.0,0,135463.99,1
txn_004267,cust_01962,1217.55,upi,success,none,3,2,1,0.6667,0,0.0,0,139067.35,1
txn_004268,cust_00514,2230.27,card,success,none,3,2,1,0.6667,0,0.0,0,47031.0,1
txn_004269,cust_02232,4615.71,netbanking,success,none,8,7,1,0.875,0,0.0,0,112424.32,1
txn_004270,cust_01625,543.88,card,success,none,22,14,8,0.6364,0,0.0,0,45963.01,1
txn_004271,cust_02426,815.57,card,success,none,32,23,9,0.7188,0,0.0,0,149696.55,1
txn_004272,cust_01819,269.36,upi,success,none,10,8,2,0.8,0,0.0,0,21467.42,1
txn_004273,cust_01834,995.88,wallet,success,none,3,3,0,1.0,0,0.0,0,80533.61,1
txn_004274,cust_01331,2362.78,card,success,none,30,25,5,0.8333,0,0.0,0,92987.04,1
txn_004275,cust_02467,930.53,upi,success,none,17,8,9,0.4706,0,0.0,0,134900.79,1
txn_004276,cust_00991,7783.9,netbanking,success,none,6,5,1,0.8333,0,0.0,0,52608.16,1
txn_004277,cust_01325,1504.48,netbanking,success,none,21,19,2,0.9048,0,0.0,0,30364.07,1
txn_004278,cust_00624,1209.22,wallet,success,none,18,18,0,1.0,0,0.0,0,86540.9,1
txn_004279,cust_02032,941.87,wallet,success,none,21,15,6,0.7143,0,0.0,0,79283.87,1
txn_004280,cust_00770,343.83,netbanking,abandoned,none,31,28,3,0.9032,0,3.77,1,104714.73,1
txn_004281,cust_00297,1223.74,netbanking,success,none,11,11,0,1.0,0,0.0,0,144743.4,1
txn_004282,cust_01588,1916.75,netbanking,success,none,35,31,4,0.8857,0,0.0,0,119432.09,1
txn_004283,cust_02342,1190.26,upi,abandoned,none,24,21,3,0.875,0,1.06,1,84492.16,0
txn_004284,cust_01444,1687.69,wallet,success,none,39,37,2,0.9487,0,0.0,0,90401.17,1
txn_004285,cust_02183,684.93,wallet,success,none,26,24,2,0.9231,0,0.0,0,90304.27,1
txn_004286,cust_01264,385.78,wallet,success,none,32,25,7,0.7812,0,0.0,0,145196.7,1
txn_004287,cust_01479,1204.47,upi,success,none,12,8,4,0.6667,0,0.0,0,18797.01,1
txn_004288,cust_01073,1670.05,netbanking,success,none,38,31,7,0.8158,0,0.0,0,11881.4,1
txn_004289,cust_02142,1131.51,wallet,success,none,37,33,4,0.8919,0,0.0,0,99252.58,1
txn_004290,cust_01432,1641.75,wallet,abandoned,none,37,29,8,0.7838,0,4.42,1,2262.74,0
txn_004291,cust_00579,2912.14,card,success,none,2,1,1,0.5,0,0.0,0,26962.68,1
txn_004292,cust_00615,2901.07,netbanking,success,none,8,6,2,0.75,0,0.0,0,62210.49,1
txn_004293,cust_02078,3156.98,wallet,failed,insufficient_funds,19,16,3,0.8421,3,3.93,0,115025.86,0
txn_004294,cust_00095,3660.39,wallet,success,none,3,1,2,0.3333,0,0.0,0,129085.67,1
txn_004295,cust_00612,2201.91,card,success,none,24,21,3,0.875,0,0.0,0,121953.62,1
txn_004296,cust_01672,1912.8,card,failed,technical_error,35,26,9,0.7429,0,5.44,0,40524.45,0
txn_004297,cust_00056,9348.41,wallet,success,none,25,17,8,0.68,0,0.0,0,57861.27,1
txn_004298,cust_00558,2932.53,netbanking,failed,authentication_failed,24,18,6,0.75,3,2.03,0,82125.41,0
txn_004299,cust_02352,575.27,wallet,success,none,30,17,13,0.5667,0,0.0,0,95125.12,1
txn_004300,cust_01181,207.88,upi,success,none,7,5,2,0.7143,0,0.0,0,79133.42,1
txn_004301,cust_00377,1052.42,netbanking,success,none,14,11,3,0.7857,0,0.0,0,94201.74,1
txn_004302,cust_02448,2501.74,netbanking,failed,authentication_failed,21,19,2,0.9048,2,0.79,0,3245.09,0
txn_004303,cust_02020,3494.52,card,success,none,12,10,2,0.8333,0,0.0,0,110526.84,1
txn_004304,cust_01527,383.57,card,success,none,34,28,6,0.8235,0,0.0,0,147484.25,1
txn_004305,cust_01150,2777.82,wallet,success,none,24,21,3,0.875,0,0.0,0,47625.38,1
txn_004306,cust_02198,4165.89,wallet,success,none,33,18,15,0.5455,0,0.0,0,102970.81,1
txn_004307,cust_00814,2462.02,netbanking,success,none,22,18,4,0.8182,0,0.0,0,41709.27,1
txn_004308,cust_02301,2029.87,card,success,none,31,26,5,0.8387,0,0.0,0,56308.28,1
txn_004309,cust_02241,1172.85,wallet,success,none,39,34,5,0.8718,0,0.0,0,65871.24,1
txn_004310,cust_02026,845.56,card,success,none,10,10,0,1.0,0,0.0,0,6951.15,1
txn_004311,cust_01228,2938.18,netbanking,success,none,10,4,6,0.4,0,0.0,0,111208.64,1
txn_004312,cust_01888,2400.3,wallet,success,none,4,2,2,0.5,0,0.0,0,15871.53,1
txn_004313,cust_02081,965.71,netbanking,success,none,35,29,6,0.8286,0,0.0,0,33759.99,1
txn_004314,cust_01674,17019.35,card,success,none,7,6,1,0.8571,0,0.0,0,8395.68,1
txn_004315,cust_01232,295.95,card,failed,authentication_failed,18,16,2,0.8889,2,12.14,0,16232.48,1
txn_004316,cust_00098,1061.96,netbanking,success,none,14,12,2,0.8571,0,0.0,0,81345.86,1
txn_004317,cust_00131,619.31,card,success,none,12,11,1,0.9167,0,0.0,0,11209.68,1
txn_004318,cust_00677,1966.83,upi,success,none,23,19,4,0.8261,0,0.0,0,53313.86,1
txn_004319,cust_00706,190.76,card,success,none,29,22,7,0.7586,0,0.0,0,148656.92,1
txn_004320,cust_01831,4766.02,card,failed,authentication_failed,28,19,9,0.6786,1,11.84,0,95389.64,0
txn_004321,cust_01105,3660.85,netbanking,success,none,37,25,12,0.6757,0,0.0,0,48516.65,1
txn_004322,cust_00020,1749.97,card,success,none,25,20,5,0.8,0,0.0,0,12741.23,1
txn_004323,cust_01728,982.08,card,success,none,31,22,9,0.7097,0,0.0,0,6582.38,1
txn_004324,cust_00451,2741.64,netbanking,success,none,29,21,8,0.7241,0,0.0,0,81248.51,1
txn_004325,cust_00020,1860.7,netbanking,abandoned,none,25,20,5,0.8,0,0.26,1,12741.23,1
txn_004326,cust_02304,3470.37,upi,success,none,32,23,9,0.7188,0,0.0,0,28247.91,1
txn_004327,cust_00266,1185.06,card,failed,technical_error,20,15,5,0.75,2,10.83,0,113267.79,0
txn_004328,cust_00953,1117.14,card,failed,technical_error,37,30,7,0.8108,2,2.71,0,45668.79,0
txn_004329,cust_00412,3935.28,upi,success,none,22,17,5,0.7727,0,0.0,0,48837.68,1
txn_004330,cust_02360,2524.16,upi,success,none,26,23,3,0.8846,0,0.0,0,41415.97,1
txn_004331,cust_01643,1125.5,netbanking,success,none,21,14,7,0.6667,0,0.0,0,26015.23,1
txn_004332,cust_01083,1934.95,card,success,none,25,17,8,0.68,0,0.0,0,56971.18,1
txn_004333,cust_01558,1611.33,card,failed,network_error,12,9,3,0.75,0,9.72,0,5631.23,0
txn_004334,cust_02032,2137.1,card,success,none,21,15,6,0.7143,0,0.0,0,79283.87,1
txn_004335,cust_01434,4766.9,netbanking,success,none,14,12,2,0.8571,0,0.0,0,94583.93,1
txn_004336,cust_01064,944.0,wallet,abandoned,none,32,20,12,0.625,0,5.61,1,14550.31,0
txn_004337,cust_00332,703.06,card,success,none,27,25,2,0.9259,0,0.0,0,73798.1,1
txn_004338,cust_01247,1761.27,netbanking,failed,network_error,10,6,4,0.6,1,9.67,0,10426.81,0
txn_004339,cust_01712,783.25,card,success,none,17,11,6,0.6471,0,0.0,0,48642.67,1
txn_004340,cust_00441,538.66,wallet,success,none,10,7,3,0.7,0,0.0,0,58154.32,1
txn_004341,cust_01025,3617.55,wallet,success,none,8,7,1,0.875,0,0.0,0,50271.93,1
txn_004342,cust_00356,1005.05,netbanking,failed,network_error,9,8,1,0.8889,3,10.1,0,96042.58,0
txn_004343,cust_00684,206.84,wallet,success,none,29,22,7,0.7586,0,0.0,0,102488.89,1
txn_004344,cust_01738,3125.71,upi,success,none,7,6,1,0.8571,0,0.0,0,145902.0,1
txn_004345,cust_02094,864.24,wallet,success,none,12,9,3,0.75,0,0.0,0,33897.41,1
txn_004346,cust_00243,2387.09,wallet,success,none,29,25,4,0.8621,0,0.0,0,92285.2,1
txn_004347,cust_01768,3957.79,card,success,none,18,10,8,0.5556,0,0.0,0,98086.51,1
txn_004348,cust_02449,1619.14,netbanking,abandoned,none,18,13,5,0.7222,0,3.11,1,88119.83,1
txn_004349,cust_00243,174.95,netbanking,success,none,29,25,4,0.8621,0,0.0,0,92285.2,1
txn_004350,cust_02418,187.98,card,failed,bank_decline,2,2,0,1.0,3,6.23,0,23670.25,0
txn_004351,cust_00410,683.75,card,abandoned,none,32,22,10,0.6875,0,1.59,1,145389.23,0
txn_004352,cust_02176,1265.4,upi,success,none,27,22,5,0.8148,0,0.0,0,4344.46,1
txn_004353,cust_00371,4447.7,netbanking,success,none,34,24,10,0.7059,0,0.0,0,57676.33,1
txn_004354,cust_01513,1792.44,card,success,none,24,17,7,0.7083,0,0.0,0,30900.0,1
txn_004355,cust_00593,18347.95,card,failed,bank_decline,6,5,1,0.8333,0,3.52,0,48994.66,1
txn_004356,cust_01482,301.44,netbanking,success,none,23,22,1,0.9565,0,0.0,0,78927.8,1
txn_004357,cust_02484,1512.16,upi,success,none,5,4,1,0.8,0,0.0,0,99085.12,1
txn_004358,cust_02419,857.94,upi,failed,network_error,35,29,6,0.8286,1,12.54,0,4297.5,0
txn_004359,cust_00832,1693.64,netbanking,success,none,4,3,1,0.75,0,0.0,0,12181.13,1
txn_004360,cust_01526,7720.81,card,failed,insufficient_funds,20,17,3,0.85,0,9.63,0,16488.4,0
txn_004361,cust_02398,8224.84,wallet,success,none,31,30,1,0.9677,0,0.0,0,45641.97,1
txn_004362,cust_00440,1414.4,netbanking,success,none,16,13,3,0.8125,0,0.0,0,69061.18,1
txn_004363,cust_02395,3170.09,upi,abandoned,none,9,9,0,1.0,0,6.56,1,52238.85,0
txn_004364,cust_01597,1661.62,netbanking,failed,authentication_failed,31,26,5,0.8387,1,12.02,0,79885.41,0
txn_004365,cust_01751,457.01,card,success,none,2,2,0,1.0,0,0.0,0,26886.87,1
txn_004366,cust_00220,1358.75,wallet,success,none,21,16,5,0.7619,0,0.0,0,70283.24,1
txn_004367,cust_00642,808.27,upi,success,none,6,4,2,0.6667,0,0.0,0,41543.32,1
txn_004368,cust_02324,1257.94,upi,failed,authentication_failed,26,21,5,0.8077,1,9.54,0,42664.8,0
txn_004369,cust_01983,571.3,upi,failed,network_error,36,27,9,0.75,1,7.95,0,129245.42,0
txn_004370,cust_01997,1564.23,upi,success,none,4,3,1,0.75,0,0.0,0,30785.46,1
txn_004371,cust_02437,1818.29,upi,success,none,7,5,2,0.7143,0,0.0,0,78649.73,1
txn_004372,cust_01042,2708.78,netbanking,success,none,4,3,1,0.75,0,0.0,0,100500.13,1
txn_004373,cust_00728,1825.96,upi,success,none,32,18,14,0.5625,0,0.0,0,29608.78,1
txn_004374,cust_02133,6867.87,card,success,none,15,12,3,0.8,0,0.0,0,133824.19,1
txn_004375,cust_00141,11994.49,card,failed,network_error,26,24,2,0.9231,2,12.34,0,20500.86,1
txn_004376,cust_01296,893.79,wallet,success,none,24,15,9,0.625,0,0.0,0,59278.99,1
txn_004377,cust_00974,3533.58,upi,success,none,21,18,3,0.8571,0,0.0,0,143546.14,1
txn_004378,cust_00843,11098.89,netbanking,success,none,34,29,5,0.8529,0,0.0,0,55675.54,1
txn_004379,cust_01426,3626.86,netbanking,success,none,25,24,1,0.96,0,0.0,0,14310.33,1
txn_004380,cust_00599,2744.42,card,failed,technical_error,30,24,6,0.8,0,0.72,0,76327.11,0
txn_004381,cust_02251,216.62,card,success,none,3,2,1,0.6667,0,0.0,0,117809.96,1
txn_004382,cust_01285,766.57,upi,success,none,6,3,3,0.5,0,0.0,0,17296.04,1
txn_004383,cust_00247,887.05,upi,success,none,31,22,9,0.7097,0,0.0,0,68060.39,1
txn_004384,cust_00012,5362.53,upi,success,none,11,8,3,0.7273,0,0.0,0,105022.77,1
txn_004385,cust_00693,645.09,netbanking,failed,bank_decline,4,2,2,0.5,0,10.82,0,55941.9,0
txn_004386,cust_00315,1229.82,wallet,success,none,18,13,5,0.7222,0,0.0,0,92770.94,1
txn_004387,cust_01684,3103.47,card,success,none,26,16,10,0.6154,0,0.0,0,71170.72,1
txn_004388,cust_02202,616.65,upi,success,none,35,10,25,0.2857,0,0.0,0,75996.05,1
txn_004389,cust_01006,1770.63,wallet,success,none,31,24,7,0.7742,0,0.0,0,72139.83,1
txn_004390,cust_02091,1554.29,netbanking,success,none,20,18,2,0.9,0,0.0,0,32297.88,1
txn_004391,cust_00755,3219.91,upi,success,none,7,5,2,0.7143,0,0.0,0,106998.75,1
txn_004392,cust_00331,2588.54,netbanking,success,none,6,5,1,0.8333,0,0.0,0,36962.05,1
txn_004393,cust_00207,2508.13,wallet,failed,authentication_failed,5,4,1,0.8,0,6.13,0,142382.3,1
txn_004394,cust_01496,1637.27,upi,failed,technical_error,8,8,0,1.0,2,1.55,0,35032.26,1
txn_004395,cust_00027,250.65,netbanking,success,none,7,6,1,0.8571,0,0.0,0,57638.81,1
txn_004396,cust_02393,1540.19,upi,success,none,20,18,2,0.9,0,0.0,0,2572.82,1
txn_004397,cust_01245,1415.59,netbanking,success,none,11,10,1,0.9091,0,0.0,0,21687.17,1
txn_004398,cust_02481,2882.88,wallet,success,none,12,10,2,0.8333,0,0.0,0,132556.92,1
txn_004399,cust_01387,877.5,wallet,failed,technical_error,26,11,15,0.4231,1,6.4,0,73929.35,0
txn_004400,cust_00968,1396.6,wallet,success,none,14,11,3,0.7857,0,0.0,0,62146.23,1
txn_004401,cust_00477,1441.39,wallet,failed,authentication_failed,6,4,2,0.6667,1,8.23,0,65661.75,0
txn_004402,cust_00551,656.84,wallet,failed,authentication_failed,10,8,2,0.8,3,7.66,0,132926.65,0
txn_004403,cust_01525,422.73,netbanking,success,none,25,21,4,0.84,0,0.0,0,127501.89,1
txn_004404,cust_00802,1963.61,wallet,failed,insufficient_funds,30,26,4,0.8667,1,10.24,0,147142.06,1
txn_004405,cust_01183,3669.33,wallet,abandoned,none,34,27,7,0.7941,0,2.18,1,38610.31,0
txn_004406,cust_01562,717.01,card,success,none,7,5,2,0.7143,0,0.0,0,120780.62,1
txn_004407,cust_00895,1077.32,upi,success,none,27,17,10,0.6296,0,0.0,0,93098.16,1
txn_004408,cust_00294,3070.36,wallet,success,none,17,15,2,0.8824,0,0.0,0,115267.82,1
txn_004409,cust_01222,3383.64,card,success,none,25,20,5,0.8,0,0.0,0,65345.34,1
txn_004410,cust_00761,1688.21,netbanking,success,none,15,8,7,0.5333,0,0.0,0,122688.79,1
txn_004411,cust_01626,2026.78,wallet,success,none,9,4,5,0.4444,0,0.0,0,146403.24,1
txn_004412,cust_01073,2280.27,wallet,success,none,38,31,7,0.8158,0,0.0,0,11881.4,1
txn_004413,cust_01283,2727.21,wallet,success,none,24,20,4,0.8333,0,0.0,0,105543.51,1
txn_004414,cust_02430,458.78,wallet,abandoned,none,26,20,6,0.7692,0,1.59,1,11636.32,1
txn_004415,cust_00948,9110.75,upi,success,none,40,26,14,0.65,0,0.0,0,48460.97,1
txn_004416,cust_01993,1761.65,card,success,none,35,28,7,0.8,0,0.0,0,43603.27,1
txn_004417,cust_00323,2778.96,netbanking,success,none,25,19,6,0.76,0,0.0,0,51123.1,1
txn_004418,cust_00594,625.28,upi,success,none,10,8,2,0.8,0,0.0,0,10786.65,1
txn_004419,cust_00237,1112.2,wallet,success,none,15,14,1,0.9333,0,0.0,0,27207.12,1
txn_004420,cust_00264,1952.73,upi,failed,insufficient_funds,37,29,8,0.7838,3,10.43,0,57676.77,0
txn_004421,cust_02372,220.43,upi,success,none,34,22,12,0.6471,0,0.0,0,114984.46,1
txn_004422,cust_00526,543.95,card,success,none,22,18,4,0.8182,0,0.0,0,120830.65,1
txn_004423,cust_00789,648.53,upi,success,none,6,4,2,0.6667,0,0.0,0,78999.2,1
txn_004424,cust_02390,372.92,wallet,success,none,15,10,5,0.6667,0,0.0,0,120901.46,1
txn_004425,cust_01968,1489.33,netbanking,success,none,4,3,1,0.75,0,0.0,0,83430.72,1
txn_004426,cust_02133,1243.79,netbanking,failed,authentication_failed,15,12,3,0.8,2,8.18,0,133824.19,0
txn_004427,cust_02459,5561.97,upi,success,none,10,7,3,0.7,0,0.0,0,105497.89,1
txn_004428,cust_00553,436.73,upi,success,none,40,34,6,0.85,0,0.0,0,61809.27,1
txn_004429,cust_02238,1693.83,wallet,failed,authentication_failed,4,4,0,1.0,2,7.28,0,24949.96,1
txn_004430,cust_02190,555.52,upi,abandoned,none,38,30,8,0.7895,0,6.25,1,123247.52,1
txn_004431,cust_00316,240.53,wallet,success,none,35,21,14,0.6,0,0.0,0,116421.58,1
txn_004432,cust_01284,2411.02,wallet,failed,insufficient_funds,35,29,6,0.8286,3,2.88,0,89479.17,1
txn_004433,cust_02443,2619.13,wallet,abandoned,none,17,13,4,0.7647,0,2.63,1,72703.21,1
txn_004434,cust_00730,2326.5,wallet,success,none,19,14,5,0.7368,0,0.0,0,126819.83,1
txn_004435,cust_02494,359.07,wallet,success,none,3,2,1,0.6667,0,0.0,0,31109.78,1
txn_004436,cust_02078,1456.2,upi,success,none,19,16,3,0.8421,0,0.0,0,115025.86,1
txn_004437,cust_00866,2434.17,upi,success,none,36,28,8,0.7778,0,0.0,0,20335.91,1
txn_004438,cust_00683,3470.87,upi,success,none,37,28,9,0.7568,0,0.0,0,114221.7,1
txn_004439,cust_00054,2510.64,wallet,success,none,11,7,4,0.6364,0,0.0,0,119019.83,1
txn_004440,cust_01426,3516.19,card,failed,bank_decline,25,24,1,0.96,0,5.51,0,14310.33,0
txn_004441,cust_00797,3894.73,wallet,abandoned,none,5,4,1,0.8,0,5.64,1,52375.57,1
txn_004442,cust_01926,1487.52,netbanking,success,none,31,24,7,0.7742,0,0.0,0,127928.8,1
txn_004443,cust_00186,2205.1,netbanking,success,none,7,5,2,0.7143,0,0.0,0,57998.72,1
txn_004444,cust_00994,3639.77,wallet,success,none,35,24,11,0.6857,0,0.0,0,41398.78,1
txn_004445,cust_01212,1978.56,netbanking,success,none,6,5,1,0.8333,0,0.0,0,75618.13,1
txn_004446,cust_00922,4442.61,netbanking,success,none,33,25,8,0.7576,0,0.0,0,69127.37,1
txn_004447,cust_00961,3211.51,upi,success,none,11,10,1,0.9091,0,0.0,0,79110.62,1
txn_004448,cust_00893,711.62,card,success,none,37,28,9,0.7568,0,0.0,0,40433.73,1
txn_004449,cust_01401,362.85,upi,success,none,32,28,4,0.875,0,0.0,0,41011.99,1
txn_004450,cust_02459,1365.54,card,success,none,10,7,3,0.7,0,0.0,0,105497.89,1
txn_004451,cust_00274,411.11,netbanking,failed,authentication_failed,40,32,8,0.8,1,12.67,0,80584.42,1
txn_004452,cust_00747,1455.53,card,success,none,37,36,1,0.973,0,0.0,0,147681.53,1
txn_004453,cust_02221,1329.55,wallet,success,none,7,5,2,0.7143,0,0.0,0,24062.01,1
txn_004454,cust_01467,4919.25,netbanking,success,none,35,32,3,0.9143,0,0.0,0,92791.01,1
txn_004455,cust_02273,2219.56,netbanking,success,none,37,29,8,0.7838,0,0.0,0,38271.08,1
txn_004456,cust_01596,3561.49,card,failed,technical_error,18,17,1,0.9444,1,0.22,0,9730.09,0
txn_004457,cust_01927,820.9,wallet,success,none,11,9,2,0.8182,0,0.0,0,12154.92,1
txn_004458,cust_00189,6183.68,wallet,success,none,30,14,16,0.4667,0,0.0,0,53099.11,1
txn_004459,cust_02373,3273.61,wallet,success,none,6,5,1,0.8333,0,0.0,0,16485.33,1
txn_004460,cust_00132,2053.78,card,failed,authentication_failed,5,3,2,0.6,3,8.94,0,101606.67,0
txn_004461,cust_01347,219.96,upi,success,none,32,29,3,0.9062,0,0.0,0,21343.67,1
txn_004462,cust_00273,4353.52,card,success,none,30,16,14,0.5333,0,0.0,0,138011.7,1
txn_004463,cust_00787,7889.87,wallet,success,none,16,13,3,0.8125,0,0.0,0,86028.89,1
txn_004464,cust_00558,1354.63,upi,success,none,24,18,6,0.75,0,0.0,0,82125.41,1
txn_004465,cust_01204,1382.64,upi,failed,bank_decline,21,14,7,0.6667,2,1.94,0,3333.06,1
txn_004466,cust_00700,798.97,netbanking,success,none,21,18,3,0.8571,0,0.0,0,91145.87,1
txn_004467,cust_00941,261.98,upi,success,none,13,10,3,0.7692,0,0.0,0,90766.98,1
txn_004468,cust_00758,763.49,card,success,none,11,11,0,1.0,0,0.0,0,41645.9,1
txn_004469,cust_00060,7040.39,upi,failed,insufficient_funds,8,8,0,1.0,2,4.13,0,102574.84,1
txn_004470,cust_02265,3940.3,netbanking,success,none,13,10,3,0.7692,0,0.0,0,68759.09,1
txn_004471,cust_00127,618.5,card,success,none,21,15,6,0.7143,0,0.0,0,9517.63,1
txn_004472,cust_01507,751.16,upi,success,none,4,3,1,0.75,0,0.0,0,27722.31,1
txn_004473,cust_01685,11328.56,netbanking,failed,insufficient_funds,17,14,3,0.8235,0,9.39,0,14579.39,0
txn_004474,cust_00267,482.92,netbanking,success,none,27,24,3,0.8889,0,0.0,0,81194.86,1
txn_004475,cust_02360,654.96,netbanking,success,none,26,23,3,0.8846,0,0.0,0,41415.97,1
txn_004476,cust_00789,871.68,upi,failed,authentication_failed,6,4,2,0.6667,0,4.55,0,78999.2,0
txn_004477,cust_00550,344.46,netbanking,failed,insufficient_funds,35,30,5,0.8571,0,7.17,0,63449.89,0
txn_004478,cust_01580,782.5,upi,success,none,29,23,6,0.7931,0,0.0,0,132630.15,1
txn_004479,cust_00290,794.48,upi,success,none,2,2,0,1.0,0,0.0,0,93579.01,1
txn_004480,cust_01309,543.35,netbanking,success,none,8,5,3,0.625,0,0.0,0,4365.18,1
txn_004481,cust_00719,5054.18,upi,success,none,26,21,5,0.8077,0,0.0,0,20213.8,1
txn_004482,cust_01968,417.04,wallet,failed,authentication_failed,4,3,1,0.75,3,8.44,0,83430.72,0
txn_004483,cust_02335,1162.2,netbanking,success,none,20,15,5,0.75,0,0.0,0,38395.13,1
txn_004484,cust_00383,557.24,netbanking,success,none,3,3,0,1.0,0,0.0,0,35489.96,1
txn_004485,cust_02220,1085.75,card,success,none,21,18,3,0.8571,0,0.0,0,61917.92,1
txn_004486,cust_00945,531.94,netbanking,success,none,34,22,12,0.6471,0,0.0,0,69091.3,1
txn_004487,cust_00610,1445.04,netbanking,success,none,6,6,0,1.0,0,0.0,0,14891.29,1
txn_004488,cust_00728,1847.27,card,success,none,32,18,14,0.5625,0,0.0,0,29608.78,1
txn_004489,cust_01229,5443.52,card,abandoned,none,21,17,4,0.8095,0,1.88,1,54744.33,1
txn_004490,cust_00420,743.53,wallet,success,none,26,15,11,0.5769,0,0.0,0,129871.68,1
txn_004491,cust_00153,6753.57,wallet,failed,network_error,36,33,3,0.9167,2,2.54,0,45607.43,1
txn_004492,cust_02303,597.66,card,success,none,37,34,3,0.9189,0,0.0,0,130446.56,1
txn_004493,cust_00548,1055.72,netbanking,success,none,9,4,5,0.4444,0,0.0,0,58908.23,1
txn_004494,cust_00837,7822.35,netbanking,failed,insufficient_funds,5,4,1,0.8,2,2.37,0,36163.31,0
txn_004495,cust_02292,24414.72,netbanking,success,none,13,11,2,0.8462,0,0.0,0,35994.34,1
txn_004496,cust_01965,7229.58,upi,success,none,38,35,3,0.9211,0,0.0,0,143472.36,1
txn_004497,cust_02479,1071.06,wallet,success,none,1,1,0,1.0,0,0.0,0,116611.77,1
txn_004498,cust_02462,2241.44,upi,failed,authentication_failed,36,33,3,0.9167,3,4.66,0,118495.71,0
txn_004499,cust_00511,2650.85,card,success,none,23,18,5,0.7826,0,0.0,0,33631.68,1
txn_004500,cust_02412,1892.06,netbanking,success,none,27,25,2,0.9259,0,0.0,0,29012.09,1
txn_004501,cust_01866,488.9,card,abandoned,none,7,6,1,0.8571,0,6.9,1,99709.96,0
txn_004502,cust_01647,1693.55,wallet,success,none,5,3,2,0.6,0,0.0,0,53221.69,1
txn_004503,cust_01844,807.67,netbanking,success,none,20,12,8,0.6,0,0.0,0,142321.04,1
txn_004504,cust_00437,508.56,wallet,failed,insufficient_funds,19,18,1,0.9474,3,8.22,0,76821.93,1
txn_004505,cust_01069,981.06,wallet,failed,insufficient_funds,30,24,6,0.8,0,13.49,0,101242.39,1
txn_004506,cust_02145,1835.98,netbanking,failed,authentication_failed,3,2,1,0.6667,0,4.78,0,33604.05,0
txn_004507,cust_01469,3645.99,wallet,success,none,6,4,2,0.6667,0,0.0,0,77184.4,1
txn_004508,cust_01388,1039.06,upi,success,none,37,35,2,0.9459,0,0.0,0,95227.9,1
txn_004509,cust_00082,1238.17,upi,success,none,36,25,11,0.6944,0,0.0,0,25603.92,1
txn_004510,cust_01069,2992.69,card,success,none,30,24,6,0.8,0,0.0,0,101242.39,1
txn_004511,cust_01508,1437.8,wallet,success,none,34,32,2,0.9412,0,0.0,0,147230.67,1
txn_004512,cust_01140,1961.67,netbanking,failed,insufficient_funds,39,37,2,0.9487,2,10.96,0,105861.52,0
txn_004513,cust_02362,1448.04,card,success,none,24,21,3,0.875,0,0.0,0,112436.43,1
txn_004514,cust_00556,1640.46,netbanking,failed,technical_error,29,22,7,0.7586,3,1.1,0,142632.72,0
txn_004515,cust_02200,455.31,card,failed,authentication_failed,12,11,1,0.9167,0,4.28,0,71904.51,1
txn_004516,cust_00533,1513.72,netbanking,success,none,35,30,5,0.8571,0,0.0,0,19414.72,1
txn_004517,cust_00986,5585.13,netbanking,failed,authentication_failed,37,28,9,0.7568,3,10.45,0,101816.71,0
txn_004518,cust_01233,1586.03,upi,success,none,6,5,1,0.8333,0,0.0,0,28921.38,1
txn_004519,cust_01022,581.87,netbanking,success,none,35,28,7,0.8,0,0.0,0,79123.46,1
txn_004520,cust_01668,5863.66,upi,success,none,28,20,8,0.7143,0,0.0,0,24408.46,1
txn_004521,cust_02098,2755.55,netbanking,success,none,36,33,3,0.9167,0,0.0,0,69728.52,1
txn_004522,cust_00347,2886.0,upi,failed,bank_decline,31,25,6,0.8065,3,7.73,0,42198.44,0
txn_004523,cust_01366,2808.83,upi,abandoned,none,3,3,0,1.0,0,4.31,1,68010.12,1
txn_004524,cust_01205,434.25,netbanking,success,none,14,14,0,1.0,0,0.0,0,88468.38,1
txn_004525,cust_02006,2560.11,wallet,success,none,33,26,7,0.7879,0,0.0,0,117861.77,1
txn_004526,cust_01945,5348.82,upi,failed,authentication_failed,15,6,9,0.4,2,5.87,0,126803.3,0
txn_004527,cust_00796,828.65,wallet,success,none,2,1,1,0.5,0,0.0,0,54206.99,1
txn_004528,cust_01153,194.69,card,success,none,2,2,0,1.0,0,0.0,0,39855.34,1
txn_004529,cust_02084,1930.57,wallet,failed,bank_decline,10,8,2,0.8,1,1.56,0,45410.42,1
txn_004530,cust_00617,1384.02,card,success,none,4,4,0,1.0,0,0.0,0,145291.4,1
txn_004531,cust_01728,284.97,upi,success,none,31,22,9,0.7097,0,0.0,0,6582.38,1
txn_004532,cust_00196,2453.76,wallet,failed,insufficient_funds,2,2,0,1.0,3,4.29,0,18185.92,0
txn_004533,cust_01889,2276.27,wallet,failed,bank_decline,12,8,4,0.6667,3,12.47,0,131246.93,0
txn_004534,cust_01608,309.16,wallet,success,none,23,22,1,0.9565,0,0.0,0,142186.25,1
txn_004535,cust_02087,8860.05,wallet,failed,network_error,36,24,12,0.6667,3,13.53,0,22064.71,0
txn_004536,cust_01117,2838.76,netbanking,success,none,27,24,3,0.8889,0,0.0,0,23233.42,1
txn_004537,cust_02058,202.3,netbanking,success,none,14,7,7,0.5,0,0.0,0,129877.68,1
txn_004538,cust_00780,3037.72,wallet,failed,network_error,40,26,14,0.65,0,13.48,0,69109.93,0
txn_004539,cust_01951,2950.78,wallet,success,none,23,20,3,0.8696,0,0.0,0,124652.7,1
txn_004540,cust_01153,5513.79,upi,success,none,2,2,0,1.0,0,0.0,0,39855.34,1
txn_004541,cust_01967,717.75,wallet,success,none,1,1,0,1.0,0,0.0,0,80024.29,1
txn_004542,cust_02445,3081.9,wallet,success,none,4,3,1,0.75,0,0.0,0,129684.99,1
txn_004543,cust_00312,1057.17,netbanking,failed,bank_decline,30,24,6,0.8,1,0.93,0,106388.99,0
txn_004544,cust_00133,767.79,upi,success,none,16,14,2,0.875,0,0.0,0,61162.56,1
txn_004545,cust_00138,563.97,wallet,success,none,21,18,3,0.8571,0,0.0,0,140271.23,1
txn_004546,cust_02074,199.71,card,success,none,38,34,4,0.8947,0,0.0,0,7782.01,1
txn_004547,cust_01079,2299.45,netbanking,success,none,27,20,7,0.7407,0,0.0,0,27817.22,1
txn_004548,cust_01367,1019.38,wallet,success,none,23,20,3,0.8696,0,0.0,0,129467.74,1
txn_004549,cust_00739,100.0,card,failed,bank_decline,11,9,2,0.8182,3,6.07,0,108456.27,1
txn_004550,cust_00056,1444.26,upi,success,none,25,17,8,0.68,0,0.0,0,57861.27,1
txn_004551,cust_02338,4263.5,upi,success,none,4,3,1,0.75,0,0.0,0,33104.63,1
txn_004552,cust_01261,362.5,netbanking,failed,insufficient_funds,13,12,1,0.9231,0,8.44,0,72372.45,0
txn_004553,cust_02056,656.81,wallet,failed,insufficient_funds,35,29,6,0.8286,0,7.71,0,80447.67,0
txn_004554,cust_01304,2081.66,card,failed,authentication_failed,14,12,2,0.8571,2,5.68,0,78646.11,1
txn_004555,cust_01256,103.66,wallet,success,none,40,36,4,0.9,0,0.0,0,57603.6,1
txn_004556,cust_02092,785.5,wallet,success,none,23,20,3,0.8696,0,0.0,0,32548.8,1
txn_004557,cust_01150,1894.3,wallet,failed,authentication_failed,24,21,3,0.875,3,9.43,0,47625.38,0
txn_004558,cust_01571,764.24,card,failed,insufficient_funds,29,20,9,0.6897,2,10.0,0,121585.5,0
txn_004559,cust_01406,365.77,netbanking,success,none,30,22,8,0.7333,0,0.0,0,3425.92,1
txn_004560,cust_00278,383.72,netbanking,failed,bank_decline,30,27,3,0.9,1,0.15,0,28077.62,1
txn_004561,cust_00762,267.17,wallet,success,none,23,21,2,0.913,0,0.0,0,139640.32,1
txn_004562,cust_00072,711.21,netbanking,success,none,34,31,3,0.9118,0,0.0,0,137855.53,1
txn_004563,cust_00992,3853.21,wallet,success,none,29,20,9,0.6897,0,0.0,0,98739.84,1
txn_004564,cust_01038,14212.69,upi,success,none,18,17,1,0.9444,0,0.0,0,143151.19,1
txn_004565,cust_00362,1388.78,wallet,success,none,31,27,4,0.871,0,0.0,0,17998.98,1
txn_004566,cust_01260,2887.8,wallet,failed,bank_decline,21,18,3,0.8571,0,3.62,0,90878.48,0
txn_004567,cust_02050,522.79,netbanking,success,none,24,19,5,0.7917,0,0.0,0,77632.05,1
txn_004568,cust_01239,165.4,card,success,none,25,18,7,0.72,0,0.0,0,2838.75,1
txn_004569,cust_01076,8532.26,netbanking,success,none,4,3,1,0.75,0,0.0,0,140252.84,1
txn_004570,cust_00682,738.71,card,failed,authentication_failed,32,23,9,0.7188,1,11.75,0,70129.01,0
txn_004571,cust_02201,2748.22,wallet,success,none,40,25,15,0.625,0,0.0,0,90372.26,1
txn_004572,cust_02036,1569.42,wallet,success,none,6,6,0,1.0,0,0.0,0,53061.04,1
txn_004573,cust_00834,3621.31,netbanking,success,none,11,10,1,0.9091,0,0.0,0,142965.62,1
txn_004574,cust_00036,3477.6,card,success,none,36,28,8,0.7778,0,0.0,0,33722.66,1
txn_004575,cust_01096,1768.21,wallet,failed,technical_error,27,27,0,1.0,0,4.95,0,92623.56,0
txn_004576,cust_02160,1973.93,netbanking,success,none,25,17,8,0.68,0,0.0,0,145928.44,1
txn_004577,cust_02003,4503.38,netbanking,success,none,29,27,2,0.931,0,0.0,0,16269.52,1
txn_004578,cust_00238,889.19,netbanking,failed,insufficient_funds,34,31,3,0.9118,1,13.6,0,70217.93,0
txn_004579,cust_01537,6346.22,netbanking,success,none,26,19,7,0.7308,0,0.0,0,12149.74,1
txn_004580,cust_00454,659.94,wallet,success,none,21,18,3,0.8571,0,0.0,0,130570.65,1
txn_004581,cust_00729,1446.03,card,success,none,9,7,2,0.7778,0,0.0,0,24086.83,1
txn_004582,cust_00398,2512.87,card,success,none,32,24,8,0.75,0,0.0,0,66226.07,1
txn_004583,cust_02343,262.67,upi,success,none,17,16,1,0.9412,0,0.0,0,52276.9,1
txn_004584,cust_00169,5333.95,upi,abandoned,none,8,6,2,0.75,0,6.73,1,12211.34,1
txn_004585,cust_01058,2155.76,wallet,success,none,8,7,1,0.875,0,0.0,0,10201.95,1
txn_004586,cust_02486,36350.81,card,success,none,13,9,4,0.6923,0,0.0,0,79086.4,1
txn_004587,cust_02492,10728.86,netbanking,success,none,3,2,1,0.6667,0,0.0,0,125443.81,1
txn_004588,cust_00992,1324.91,upi,failed,insufficient_funds,29,20,9,0.6897,1,0.98,0,98739.84,1
txn_004589,cust_01935,7987.13,card,success,none,32,25,7,0.7812,0,0.0,0,67613.15,1
txn_004590,cust_01212,3125.46,wallet,success,none,6,5,1,0.8333,0,0.0,0,75618.13,1
txn_004591,cust_01362,1687.68,netbanking,success,none,3,3,0,1.0,0,0.0,0,114240.62,1
txn_004592,cust_00258,254.84,netbanking,success,none,5,4,1,0.8,0,0.0,0,62815.32,1
txn_004593,cust_01259,322.62,netbanking,success,none,39,30,9,0.7692,0,0.0,0,21282.55,1
txn_004594,cust_00361,1345.3,upi,failed,technical_error,4,3,1,0.75,3,5.11,0,38619.28,0
txn_004595,cust_01282,816.18,netbanking,success,none,27,26,1,0.963,0,0.0,0,82003.14,1
txn_004596,cust_01771,1677.72,card,failed,network_error,9,7,2,0.7778,2,13.83,0,97458.36,0
txn_004597,cust_02288,5283.64,card,success,none,12,11,1,0.9167,0,0.0,0,72006.76,1
txn_004598,cust_01666,3181.02,netbanking,success,none,2,2,0,1.0,0,0.0,0,65267.18,1
txn_004599,cust_01257,667.62,upi,abandoned,none,22,20,2,0.9091,0,6.43,1,66593.22,0
txn_004600,cust_00094,3377.73,wallet,abandoned,none,4,3,1,0.75,0,6.43,1,35112.33,0
txn_004601,cust_01559,536.98,upi,success,none,26,19,7,0.7308,0,0.0,0,128335.59,1
txn_004602,cust_02157,427.42,card,success,none,37,35,2,0.9459,0,0.0,0,26903.62,1
txn_004603,cust_00506,1961.84,wallet,success,none,37,24,13,0.6486,0,0.0,0,129895.04,1
txn_004604,cust_02063,593.18,card,success,none,10,9,1,0.9,0,0.0,0,4539.19,1
txn_004605,cust_02045,704.97,netbanking,abandoned,none,16,11,5,0.6875,0,2.87,1,143875.63,0
txn_004606,cust_01561,3619.07,wallet,abandoned,none,16,12,4,0.75,0,0.31,1,15114.07,1
txn_004607,cust_01110,2585.4,wallet,success,none,20,13,7,0.65,0,0.0,0,41997.93,1
txn_004608,cust_00354,923.52,upi,success,none,3,3,0,1.0,0,0.0,0,146169.94,1
txn_004609,cust_00570,263.72,netbanking,success,none,15,12,3,0.8,0,0.0,0,49955.37,1
txn_004610,cust_02258,642.16,wallet,success,none,26,21,5,0.8077,0,0.0,0,61412.19,1
txn_004611,cust_00598,9340.15,upi,success,none,39,32,7,0.8205,0,0.0,0,80052.97,1
txn_004612,cust_01898,3521.14,netbanking,success,none,6,6,0,1.0,0,0.0,0,56520.7,1
txn_004613,cust_00528,5561.32,netbanking,failed,technical_error,10,7,3,0.7,3,13.16,0,113368.57,0
txn_004614,cust_01433,1730.26,upi,success,none,11,8,3,0.7273,0,0.0,0,66574.81,1
txn_004615,cust_00184,942.89,netbanking,success,none,27,24,3,0.8889,0,0.0,0,120533.04,1
txn_004616,cust_00095,3311.62,card,failed,technical_error,3,1,2,0.3333,3,0.32,0,129085.67,0
txn_004617,cust_01180,4826.32,upi,success,none,12,11,1,0.9167,0,0.0,0,16945.45,1
txn_004618,cust_00746,829.03,netbanking,success,none,13,9,4,0.6923,0,0.0,0,55808.3,1
txn_004619,cust_01231,656.42,wallet,success,none,20,15,5,0.75,0,0.0,0,67265.64,1
txn_004620,cust_01635,292.58,netbanking,success,none,1,1,0,1.0,0,0.0,0,142369.43,1
txn_004621,cust_01054,640.07,upi,success,none,39,26,13,0.6667,0,0.0,0,131097.12,1
txn_004622,cust_02394,2614.74,netbanking,success,none,34,26,8,0.7647,0,0.0,0,122491.59,1
txn_004623,cust_01064,737.85,card,success,none,32,20,12,0.625,0,0.0,0,14550.31,1
txn_004624,cust_01349,3400.68,netbanking,success,none,33,25,8,0.7576,0,0.0,0,98307.39,1
txn_004625,cust_02109,9577.53,wallet,success,none,10,10,0,1.0,0,0.0,0,85267.25,1
txn_004626,cust_01814,1373.09,wallet,success,none,38,31,7,0.8158,0,0.0,0,87466.65,1
txn_004627,cust_00974,1317.81,upi,success,none,21,18,3,0.8571,0,0.0,0,143546.14,1
txn_004628,cust_00215,2318.35,wallet,success,none,12,10,2,0.8333,0,0.0,0,92711.72,1
txn_004629,cust_00566,754.15,upi,failed,insufficient_funds,16,12,4,0.75,1,7.83,0,148334.31,1
txn_004630,cust_01145,701.12,wallet,failed,network_error,20,17,3,0.85,3,12.65,0,39972.68,1
txn_004631,cust_02366,722.34,upi,success,none,16,8,8,0.5,0,0.0,0,99641.36,1
txn_004632,cust_01349,425.99,upi,failed,network_error,33,25,8,0.7576,2,10.24,0,98307.39,0
txn_004633,cust_02333,3293.77,netbanking,success,none,34,30,4,0.8824,0,0.0,0,80563.41,1
txn_004634,cust_00500,815.19,netbanking,success,none,13,8,5,0.6154,0,0.0,0,149906.66,1
txn_004635,cust_00196,4069.95,netbanking,success,none,2,2,0,1.0,0,0.0,0,18185.92,1
txn_004636,cust_02298,2273.97,card,success,none,6,5,1,0.8333,0,0.0,0,101696.01,1
txn_004637,cust_01675,1309.26,wallet,success,none,37,32,5,0.8649,0,0.0,0,82899.73,1
txn_004638,cust_02312,3009.8,netbanking,failed,bank_decline,8,6,2,0.75,3,6.96,0,105038.44,0
txn_004639,cust_01048,521.41,wallet,failed,technical_error,9,8,1,0.8889,3,11.7,0,72249.1,0
txn_004640,cust_00612,613.75,card,success,none,24,21,3,0.875,0,0.0,0,121953.62,1
txn_004641,cust_02191,2734.21,card,failed,bank_decline,12,11,1,0.9167,1,10.06,0,93858.55,0
txn_004642,cust_00454,149.06,card,success,none,21,18,3,0.8571,0,0.0,0,130570.65,1
txn_004643,cust_00171,1359.15,wallet,failed,technical_error,24,18,6,0.75,2,6.04,0,87793.93,0
txn_004644,cust_01731,2417.53,wallet,failed,authentication_failed,26,15,11,0.5769,0,8.59,0,6778.6,0
txn_004645,cust_01327,4968.55,card,success,none,32,30,2,0.9375,0,0.0,0,79629.54,1
txn_004646,cust_01150,6096.56,netbanking,failed,authentication_failed,24,21,3,0.875,2,2.14,0,47625.38,1
txn_004647,cust_00822,1175.81,upi,abandoned,none,6,6,0,1.0,0,2.32,1,65160.47,1
txn_004648,cust_01351,2893.63,card,abandoned,none,27,23,4,0.8519,0,4.93,1,106811.21,1
txn_004649,cust_02202,599.23,wallet,abandoned,none,35,10,25,0.2857,0,0.7,1,75996.05,0
txn_004650,cust_01193,859.64,wallet,success,none,1,1,0,1.0,0,0.0,0,105723.93,1
txn_004651,cust_00641,5258.81,wallet,success,none,40,29,11,0.725,0,0.0,0,8414.61,1
txn_004652,cust_00483,1287.03,wallet,success,none,24,21,3,0.875,0,0.0,0,65172.33,1
txn_004653,cust_01099,1571.33,wallet,success,none,3,3,0,1.0,0,0.0,0,67519.72,1
txn_004654,cust_01468,476.69,wallet,success,none,18,11,7,0.6111,0,0.0,0,13455.96,1
txn_004655,cust_01652,2043.8,wallet,success,none,25,22,3,0.88,0,0.0,0,53333.44,1
txn_004656,cust_00033,2847.09,upi,success,none,11,9,2,0.8182,0,0.0,0,80586.84,1
txn_004657,cust_02066,2760.1,card,success,none,17,10,7,0.5882,0,0.0,0,84154.55,1
txn_004658,cust_00786,398.87,upi,success,none,1,1,0,1.0,0,0.0,0,92606.63,1
txn_004659,cust_02358,3640.75,wallet,success,none,21,14,7,0.6667,0,0.0,0,98298.95,1
txn_004660,cust_01151,493.69,card,success,none,3,2,1,0.6667,0,0.0,0,84816.18,1
txn_004661,cust_02218,1304.51,card,success,none,8,6,2,0.75,0,0.0,0,78444.51,1
txn_004662,cust_00686,265.57,wallet,success,none,40,36,4,0.9,0,0.0,0,49158.03,1
txn_004663,cust_02326,1119.38,netbanking,success,none,37,29,8,0.7838,0,0.0,0,103215.77,1
txn_004664,cust_00340,490.98,upi,success,none,28,19,9,0.6786,0,0.0,0,149498.09,1
txn_004665,cust_00806,855.04,netbanking,success,none,13,10,3,0.7692,0,0.0,0,7527.14,1
txn_004666,cust_01367,1422.13,card,success,none,23,20,3,0.8696,0,0.0,0,129467.74,1
txn_004667,cust_02159,3063.23,wallet,success,none,5,4,1,0.8,0,0.0,0,77982.77,1
txn_004668,cust_00428,2959.88,netbanking,success,none,19,18,1,0.9474,0,0.0,0,66279.3,1
txn_004669,cust_00065,129.37,netbanking,success,none,17,13,4,0.7647,0,0.0,0,145811.33,1
txn_004670,cust_01610,2639.43,upi,success,none,13,11,2,0.8462,0,0.0,0,125667.83,1
txn_004671,cust_01095,1646.28,wallet,success,none,8,7,1,0.875,0,0.0,0,5800.38,1
txn_004672,cust_00558,764.94,upi,success,none,24,18,6,0.75,0,0.0,0,82125.41,1
txn_004673,cust_01619,555.35,netbanking,success,none,21,14,7,0.6667,0,0.0,0,9873.84,1
txn_004674,cust_02455,1258.37,card,failed,network_error,6,4,2,0.6667,3,6.28,0,38059.62,0
txn_004675,cust_00629,1686.82,netbanking,failed,bank_decline,18,15,3,0.8333,0,12.32,0,105702.12,0
txn_004676,cust_01315,1954.49,card,success,none,30,25,5,0.8333,0,0.0,0,35546.48,1
txn_004677,cust_02037,1099.61,wallet,success,none,14,8,6,0.5714,0,0.0,0,99836.84,1
txn_004678,cust_00569,107.32,upi,failed,authentication_failed,14,12,2,0.8571,1,5.89,0,122144.89,1
txn_004679,cust_02488,816.23,netbanking,success,none,10,9,1,0.9,0,0.0,0,92342.85,1
txn_004680,cust_01094,410.06,netbanking,failed,insufficient_funds,10,8,2,0.8,3,7.9,0,42071.81,0
txn_004681,cust_00092,10459.03,wallet,failed,insufficient_funds,36,28,8,0.7778,0,8.54,0,35287.1,1
txn_004682,cust_01980,1421.28,netbanking,success,none,29,27,2,0.931,0,0.0,0,120914.73,1
txn_004683,cust_01136,2810.51,netbanking,success,none,1,1,0,1.0,0,0.0,0,32559.36,1
txn_004684,cust_00677,2527.86,netbanking,success,none,23,19,4,0.8261,0,0.0,0,53313.86,1
txn_004685,cust_01129,1826.81,card,success,none,25,21,4,0.84,0,0.0,0,101377.12,1
txn_004686,cust_01002,883.4,netbanking,success,none,31,27,4,0.871,0,0.0,0,15981.19,1
txn_004687,cust_01803,777.57,wallet,success,none,36,21,15,0.5833,0,0.0,0,27989.24,1
txn_004688,cust_01308,177.58,upi,success,none,20,19,1,0.95,0,0.0,0,7657.77,1
txn_004689,cust_01242,1544.09,netbanking,success,none,36,29,7,0.8056,0,0.0,0,135875.93,1
txn_004690,cust_01254,1808.73,card,abandoned,none,9,8,1,0.8889,0,3.08,1,46394.04,1
txn_004691,cust_02018,1276.87,upi,success,none,12,10,2,0.8333,0,0.0,0,147534.55,1
txn_004692,cust_02309,1545.99,card,abandoned,none,35,19,16,0.5429,0,5.11,1,5851.83,0
txn_004693,cust_01089,400.85,upi,success,none,2,1,1,0.5,0,0.0,0,146795.11,1
txn_004694,cust_00988,998.2,netbanking,failed,network_error,26,18,8,0.6923,1,5.1,0,122938.24,1
txn_004695,cust_00512,699.35,upi,success,none,13,10,3,0.7692,0,0.0,0,93512.78,1
txn_004696,cust_01365,2604.53,netbanking,success,none,16,12,4,0.75,0,0.0,0,45358.63,1
txn_004697,cust_01179,1395.47,netbanking,success,none,28,25,3,0.8929,0,0.0,0,121118.99,1
txn_004698,cust_01075,706.4,wallet,success,none,5,3,2,0.6,0,0.0,0,81633.36,1
txn_004699,cust_01497,1141.44,wallet,abandoned,none,33,19,14,0.5758,0,2.42,1,1382.71,1
txn_004700,cust_00915,473.65,netbanking,success,none,11,9,2,0.8182,0,0.0,0,122208.2,1
txn_004701,cust_01999,964.71,netbanking,success,none,17,14,3,0.8235,0,0.0,0,22817.83,1
txn_004702,cust_01533,2398.71,wallet,success,none,34,33,1,0.9706,0,0.0,0,62545.46,1
txn_004703,cust_00622,353.44,card,failed,technical_error,7,5,2,0.7143,2,13.54,0,53166.99,0
txn_004704,cust_00073,1259.97,netbanking,success,none,39,29,10,0.7436,0,0.0,0,49299.25,1
txn_004705,cust_01999,632.74,netbanking,abandoned,none,17,14,3,0.8235,0,0.77,1,22817.83,1
txn_004706,cust_00182,353.69,card,failed,technical_error,2,2,0,1.0,2,8.83,0,27724.74,1
txn_004707,cust_00793,8649.82,wallet,success,none,25,24,1,0.96,0,0.0,0,131126.38,1
txn_004708,cust_01237,4692.75,wallet,success,none,36,25,11,0.6944,0,0.0,0,14866.57,1
txn_004709,cust_00417,736.52,netbanking,success,none,36,25,11,0.6944,0,0.0,0,6467.87,1
txn_004710,cust_01822,1002.48,upi,success,none,30,22,8,0.7333,0,0.0,0,22340.4,1
txn_004711,cust_02417,177.28,wallet,failed,bank_decline,32,25,7,0.7812,2,1.83,0,28980.63,0
txn_004712,cust_01309,272.47,netbanking,abandoned,none,8,5,3,0.625,0,3.68,1,4365.18,1
txn_004713,cust_01161,433.53,netbanking,failed,authentication_failed,32,29,3,0.9062,0,1.8,0,69663.52,1
txn_004714,cust_02493,1295.19,wallet,success,none,9,7,2,0.7778,0,0.0,0,27617.18,1
txn_004715,cust_01426,1194.26,upi,success,none,25,24,1,0.96,0,0.0,0,14310.33,1
txn_004716,cust_00430,1866.32,wallet,failed,authentication_failed,39,36,3,0.9231,3,8.06,0,120097.75,0
txn_004717,cust_02354,2640.19,upi,success,none,22,17,5,0.7727,0,0.0,0,63850.66,1
txn_004718,cust_02447,1768.72,card,abandoned,none,16,13,3,0.8125,0,2.26,1,95303.44,1
txn_004719,cust_01630,454.22,card,success,none,36,34,2,0.9444,0,0.0,0,104340.5,1
txn_004720,cust_02369,1852.0,card,success,none,5,4,1,0.8,0,0.0,0,140582.26,1
txn_004721,cust_02398,2528.42,wallet,success,none,31,30,1,0.9677,0,0.0,0,45641.97,1
txn_004722,cust_01446,873.69,card,failed,authentication_failed,2,2,0,1.0,1,5.22,0,127335.92,0
txn_004723,cust_01459,211.36,wallet,success,none,5,3,2,0.6,0,0.0,0,3486.72,1
txn_004724,cust_00525,4376.78,card,success,none,19,19,0,1.0,0,0.0,0,112237.34,1
txn_004725,cust_00350,1463.1,card,success,none,7,4,3,0.5714,0,0.0,0,125061.63,1
txn_004726,cust_00437,100.0,card,success,none,19,18,1,0.9474,0,0.0,0,76821.93,1
txn_004727,cust_00777,10617.44,upi,success,none,8,7,1,0.875,0,0.0,0,116649.72,1
txn_004728,cust_01270,829.84,card,success,none,36,33,3,0.9167,0,0.0,0,5010.5,1
txn_004729,cust_00929,15352.34,wallet,success,none,17,16,1,0.9412,0,0.0,0,109398.7,1
txn_004730,cust_00922,1953.47,netbanking,success,none,33,25,8,0.7576,0,0.0,0,69127.37,1
txn_004731,cust_02326,1093.7,wallet,success,none,37,29,8,0.7838,0,0.0,0,103215.77,1
txn_004732,cust_00257,1609.36,netbanking,success,none,10,8,2,0.8,0,0.0,0,106256.45,1
txn_004733,cust_00046,659.0,upi,failed,bank_decline,9,7,2,0.7778,2,10.86,0,37747.5,0
txn_004734,cust_01495,1424.12,card,success,none,7,6,1,0.8571,0,0.0,0,134245.99,1
txn_004735,cust_00714,10002.8,netbanking,success,none,25,22,3,0.88,0,0.0,0,43337.9,1
txn_004736,cust_01701,545.32,card,failed,authentication_failed,16,10,6,0.625,2,9.93,0,71963.08,0
txn_004737,cust_00580,2283.27,wallet,success,none,4,3,1,0.75,0,0.0,0,19887.02,1
txn_004738,cust_00363,652.13,card,success,none,5,4,1,0.8,0,0.0,0,60705.41,1
txn_004739,cust_00681,1132.2,upi,success,none,5,4,1,0.8,0,0.0,0,27394.77,1
txn_004740,cust_01321,9668.32,card,failed,insufficient_funds,25,16,9,0.64,0,8.24,0,1663.06,0
txn_004741,cust_02239,2267.56,card,failed,technical_error,1,1,0,1.0,2,5.58,0,120851.03,0
txn_004742,cust_01305,2823.33,wallet,abandoned,none,23,18,5,0.7826,0,4.44,1,71948.22,1
txn_004743,cust_01525,1437.77,card,success,none,25,21,4,0.84,0,0.0,0,127501.89,1
txn_004744,cust_01299,19840.66,netbanking,success,none,2,1,1,0.5,0,0.0,0,72932.89,1
txn_004745,cust_02134,518.2,upi,failed,technical_error,38,27,11,0.7105,2,1.29,0,110250.8,1
txn_004746,cust_01844,276.06,card,success,none,20,12,8,0.6,0,0.0,0,142321.04,1
txn_004747,cust_01385,7230.13,card,success,none,9,8,1,0.8889,0,0.0,0,38201.91,1
txn_004748,cust_02212,914.54,upi,success,none,9,8,1,0.8889,0,0.0,0,38923.19,1
txn_004749,cust_01757,2018.8,netbanking,failed,technical_error,8,7,1,0.875,2,12.08,0,102494.98,0
txn_004750,cust_01066,7452.9,wallet,success,none,4,4,0,1.0,0,0.0,0,68561.41,1
txn_004751,cust_00306,2045.83,netbanking,success,none,23,21,2,0.913,0,0.0,0,80379.04,1
txn_004752,cust_00996,12466.72,netbanking,success,none,9,9,0,1.0,0,0.0,0,17274.76,1
txn_004753,cust_00400,1534.86,upi,success,none,28,21,7,0.75,0,0.0,0,110445.55,1
txn_004754,cust_00849,659.76,wallet,success,none,17,15,2,0.8824,0,0.0,0,105901.63,1
txn_004755,cust_01973,127.3,wallet,abandoned,none,9,9,0,1.0,0,3.33,1,16429.54,1
txn_004756,cust_02348,1809.03,upi,abandoned,none,19,17,2,0.8947,0,4.66,1,53911.25,1
txn_004757,cust_00445,143.1,card,failed,authentication_failed,27,18,9,0.6667,1,10.39,0,51641.41,0
txn_004758,cust_01980,1853.15,wallet,success,none,29,27,2,0.931,0,0.0,0,120914.73,1
txn_004759,cust_00270,5764.87,wallet,success,none,18,14,4,0.7778,0,0.0,0,65939.56,1
txn_004760,cust_00604,1316.77,upi,success,none,15,12,3,0.8,0,0.0,0,62658.22,1
txn_004761,cust_02115,1619.88,wallet,success,none,24,23,1,0.9583,0,0.0,0,21011.57,1
txn_004762,cust_00422,3346.48,wallet,failed,bank_decline,35,32,3,0.9143,0,3.24,0,69834.48,0
txn_004763,cust_00663,2616.35,wallet,failed,network_error,37,21,16,0.5676,3,3.67,0,61259.01,0
txn_004764,cust_01223,4274.83,upi,success,none,38,33,5,0.8684,0,0.0,0,99440.11,1
txn_004765,cust_00152,1313.99,netbanking,failed,bank_decline,34,29,5,0.8529,0,5.48,0,2165.64,0
txn_004766,cust_02332,141.01,upi,abandoned,none,32,30,2,0.9375,0,5.06,1,21036.28,0
txn_004767,cust_00064,4341.68,card,success,none,1,1,0,1.0,0,0.0,0,143118.57,1
txn_004768,cust_00469,1054.9,wallet,success,none,26,19,7,0.7308,0,0.0,0,97825.66,1
txn_004769,cust_00284,556.32,netbanking,success,none,6,5,1,0.8333,0,0.0,0,71075.72,1
txn_004770,cust_01627,1874.2,card,success,none,28,26,2,0.9286,0,0.0,0,118984.54,1
txn_004771,cust_00045,1614.11,wallet,success,none,30,22,8,0.7333,0,0.0,0,22287.87,1
txn_004772,cust_01361,633.04,card,success,none,24,23,1,0.9583,0,0.0,0,81764.46,1
txn_004773,cust_01631,370.34,card,failed,network_error,40,29,11,0.725,1,5.68,0,118261.78,1
txn_004774,cust_00714,2139.69,upi,success,none,25,22,3,0.88,0,0.0,0,43337.9,1
txn_004775,cust_00103,572.57,wallet,success,none,23,19,4,0.8261,0,0.0,0,64113.21,1
txn_004776,cust_00043,1501.75,card,failed,technical_error,21,20,1,0.9524,1,2.87,0,32681.36,0
txn_004777,cust_02234,1945.83,card,failed,network_error,11,10,1,0.9091,1,9.59,0,15941.51,0
txn_004778,cust_00339,3526.91,upi,success,none,36,29,7,0.8056,0,0.0,0,80107.37,1
txn_004779,cust_01337,11148.98,upi,success,none,10,8,2,0.8,0,0.0,0,77112.91,1
txn_004780,cust_01040,1698.0,wallet,success,none,37,30,7,0.8108,0,0.0,0,2703.92,1
txn_004781,cust_01414,875.36,upi,success,none,24,23,1,0.9583,0,0.0,0,100011.81,1
txn_004782,cust_00334,7033.47,netbanking,success,none,32,25,7,0.7812,0,0.0,0,67778.01,1
txn_004783,cust_00363,3820.33,card,failed,bank_decline,5,4,1,0.8,1,1.31,0,60705.41,1
txn_004784,cust_02103,1585.07,wallet,success,none,23,21,2,0.913,0,0.0,0,20104.06,1
txn_004785,cust_00904,1696.78,netbanking,failed,technical_error,21,17,4,0.8095,3,1.49,0,129361.28,0
txn_004786,cust_00334,1375.97,wallet,success,none,32,25,7,0.7812,0,0.0,0,67778.01,1
txn_004787,cust_01415,1575.32,wallet,success,none,11,8,3,0.7273,0,0.0,0,8716.3,1
txn_004788,cust_02348,1209.71,netbanking,success,none,19,17,2,0.8947,0,0.0,0,53911.25,1
txn_004789,cust_01565,505.31,upi,success,none,15,13,2,0.8667,0,0.0,0,20476.57,1
txn_004790,cust_01038,1351.37,card,failed,technical_error,18,17,1,0.9444,2,3.0,0,143151.19,1
txn_004791,cust_02289,7764.17,netbanking,success,none,23,19,4,0.8261,0,0.0,0,33566.35,1
txn_004792,cust_01654,592.27,wallet,success,none,31,25,6,0.8065,0,0.0,0,118520.77,1
txn_004793,cust_00249,1021.19,upi,success,none,18,14,4,0.7778,0,0.0,0,115106.24,1
txn_004794,cust_01330,548.99,wallet,success,none,8,7,1,0.875,0,0.0,0,52840.77,1
txn_004795,cust_00956,4261.31,upi,success,none,38,36,2,0.9474,0,0.0,0,46844.0,1
txn_004796,cust_00969,3070.83,upi,success,none,40,33,7,0.825,0,0.0,0,138157.62,1
txn_004797,cust_02377,373.04,wallet,failed,authentication_failed,29,18,11,0.6207,2,12.78,0,94345.62,0
txn_004798,cust_01082,177.96,netbanking,success,none,25,20,5,0.8,0,0.0,0,67832.03,1
txn_004799,cust_02224,3183.39,netbanking,failed,insufficient_funds,24,21,3,0.875,2,9.84,0,92170.22,0
txn_004800,cust_00890,350.98,upi,success,none,39,31,8,0.7949,0,0.0,0,51305.32,1
txn_004801,cust_01586,3066.42,upi,failed,network_error,9,7,2,0.7778,1,6.82,0,63465.99,0
txn_004802,cust_02391,707.63,netbanking,failed,network_error,29,20,9,0.6897,3,5.85,0,46872.36,1
txn_004803,cust_00441,2683.83,upi,success,none,10,7,3,0.7,0,0.0,0,58154.32,1
txn_004804,cust_01937,2088.32,wallet,success,none,2,2,0,1.0,0,0.0,0,16293.85,1
txn_004805,cust_01188,783.32,netbanking,success,none,15,15,0,1.0,0,0.0,0,45696.22,1
txn_004806,cust_02097,556.13,wallet,success,none,37,31,6,0.8378,0,0.0,0,127985.42,1
txn_004807,cust_02362,2382.24,card,success,none,24,21,3,0.875,0,0.0,0,112436.43,1
txn_004808,cust_00102,670.09,card,success,none,7,6,1,0.8571,0,0.0,0,99188.43,1
txn_004809,cust_01057,4060.17,wallet,success,none,5,4,1,0.8,0,0.0,0,137669.46,1
txn_004810,cust_01708,582.69,upi,failed,authentication_failed,13,11,2,0.8462,1,12.92,0,19801.71,0
txn_004811,cust_01671,1901.41,upi,success,none,36,27,9,0.75,0,0.0,0,108583.68,1
txn_004812,cust_01679,906.69,wallet,success,none,39,22,17,0.5641,0,0.0,0,72568.93,1
txn_004813,cust_01814,1347.11,wallet,failed,authentication_failed,38,31,7,0.8158,2,6.61,0,87466.65,0
txn_004814,cust_00841,664.79,wallet,success,none,24,23,1,0.9583,0,0.0,0,56429.99,1
txn_004815,cust_01919,1120.35,card,failed,authentication_failed,22,20,2,0.9091,0,9.41,0,78345.85,1
txn_004816,cust_01794,103.36,card,abandoned,none,19,11,8,0.5789,0,0.95,1,39654.51,1
txn_004817,cust_01719,594.12,card,success,none,27,16,11,0.5926,0,0.0,0,17765.31,1
txn_004818,cust_01667,744.26,card,success,none,11,10,1,0.9091,0,0.0,0,91490.33,1
txn_004819,cust_00789,1246.54,card,success,none,6,4,2,0.6667,0,0.0,0,78999.2,1
txn_004820,cust_02415,4881.42,card,success,none,30,25,5,0.8333,0,0.0,0,93041.68,1
txn_004821,cust_01644,666.65,upi,failed,authentication_failed,6,4,2,0.6667,2,9.94,0,123427.61,0
txn_004822,cust_00010,5508.16,wallet,success,none,29,27,2,0.931,0,0.0,0,88800.59,1
txn_004823,cust_00782,565.99,netbanking,success,none,32,26,6,0.8125,0,0.0,0,89914.12,1
txn_004824,cust_01324,442.25,card,success,none,35,30,5,0.8571,0,0.0,0,28857.02,1
txn_004825,cust_02072,203.52,netbanking,success,none,35,31,4,0.8857,0,0.0,0,1878.94,1
txn_004826,cust_00199,2457.22,upi,failed,network_error,39,33,6,0.8462,2,7.48,0,65750.0,0
txn_004827,cust_01378,1459.75,netbanking,success,none,19,14,5,0.7368,0,0.0,0,44110.65,1
txn_004828,cust_01396,2315.86,card,success,none,6,4,2,0.6667,0,0.0,0,109908.86,1
txn_004829,cust_02132,1527.86,upi,success,none,10,9,1,0.9,0,0.0,0,55506.98,1
txn_004830,cust_01274,1327.17,card,success,none,5,4,1,0.8,0,0.0,0,123025.87,1
txn_004831,cust_01015,1780.1,wallet,success,none,3,3,0,1.0,0,0.0,0,149578.6,1
txn_004832,cust_00541,11527.45,netbanking,success,none,5,5,0,1.0,0,0.0,0,95675.18,1
txn_004833,cust_02283,833.86,wallet,success,none,27,24,3,0.8889,0,0.0,0,143361.41,1
txn_004834,cust_01830,10449.63,wallet,success,none,6,6,0,1.0,0,0.0,0,20281.49,1
txn_004835,cust_00937,3141.21,card,success,none,8,6,2,0.75,0,0.0,0,20170.85,1
txn_004836,cust_00308,1929.85,wallet,success,none,22,18,4,0.8182,0,0.0,0,2885.17,1
txn_004837,cust_01336,2332.11,wallet,abandoned,none,12,7,5,0.5833,0,6.47,1,56622.6,0
txn_004838,cust_02363,100.0,card,success,none,34,33,1,0.9706,0,0.0,0,144863.38,1
txn_004839,cust_02149,1031.05,wallet,success,none,34,31,3,0.9118,0,0.0,0,136251.19,1
txn_004840,cust_02036,685.24,card,failed,insufficient_funds,6,6,0,1.0,2,11.24,0,53061.04,0
txn_004841,cust_02325,11074.42,netbanking,failed,bank_decline,12,9,3,0.75,0,6.69,0,86140.05,0
txn_004842,cust_01607,952.03,netbanking,success,none,2,2,0,1.0,0,0.0,0,105814.48,1
txn_004843,cust_00961,1300.1,card,failed,technical_error,11,10,1,0.9091,0,6.65,0,79110.62,1
txn_004844,cust_00322,1279.16,upi,success,none,30,21,9,0.7,0,0.0,0,85907.6,1
txn_004845,cust_01387,362.66,upi,success,none,26,11,15,0.4231,0,0.0,0,73929.35,1
txn_004846,cust_00653,764.93,upi,success,none,9,7,2,0.7778,0,0.0,0,114859.97,1
txn_004847,cust_01479,3031.76,netbanking,success,none,12,8,4,0.6667,0,0.0,0,18797.01,1
txn_004848,cust_01632,158.89,netbanking,success,none,15,11,4,0.7333,0,0.0,0,100164.22,1
txn_004849,cust_00280,1828.68,upi,failed,network_error,14,14,0,1.0,3,5.87,0,68750.2,0
txn_004850,cust_01309,543.77,upi,failed,network_error,8,5,3,0.625,1,5.74,0,4365.18,0
txn_004851,cust_01833,4914.37,netbanking,success,none,31,24,7,0.7742,0,0.0,0,58114.15,1
txn_004852,cust_00942,1988.07,wallet,success,none,26,17,9,0.6538,0,0.0,0,75511.61,1
txn_004853,cust_01400,293.02,netbanking,failed,bank_decline,28,27,1,0.9643,1,0.29,0,123902.3,0
txn_004854,cust_02080,883.47,wallet,success,none,2,2,0,1.0,0,0.0,0,71624.16,1
txn_004855,cust_02275,2108.14,card,success,none,37,23,14,0.6216,0,0.0,0,73060.85,1
txn_004856,cust_00043,988.36,wallet,success,none,21,20,1,0.9524,0,0.0,0,32681.36,1
txn_004857,cust_01064,1548.62,netbanking,success,none,32,20,12,0.625,0,0.0,0,14550.31,1
txn_004858,cust_00939,1313.91,card,success,none,22,20,2,0.9091,0,0.0,0,84116.94,1
txn_004859,cust_02178,3186.95,netbanking,success,none,38,33,5,0.8684,0,0.0,0,25008.24,1
txn_004860,cust_01886,2078.84,upi,success,none,15,10,5,0.6667,0,0.0,0,69055.93,1
txn_004861,cust_00438,1276.39,wallet,success,none,18,14,4,0.7778,0,0.0,0,62908.06,1
txn_004862,cust_01980,1363.65,card,success,none,29,27,2,0.931,0,0.0,0,120914.73,1
txn_004863,cust_00302,453.58,card,success,none,16,12,4,0.75,0,0.0,0,16183.29,1
txn_004864,cust_00634,5810.27,netbanking,success,none,2,2,0,1.0,0,0.0,0,14671.89,1
txn_004865,cust_00612,25905.59,wallet,failed,network_error,24,21,3,0.875,1,10.58,0,121953.62,0
txn_004866,cust_02071,962.61,card,success,none,25,23,2,0.92,0,0.0,0,101321.51,1
txn_004867,cust_02194,1404.87,netbanking,failed,insufficient_funds,39,31,8,0.7949,0,6.07,0,88998.8,1
txn_004868,cust_02476,3696.15,wallet,success,none,34,26,8,0.7647,0,0.0,0,24098.8,1
txn_004869,cust_00080,3675.59,wallet,success,none,35,34,1,0.9714,0,0.0,0,115109.33,1
txn_004870,cust_01240,1600.88,upi,abandoned,none,27,25,2,0.9259,0,6.75,1,58782.13,0
txn_004871,cust_01225,504.63,wallet,failed,technical_error,19,18,1,0.9474,3,2.3,0,119910.22,1
txn_004872,cust_02463,8251.57,upi,success,none,23,16,7,0.6957,0,0.0,0,121023.28,1
txn_004873,cust_00288,2647.14,card,success,none,3,2,1,0.6667,0,0.0,0,113380.75,1
txn_004874,cust_01925,1669.95,wallet,success,none,11,5,6,0.4545,0,0.0,0,76329.57,1
txn_004875,cust_01779,650.13,wallet,success,none,34,25,9,0.7353,0,0.0,0,123822.31,1
txn_004876,cust_01057,1419.35,netbanking,success,none,5,4,1,0.8,0,0.0,0,137669.46,1
txn_004877,cust_01404,218.23,netbanking,success,none,32,30,2,0.9375,0,0.0,0,118457.24,1
txn_004878,cust_02030,2809.9,card,success,none,37,27,10,0.7297,0,0.0,0,82973.87,1
txn_004879,cust_01483,3585.79,wallet,success,none,17,14,3,0.8235,0,0.0,0,25877.48,1
txn_004880,cust_01260,1685.4,card,failed,insufficient_funds,21,18,3,0.8571,1,8.63,0,90878.48,0
txn_004881,cust_00928,512.73,netbanking,abandoned,none,28,20,8,0.7143,0,4.57,1,20956.31,0
txn_004882,cust_00514,2104.64,netbanking,success,none,3,2,1,0.6667,0,0.0,0,47031.0,1
txn_004883,cust_00208,2943.51,upi,failed,technical_error,22,15,7,0.6818,2,0.23,0,93850.16,1
txn_004884,cust_01452,637.0,wallet,success,none,8,6,2,0.75,0,0.0,0,36921.18,1
txn_004885,cust_01180,3408.38,card,success,none,12,11,1,0.9167,0,0.0,0,16945.45,1
txn_004886,cust_00567,2263.16,card,success,none,37,20,17,0.5405,0,0.0,0,31575.63,1
txn_004887,cust_00136,1018.4,card,success,none,6,5,1,0.8333,0,0.0,0,63464.51,1
txn_004888,cust_00218,766.89,upi,failed,network_error,14,12,2,0.8571,0,12.78,0,65053.33,0
txn_004889,cust_00608,1120.05,wallet,success,none,24,23,1,0.9583,0,0.0,0,143085.29,1
txn_004890,cust_00466,507.42,wallet,success,none,10,7,3,0.7,0,0.0,0,62086.81,1
txn_004891,cust_01273,1737.6,upi,success,none,19,16,3,0.8421,0,0.0,0,124860.99,1
txn_004892,cust_01345,2341.35,wallet,success,none,29,18,11,0.6207,0,0.0,0,93292.09,1
txn_004893,cust_00048,4309.58,upi,success,none,38,34,4,0.8947,0,0.0,0,64836.64,1
txn_004894,cust_00913,1803.44,card,abandoned,none,25,19,6,0.76,0,4.31,1,129760.41,0
txn_004895,cust_01118,1980.92,wallet,failed,bank_decline,25,20,5,0.8,1,8.1,0,28397.97,0
txn_004896,cust_01324,1024.53,wallet,success,none,35,30,5,0.8571,0,0.0,0,28857.02,1
txn_004897,cust_01972,558.86,wallet,failed,insufficient_funds,12,8,4,0.6667,2,3.56,0,109843.7,0
txn_004898,cust_00692,871.37,card,success,none,30,23,7,0.7667,0,0.0,0,68335.17,1
txn_004899,cust_01234,5586.29,wallet,failed,bank_decline,29,28,1,0.9655,3,4.61,0,83990.77,1
txn_004900,cust_00831,2525.21,card,success,none,28,21,7,0.75,0,0.0,0,41908.75,1
txn_004901,cust_00156,2013.03,upi,success,none,7,6,1,0.8571,0,0.0,0,111620.09,1
txn_004902,cust_01666,218.03,upi,failed,network_error,2,2,0,1.0,2,2.12,0,65267.18,1
txn_004903,cust_01022,1831.36,netbanking,success,none,35,28,7,0.8,0,0.0,0,79123.46,1
txn_004904,cust_00216,354.36,netbanking,success,none,20,17,3,0.85,0,0.0,0,61505.2,1
txn_004905,cust_01641,380.56,wallet,success,none,32,17,15,0.5312,0,0.0,0,21955.86,1
txn_004906,cust_00251,425.66,wallet,success,none,16,9,7,0.5625,0,0.0,0,41915.02,1
txn_004907,cust_01097,618.42,card,success,none,2,2,0,1.0,0,0.0,0,36859.28,1
txn_004908,cust_00947,3082.17,wallet,success,none,9,7,2,0.7778,0,0.0,0,49866.91,1
txn_004909,cust_00869,1680.07,card,failed,network_error,31,27,4,0.871,1,7.24,0,79328.65,0
txn_004910,cust_00912,521.58,netbanking,success,none,4,3,1,0.75,0,0.0,0,44241.59,1
txn_004911,cust_02093,749.39,upi,failed,bank_decline,33,24,9,0.7273,0,13.09,0,22225.81,1
txn_004912,cust_01395,2204.63,card,success,none,1,1,0,1.0,0,0.0,0,130467.26,1
txn_004913,cust_00853,2691.37,upi,success,none,9,8,1,0.8889,0,0.0,0,128071.12,1
txn_004914,cust_01271,1530.93,upi,failed,bank_decline,30,29,1,0.9667,2,10.64,0,141503.26,0
txn_004915,cust_00089,425.18,netbanking,success,none,34,29,5,0.8529,0,0.0,0,68271.44,1
txn_004916,cust_00645,886.67,upi,success,none,14,13,1,0.9286,0,0.0,0,113486.53,1
txn_004917,cust_01328,14486.78,upi,success,none,21,15,6,0.7143,0,0.0,0,89948.65,1
txn_004918,cust_00541,399.07,netbanking,success,none,5,5,0,1.0,0,0.0,0,95675.18,1
txn_004919,cust_00368,1948.73,netbanking,abandoned,none,8,6,2,0.75,0,2.34,1,84152.88,0
txn_004920,cust_00222,11168.28,netbanking,success,none,33,23,10,0.697,0,0.0,0,71504.74,1
txn_004921,cust_01120,1018.94,card,success,none,15,12,3,0.8,0,0.0,0,45809.73,1
txn_004922,cust_01226,8381.68,netbanking,success,none,5,3,2,0.6,0,0.0,0,13223.66,1
txn_004923,cust_02432,673.38,card,success,none,17,15,2,0.8824,0,0.0,0,122770.36,1
txn_004924,cust_00359,185.88,card,success,none,31,19,12,0.6129,0,0.0,0,72328.42,1
txn_004925,cust_00146,750.49,wallet,failed,insufficient_funds,14,11,3,0.7857,0,11.84,0,76376.82,0
txn_004926,cust_01415,627.85,upi,success,none,11,8,3,0.7273,0,0.0,0,8716.3,1
txn_004927,cust_01271,252.1,netbanking,abandoned,none,30,29,1,0.9667,0,6.82,1,141503.26,0
txn_004928,cust_01927,882.32,upi,success,none,11,9,2,0.8182,0,0.0,0,12154.92,1
txn_004929,cust_01287,3608.31,netbanking,success,none,23,19,4,0.8261,0,0.0,0,25784.44,1
txn_004930,cust_01607,739.43,wallet,failed,bank_decline,2,2,0,1.0,1,13.73,0,105814.48,0
txn_004931,cust_00072,919.65,wallet,success,none,34,31,3,0.9118,0,0.0,0,137855.53,1
txn_004932,cust_00305,5273.81,netbanking,failed,authentication_failed,37,33,4,0.8919,1,4.49,0,117612.67,1
txn_004933,cust_00004,633.8,wallet,success,none,35,25,10,0.7143,0,0.0,0,13953.89,1
txn_004934,cust_00171,2487.24,netbanking,success,none,24,18,6,0.75,0,0.0,0,87793.93,1
txn_004935,cust_02304,242.88,wallet,success,none,32,23,9,0.7188,0,0.0,0,28247.91,1
txn_004936,cust_01721,509.72,wallet,success,none,38,30,8,0.7895,0,0.0,0,87818.89,1
txn_004937,cust_00778,1082.0,card,success,none,16,15,1,0.9375,0,0.0,0,45871.53,1
txn_004938,cust_02070,4487.81,upi,failed,technical_error,28,25,3,0.8929,0,1.62,0,48144.23,1
txn_004939,cust_01166,537.79,wallet,failed,insufficient_funds,5,4,1,0.8,1,8.44,0,141833.03,0
txn_004940,cust_02104,531.36,upi,success,none,16,13,3,0.8125,0,0.0,0,15906.71,1
txn_004941,cust_01152,1758.74,wallet,success,none,15,15,0,1.0,0,0.0,0,111446.6,1
txn_004942,cust_00996,2065.0,upi,success,none,9,9,0,1.0,0,0.0,0,17274.76,1
txn_004943,cust_02195,475.52,netbanking,success,none,15,13,2,0.8667,0,0.0,0,57353.49,1
txn_004944,cust_01447,794.81,wallet,abandoned,none,20,18,2,0.9,0,0.42,1,31611.41,1
txn_004945,cust_00145,3970.55,wallet,success,none,7,6,1,0.8571,0,0.0,0,11915.85,1
txn_004946,cust_02281,411.57,card,success,none,15,10,5,0.6667,0,0.0,0,101860.03,1
txn_004947,cust_00141,1884.61,upi,success,none,26,24,2,0.9231,0,0.0,0,20500.86,1
txn_004948,cust_02000,798.29,card,failed,technical_error,4,3,1,0.75,0,9.46,0,103898.63,0
txn_004949,cust_01190,5445.7,wallet,success,none,3,2,1,0.6667,0,0.0,0,14931.58,1
txn_004950,cust_00864,2393.28,netbanking,success,none,2,2,0,1.0,0,0.0,0,54773.58,1
txn_004951,cust_02113,3231.05,card,failed,insufficient_funds,15,14,1,0.9333,1,0.79,0,107117.67,1
txn_004952,cust_01817,782.44,netbanking,success,none,25,17,8,0.68,0,0.0,0,79945.94,1
txn_004953,cust_01164,3054.94,card,success,none,35,28,7,0.8,0,0.0,0,148558.21,1
txn_004954,cust_01066,2976.42,wallet,success,none,4,4,0,1.0,0,0.0,0,68561.41,1
txn_004955,cust_01781,2251.81,wallet,success,none,1,1,0,1.0,0,0.0,0,77215.54,1
txn_004956,cust_01841,1009.68,netbanking,success,none,7,5,2,0.7143,0,0.0,0,58149.02,1
txn_004957,cust_02013,1575.94,upi,success,none,29,23,6,0.7931,0,0.0,0,124667.54,1
txn_004958,cust_01766,210.04,upi,success,none,14,12,2,0.8571,0,0.0,0,128709.57,1
txn_004959,cust_01497,7777.61,wallet,success,none,33,19,14,0.5758,0,0.0,0,1382.71,1
txn_004960,cust_00367,732.22,upi,failed,authentication_failed,6,5,1,0.8333,1,8.28,0,149093.8,1
txn_004961,cust_00133,958.29,card,success,none,16,14,2,0.875,0,0.0,0,61162.56,1
txn_004962,cust_01418,358.6,wallet,success,none,6,5,1,0.8333,0,0.0,0,105851.01,1
txn_004963,cust_00984,2625.15,wallet,failed,authentication_failed,23,15,8,0.6522,1,0.36,0,84512.65,1
txn_004964,cust_01551,2273.81,wallet,success,none,8,5,3,0.625,0,0.0,0,14472.71,1
txn_004965,cust_02425,996.73,card,failed,insufficient_funds,20,19,1,0.95,2,4.04,0,118073.08,0
txn_004966,cust_00630,129.71,upi,failed,bank_decline,20,15,5,0.75,2,9.34,0,138309.09,0
txn_004967,cust_01536,657.5,netbanking,success,none,33,29,4,0.8788,0,0.0,0,20893.56,1
txn_004968,cust_00237,2121.81,netbanking,success,none,15,14,1,0.9333,0,0.0,0,27207.12,1
txn_004969,cust_02078,1722.31,upi,success,none,19,16,3,0.8421,0,0.0,0,115025.86,1
txn_004970,cust_02256,1278.95,card,success,none,6,4,2,0.6667,0,0.0,0,149525.75,1
txn_004971,cust_01877,876.6,card,success,none,36,32,4,0.8889,0,0.0,0,74956.85,1
txn_004972,cust_01270,276.27,wallet,success,none,36,33,3,0.9167,0,0.0,0,5010.5,1
txn_004973,cust_00829,3511.75,netbanking,success,none,3,2,1,0.6667,0,0.0,0,109295.34,1
txn_004974,cust_00244,317.31,upi,success,none,33,20,13,0.6061,0,0.0,0,64584.37,1
txn_004975,cust_00916,1091.98,netbanking,success,none,37,28,9,0.7568,0,0.0,0,108448.14,1
txn_004976,cust_00926,475.85,upi,success,none,31,21,10,0.6774,0,0.0,0,43576.51,1
txn_004977,cust_01139,3618.05,upi,success,none,31,21,10,0.6774,0,0.0,0,137251.75,1
txn_004978,cust_01691,2397.13,netbanking,abandoned,none,18,13,5,0.7222,0,2.95,1,85072.74,1
txn_004979,cust_02098,937.11,wallet,success,none,36,33,3,0.9167,0,0.0,0,69728.52,1
txn_004980,cust_02138,2673.61,wallet,success,none,1,1,0,1.0,0,0.0,0,99739.09,1
txn_004981,cust_01853,301.35,netbanking,success,none,9,8,1,0.8889,0,0.0,0,32467.34,1
txn_004982,cust_00680,1237.07,card,success,none,12,11,1,0.9167,0,0.0,0,90757.45,1
txn_004983,cust_01176,466.44,upi,success,none,1,1,0,1.0,0,0.0,0,3492.2,1
txn_004984,cust_01850,3733.36,upi,success,none,13,10,3,0.7692,0,0.0,0,25567.64,1
txn_004985,cust_01512,1947.48,upi,failed,insufficient_funds,36,22,14,0.6111,1,10.83,0,69055.18,0
txn_004986,cust_00050,2565.59,netbanking,success,none,15,10,5,0.6667,0,0.0,0,149601.54,1
txn_004987,cust_00178,770.28,upi,failed,bank_decline,27,20,7,0.7407,1,6.88,0,146101.72,0
txn_004988,cust_01129,2820.9,wallet,success,none,25,21,4,0.84,0,0.0,0,101377.12,1
txn_004989,cust_02281,438.35,wallet,failed,authentication_failed,15,10,5,0.6667,0,4.64,0,101860.03,0
txn_004990,cust_01323,505.97,netbanking,success,none,5,4,1,0.8,0,0.0,0,87024.84,1
txn_004991,cust_00593,1124.22,card,failed,network_error,6,5,1,0.8333,1,3.59,0,48994.66,1
txn_004992,cust_01610,525.99,card,failed,bank_decline,13,11,2,0.8462,3,3.36,0,125667.83,1
txn_004993,cust_01504,2723.31,upi,success,none,21,13,8,0.619,0,0.0,0,41417.44,1
txn_004994,cust_00451,834.26,upi,success,none,29,21,8,0.7241,0,0.0,0,81248.51,1
txn_004995,cust_01560,454.56,upi,abandoned,none,36,31,5,0.8611,0,5.54,1,112463.69,1
txn_004996,cust_01019,399.34,wallet,success,none,1,1,0,1.0,0,0.0,0,45460.44,1
txn_004997,cust_01081,2690.26,wallet,abandoned,none,27,18,9,0.6667,0,5.54,1,56794.68,0
txn_004998,cust_02326,105.21,upi,failed,technical_error,37,29,8,0.7838,1,10.3,0,103215.77,0
txn_004999,cust_01550,487.34,card,failed,authentication_failed,30,22,8,0.7333,3,7.89,0,40486.18,0
txn_005000,cust_00866,5447.46,netbanking,success,none,36,28,8,0.7778,0,0.0,0,20335.91,1
txn_005001,cust_01073,949.22,upi,success,none,38,31,7,0.8158,0,0.0,0,11881.4,1
txn_005002,cust_00286,2742.03,upi,success,none,23,18,5,0.7826,0,0.0,0,34409.1,1
txn_005003,cust_02304,2053.91,upi,success,none,32,23,9,0.7188,0,0.0,0,28247.91,1
txn_005004,cust_01401,1106.69,upi,success,none,32,28,4,0.875,0,0.0,0,41011.99,1
txn_005005,cust_01290,254.96,upi,success,none,22,21,1,0.9545,0,0.0,0,144891.8,1
txn_005006,cust_00010,355.72,netbanking,success,none,29,27,2,0.931,0,0.0,0,88800.59,1
txn_005007,cust_01480,349.77,wallet,success,none,9,7,2,0.7778,0,0.0,0,105523.44,1
txn_005008,cust_00196,2169.06,wallet,success,none,2,2,0,1.0,0,0.0,0,18185.92,1
txn_005009,cust_02062,2616.47,wallet,success,none,5,3,2,0.6,0,0.0,0,112286.73,1
txn_005010,cust_00811,556.23,upi,success,none,3,2,1,0.6667,0,0.0,0,113240.35,1
txn_005011,cust_01597,1237.97,netbanking,success,none,31,26,5,0.8387,0,0.0,0,79885.41,1
txn_005012,cust_00625,1350.34,wallet,success,none,28,27,1,0.9643,0,0.0,0,126928.12,1
txn_005013,cust_02457,1448.37,netbanking,failed,authentication_failed,40,33,7,0.825,2,0.48,0,51424.89,1
txn_005014,cust_01843,625.16,netbanking,success,none,5,4,1,0.8,0,0.0,0,123752.73,1
txn_005015,cust_02152,6891.58,wallet,success,none,3,1,2,0.3333,0,0.0,0,147107.88,1
txn_005016,cust_01012,2638.26,upi,failed,authentication_failed,3,2,1,0.6667,2,1.34,0,137071.23,0
txn_005017,cust_01657,1440.99,netbanking,success,none,5,4,1,0.8,0,0.0,0,120079.99,1
txn_005018,cust_00070,797.25,card,success,none,10,8,2,0.8,0,0.0,0,56713.16,1
txn_005019,cust_01847,581.98,netbanking,success,none,28,18,10,0.6429,0,0.0,0,133308.13,1
txn_005020,cust_02280,1993.99,upi,success,none,5,4,1,0.8,0,0.0,0,58018.31,1
txn_005021,cust_01625,834.0,card,success,none,22,14,8,0.6364,0,0.0,0,45963.01,1
txn_005022,cust_00333,1531.09,upi,abandoned,none,16,8,8,0.5,0,4.26,1,103900.79,0
txn_005023,cust_01210,200.47,wallet,failed,bank_decline,35,28,7,0.8,2,3.24,0,50427.75,1
txn_005024,cust_01183,788.56,upi,success,none,34,27,7,0.7941,0,0.0,0,38610.31,1
txn_005025,cust_02135,1201.0,wallet,success,none,19,15,4,0.7895,0,0.0,0,20948.31,1
txn_005026,cust_02300,3525.62,wallet,failed,technical_error,35,27,8,0.7714,2,7.17,0,143740.97,0
txn_005027,cust_01915,532.55,upi,failed,bank_decline,21,19,2,0.9048,3,11.33,0,2841.67,0
txn_005028,cust_00220,303.13,wallet,failed,insufficient_funds,21,16,5,0.7619,0,6.28,0,70283.24,0
txn_005029,cust_00909,2089.59,wallet,success,none,21,16,5,0.7619,0,0.0,0,37018.94,1
txn_005030,cust_02440,1256.32,card,failed,insufficient_funds,11,9,2,0.8182,3,7.44,0,94745.47,0
txn_005031,cust_00303,239.36,wallet,success,none,20,16,4,0.8,0,0.0,0,127693.69,1
txn_005032,cust_01734,251.6,upi,abandoned,none,18,13,5,0.7222,0,2.02,1,134657.67,1
txn_005033,cust_00381,701.43,netbanking,success,none,1,1,0,1.0,0,0.0,0,61869.12,1
txn_005034,cust_01461,1231.83,netbanking,failed,authentication_failed,14,12,2,0.8571,3,3.98,0,6934.2,0
txn_005035,cust_02126,5373.77,netbanking,success,none,2,2,0,1.0,0,0.0,0,122083.72,1
txn_005036,cust_01403,454.35,netbanking,abandoned,none,37,22,15,0.5946,0,1.68,1,20458.54,0
txn_005037,cust_01967,2295.66,upi,failed,bank_decline,1,1,0,1.0,2,3.49,0,80024.29,1
txn_005038,cust_00227,188.51,netbanking,success,none,15,14,1,0.9333,0,0.0,0,121177.87,1
txn_005039,cust_02391,1921.69,card,success,none,29,20,9,0.6897,0,0.0,0,46872.36,1
txn_005040,cust_01426,6042.57,card,failed,insufficient_funds,25,24,1,0.96,3,9.1,0,14310.33,0
txn_005041,cust_00426,1543.34,wallet,success,none,4,4,0,1.0,0,0.0,0,31330.18,1
txn_005042,cust_01243,686.66,wallet,success,none,16,13,3,0.8125,0,0.0,0,86222.1,1
txn_005043,cust_02075,4594.14,wallet,failed,bank_decline,5,3,2,0.6,1,11.12,0,54297.32,0
txn_005044,cust_01430,1898.62,wallet,failed,bank_decline,9,7,2,0.7778,1,12.13,0,96594.85,0
txn_005045,cust_01590,1561.8,wallet,success,none,23,20,3,0.8696,0,0.0,0,72472.98,1
txn_005046,cust_00321,484.09,card,success,none,29,20,9,0.6897,0,0.0,0,37335.65,1
txn_005047,cust_00510,1927.1,wallet,failed,authentication_failed,15,12,3,0.8,3,13.13,0,91452.68,0
txn_005048,cust_01497,675.39,netbanking,success,none,33,19,14,0.5758,0,0.0,0,1382.71,1
txn_005049,cust_00938,1828.85,netbanking,success,none,7,5,2,0.7143,0,0.0,0,59691.65,1
txn_005050,cust_00498,1406.05,wallet,success,none,28,24,4,0.8571,0,0.0,0,103856.71,1
txn_005051,cust_02407,3960.46,card,abandoned,none,28,21,7,0.75,0,2.66,1,94173.13,1
txn_005052,cust_01239,752.95,wallet,success,none,25,18,7,0.72,0,0.0,0,2838.75,1
txn_005053,cust_02442,1153.61,wallet,success,none,36,27,9,0.75,0,0.0,0,78618.01,1
txn_005054,cust_01343,2975.93,netbanking,success,none,32,26,6,0.8125,0,0.0,0,44036.38,1
txn_005055,cust_00946,1057.82,card,success,none,39,30,9,0.7692,0,0.0,0,134076.62,1
txn_005056,cust_00406,1310.91,wallet,success,none,12,8,4,0.6667,0,0.0,0,71104.62,1
txn_005057,cust_00619,891.82,netbanking,success,none,7,7,0,1.0,0,0.0,0,87109.86,1
txn_005058,cust_00225,1137.23,netbanking,success,none,40,30,10,0.75,0,0.0,0,50943.05,1
txn_005059,cust_01596,2620.07,upi,success,none,18,17,1,0.9444,0,0.0,0,9730.09,1
txn_005060,cust_00456,8399.37,upi,success,none,15,14,1,0.9333,0,0.0,0,128545.93,1
txn_005061,cust_00303,250.01,wallet,success,none,20,16,4,0.8,0,0.0,0,127693.69,1
txn_005062,cust_00789,378.03,netbanking,failed,technical_error,6,4,2,0.6667,0,2.04,0,78999.2,1
txn_005063,cust_00947,1162.73,upi,success,none,9,7,2,0.7778,0,0.0,0,49866.91,1
txn_005064,cust_02098,1407.6,card,success,none,36,33,3,0.9167,0,0.0,0,69728.52,1
txn_005065,cust_01241,1077.45,wallet,failed,technical_error,6,4,2,0.6667,0,10.72,0,109001.73,0
txn_005066,cust_02297,770.25,wallet,success,none,7,6,1,0.8571,0,0.0,0,18861.9,1
txn_005067,cust_00894,390.58,upi,success,none,14,11,3,0.7857,0,0.0,0,115276.89,1
txn_005068,cust_02168,727.22,upi,success,none,18,14,4,0.7778,0,0.0,0,32516.05,1
txn_005069,cust_01910,3032.79,card,success,none,23,15,8,0.6522,0,0.0,0,92092.4,1
txn_005070,cust_01487,1470.07,netbanking,failed,insufficient_funds,2,2,0,1.0,1,1.86,0,50916.64,1
txn_005071,cust_02173,2632.16,card,failed,insufficient_funds,8,7,1,0.875,3,3.07,0,72745.98,1
txn_005072,cust_01629,402.05,netbanking,success,none,12,10,2,0.8333,0,0.0,0,106370.26,1
txn_005073,cust_00915,5676.8,upi,success,none,11,9,2,0.8182,0,0.0,0,122208.2,1
txn_005074,cust_00477,763.65,wallet,success,none,6,4,2,0.6667,0,0.0,0,65661.75,1
txn_005075,cust_00776,2154.26,netbanking,failed,technical_error,39,29,10,0.7436,0,5.85,0,79637.95,1
txn_005076,cust_01122,1181.95,upi,failed,bank_decline,4,4,0,1.0,1,10.96,0,84795.51,0
txn_005077,cust_02342,780.54,card,success,none,24,21,3,0.875,0,0.0,0,84492.16,1
txn_005078,cust_00574,2064.86,card,failed,authentication_failed,35,27,8,0.7714,3,12.77,0,38347.48,0
txn_005079,cust_02468,2441.85,card,success,none,32,21,11,0.6562,0,0.0,0,106287.27,1
txn_005080,cust_02326,19692.92,netbanking,failed,bank_decline,37,29,8,0.7838,1,4.45,0,103215.77,0
txn_005081,cust_01698,2538.35,netbanking,success,none,34,31,3,0.9118,0,0.0,0,63376.18,1
txn_005082,cust_01141,2500.56,card,failed,authentication_failed,26,15,11,0.5769,3,7.15,0,137353.84,0
txn_005083,cust_00476,4208.58,upi,success,none,19,16,3,0.8421,0,0.0,0,149616.46,1
txn_005084,cust_00905,2279.83,upi,success,none,21,17,4,0.8095,0,0.0,0,110395.76,1
txn_005085,cust_02129,1288.57,upi,success,none,3,3,0,1.0,0,0.0,0,83187.51,1
txn_005086,cust_00349,1855.16,netbanking,success,none,34,32,2,0.9412,0,0.0,0,89921.82,1
txn_005087,cust_00229,3148.9,wallet,success,none,16,12,4,0.75,0,0.0,0,147606.47,1
txn_005088,cust_01973,5381.72,wallet,abandoned,none,9,9,0,1.0,0,0.46,1,16429.54,0
txn_005089,cust_02364,295.69,upi,success,none,27,16,11,0.5926,0,0.0,0,25930.4,1
txn_005090,cust_01092,202.3,wallet,abandoned,none,25,20,5,0.8,0,3.33,1,123680.71,1
txn_005091,cust_00732,5158.37,wallet,success,none,35,27,8,0.7714,0,0.0,0,125432.85,1
txn_005092,cust_00598,603.38,card,success,none,39,32,7,0.8205,0,0.0,0,80052.97,1
txn_005093,cust_02193,255.2,upi,success,none,22,17,5,0.7727,0,0.0,0,138430.44,1
txn_005094,cust_02415,232.3,wallet,success,none,30,25,5,0.8333,0,0.0,0,93041.68,1
txn_005095,cust_01866,8118.07,card,success,none,7,6,1,0.8571,0,0.0,0,99709.96,1
txn_005096,cust_02003,3221.53,netbanking,failed,insufficient_funds,29,27,2,0.931,1,3.64,0,16269.52,0
txn_005097,cust_00350,604.81,upi,success,none,7,4,3,0.5714,0,0.0,0,125061.63,1
txn_005098,cust_01604,630.33,wallet,success,none,12,11,1,0.9167,0,0.0,0,27238.95,1
txn_005099,cust_01744,1414.97,card,abandoned,none,14,13,1,0.9286,0,2.81,1,137101.49,1
txn_005100,cust_01766,3163.36,upi,success,none,14,12,2,0.8571,0,0.0,0,128709.57,1
txn_005101,cust_02276,998.24,netbanking,failed,bank_decline,16,14,2,0.875,1,2.99,0,113863.52,0
txn_005102,cust_02225,610.31,upi,success,none,26,23,3,0.8846,0,0.0,0,113490.81,1
txn_005103,cust_00132,4167.4,card,success,none,5,3,2,0.6,0,0.0,0,101606.67,1
txn_005104,cust_01036,1305.27,card,success,none,16,15,1,0.9375,0,0.0,0,2017.69,1
txn_005105,cust_00702,1105.86,upi,success,none,4,3,1,0.75,0,0.0,0,68127.94,1
txn_005106,cust_02137,2421.46,card,success,none,26,24,2,0.9231,0,0.0,0,55215.97,1
txn_005107,cust_00941,158.17,wallet,abandoned,none,13,10,3,0.7692,0,5.36,1,90766.98,1
txn_005108,cust_01430,2151.96,card,success,none,9,7,2,0.7778,0,0.0,0,96594.85,1
txn_005109,cust_00027,2020.13,upi,success,none,7,6,1,0.8571,0,0.0,0,57638.81,1
txn_005110,cust_02255,337.34,netbanking,success,none,1,1,0,1.0,0,0.0,0,146371.24,1
txn_005111,cust_00285,192.22,wallet,success,none,35,31,4,0.8857,0,0.0,0,8760.76,1
txn_005112,cust_01761,761.77,card,success,none,23,20,3,0.8696,0,0.0,0,52293.1,1
txn_005113,cust_00644,1608.36,netbanking,success,none,29,20,9,0.6897,0,0.0,0,62713.38,1
txn_005114,cust_00080,1780.89,upi,abandoned,none,35,34,1,0.9714,0,6.21,1,115109.33,1
txn_005115,cust_00471,7361.7,netbanking,success,none,35,25,10,0.7143,0,0.0,0,57621.4,1
txn_005116,cust_00528,1609.08,card,success,none,10,7,3,0.7,0,0.0,0,113368.57,1
txn_005117,cust_00196,330.69,upi,success,none,2,2,0,1.0,0,0.0,0,18185.92,1
txn_005118,cust_01851,1042.14,card,success,none,26,22,4,0.8462,0,0.0,0,3849.59,1
txn_005119,cust_00629,365.53,card,success,none,18,15,3,0.8333,0,0.0,0,105702.12,1
txn_005120,cust_01113,1119.79,card,failed,network_error,28,21,7,0.75,1,13.94,0,83821.75,1
txn_005121,cust_00839,5480.28,upi,abandoned,none,37,27,10,0.7297,0,5.4,1,5825.41,1
txn_005122,cust_02295,2120.15,upi,failed,insufficient_funds,16,15,1,0.9375,3,9.96,0,125613.87,0
txn_005123,cust_01729,651.46,wallet,success,none,18,16,2,0.8889,0,0.0,0,61043.12,1
txn_005124,cust_01931,2421.98,netbanking,success,none,36,19,17,0.5278,0,0.0,0,96854.28,1
txn_005125,cust_00006,615.37,netbanking,success,none,6,4,2,0.6667,0,0.0,0,33577.06,1
txn_005126,cust_00264,100.0,upi,success,none,37,29,8,0.7838,0,0.0,0,57676.77,1
txn_005127,cust_01081,390.14,wallet,success,none,27,18,9,0.6667,0,0.0,0,56794.68,1
txn_005128,cust_01178,2118.45,netbanking,failed,network_error,19,9,10,0.4737,0,1.49,0,3554.25,0
txn_005129,cust_00390,2899.62,wallet,success,none,10,8,2,0.8,0,0.0,0,136353.31,1
txn_005130,cust_01692,7462.51,card,success,none,10,8,2,0.8,0,0.0,0,113083.04,1
txn_005131,cust_01212,1884.05,upi,success,none,6,5,1,0.8333,0,0.0,0,75618.13,1
txn_005132,cust_00075,5152.1,wallet,success,none,24,22,2,0.9167,0,0.0,0,131929.56,1
txn_005133,cust_01703,2515.16,upi,failed,bank_decline,3,2,1,0.6667,0,4.69,0,75813.12,1
txn_005134,cust_01358,3420.02,netbanking,success,none,32,30,2,0.9375,0,0.0,0,82909.2,1
txn_005135,cust_00667,4030.8,card,success,none,40,31,9,0.775,0,0.0,0,69554.44,1
txn_005136,cust_00197,2179.86,netbanking,success,none,17,14,3,0.8235,0,0.0,0,27606.6,1
txn_005137,cust_01868,3923.93,wallet,success,none,9,7,2,0.7778,0,0.0,0,63405.04,1
txn_005138,cust_01111,666.1,upi,abandoned,none,36,26,10,0.7222,0,5.97,1,142329.52,1
txn_005139,cust_01658,118.32,card,abandoned,none,3,3,0,1.0,0,5.25,1,44941.38,1
txn_005140,cust_02441,2567.63,netbanking,success,none,3,2,1,0.6667,0,0.0,0,111963.96,1
txn_005141,cust_00475,1948.43,netbanking,failed,network_error,16,15,1,0.9375,2,7.14,0,95042.99,0
txn_005142,cust_00744,558.21,wallet,success,none,16,15,1,0.9375,0,0.0,0,47110.72,1
txn_005143,cust_02205,379.0,card,success,none,35,28,7,0.8,0,0.0,0,124300.75,1
txn_005144,cust_01824,1526.41,netbanking,success,none,32,22,10,0.6875,0,0.0,0,50561.79,1
txn_005145,cust_00975,2743.31,upi,success,none,30,28,2,0.9333,0,0.0,0,136906.5,1
txn_005146,cust_02186,2252.76,upi,failed,technical_error,14,11,3,0.7857,3,1.74,0,67931.3,0
txn_005147,cust_00277,483.16,netbanking,failed,bank_decline,28,15,13,0.5357,1,8.57,0,21219.22,0
txn_005148,cust_01508,604.63,netbanking,abandoned,none,34,32,2,0.9412,0,5.4,1,147230.67,0
txn_005149,cust_01493,2616.22,card,success,none,37,26,11,0.7027,0,0.0,0,25865.33,1
txn_005150,cust_01445,1440.41,wallet,success,none,39,34,5,0.8718,0,0.0,0,43453.2,1
txn_005151,cust_02456,3866.69,upi,success,none,32,31,1,0.9688,0,0.0,0,14618.83,1
txn_005152,cust_01840,969.45,card,success,none,23,17,6,0.7391,0,0.0,0,47501.75,1
txn_005153,cust_01358,2806.03,wallet,success,none,32,30,2,0.9375,0,0.0,0,82909.2,1
txn_005154,cust_01025,1287.36,netbanking,failed,insufficient_funds,8,7,1,0.875,0,13.96,0,50271.93,1
txn_005155,cust_02335,650.15,netbanking,abandoned,none,20,15,5,0.75,0,4.04,1,38395.13,0
txn_005156,cust_00160,3388.57,upi,failed,bank_decline,17,13,4,0.7647,1,1.72,0,76305.95,1
txn_005157,cust_01553,496.43,wallet,success,none,39,36,3,0.9231,0,0.0,0,7009.14,1
txn_005158,cust_00802,1442.53,netbanking,success,none,30,26,4,0.8667,0,0.0,0,147142.06,1
txn_005159,cust_00289,1599.56,card,success,none,16,14,2,0.875,0,0.0,0,30704.74,1
txn_005160,cust_02115,1187.63,card,success,none,24,23,1,0.9583,0,0.0,0,21011.57,1
txn_005161,cust_02031,3607.61,netbanking,success,none,5,5,0,1.0,0,0.0,0,117820.69,1
txn_005162,cust_00479,2374.67,card,failed,technical_error,7,5,2,0.7143,3,8.12,0,67108.1,0
txn_005163,cust_02435,2107.86,card,success,none,29,19,10,0.6552,0,0.0,0,37827.17,1
txn_005164,cust_01345,1434.34,wallet,abandoned,none,29,18,11,0.6207,0,6.4,1,93292.09,0
txn_005165,cust_00903,8572.61,card,success,none,22,20,2,0.9091,0,0.0,0,91392.38,1
txn_005166,cust_02216,5794.52,netbanking,failed,bank_decline,13,11,2,0.8462,2,10.3,0,1814.95,0
txn_005167,cust_02298,3359.1,wallet,success,none,6,5,1,0.8333,0,0.0,0,101696.01,1
txn_005168,cust_01058,2850.08,card,abandoned,none,8,7,1,0.875,0,3.33,1,10201.95,0
txn_005169,cust_00210,733.44,upi,success,none,20,15,5,0.75,0,0.0,0,76561.25,1
txn_005170,cust_02034,1275.28,netbanking,success,none,33,27,6,0.8182,0,0.0,0,24746.2,1
txn_005171,cust_01218,2529.61,netbanking,success,none,21,16,5,0.7619,0,0.0,0,5414.22,1
txn_005172,cust_01035,3833.68,netbanking,success,none,31,22,9,0.7097,0,0.0,0,49216.65,1
txn_005173,cust_00178,3268.37,wallet,success,none,27,20,7,0.7407,0,0.0,0,146101.72,1
txn_005174,cust_00698,2394.58,wallet,success,none,3,3,0,1.0,0,0.0,0,68010.32,1
txn_005175,cust_01407,9903.33,netbanking,success,none,11,7,4,0.6364,0,0.0,0,66751.61,1
txn_005176,cust_01852,1169.59,netbanking,abandoned,none,15,14,1,0.9333,0,0.85,1,109348.16,1
txn_005177,cust_01062,3689.29,card,success,none,34,28,6,0.8235,0,0.0,0,66834.24,1
txn_005178,cust_02112,3266.39,card,abandoned,none,21,17,4,0.8095,0,3.66,1,37680.1,0
txn_005179,cust_02326,2088.22,upi,success,none,37,29,8,0.7838,0,0.0,0,103215.77,1
txn_005180,cust_02345,2165.7,wallet,success,none,39,36,3,0.9231,0,0.0,0,30644.76,1
txn_005181,cust_01846,2122.49,card,abandoned,none,39,26,13,0.6667,0,3.53,1,79093.53,1
txn_005182,cust_02262,659.69,upi,success,none,36,28,8,0.7778,0,0.0,0,137336.34,1
txn_005183,cust_00894,1999.92,netbanking,success,none,14,11,3,0.7857,0,0.0,0,115276.89,1
txn_005184,cust_00863,2830.7,upi,abandoned,none,16,11,5,0.6875,0,4.6,1,118765.59,1
txn_005185,cust_01909,1848.14,wallet,abandoned,none,12,7,5,0.5833,0,0.75,1,92087.15,0
txn_005186,cust_00792,212.28,netbanking,success,none,33,25,8,0.7576,0,0.0,0,83568.64,1
txn_005187,cust_00011,274.19,wallet,success,none,1,1,0,1.0,0,0.0,0,114062.3,1
txn_005188,cust_02392,590.97,card,success,none,27,23,4,0.8519,0,0.0,0,39711.25,1
txn_005189,cust_02053,1197.6,netbanking,success,none,13,11,2,0.8462,0,0.0,0,48726.6,1
txn_005190,cust_00775,623.57,wallet,success,none,10,8,2,0.8,0,0.0,0,82771.83,1
txn_005191,cust_00533,2555.27,netbanking,success,none,35,30,5,0.8571,0,0.0,0,19414.72,1
txn_005192,cust_00768,4411.63,card,success,none,22,11,11,0.5,0,0.0,0,118915.71,1
txn_005193,cust_00567,5083.07,wallet,success,none,37,20,17,0.5405,0,0.0,0,31575.63,1
txn_005194,cust_00975,1875.84,netbanking,success,none,30,28,2,0.9333,0,0.0,0,136906.5,1
txn_005195,cust_00487,3960.64,netbanking,success,none,6,5,1,0.8333,0,0.0,0,91814.28,1
txn_005196,cust_02434,763.15,upi,success,none,16,11,5,0.6875,0,0.0,0,58334.89,1
txn_005197,cust_01007,1150.95,netbanking,success,none,13,10,3,0.7692,0,0.0,0,113630.75,1
txn_005198,cust_01737,416.97,netbanking,failed,technical_error,32,22,10,0.6875,1,9.97,0,128876.98,1
txn_005199,cust_01412,4477.85,wallet,abandoned,none,18,11,7,0.6111,0,0.39,1,14907.66,0
txn_005200,cust_00151,9565.76,upi,success,none,20,17,3,0.85,0,0.0,0,92139.99,1
txn_005201,cust_00302,945.21,card,success,none,16,12,4,0.75,0,0.0,0,16183.29,1
txn_005202,cust_01477,152.91,netbanking,failed,authentication_failed,8,5,3,0.625,0,10.75,0,68552.4,1
txn_005203,cust_02309,515.22,card,abandoned,none,35,19,16,0.5429,0,4.22,1,5851.83,0
txn_005204,cust_00605,699.12,wallet,success,none,30,21,9,0.7,0,0.0,0,60410.8,1
txn_005205,cust_00059,355.6,wallet,success,none,1,1,0,1.0,0,0.0,0,102362.23,1
txn_005206,cust_01660,478.04,upi,failed,bank_decline,7,6,1,0.8571,1,12.7,0,12055.86,0
txn_005207,cust_00971,1643.56,upi,success,none,34,21,13,0.6176,0,0.0,0,31893.91,1
txn_005208,cust_01718,2590.8,netbanking,success,none,40,30,10,0.75,0,0.0,0,88548.84,1
txn_005209,cust_01052,169.97,netbanking,success,none,35,30,5,0.8571,0,0.0,0,120497.25,1
txn_005210,cust_01394,786.69,netbanking,success,none,32,22,10,0.6875,0,0.0,0,49766.1,1
txn_005211,cust_00870,1390.86,netbanking,success,none,27,13,14,0.4815,0,0.0,0,123677.57,1
txn_005212,cust_01996,460.92,netbanking,abandoned,none,25,24,1,0.96,0,1.59,1,22653.68,1
txn_005213,cust_02000,1696.27,wallet,failed,bank_decline,4,3,1,0.75,0,3.75,0,103898.63,0
txn_005214,cust_00145,1190.55,upi,success,none,7,6,1,0.8571,0,0.0,0,11915.85,1
txn_005215,cust_01001,855.26,wallet,success,none,27,17,10,0.6296,0,0.0,0,50213.75,1
txn_005216,cust_00583,564.26,wallet,failed,technical_error,24,18,6,0.75,0,2.65,0,77472.46,0
txn_005217,cust_00614,1760.6,upi,success,none,36,30,6,0.8333,0,0.0,0,84690.82,1
txn_005218,cust_01382,624.23,upi,success,none,27,20,7,0.7407,0,0.0,0,137896.54,1
txn_005219,cust_02481,236.75,upi,success,none,12,10,2,0.8333,0,0.0,0,132556.92,1
txn_005220,cust_01894,1369.36,upi,failed,insufficient_funds,9,9,0,1.0,2,9.53,0,99839.9,1
txn_005221,cust_00229,387.99,card,success,none,16,12,4,0.75,0,0.0,0,147606.47,1
txn_005222,cust_01268,258.22,upi,success,none,37,26,11,0.7027,0,0.0,0,30770.21,1
txn_005223,cust_00671,1524.65,upi,success,none,6,6,0,1.0,0,0.0,0,59969.24,1
txn_005224,cust_02258,1138.07,card,success,none,26,21,5,0.8077,0,0.0,0,61412.19,1
txn_005225,cust_00948,563.22,upi,failed,bank_decline,40,26,14,0.65,3,10.99,0,48460.97,0
txn_005226,cust_00461,1684.02,upi,failed,bank_decline,3,2,1,0.6667,0,6.78,0,19810.69,1
txn_005227,cust_01712,2046.59,upi,failed,technical_error,17,11,6,0.6471,1,12.39,0,48642.67,0
txn_005228,cust_01898,1702.46,wallet,failed,bank_decline,6,6,0,1.0,3,10.93,0,56520.7,0
txn_005229,cust_02293,1641.76,netbanking,success,none,16,11,5,0.6875,0,0.0,0,131038.63,1
txn_005230,cust_01823,268.97,card,failed,bank_decline,12,10,2,0.8333,0,5.66,0,117062.24,1
txn_005231,cust_02124,4881.64,upi,abandoned,none,5,4,1,0.8,0,6.87,1,109386.38,1
txn_005232,cust_02364,2338.98,upi,failed,network_error,27,16,11,0.5926,3,9.88,0,25930.4,0
txn_005233,cust_02375,517.6,netbanking,success,none,25,25,0,1.0,0,0.0,0,47096.23,1
txn_005234,cust_02012,1323.77,wallet,success,none,17,15,2,0.8824,0,0.0,0,31260.0,1
txn_005235,cust_00080,1600.85,wallet,failed,network_error,35,34,1,0.9714,3,2.26,0,115109.33,0
txn_005236,cust_01404,1287.76,card,success,none,32,30,2,0.9375,0,0.0,0,118457.24,1
txn_005237,cust_02254,8047.05,wallet,success,none,3,3,0,1.0,0,0.0,0,54601.26,1
txn_005238,cust_02243,191.47,netbanking,success,none,24,22,2,0.9167,0,0.0,0,12925.92,1
txn_005239,cust_02483,306.07,netbanking,success,none,40,31,9,0.775,0,0.0,0,36579.2,1
txn_005240,cust_01877,134.43,upi,abandoned,none,36,32,4,0.8889,0,0.7,1,74956.85,0
txn_005241,cust_02106,1450.81,wallet,abandoned,none,13,10,3,0.7692,0,1.16,1,48350.1,1
txn_005242,cust_01634,2307.72,upi,failed,bank_decline,19,16,3,0.8421,1,12.52,0,19974.91,0
txn_005243,cust_00292,1922.92,wallet,success,none,8,7,1,0.875,0,0.0,0,85031.47,1
txn_005244,cust_00006,1003.13,netbanking,success,none,6,4,2,0.6667,0,0.0,0,33577.06,1
txn_005245,cust_02114,2011.31,wallet,success,none,28,22,6,0.7857,0,0.0,0,42225.3,1
txn_005246,cust_01630,995.8,upi,failed,insufficient_funds,36,34,2,0.9444,3,5.35,0,104340.5,0
txn_005247,cust_02365,2809.4,netbanking,success,none,2,2,0,1.0,0,0.0,0,19630.95,1
txn_005248,cust_02387,4053.33,card,failed,bank_decline,37,34,3,0.9189,2,1.96,0,65811.63,0
txn_005249,cust_00976,527.85,netbanking,success,none,22,17,5,0.7727,0,0.0,0,82394.71,1
txn_005250,cust_01634,1004.62,upi,success,none,19,16,3,0.8421,0,0.0,0,19974.91,1
txn_005251,cust_02279,1181.26,netbanking,success,none,31,28,3,0.9032,0,0.0,0,18323.98,1
txn_005252,cust_00012,5571.58,upi,success,none,11,8,3,0.7273,0,0.0,0,105022.77,1
txn_005253,cust_01640,593.81,wallet,failed,insufficient_funds,37,34,3,0.9189,2,2.47,0,16512.42,0
txn_005254,cust_00424,4014.48,upi,success,none,24,19,5,0.7917,0,0.0,0,93772.45,1
txn_005255,cust_01168,309.19,card,success,none,27,25,2,0.9259,0,0.0,0,21486.24,1
txn_005256,cust_02372,4645.0,netbanking,failed,technical_error,34,22,12,0.6471,3,6.4,0,114984.46,0
txn_005257,cust_01203,3139.7,wallet,success,none,12,10,2,0.8333,0,0.0,0,139386.19,1
txn_005258,cust_00276,1146.35,upi,success,none,2,1,1,0.5,0,0.0,0,13508.17,1
txn_005259,cust_00003,3349.86,upi,success,none,9,7,2,0.7778,0,0.0,0,110734.21,1
txn_005260,cust_00435,811.64,wallet,success,none,8,5,3,0.625,0,0.0,0,97508.74,1
txn_005261,cust_00724,532.29,upi,success,none,28,22,6,0.7857,0,0.0,0,76764.78,1
txn_005262,cust_01184,7379.51,wallet,success,none,23,20,3,0.8696,0,0.0,0,40831.39,1
txn_005263,cust_00941,779.63,card,success,none,13,10,3,0.7692,0,0.0,0,90766.98,1
txn_005264,cust_00706,2635.96,wallet,success,none,29,22,7,0.7586,0,0.0,0,148656.92,1
txn_005265,cust_02471,4059.61,wallet,success,none,12,10,2,0.8333,0,0.0,0,81999.46,1
txn_005266,cust_01368,2999.89,card,failed,authentication_failed,6,5,1,0.8333,2,8.37,0,66421.42,0
txn_005267,cust_01849,2438.83,netbanking,success,none,32,26,6,0.8125,0,0.0,0,54528.38,1
txn_005268,cust_01420,2644.34,card,success,none,5,2,3,0.4,0,0.0,0,20772.27,1
txn_005269,cust_01057,3856.26,card,success,none,5,4,1,0.8,0,0.0,0,137669.46,1
txn_005270,cust_01165,1840.37,upi,success,none,4,3,1,0.75,0,0.0,0,79067.72,1
txn_005271,cust_01806,1287.37,netbanking,success,none,36,20,16,0.5556,0,0.0,0,114674.81,1
txn_005272,cust_01501,340.72,upi,failed,bank_decline,3,2,1,0.6667,1,6.47,0,83376.85,0
txn_005273,cust_00942,1841.12,wallet,failed,authentication_failed,26,17,9,0.6538,3,5.37,0,75511.61,0
txn_005274,cust_01544,3745.6,upi,failed,network_error,13,10,3,0.7692,2,7.0,0,21280.67,1
txn_005275,cust_01876,445.54,netbanking,success,none,19,9,10,0.4737,0,0.0,0,24895.67,1
txn_005276,cust_01488,1065.23,netbanking,success,none,28,20,8,0.7143,0,0.0,0,41525.11,1
txn_005277,cust_02086,2049.55,upi,success,none,1,1,0,1.0,0,0.0,0,83475.1,1
txn_005278,cust_00143,6077.6,upi,success,none,5,5,0,1.0,0,0.0,0,2388.0,1
txn_005279,cust_01383,420.49,wallet,success,none,18,15,3,0.8333,0,0.0,0,130190.09,1
txn_005280,cust_01457,2961.5,wallet,success,none,35,26,9,0.7429,0,0.0,0,102758.37,1
txn_005281,cust_02314,936.56,wallet,success,none,1,0,1,0.0,0,0.0,0,2761.18,1
txn_005282,cust_00998,682.91,netbanking,success,none,4,4,0,1.0,0,0.0,0,100805.26,1
txn_005283,cust_02422,534.85,upi,success,none,1,1,0,1.0,0,0.0,0,35688.76,1
txn_005284,cust_00233,695.38,netbanking,failed,insufficient_funds,25,20,5,0.8,2,5.8,0,74662.2,0
txn_005285,cust_02096,2206.38,netbanking,success,none,12,9,3,0.75,0,0.0,0,100975.71,1
txn_005286,cust_00313,1066.6,card,success,none,28,24,4,0.8571,0,0.0,0,27244.41,1
txn_005287,cust_00483,2735.96,card,success,none,24,21,3,0.875,0,0.0,0,65172.33,1
txn_005288,cust_00814,436.22,netbanking,success,none,22,18,4,0.8182,0,0.0,0,41709.27,1
txn_005289,cust_00035,2689.19,upi,failed,bank_decline,25,13,12,0.52,3,3.78,0,41222.23,0
txn_005290,cust_02029,2066.88,card,success,none,20,18,2,0.9,0,0.0,0,74092.09,1
txn_005291,cust_01215,296.55,card,failed,technical_error,5,5,0,1.0,3,12.91,0,51748.32,0
txn_005292,cust_00418,6040.45,card,abandoned,none,6,5,1,0.8333,0,5.99,1,47863.06,0
txn_005293,cust_01928,1881.65,netbanking,success,none,32,27,5,0.8438,0,0.0,0,48774.44,1
txn_005294,cust_01831,2879.67,netbanking,success,none,28,19,9,0.6786,0,0.0,0,95389.64,1
txn_005295,cust_02392,4256.22,card,abandoned,none,27,23,4,0.8519,0,6.71,1,39711.25,1
txn_005296,cust_02244,3527.61,netbanking,success,none,3,3,0,1.0,0,0.0,0,108949.71,1
txn_005297,cust_00739,1180.74,upi,success,none,11,9,2,0.8182,0,0.0,0,108456.27,1
txn_005298,cust_00751,2766.01,wallet,success,none,13,10,3,0.7692,0,0.0,0,120387.62,1
txn_005299,cust_01112,219.19,netbanking,failed,technical_error,12,10,2,0.8333,1,5.99,0,94272.98,0
txn_005300,cust_01753,1985.78,wallet,success,none,16,15,1,0.9375,0,0.0,0,5927.59,1
txn_005301,cust_01889,7574.06,wallet,success,none,12,8,4,0.6667,0,0.0,0,131246.93,1
txn_005302,cust_02101,668.22,netbanking,failed,network_error,13,10,3,0.7692,0,3.37,0,109112.8,1
txn_005303,cust_00558,3345.77,card,success,none,24,18,6,0.75,0,0.0,0,82125.41,1
txn_005304,cust_00014,7887.1,netbanking,abandoned,none,14,12,2,0.8571,0,3.1,1,143624.75,0
txn_005305,cust_01364,2668.33,upi,abandoned,none,28,25,3,0.8929,0,4.11,1,16260.05,1
txn_005306,cust_01021,3734.64,upi,success,none,22,17,5,0.7727,0,0.0,0,43399.69,1
txn_005307,cust_02163,278.81,netbanking,failed,authentication_failed,23,22,1,0.9565,1,5.96,0,73542.37,0
txn_005308,cust_01432,525.88,wallet,success,none,37,29,8,0.7838,0,0.0,0,2262.74,1
txn_005309,cust_01476,5595.6,wallet,success,none,6,5,1,0.8333,0,0.0,0,138769.54,1
txn_005310,cust_00542,3499.41,card,failed,insufficient_funds,30,20,10,0.6667,3,0.49,0,136498.76,0
txn_005311,cust_01034,2199.58,upi,failed,bank_decline,12,11,1,0.9167,0,5.36,0,147271.09,1
txn_005312,cust_00535,1028.02,wallet,success,none,17,15,2,0.8824,0,0.0,0,88099.45,1
txn_005313,cust_01017,1780.45,upi,success,none,12,12,0,1.0,0,0.0,0,140554.7,1
txn_005314,cust_00722,7617.07,wallet,success,none,22,15,7,0.6818,0,0.0,0,122164.53,1
txn_005315,cust_00664,1209.66,netbanking,success,none,27,26,1,0.963,0,0.0,0,44137.77,1
txn_005316,cust_01443,2695.26,wallet,success,none,6,5,1,0.8333,0,0.0,0,37976.89,1
txn_005317,cust_00431,2625.38,card,success,none,11,10,1,0.9091,0,0.0,0,47301.77,1
txn_005318,cust_00059,688.25,wallet,success,none,1,1,0,1.0,0,0.0,0,102362.23,1
txn_005319,cust_02000,743.46,upi,failed,authentication_failed,4,3,1,0.75,0,4.53,0,103898.63,0
txn_005320,cust_01421,6167.28,netbanking,success,none,15,14,1,0.9333,0,0.0,0,78397.19,1
txn_005321,cust_01449,2368.78,wallet,success,none,26,23,3,0.8846,0,0.0,0,45035.77,1
txn_005322,cust_00328,678.35,upi,success,none,39,24,15,0.6154,0,0.0,0,105476.38,1
txn_005323,cust_02140,981.15,card,success,none,33,24,9,0.7273,0,0.0,0,21915.23,1
txn_005324,cust_00702,499.9,wallet,success,none,4,3,1,0.75,0,0.0,0,68127.94,1
txn_005325,cust_01295,3891.31,netbanking,success,none,37,27,10,0.7297,0,0.0,0,33933.73,1
txn_005326,cust_02482,1041.31,netbanking,success,none,40,32,8,0.8,0,0.0,0,128667.56,1
txn_005327,cust_00641,1055.27,netbanking,success,none,40,29,11,0.725,0,0.0,0,8414.61,1
txn_005328,cust_00632,3105.46,upi,success,none,10,7,3,0.7,0,0.0,0,85381.84,1
txn_005329,cust_00687,249.78,wallet,success,none,21,16,5,0.7619,0,0.0,0,23492.65,1
txn_005330,cust_00687,1290.9,card,failed,insufficient_funds,21,16,5,0.7619,1,12.16,0,23492.65,0
txn_005331,cust_02143,1324.91,wallet,abandoned,none,10,9,1,0.9,0,0.97,1,110652.05,1
txn_005332,cust_01969,1006.66,wallet,success,none,28,23,5,0.8214,0,0.0,0,125983.6,1
txn_005333,cust_01385,773.14,card,success,none,9,8,1,0.8889,0,0.0,0,38201.91,1
txn_005334,cust_01552,658.48,upi,failed,bank_decline,20,15,5,0.75,0,7.13,0,124131.62,0
txn_005335,cust_01839,1776.59,card,failed,authentication_failed,16,15,1,0.9375,0,13.4,0,34713.59,1
txn_005336,cust_00746,487.8,card,failed,network_error,13,9,4,0.6923,2,11.4,0,55808.3,0
txn_005337,cust_01509,1573.7,wallet,success,none,26,24,2,0.9231,0,0.0,0,11270.04,1
txn_005338,cust_00711,770.54,card,abandoned,none,4,4,0,1.0,0,0.99,1,118594.81,1
txn_005339,cust_01856,823.53,wallet,success,none,3,3,0,1.0,0,0.0,0,56903.67,1
txn_005340,cust_00230,1631.07,netbanking,success,none,40,34,6,0.85,0,0.0,0,127610.92,1
txn_005341,cust_01461,814.37,wallet,success,none,14,12,2,0.8571,0,0.0,0,6934.2,1
txn_005342,cust_01894,4755.44,card,failed,bank_decline,9,9,0,1.0,1,7.76,0,99839.9,0
txn_005343,cust_01836,1164.37,upi,success,none,21,19,2,0.9048,0,0.0,0,113770.31,1
txn_005344,cust_01043,3814.82,upi,failed,bank_decline,30,27,3,0.9,2,4.86,0,46714.14,0
txn_005345,cust_01682,625.2,card,abandoned,none,6,5,1,0.8333,0,5.59,1,71562.03,0
txn_005346,cust_01877,611.49,upi,success,none,36,32,4,0.8889,0,0.0,0,74956.85,1
txn_005347,cust_01953,253.9,upi,success,none,24,17,7,0.7083,0,0.0,0,105612.31,1
txn_005348,cust_01170,818.8,wallet,failed,authentication_failed,10,10,0,1.0,1,7.43,0,2362.08,0
txn_005349,cust_01407,1061.45,wallet,success,none,11,7,4,0.6364,0,0.0,0,66751.61,1
txn_005350,cust_01141,1446.68,netbanking,failed,authentication_failed,26,15,11,0.5769,3,10.47,0,137353.84,0
txn_005351,cust_00731,2690.15,upi,abandoned,none,7,7,0,1.0,0,1.22,1,76645.77,1
txn_005352,cust_01353,2501.87,netbanking,success,none,6,4,2,0.6667,0,0.0,0,85244.27,1
txn_005353,cust_01793,4169.87,upi,success,none,2,2,0,1.0,0,0.0,0,98654.68,1
txn_005354,cust_00663,551.53,card,success,none,37,21,16,0.5676,0,0.0,0,61259.01,1
txn_005355,cust_01282,1381.36,netbanking,abandoned,none,27,26,1,0.963,0,3.01,1,82003.14,1
txn_005356,cust_01690,492.67,upi,success,none,30,28,2,0.9333,0,0.0,0,40246.72,1
txn_005357,cust_00846,2026.84,upi,success,none,2,2,0,1.0,0,0.0,0,110615.55,1
txn_005358,cust_00194,8137.64,card,failed,bank_decline,33,29,4,0.8788,0,9.74,0,60552.08,1
txn_005359,cust_02067,404.87,wallet,success,none,37,27,10,0.7297,0,0.0,0,123421.28,1
txn_005360,cust_00589,2663.9,card,success,none,31,16,15,0.5161,0,0.0,0,127247.48,1
txn_005361,cust_00219,3822.43,netbanking,failed,technical_error,38,26,12,0.6842,0,0.63,0,91392.57,0
txn_005362,cust_00480,548.55,netbanking,failed,bank_decline,20,15,5,0.75,3,3.99,0,135610.19,0
txn_005363,cust_01336,2072.12,wallet,success,none,12,7,5,0.5833,0,0.0,0,56622.6,1
txn_005364,cust_01843,934.55,wallet,success,none,5,4,1,0.8,0,0.0,0,123752.73,1
txn_005365,cust_00291,1186.58,netbanking,abandoned,none,16,14,2,0.875,0,2.62,1,19806.93,1
txn_005366,cust_01508,904.11,wallet,success,none,34,32,2,0.9412,0,0.0,0,147230.67,1
txn_005367,cust_01212,1069.69,netbanking,abandoned,none,6,5,1,0.8333,0,2.45,1,75618.13,1
txn_005368,cust_02335,4253.64,netbanking,abandoned,none,20,15,5,0.75,0,0.28,1,38395.13,1
txn_005369,cust_00984,1237.51,wallet,success,none,23,15,8,0.6522,0,0.0,0,84512.65,1
txn_005370,cust_00340,733.87,wallet,success,none,28,19,9,0.6786,0,0.0,0,149498.09,1
txn_005371,cust_01173,1435.11,upi,success,none,40,30,10,0.75,0,0.0,0,136999.97,1
txn_005372,cust_00658,160.43,netbanking,success,none,15,13,2,0.8667,0,0.0,0,75539.09,1
txn_005373,cust_01504,591.76,card,failed,insufficient_funds,21,13,8,0.619,3,12.53,0,41417.44,0
txn_005374,cust_02051,4668.49,card,failed,insufficient_funds,33,29,4,0.8788,3,9.14,0,67387.98,0
txn_005375,cust_00275,1158.24,card,success,none,26,18,8,0.6923,0,0.0,0,89192.02,1
txn_005376,cust_01533,830.45,wallet,success,none,34,33,1,0.9706,0,0.0,0,62545.46,1
txn_005377,cust_00611,1592.36,upi,failed,insufficient_funds,7,7,0,1.0,1,6.68,0,111943.76,1
txn_005378,cust_01074,2797.89,wallet,success,none,28,24,4,0.8571,0,0.0,0,52334.8,1
txn_005379,cust_02241,5058.08,card,success,none,39,34,5,0.8718,0,0.0,0,65871.24,1
txn_005380,cust_01485,853.18,card,success,none,18,17,1,0.9444,0,0.0,0,110207.44,1
txn_005381,cust_00691,873.04,netbanking,failed,network_error,33,20,13,0.6061,0,10.34,0,12054.41,1
txn_005382,cust_00821,1071.51,wallet,success,none,6,5,1,0.8333,0,0.0,0,109335.12,1
txn_005383,cust_00091,3748.69,netbanking,success,none,22,19,3,0.8636,0,0.0,0,4134.1,1
txn_005384,cust_00363,1418.06,upi,success,none,5,4,1,0.8,0,0.0,0,60705.41,1
txn_005385,cust_00675,11682.88,netbanking,success,none,8,8,0,1.0,0,0.0,0,80060.12,1
txn_005386,cust_02328,1140.24,upi,failed,network_error,16,13,3,0.8125,3,8.55,0,83745.67,0
txn_005387,cust_00559,7812.54,card,failed,network_error,23,19,4,0.8261,2,5.75,0,10021.96,1
txn_005388,cust_02435,548.38,upi,abandoned,none,29,19,10,0.6552,0,5.49,1,37827.17,1
txn_005389,cust_01240,333.67,card,success,none,27,25,2,0.9259,0,0.0,0,58782.13,1
txn_005390,cust_01503,1210.24,wallet,success,none,16,15,1,0.9375,0,0.0,0,63022.23,1
txn_005391,cust_01772,4185.52,card,failed,authentication_failed,39,34,5,0.8718,3,1.31,0,120328.86,0
txn_005392,cust_01190,831.32,card,success,none,3,2,1,0.6667,0,0.0,0,14931.58,1
txn_005393,cust_00107,723.04,card,success,none,22,17,5,0.7727,0,0.0,0,120288.28,1
txn_005394,cust_00835,3733.18,upi,abandoned,none,10,8,2,0.8,0,0.37,1,127451.73,1
txn_005395,cust_01251,2711.07,upi,success,none,16,15,1,0.9375,0,0.0,0,108414.02,1
txn_005396,cust_02468,606.43,upi,success,none,32,21,11,0.6562,0,0.0,0,106287.27,1
txn_005397,cust_00288,571.99,wallet,success,none,3,2,1,0.6667,0,0.0,0,113380.75,1
txn_005398,cust_01477,3069.57,card,success,none,8,5,3,0.625,0,0.0,0,68552.4,1
txn_005399,cust_00442,261.94,upi,success,none,39,39,0,1.0,0,0.0,0,76727.89,1
txn_005400,cust_00889,3942.32,card,success,none,40,39,1,0.975,0,0.0,0,108374.28,1
txn_005401,cust_00848,2675.33,upi,success,none,36,27,9,0.75,0,0.0,0,18546.39,1
txn_005402,cust_01766,136.88,wallet,success,none,14,12,2,0.8571,0,0.0,0,128709.57,1
txn_005403,cust_00284,1360.45,wallet,success,none,6,5,1,0.8333,0,0.0,0,71075.72,1
txn_005404,cust_00892,185.14,upi,success,none,2,2,0,1.0,0,0.0,0,13102.21,1
txn_005405,cust_01963,401.38,netbanking,success,none,38,31,7,0.8158,0,0.0,0,19359.66,1
txn_005406,cust_00124,810.0,upi,success,none,19,14,5,0.7368,0,0.0,0,33437.43,1
txn_005407,cust_00651,376.99,upi,failed,bank_decline,4,3,1,0.75,2,13.34,0,2145.38,0
txn_005408,cust_01507,12309.92,wallet,success,none,4,3,1,0.75,0,0.0,0,27722.31,1
txn_005409,cust_01049,3178.16,wallet,failed,network_error,30,26,4,0.8667,0,11.59,0,112412.49,0
txn_005410,cust_01421,5257.65,card,success,none,15,14,1,0.9333,0,0.0,0,78397.19,1
txn_005411,cust_01882,1164.11,card,success,none,37,34,3,0.9189,0,0.0,0,100684.27,1
txn_005412,cust_00856,1380.87,upi,success,none,21,13,8,0.619,0,0.0,0,100508.13,1
txn_005413,cust_02038,6507.61,upi,success,none,22,18,4,0.8182,0,0.0,0,54758.88,1
txn_005414,cust_00225,2066.75,netbanking,failed,authentication_failed,40,30,10,0.75,0,13.36,0,50943.05,0
txn_005415,cust_02349,2470.66,wallet,failed,bank_decline,33,28,5,0.8485,0,6.0,0,73636.57,0
txn_005416,cust_00094,538.52,upi,success,none,4,3,1,0.75,0,0.0,0,35112.33,1
txn_005417,cust_01650,536.03,wallet,success,none,27,22,5,0.8148,0,0.0,0,145396.17,1
txn_005418,cust_00561,1738.96,card,success,none,8,7,1,0.875,0,0.0,0,142402.61,1
txn_005419,cust_00120,1944.91,wallet,success,none,25,18,7,0.72,0,0.0,0,40515.26,1
txn_005420,cust_02142,494.18,upi,failed,technical_error,37,33,4,0.8919,3,12.15,0,99252.58,1
txn_005421,cust_00199,1916.89,wallet,success,none,39,33,6,0.8462,0,0.0,0,65750.0,1
txn_005422,cust_01222,394.78,card,failed,authentication_failed,25,20,5,0.8,2,12.46,0,65345.34,0
txn_005423,cust_01201,1358.08,netbanking,failed,technical_error,18,12,6,0.6667,1,8.76,0,134997.44,0
txn_005424,cust_00997,318.15,wallet,success,none,38,36,2,0.9474,0,0.0,0,36653.03,1
txn_005425,cust_02367,5054.28,wallet,success,none,6,5,1,0.8333,0,0.0,0,32375.15,1
txn_005426,cust_01332,981.2,card,success,none,20,10,10,0.5,0,0.0,0,137883.7,1
txn_005427,cust_01384,669.43,netbanking,success,none,9,8,1,0.8889,0,0.0,0,105512.55,1
txn_005428,cust_00462,425.92,card,success,none,38,24,14,0.6316,0,0.0,0,50467.21,1
txn_005429,cust_02360,386.84,wallet,failed,bank_decline,26,23,3,0.8846,2,7.32,0,41415.97,1
txn_005430,cust_00964,2072.29,wallet,success,none,16,13,3,0.8125,0,0.0,0,5704.01,1
txn_005431,cust_00845,3654.82,wallet,success,none,16,12,4,0.75,0,0.0,0,144117.49,1
txn_005432,cust_00789,3306.79,card,abandoned,none,6,4,2,0.6667,0,3.77,1,78999.2,1
txn_005433,cust_00965,5413.18,wallet,success,none,8,7,1,0.875,0,0.0,0,29426.86,1
txn_005434,cust_01275,7693.88,wallet,success,none,27,22,5,0.8148,0,0.0,0,101273.67,1
txn_005435,cust_02119,3490.94,wallet,failed,network_error,7,6,1,0.8571,0,5.56,0,27189.75,1
txn_005436,cust_00362,810.06,card,success,none,31,27,4,0.871,0,0.0,0,17998.98,1
txn_005437,cust_01874,1586.81,netbanking,success,none,34,25,9,0.7353,0,0.0,0,145994.84,1
txn_005438,cust_01812,140.2,wallet,success,none,38,32,6,0.8421,0,0.0,0,44813.62,1
txn_005439,cust_01468,2534.07,netbanking,success,none,18,11,7,0.6111,0,0.0,0,13455.96,1
txn_005440,cust_01104,1555.05,netbanking,failed,network_error,19,16,3,0.8421,3,2.58,0,35890.07,1
txn_005441,cust_01277,6602.66,card,failed,insufficient_funds,16,13,3,0.8125,0,5.86,0,38649.57,1
txn_005442,cust_00418,636.92,netbanking,success,none,6,5,1,0.8333,0,0.0,0,47863.06,1
txn_005443,cust_00813,2242.88,wallet,success,none,4,3,1,0.75,0,0.0,0,130003.94,1
txn_005444,cust_00682,491.1,wallet,failed,insufficient_funds,32,23,9,0.7188,2,4.85,0,70129.01,0
txn_005445,cust_01105,1199.87,wallet,abandoned,none,37,25,12,0.6757,0,6.38,1,48516.65,1
txn_005446,cust_01632,261.06,card,success,none,15,11,4,0.7333,0,0.0,0,100164.22,1
txn_005447,cust_00949,5198.09,wallet,success,none,26,24,2,0.9231,0,0.0,0,148601.74,1
txn_005448,cust_00112,3837.78,card,success,none,5,4,1,0.8,0,0.0,0,67026.48,1
txn_005449,cust_01117,834.9,netbanking,success,none,27,24,3,0.8889,0,0.0,0,23233.42,1
txn_005450,cust_02321,1740.34,netbanking,success,none,12,11,1,0.9167,0,0.0,0,75316.73,1
txn_005451,cust_00118,1391.98,upi,success,none,26,17,9,0.6538,0,0.0,0,135463.99,1
txn_005452,cust_00354,726.04,upi,success,none,3,3,0,1.0,0,0.0,0,146169.94,1
txn_005453,cust_00564,1515.03,card,success,none,39,38,1,0.9744,0,0.0,0,145692.9,1
txn_005454,cust_00904,860.25,wallet,failed,authentication_failed,21,17,4,0.8095,2,9.65,0,129361.28,0
txn_005455,cust_01823,3570.06,card,success,none,12,10,2,0.8333,0,0.0,0,117062.24,1
txn_005456,cust_02192,1084.84,netbanking,success,none,33,28,5,0.8485,0,0.0,0,40413.58,1
txn_005457,cust_02380,14625.7,netbanking,failed,authentication_failed,23,22,1,0.9565,0,13.72,0,129194.95,0
txn_005458,cust_01060,1239.11,upi,failed,technical_error,13,10,3,0.7692,0,5.75,0,86332.55,0
txn_005459,cust_01478,1499.33,upi,success,none,39,35,4,0.8974,0,0.0,0,9199.26,1
txn_005460,cust_01687,2271.42,netbanking,failed,insufficient_funds,24,17,7,0.7083,1,3.92,0,132938.41,0
txn_005461,cust_01032,3093.48,netbanking,success,none,33,15,18,0.4545,0,0.0,0,49861.07,1
txn_005462,cust_01941,1448.05,wallet,success,none,40,32,8,0.8,0,0.0,0,95993.18,1
txn_005463,cust_00708,2222.48,wallet,abandoned,none,11,9,2,0.8182,0,2.38,1,55220.8,0
txn_005464,cust_01374,1608.09,upi,success,none,14,9,5,0.6429,0,0.0,0,122215.95,1
txn_005465,cust_01456,614.87,netbanking,success,none,37,34,3,0.9189,0,0.0,0,63708.67,1
txn_005466,cust_01753,469.59,netbanking,success,none,16,15,1,0.9375,0,0.0,0,5927.59,1
txn_005467,cust_01950,2695.25,netbanking,failed,bank_decline,15,9,6,0.6,3,4.86,0,1327.35,0
txn_005468,cust_00050,6107.24,upi,success,none,15,10,5,0.6667,0,0.0,0,149601.54,1
txn_005469,cust_00274,262.18,wallet,success,none,40,32,8,0.8,0,0.0,0,80584.42,1
txn_005470,cust_02376,319.08,netbanking,success,none,16,12,4,0.75,0,0.0,0,110901.39,1
txn_005471,cust_00755,316.01,card,success,none,7,5,2,0.7143,0,0.0,0,106998.75,1
txn_005472,cust_01677,2907.78,card,success,none,24,17,7,0.7083,0,0.0,0,1568.52,1
txn_005473,cust_01731,3160.87,netbanking,failed,technical_error,26,15,11,0.5769,3,10.09,0,6778.6,0
txn_005474,cust_00190,504.55,upi,success,none,15,12,3,0.8,0,0.0,0,34215.61,1
txn_005475,cust_02279,12158.53,upi,success,none,31,28,3,0.9032,0,0.0,0,18323.98,1
txn_005476,cust_01163,911.45,netbanking,success,none,35,26,9,0.7429,0,0.0,0,73759.13,1
txn_005477,cust_00981,5628.76,upi,failed,technical_error,20,17,3,0.85,2,7.88,0,115904.97,1
txn_005478,cust_01182,3006.53,card,success,none,16,11,5,0.6875,0,0.0,0,29597.88,1
txn_005479,cust_01005,513.83,netbanking,failed,bank_decline,11,9,2,0.8182,1,8.99,0,61629.21,0
txn_005480,cust_02191,881.8,wallet,failed,authentication_failed,12,11,1,0.9167,3,8.08,0,93858.55,0
txn_005481,cust_00853,559.8,upi,failed,authentication_failed,9,8,1,0.8889,2,5.36,0,128071.12,0
txn_005482,cust_01935,349.21,upi,failed,network_error,32,25,7,0.7812,1,12.38,0,67613.15,0
txn_005483,cust_00266,1039.79,wallet,abandoned,none,20,15,5,0.75,0,4.76,1,113267.79,1
txn_005484,cust_02436,403.99,netbanking,success,none,3,2,1,0.6667,0,0.0,0,30677.8,1
txn_005485,cust_00009,1124.45,wallet,failed,insufficient_funds,35,29,6,0.8286,0,13.84,0,63508.45,1
txn_005486,cust_01232,9255.35,wallet,success,none,18,16,2,0.8889,0,0.0,0,16232.48,1
txn_005487,cust_00335,2688.36,upi,abandoned,none,2,2,0,1.0,0,6.01,1,14864.95,1
txn_005488,cust_02362,767.29,wallet,success,none,24,21,3,0.875,0,0.0,0,112436.43,1
txn_005489,cust_01237,707.17,wallet,success,none,36,25,11,0.6944,0,0.0,0,14866.57,1
txn_005490,cust_02115,896.84,netbanking,abandoned,none,24,23,1,0.9583,0,1.37,1,21011.57,1
txn_005491,cust_01978,10626.78,netbanking,success,none,16,13,3,0.8125,0,0.0,0,41765.79,1
txn_005492,cust_02030,451.08,wallet,success,none,37,27,10,0.7297,0,0.0,0,82973.87,1
txn_005493,cust_02296,1337.06,upi,success,none,23,11,12,0.4783,0,0.0,0,24243.34,1
txn_005494,cust_00707,2133.17,netbanking,abandoned,none,34,31,3,0.9118,0,1.18,1,78889.46,0
txn_005495,cust_02273,4516.48,upi,success,none,37,29,8,0.7838,0,0.0,0,38271.08,1
txn_005496,cust_00680,960.38,wallet,success,none,12,11,1,0.9167,0,0.0,0,90757.45,1
txn_005497,cust_00248,511.49,wallet,success,none,16,13,3,0.8125,0,0.0,0,126139.57,1
txn_005498,cust_00080,1789.16,card,success,none,35,34,1,0.9714,0,0.0,0,115109.33,1
txn_005499,cust_00833,4987.37,card,failed,network_error,26,17,9,0.6538,3,0.98,0,55133.36,0
txn_005500,cust_02170,1019.55,card,abandoned,none,39,33,6,0.8462,0,5.4,1,107878.1,1
txn_005501,cust_00057,578.58,card,success,none,30,22,8,0.7333,0,0.0,0,79838.04,1
txn_005502,cust_00040,1495.49,upi,success,none,26,18,8,0.6923,0,0.0,0,40893.39,1
txn_005503,cust_01997,264.12,upi,success,none,4,3,1,0.75,0,0.0,0,30785.46,1
txn_005504,cust_01708,1076.36,wallet,failed,technical_error,13,11,2,0.8462,1,2.38,0,19801.71,1
txn_005505,cust_00144,4350.41,card,success,none,40,32,8,0.8,0,0.0,0,149769.71,1
txn_005506,cust_00634,3212.64,wallet,success,none,2,2,0,1.0,0,0.0,0,14671.89,1
txn_005507,cust_01804,1159.95,wallet,abandoned,none,7,5,2,0.7143,0,1.31,1,71146.35,1
txn_005508,cust_00243,7039.76,wallet,failed,network_error,29,25,4,0.8621,2,5.59,0,92285.2,0
txn_005509,cust_01750,9044.16,wallet,success,none,34,24,10,0.7059,0,0.0,0,132020.56,1
txn_005510,cust_00368,2602.13,card,success,none,8,6,2,0.75,0,0.0,0,84152.88,1
txn_005511,cust_02401,308.66,netbanking,success,none,1,1,0,1.0,0,0.0,0,82683.62,1
txn_005512,cust_00015,204.4,upi,success,none,22,14,8,0.6364,0,0.0,0,16229.33,1
txn_005513,cust_00543,5342.72,card,success,none,20,16,4,0.8,0,0.0,0,97736.68,1
txn_005514,cust_00736,1710.82,wallet,success,none,25,20,5,0.8,0,0.0,0,23983.66,1
txn_005515,cust_00239,6874.36,card,success,none,36,28,8,0.7778,0,0.0,0,38130.54,1
txn_005516,cust_01048,351.19,netbanking,success,none,9,8,1,0.8889,0,0.0,0,72249.1,1
txn_005517,cust_01816,1140.04,card,success,none,13,11,2,0.8462,0,0.0,0,75571.13,1
txn_005518,cust_00136,3748.8,wallet,failed,network_error,6,5,1,0.8333,0,10.28,0,63464.51,1
txn_005519,cust_00355,645.62,wallet,success,none,36,22,14,0.6111,0,0.0,0,44528.36,1
txn_005520,cust_00609,3695.18,netbanking,success,none,31,26,5,0.8387,0,0.0,0,11002.86,1
txn_005521,cust_01508,1184.67,upi,success,none,34,32,2,0.9412,0,0.0,0,147230.67,1
txn_005522,cust_00820,1377.55,wallet,failed,technical_error,34,31,3,0.9118,0,0.96,0,40741.38,1
txn_005523,cust_00860,410.09,wallet,failed,authentication_failed,12,8,4,0.6667,1,2.8,0,119260.76,0
txn_005524,cust_00945,1722.25,card,abandoned,none,34,22,12,0.6471,0,0.99,1,69091.3,1
txn_005525,cust_01454,12001.53,wallet,success,none,1,1,0,1.0,0,0.0,0,148045.5,1
txn_005526,cust_02129,1974.4,card,success,none,3,3,0,1.0,0,0.0,0,83187.51,1
txn_005527,cust_00898,606.85,wallet,success,none,20,19,1,0.95,0,0.0,0,72958.78,1
txn_005528,cust_02375,5407.5,card,success,none,25,25,0,1.0,0,0.0,0,47096.23,1
txn_005529,cust_00940,625.42,wallet,failed,insufficient_funds,24,11,13,0.4583,0,7.65,0,113489.81,0
txn_005530,cust_00584,7488.35,card,success,none,7,6,1,0.8571,0,0.0,0,68348.81,1
txn_005531,cust_00838,374.29,wallet,success,none,24,21,3,0.875,0,0.0,0,54960.44,1
txn_005532,cust_00956,1759.37,card,success,none,38,36,2,0.9474,0,0.0,0,46844.0,1
txn_005533,cust_02202,6162.96,card,success,none,35,10,25,0.2857,0,0.0,0,75996.05,1
txn_005534,cust_00338,562.94,card,success,none,38,32,6,0.8421,0,0.0,0,55984.05,1
txn_005535,cust_02243,1455.58,upi,success,none,24,22,2,0.9167,0,0.0,0,12925.92,1
txn_005536,cust_00414,4261.13,netbanking,failed,insufficient_funds,22,19,3,0.8636,3,13.3,0,62335.12,0
txn_005537,cust_01580,140.4,upi,failed,authentication_failed,29,23,6,0.7931,2,5.24,0,132630.15,0
txn_005538,cust_01259,3384.24,netbanking,failed,bank_decline,39,30,9,0.7692,0,5.21,0,21282.55,0
txn_005539,cust_02210,1226.69,card,success,none,25,19,6,0.76,0,0.0,0,53227.15,1
txn_005540,cust_01783,5664.39,netbanking,success,none,39,29,10,0.7436,0,0.0,0,91748.47,1
txn_005541,cust_00596,585.52,wallet,success,none,38,30,8,0.7895,0,0.0,0,82705.11,1
txn_005542,cust_02468,334.7,wallet,success,none,32,21,11,0.6562,0,0.0,0,106287.27,1
txn_005543,cust_00837,778.18,netbanking,failed,bank_decline,5,4,1,0.8,1,8.94,0,36163.31,0
txn_005544,cust_00906,762.1,wallet,success,none,23,20,3,0.8696,0,0.0,0,146330.75,1
txn_005545,cust_02122,1089.54,card,success,none,9,8,1,0.8889,0,0.0,0,133803.26,1
txn_005546,cust_01525,838.34,upi,success,none,25,21,4,0.84,0,0.0,0,127501.89,1
txn_005547,cust_02089,179.85,netbanking,failed,authentication_failed,39,25,14,0.641,2,11.19,0,59718.17,0
txn_005548,cust_00123,1218.1,card,success,none,32,28,4,0.875,0,0.0,0,24064.73,1
txn_005549,cust_01780,1688.84,wallet,success,none,26,21,5,0.8077,0,0.0,0,88088.59,1
txn_005550,cust_01652,1104.07,wallet,success,none,25,22,3,0.88,0,0.0,0,53333.44,1
txn_005551,cust_01711,1784.38,wallet,success,none,10,9,1,0.9,0,0.0,0,125282.11,1
txn_005552,cust_02328,1458.19,wallet,success,none,16,13,3,0.8125,0,0.0,0,83745.67,1
txn_005553,cust_01468,336.3,upi,failed,insufficient_funds,18,11,7,0.6111,1,7.44,0,13455.96,1
txn_005554,cust_00601,991.43,wallet,success,none,8,8,0,1.0,0,0.0,0,128066.12,1
txn_005555,cust_01333,1501.02,netbanking,success,none,38,37,1,0.9737,0,0.0,0,13628.04,1
txn_005556,cust_01810,1056.62,netbanking,success,none,20,19,1,0.95,0,0.0,0,63650.41,1
txn_005557,cust_01699,301.03,card,success,none,35,29,6,0.8286,0,0.0,0,103373.12,1
txn_005558,cust_01380,4551.05,netbanking,success,none,33,23,10,0.697,0,0.0,0,147837.76,1
txn_005559,cust_01425,506.66,netbanking,failed,network_error,31,23,8,0.7419,3,5.14,0,11553.42,0
txn_005560,cust_01508,386.76,card,success,none,34,32,2,0.9412,0,0.0,0,147230.67,1
txn_005561,cust_02010,1395.24,card,success,none,21,18,3,0.8571,0,0.0,0,144909.15,1
txn_005562,cust_00373,976.76,upi,success,none,38,31,7,0.8158,0,0.0,0,148514.66,1
txn_005563,cust_01916,2444.12,card,success,none,34,32,2,0.9412,0,0.0,0,115361.78,1
txn_005564,cust_00688,3205.6,netbanking,failed,authentication_failed,5,4,1,0.8,1,10.11,0,70869.24,0
txn_005565,cust_00697,2753.33,card,success,none,38,23,15,0.6053,0,0.0,0,83593.14,1
txn_005566,cust_01098,1337.04,card,success,none,5,5,0,1.0,0,0.0,0,16033.61,1
txn_005567,cust_01604,2329.24,upi,failed,technical_error,12,11,1,0.9167,0,0.56,0,27238.95,1
txn_005568,cust_02248,281.46,wallet,success,none,12,10,2,0.8333,0,0.0,0,96403.41,1
txn_005569,cust_00094,4001.25,wallet,success,none,4,3,1,0.75,0,0.0,0,35112.33,1
txn_005570,cust_00632,893.52,wallet,success,none,10,7,3,0.7,0,0.0,0,85381.84,1
txn_005571,cust_01833,9604.03,card,success,none,31,24,7,0.7742,0,0.0,0,58114.15,1
txn_005572,cust_01488,4124.91,netbanking,success,none,28,20,8,0.7143,0,0.0,0,41525.11,1
txn_005573,cust_00239,1099.61,upi,success,none,36,28,8,0.7778,0,0.0,0,38130.54,1
txn_005574,cust_01700,1368.42,netbanking,failed,network_error,31,22,9,0.7097,0,0.3,0,86334.43,1
txn_005575,cust_02011,4376.75,card,failed,authentication_failed,4,3,1,0.75,3,13.46,0,2931.82,0
txn_005576,cust_01045,139.75,wallet,failed,bank_decline,20,17,3,0.85,3,10.78,0,103853.27,0
txn_005577,cust_01334,1141.12,card,success,none,9,7,2,0.7778,0,0.0,0,47664.68,1
txn_005578,cust_01359,7342.42,wallet,success,none,8,7,1,0.875,0,0.0,0,86334.39,1
txn_005579,cust_00360,3117.71,card,success,none,22,18,4,0.8182,0,0.0,0,28470.19,1
txn_005580,cust_01241,579.57,wallet,success,none,6,4,2,0.6667,0,0.0,0,109001.73,1
txn_005581,cust_02211,1834.4,card,abandoned,none,37,22,15,0.5946,0,1.99,1,15559.82,0
txn_005582,cust_01454,504.37,upi,success,none,1,1,0,1.0,0,0.0,0,148045.5,1
txn_005583,cust_01307,951.97,card,success,none,29,23,6,0.7931,0,0.0,0,48517.51,1
txn_005584,cust_01325,1870.27,upi,success,none,21,19,2,0.9048,0,0.0,0,30364.07,1
txn_005585,cust_02338,2230.15,wallet,success,none,4,3,1,0.75,0,0.0,0,33104.63,1
txn_005586,cust_00678,2777.81,netbanking,abandoned,none,10,7,3,0.7,0,2.16,1,36204.06,0
txn_005587,cust_01468,4599.89,netbanking,success,none,18,11,7,0.6111,0,0.0,0,13455.96,1
txn_005588,cust_00725,405.97,upi,success,none,2,2,0,1.0,0,0.0,0,55027.05,1
txn_005589,cust_01457,1371.99,wallet,success,none,35,26,9,0.7429,0,0.0,0,102758.37,1
txn_005590,cust_01851,572.29,upi,success,none,26,22,4,0.8462,0,0.0,0,3849.59,1
txn_005591,cust_00859,898.87,netbanking,failed,authentication_failed,11,9,2,0.8182,2,5.41,0,107059.56,1
txn_005592,cust_01228,629.9,upi,success,none,10,4,6,0.4,0,0.0,0,111208.64,1
txn_005593,cust_01808,2207.03,netbanking,success,none,22,18,4,0.8182,0,0.0,0,98510.76,1
txn_005594,cust_02388,3839.2,upi,success,none,35,30,5,0.8571,0,0.0,0,47139.54,1
txn_005595,cust_01746,4052.2,upi,success,none,34,30,4,0.8824,0,0.0,0,130211.16,1
txn_005596,cust_01385,443.56,upi,abandoned,none,9,8,1,0.8889,0,1.74,1,38201.91,1
txn_005597,cust_01660,1184.06,netbanking,abandoned,none,7,6,1,0.8571,0,3.9,1,12055.86,1
txn_005598,cust_02060,431.43,upi,success,none,14,13,1,0.9286,0,0.0,0,81125.38,1
txn_005599,cust_00182,417.29,upi,failed,network_error,2,2,0,1.0,0,4.46,0,27724.74,1
txn_005600,cust_00881,691.09,card,success,none,15,13,2,0.8667,0,0.0,0,52557.44,1
txn_005601,cust_01704,1888.05,wallet,success,none,34,30,4,0.8824,0,0.0,0,120267.1,1
txn_005602,cust_02112,2250.52,netbanking,success,none,21,17,4,0.8095,0,0.0,0,37680.1,1
txn_005603,cust_00107,2576.61,card,success,none,22,17,5,0.7727,0,0.0,0,120288.28,1
txn_005604,cust_01974,2422.02,card,failed,insufficient_funds,39,23,16,0.5897,0,13.88,0,91317.96,0
txn_005605,cust_00281,573.72,card,failed,network_error,22,18,4,0.8182,3,1.42,0,114423.23,0
txn_005606,cust_01536,4371.05,upi,success,none,33,29,4,0.8788,0,0.0,0,20893.56,1
txn_005607,cust_00372,2990.75,netbanking,success,none,29,27,2,0.931,0,0.0,0,45305.62,1
txn_005608,cust_00475,886.53,card,failed,network_error,16,15,1,0.9375,0,12.29,0,95042.99,1
txn_005609,cust_02358,920.65,upi,success,none,21,14,7,0.6667,0,0.0,0,98298.95,1
txn_005610,cust_02430,693.99,card,failed,technical_error,26,20,6,0.7692,3,7.5,0,11636.32,1
txn_005611,cust_01774,368.03,wallet,success,none,20,17,3,0.85,0,0.0,0,107198.33,1
txn_005612,cust_00047,2607.18,netbanking,success,none,36,27,9,0.75,0,0.0,0,81307.62,1
txn_005613,cust_00836,3047.45,card,failed,technical_error,29,28,1,0.9655,2,0.34,0,6185.05,0
txn_005614,cust_00416,530.57,wallet,success,none,26,14,12,0.5385,0,0.0,0,122221.34,1
txn_005615,cust_00902,390.78,card,failed,insufficient_funds,31,16,15,0.5161,1,3.98,0,70201.88,0
txn_005616,cust_00553,525.03,upi,success,none,40,34,6,0.85,0,0.0,0,61809.27,1
txn_005617,cust_01087,1495.54,upi,success,none,9,8,1,0.8889,0,0.0,0,109450.86,1
txn_005618,cust_00874,336.31,wallet,failed,insufficient_funds,34,30,4,0.8824,3,6.99,0,52332.7,0
txn_005619,cust_01429,4137.35,wallet,success,none,9,7,2,0.7778,0,0.0,0,58025.44,1
txn_005620,cust_02216,3896.98,upi,success,none,13,11,2,0.8462,0,0.0,0,1814.95,1
txn_005621,cust_00743,2047.44,wallet,failed,bank_decline,29,22,7,0.7586,0,9.13,0,35866.44,0
txn_005622,cust_01591,3010.12,netbanking,abandoned,none,32,27,5,0.8438,0,3.06,1,52261.08,1
txn_005623,cust_00383,1420.49,card,success,none,3,3,0,1.0,0,0.0,0,35489.96,1
txn_005624,cust_00197,2132.72,upi,success,none,17,14,3,0.8235,0,0.0,0,27606.6,1
txn_005625,cust_00540,364.97,card,failed,technical_error,40,22,18,0.55,1,2.82,0,33983.71,1
txn_005626,cust_01463,5380.19,wallet,success,none,26,22,4,0.8462,0,0.0,0,76484.98,1
txn_005627,cust_00244,822.75,wallet,failed,bank_decline,33,20,13,0.6061,0,11.09,0,64584.37,0
txn_005628,cust_01397,1177.56,wallet,success,none,30,25,5,0.8333,0,0.0,0,95591.24,1
txn_005629,cust_02480,16110.09,upi,failed,technical_error,33,30,3,0.9091,3,8.9,0,57477.49,0
txn_005630,cust_01658,1074.91,upi,abandoned,none,3,3,0,1.0,0,2.58,1,44941.38,1
txn_005631,cust_00365,2805.68,upi,success,none,4,2,2,0.5,0,0.0,0,23607.32,1
txn_005632,cust_00890,2240.68,wallet,success,none,39,31,8,0.7949,0,0.0,0,51305.32,1
txn_005633,cust_01123,353.25,upi,abandoned,none,27,23,4,0.8519,0,6.24,1,84035.73,0
txn_005634,cust_01037,492.88,netbanking,failed,authentication_failed,25,22,3,0.88,0,12.28,0,36092.67,0
txn_005635,cust_02047,10258.77,upi,success,none,8,6,2,0.75,0,0.0,0,58495.51,1
txn_005636,cust_02261,2390.27,card,success,none,36,22,14,0.6111,0,0.0,0,43389.57,1
txn_005637,cust_01080,1317.02,netbanking,success,none,9,7,2,0.7778,0,0.0,0,115108.32,1
txn_005638,cust_01655,783.96,upi,success,none,37,32,5,0.8649,0,0.0,0,97994.46,1
txn_005639,cust_01362,1844.71,upi,success,none,3,3,0,1.0,0,0.0,0,114240.62,1
txn_005640,cust_01871,2028.69,netbanking,success,none,8,7,1,0.875,0,0.0,0,117929.25,1
txn_005641,cust_02284,1679.95,card,success,none,34,17,17,0.5,0,0.0,0,80812.13,1
txn_005642,cust_01427,3900.89,upi,success,none,7,7,0,1.0,0,0.0,0,16377.03,1
txn_005643,cust_01124,562.92,upi,success,none,9,7,2,0.7778,0,0.0,0,58874.44,1
txn_005644,cust_00066,492.4,netbanking,success,none,12,11,1,0.9167,0,0.0,0,76644.57,1
txn_005645,cust_01815,3801.19,wallet,success,none,40,35,5,0.875,0,0.0,0,11611.14,1
txn_005646,cust_02186,11077.68,netbanking,success,none,14,11,3,0.7857,0,0.0,0,67931.3,1
txn_005647,cust_02478,3110.67,upi,failed,network_error,35,30,5,0.8571,1,0.72,0,55699.79,1
txn_005648,cust_01171,4903.74,wallet,success,none,33,29,4,0.8788,0,0.0,0,68945.44,1
txn_005649,cust_01642,1242.85,upi,success,none,5,3,2,0.6,0,0.0,0,36461.39,1
txn_005650,cust_01538,1747.8,netbanking,success,none,37,29,8,0.7838,0,0.0,0,10280.15,1
txn_005651,cust_01587,1724.44,card,success,none,34,32,2,0.9412,0,0.0,0,38123.02,1
txn_005652,cust_01590,1267.21,upi,success,none,23,20,3,0.8696,0,0.0,0,72472.98,1
txn_005653,cust_00562,5493.37,wallet,success,none,30,29,1,0.9667,0,0.0,0,14659.34,1
txn_005654,cust_01264,4088.15,card,success,none,32,25,7,0.7812,0,0.0,0,145196.7,1
txn_005655,cust_02247,898.54,wallet,success,none,39,33,6,0.8462,0,0.0,0,9561.99,1
txn_005656,cust_01622,258.38,netbanking,success,none,34,19,15,0.5588,0,0.0,0,129239.75,1
txn_005657,cust_02012,1256.93,netbanking,success,none,17,15,2,0.8824,0,0.0,0,31260.0,1
txn_005658,cust_01491,422.14,wallet,abandoned,none,32,31,1,0.9688,0,1.52,1,68824.47,1
txn_005659,cust_00605,1371.52,netbanking,success,none,30,21,9,0.7,0,0.0,0,60410.8,1
txn_005660,cust_00832,456.75,netbanking,success,none,4,3,1,0.75,0,0.0,0,12181.13,1
txn_005661,cust_01599,4705.64,upi,success,none,11,8,3,0.7273,0,0.0,0,15920.02,1
txn_005662,cust_02141,2655.59,netbanking,success,none,11,8,3,0.7273,0,0.0,0,27692.63,1
txn_005663,cust_01854,2591.86,card,success,none,2,1,1,0.5,0,0.0,0,88864.23,1
txn_005664,cust_00232,3913.49,netbanking,failed,insufficient_funds,37,21,16,0.5676,2,12.72,0,29970.85,0
txn_005665,cust_01354,1980.51,card,failed,bank_decline,15,14,1,0.9333,0,7.26,0,44521.4,1
txn_005666,cust_01695,2314.16,upi,success,none,27,24,3,0.8889,0,0.0,0,145635.13,1
txn_005667,cust_00942,5623.44,netbanking,success,none,26,17,9,0.6538,0,0.0,0,75511.61,1
txn_005668,cust_00520,1170.85,upi,success,none,35,32,3,0.9143,0,0.0,0,131592.63,1
txn_005669,cust_00602,2453.12,netbanking,failed,bank_decline,36,29,7,0.8056,0,11.12,0,108405.15,0
txn_005670,cust_00308,467.25,netbanking,failed,technical_error,22,18,4,0.8182,3,7.22,0,2885.17,0
txn_005671,cust_00807,1449.94,wallet,failed,authentication_failed,13,11,2,0.8462,1,9.68,0,132982.77,0
txn_005672,cust_00609,12826.69,upi,abandoned,none,31,26,5,0.8387,0,3.05,1,11002.86,1
txn_005673,cust_00935,3025.48,upi,success,none,36,34,2,0.9444,0,0.0,0,42678.38,1
txn_005674,cust_02318,1229.06,upi,success,none,12,11,1,0.9167,0,0.0,0,82735.95,1
txn_005675,cust_00175,1745.05,wallet,success,none,14,10,4,0.7143,0,0.0,0,102627.94,1
txn_005676,cust_01673,1311.6,netbanking,abandoned,none,19,12,7,0.6316,0,3.68,1,45312.7,0
txn_005677,cust_01783,1688.68,card,success,none,39,29,10,0.7436,0,0.0,0,91748.47,1
txn_005678,cust_01940,898.74,wallet,abandoned,none,6,5,1,0.8333,0,5.46,1,118975.71,0
txn_005679,cust_00523,2197.05,wallet,success,none,17,15,2,0.8824,0,0.0,0,137193.29,1
txn_005680,cust_02058,2276.31,card,success,none,14,7,7,0.5,0,0.0,0,129877.68,1
txn_005681,cust_02024,1348.35,card,success,none,38,26,12,0.6842,0,0.0,0,127056.12,1
txn_005682,cust_00761,1540.8,card,success,none,15,8,7,0.5333,0,0.0,0,122688.79,1
txn_005683,cust_00479,1883.28,upi,failed,technical_error,7,5,2,0.7143,1,7.79,0,67108.1,1
txn_005684,cust_01023,790.57,netbanking,success,none,9,8,1,0.8889,0,0.0,0,127807.9,1
txn_005685,cust_02160,2176.06,card,success,none,25,17,8,0.68,0,0.0,0,145928.44,1
txn_005686,cust_00030,2922.39,netbanking,success,none,23,19,4,0.8261,0,0.0,0,32216.55,1
txn_005687,cust_01556,5795.67,wallet,failed,technical_error,26,21,5,0.8077,1,7.61,0,77505.49,0
txn_005688,cust_01226,1841.57,netbanking,failed,technical_error,5,3,2,0.6,3,1.2,0,13223.66,0
txn_005689,cust_00228,768.44,wallet,success,none,10,9,1,0.9,0,0.0,0,4639.38,1
txn_005690,cust_00882,1208.41,wallet,success,none,34,21,13,0.6176,0,0.0,0,134343.96,1
txn_005691,cust_00421,427.11,netbanking,failed,bank_decline,1,1,0,1.0,3,1.88,0,98991.4,0
txn_005692,cust_00142,2772.08,wallet,failed,insufficient_funds,20,19,1,0.95,2,11.09,0,69126.46,0
txn_005693,cust_00016,170.76,upi,success,none,25,22,3,0.88,0,0.0,0,15410.74,1
txn_005694,cust_01137,3731.83,netbanking,success,none,13,12,1,0.9231,0,0.0,0,144349.56,1
txn_005695,cust_02448,4210.45,wallet,abandoned,none,21,19,2,0.9048,0,2.53,1,3245.09,1
txn_005696,cust_01111,100.0,card,success,none,36,26,10,0.7222,0,0.0,0,142329.52,1
txn_005697,cust_01962,4794.77,upi,failed,network_error,3,2,1,0.6667,1,3.26,0,139067.35,1
txn_005698,cust_01134,3741.67,wallet,success,none,14,8,6,0.5714,0,0.0,0,130551.6,1
txn_005699,cust_01915,1002.2,upi,success,none,21,19,2,0.9048,0,0.0,0,2841.67,1
txn_005700,cust_00844,406.74,netbanking,success,none,21,16,5,0.7619,0,0.0,0,97784.55,1
txn_005701,cust_02457,579.54,wallet,success,none,40,33,7,0.825,0,0.0,0,51424.89,1
txn_005702,cust_01458,627.34,wallet,success,none,31,24,7,0.7742,0,0.0,0,143213.49,1
txn_005703,cust_02145,4994.32,upi,failed,authentication_failed,3,2,1,0.6667,3,0.85,0,33604.05,0
txn_005704,cust_00536,854.88,upi,success,none,24,18,6,0.75,0,0.0,0,17143.57,1
txn_005705,cust_02045,3312.05,netbanking,success,none,16,11,5,0.6875,0,0.0,0,143875.63,1
txn_005706,cust_00900,1183.15,card,success,none,5,5,0,1.0,0,0.0,0,103603.42,1
txn_005707,cust_00185,1415.27,card,success,none,16,14,2,0.875,0,0.0,0,40754.05,1
txn_005708,cust_00763,278.27,card,failed,network_error,27,19,8,0.7037,2,7.84,0,8935.28,0
txn_005709,cust_01799,425.36,upi,success,none,15,14,1,0.9333,0,0.0,0,103261.4,1
txn_005710,cust_00482,4880.96,netbanking,failed,technical_error,4,3,1,0.75,1,11.19,0,44711.8,0
txn_005711,cust_01269,1146.28,wallet,success,none,35,18,17,0.5143,0,0.0,0,27809.15,1
txn_005712,cust_01048,1809.24,upi,success,none,9,8,1,0.8889,0,0.0,0,72249.1,1
txn_005713,cust_01577,8154.76,wallet,failed,network_error,25,22,3,0.88,3,0.27,0,102798.72,0
txn_005714,cust_01841,1178.94,wallet,abandoned,none,7,5,2,0.7143,0,1.06,1,58149.02,0
txn_005715,cust_02252,1114.05,card,success,none,33,31,2,0.9394,0,0.0,0,77856.23,1
txn_005716,cust_02207,4474.21,card,success,none,24,15,9,0.625,0,0.0,0,131348.82,1
txn_005717,cust_00871,1356.07,wallet,failed,technical_error,5,4,1,0.8,1,6.78,0,19673.69,0
txn_005718,cust_01804,1844.58,card,success,none,7,5,2,0.7143,0,0.0,0,71146.35,1
txn_005719,cust_00883,3629.38,card,success,none,6,5,1,0.8333,0,0.0,0,38340.19,1
txn_005720,cust_01227,1339.58,netbanking,success,none,10,7,3,0.7,0,0.0,0,57620.0,1
txn_005721,cust_01765,2944.19,card,success,none,37,33,4,0.8919,0,0.0,0,117194.69,1
txn_005722,cust_01648,1192.91,wallet,success,none,7,5,2,0.7143,0,0.0,0,108341.62,1
txn_005723,cust_01119,3572.92,netbanking,abandoned,none,35,19,16,0.5429,0,0.75,1,71554.3,1
txn_005724,cust_01084,2041.27,card,abandoned,none,35,29,6,0.8286,0,3.7,1,20815.48,0
txn_005725,cust_02369,1069.13,upi,success,none,5,4,1,0.8,0,0.0,0,140582.26,1
txn_005726,cust_01267,1442.67,wallet,success,none,26,24,2,0.9231,0,0.0,0,55387.32,1
txn_005727,cust_01071,116.24,card,success,none,26,25,1,0.9615,0,0.0,0,38914.13,1
txn_005728,cust_00963,4419.46,wallet,success,none,25,24,1,0.96,0,0.0,0,23018.58,1
txn_005729,cust_00078,381.98,netbanking,success,none,6,4,2,0.6667,0,0.0,0,13762.36,1
txn_005730,cust_00924,459.84,wallet,success,none,23,14,9,0.6087,0,0.0,0,8250.06,1
txn_005731,cust_00389,864.35,upi,success,none,35,28,7,0.8,0,0.0,0,34496.61,1
txn_005732,cust_02374,222.97,netbanking,abandoned,none,40,31,9,0.775,0,5.19,1,24135.88,0
txn_005733,cust_01525,2137.98,netbanking,success,none,25,21,4,0.84,0,0.0,0,127501.89,1
txn_005734,cust_02047,1921.79,card,abandoned,none,8,6,2,0.75,0,1.54,1,58495.51,0
txn_005735,cust_00793,823.42,wallet,success,none,25,24,1,0.96,0,0.0,0,131126.38,1
txn_005736,cust_02003,679.91,wallet,success,none,29,27,2,0.931,0,0.0,0,16269.52,1
txn_005737,cust_01951,669.55,wallet,success,none,23,20,3,0.8696,0,0.0,0,124652.7,1
txn_005738,cust_02290,2476.99,wallet,success,none,37,27,10,0.7297,0,0.0,0,41092.29,1
txn_005739,cust_01265,272.13,upi,success,none,16,12,4,0.75,0,0.0,0,49557.05,1
txn_005740,cust_00299,889.8,netbanking,success,none,20,14,6,0.7,0,0.0,0,86793.71,1
txn_005741,cust_02275,290.2,upi,abandoned,none,37,23,14,0.6216,0,4.6,1,73060.85,0
txn_005742,cust_00734,2889.23,wallet,failed,bank_decline,22,14,8,0.6364,1,2.89,0,131582.52,0
txn_005743,cust_02008,956.98,wallet,success,none,4,3,1,0.75,0,0.0,0,139046.24,1
txn_005744,cust_00136,2314.04,upi,success,none,6,5,1,0.8333,0,0.0,0,63464.51,1
txn_005745,cust_00436,4672.91,netbanking,success,none,10,8,2,0.8,0,0.0,0,75257.95,1
txn_005746,cust_01261,4752.5,netbanking,success,none,13,12,1,0.9231,0,0.0,0,72372.45,1
txn_005747,cust_01029,481.98,wallet,success,none,37,27,10,0.7297,0,0.0,0,101485.77,1
txn_005748,cust_01072,1825.23,upi,success,none,1,1,0,1.0,0,0.0,0,112124.87,1
txn_005749,cust_02149,4110.89,wallet,success,none,34,31,3,0.9118,0,0.0,0,136251.19,1
txn_005750,cust_01025,2687.8,wallet,failed,insufficient_funds,8,7,1,0.875,2,11.77,0,50271.93,0
txn_005751,cust_02470,2967.07,upi,success,none,32,31,1,0.9688,0,0.0,0,29276.6,1
txn_005752,cust_00919,225.13,upi,success,none,30,18,12,0.6,0,0.0,0,75315.2,1
txn_005753,cust_02345,2646.91,wallet,success,none,39,36,3,0.9231,0,0.0,0,30644.76,1
txn_005754,cust_01852,606.11,card,abandoned,none,15,14,1,0.9333,0,4.13,1,109348.16,1
txn_005755,cust_00185,2603.69,card,failed,authentication_failed,16,14,2,0.875,1,6.11,0,40754.05,1
txn_005756,cust_00711,2547.35,upi,success,none,4,4,0,1.0,0,0.0,0,118594.81,1
txn_005757,cust_02325,2416.12,wallet,abandoned,none,12,9,3,0.75,0,6.28,1,86140.05,0
txn_005758,cust_01921,1199.13,upi,success,none,16,14,2,0.875,0,0.0,0,72807.52,1
txn_005759,cust_01492,4994.49,netbanking,failed,authentication_failed,24,19,5,0.7917,1,2.28,0,9260.43,0
txn_005760,cust_01913,2231.23,upi,success,none,27,21,6,0.7778,0,0.0,0,66662.49,1
txn_005761,cust_01263,1847.37,upi,failed,authentication_failed,21,15,6,0.7143,3,2.96,0,44425.77,0
txn_005762,cust_01695,526.15,upi,failed,technical_error,27,24,3,0.8889,3,7.16,0,145635.13,0
txn_005763,cust_02261,1990.4,wallet,failed,insufficient_funds,36,22,14,0.6111,2,9.46,0,43389.57,0
txn_005764,cust_01421,9688.65,wallet,abandoned,none,15,14,1,0.9333,0,3.4,1,78397.19,0
txn_005765,cust_02422,333.56,netbanking,failed,bank_decline,1,1,0,1.0,3,3.91,0,35688.76,0
txn_005766,cust_00210,2779.72,card,success,none,20,15,5,0.75,0,0.0,0,76561.25,1
txn_005767,cust_01621,3153.41,wallet,success,none,10,9,1,0.9,0,0.0,0,116380.61,1
txn_005768,cust_01437,7521.49,wallet,failed,network_error,14,13,1,0.9286,2,7.3,0,13916.52,0
txn_005769,cust_01587,2767.61,wallet,success,none,34,32,2,0.9412,0,0.0,0,38123.02,1
txn_005770,cust_01086,1353.81,wallet,failed,network_error,35,32,3,0.9143,2,11.8,0,59565.74,0
txn_005771,cust_00978,2043.89,netbanking,failed,network_error,13,13,0,1.0,2,9.1,0,143643.27,0
txn_005772,cust_00532,1024.48,netbanking,success,none,26,22,4,0.8462,0,0.0,0,3073.88,1
txn_005773,cust_01814,4533.54,wallet,success,none,38,31,7,0.8158,0,0.0,0,87466.65,1
txn_005774,cust_02291,284.58,netbanking,success,none,13,12,1,0.9231,0,0.0,0,75350.9,1
txn_005775,cust_01632,822.32,netbanking,failed,technical_error,15,11,4,0.7333,2,4.73,0,100164.22,1
txn_005776,cust_01807,2092.59,netbanking,success,none,12,8,4,0.6667,0,0.0,0,142091.58,1
txn_005777,cust_00134,4319.65,wallet,success,none,37,34,3,0.9189,0,0.0,0,37686.09,1
txn_005778,cust_02180,1321.1,card,success,none,37,30,7,0.8108,0,0.0,0,22882.9,1
txn_005779,cust_01651,612.57,card,success,none,27,12,15,0.4444,0,0.0,0,74469.22,1
txn_005780,cust_01015,1084.77,wallet,success,none,3,3,0,1.0,0,0.0,0,149578.6,1
txn_005781,cust_02150,928.01,upi,success,none,24,17,7,0.7083,0,0.0,0,58825.87,1
txn_005782,cust_00120,971.68,wallet,success,none,25,18,7,0.72,0,0.0,0,40515.26,1
txn_005783,cust_01126,866.81,upi,success,none,6,5,1,0.8333,0,0.0,0,138411.69,1
txn_005784,cust_01583,867.19,card,success,none,19,13,6,0.6842,0,0.0,0,75334.85,1
txn_005785,cust_01055,240.82,upi,success,none,6,5,1,0.8333,0,0.0,0,79300.49,1
txn_005786,cust_00579,1808.32,wallet,success,none,2,1,1,0.5,0,0.0,0,26962.68,1
txn_005787,cust_02184,2629.99,wallet,success,none,37,27,10,0.7297,0,0.0,0,96005.78,1
txn_005788,cust_00828,5993.29,netbanking,abandoned,none,29,28,1,0.9655,0,3.32,1,53380.5,1
txn_005789,cust_01092,3166.56,wallet,failed,insufficient_funds,25,20,5,0.8,1,3.14,0,123680.71,0
txn_005790,cust_00560,3008.99,wallet,success,none,18,16,2,0.8889,0,0.0,0,29281.48,1
txn_005791,cust_01944,1800.85,netbanking,success,none,24,21,3,0.875,0,0.0,0,123971.34,1
txn_005792,cust_00220,229.85,netbanking,failed,insufficient_funds,21,16,5,0.7619,0,12.29,0,70283.24,1
txn_005793,cust_02004,1772.49,wallet,success,none,36,34,2,0.9444,0,0.0,0,129861.38,1
txn_005794,cust_00452,1498.73,netbanking,success,none,23,14,9,0.6087,0,0.0,0,50533.55,1
txn_005795,cust_02121,3751.36,netbanking,success,none,18,12,6,0.6667,0,0.0,0,128948.33,1
txn_005796,cust_02318,2362.51,wallet,success,none,12,11,1,0.9167,0,0.0,0,82735.95,1
txn_005797,cust_00967,1176.3,upi,success,none,10,7,3,0.7,0,0.0,0,62531.06,1
txn_005798,cust_00881,9491.5,netbanking,success,none,15,13,2,0.8667,0,0.0,0,52557.44,1
txn_005799,cust_01105,3128.96,wallet,success,none,37,25,12,0.6757,0,0.0,0,48516.65,1
txn_005800,cust_01399,1881.58,upi,abandoned,none,35,31,4,0.8857,0,6.39,1,60259.66,0
txn_005801,cust_00752,2111.84,wallet,success,none,9,7,2,0.7778,0,0.0,0,131077.29,1
txn_005802,cust_00119,1423.94,wallet,failed,authentication_failed,11,9,2,0.8182,2,6.11,0,57466.99,0
txn_005803,cust_01970,1361.72,upi,success,none,31,28,3,0.9032,0,0.0,0,138731.26,1
txn_005804,cust_02220,152.9,upi,abandoned,none,21,18,3,0.8571,0,4.24,1,61917.92,1
txn_005805,cust_01635,536.42,upi,failed,technical_error,1,1,0,1.0,0,1.87,0,142369.43,1
txn_005806,cust_01039,779.83,netbanking,success,none,20,14,6,0.7,0,0.0,0,87786.65,1
txn_005807,cust_01219,2101.98,upi,success,none,18,15,3,0.8333,0,0.0,0,117748.67,1
txn_005808,cust_01018,256.8,wallet,success,none,19,17,2,0.8947,0,0.0,0,131634.73,1
txn_005809,cust_00037,795.39,netbanking,failed,technical_error,21,17,4,0.8095,0,6.9,0,126584.94,1
txn_005810,cust_00184,699.72,wallet,failed,network_error,27,24,3,0.8889,0,12.42,0,120533.04,0
txn_005811,cust_01095,1505.31,upi,success,none,8,7,1,0.875,0,0.0,0,5800.38,1
txn_005812,cust_02162,2107.22,card,failed,network_error,23,18,5,0.7826,3,7.48,0,122768.28,0
txn_005813,cust_00804,702.18,upi,success,none,9,6,3,0.6667,0,0.0,0,10401.98,1
txn_005814,cust_01439,754.51,wallet,success,none,8,7,1,0.875,0,0.0,0,88846.51,1
txn_005815,cust_01346,678.38,netbanking,success,none,23,15,8,0.6522,0,0.0,0,142824.45,1
txn_005816,cust_01193,906.75,netbanking,success,none,1,1,0,1.0,0,0.0,0,105723.93,1
txn_005817,cust_02106,1272.65,upi,success,none,13,10,3,0.7692,0,0.0,0,48350.1,1
txn_005818,cust_01851,4989.67,card,failed,authentication_failed,26,22,4,0.8462,2,3.52,0,3849.59,0
txn_005819,cust_01754,486.63,wallet,failed,network_error,4,4,0,1.0,2,13.28,0,137786.63,0
txn_005820,cust_00171,7714.38,netbanking,abandoned,none,24,18,6,0.75,0,4.15,1,87793.93,1
txn_005821,cust_00763,390.01,upi,success,none,27,19,8,0.7037,0,0.0,0,8935.28,1
txn_005822,cust_01785,3479.49,upi,failed,network_error,31,26,5,0.8387,1,5.98,0,10511.72,0
txn_005823,cust_00222,832.31,upi,failed,bank_decline,33,23,10,0.697,1,11.68,0,71504.74,0
txn_005824,cust_00534,538.64,wallet,success,none,24,14,10,0.5833,0,0.0,0,101251.43,1
txn_005825,cust_02460,4998.43,card,failed,network_error,7,7,0,1.0,3,5.0,0,19748.29,0
txn_005826,cust_01003,1453.53,upi,success,none,9,8,1,0.8889,0,0.0,0,1772.04,1
txn_005827,cust_00481,1398.96,netbanking,success,none,3,2,1,0.6667,0,0.0,0,49331.83,1
txn_005828,cust_00247,1015.28,card,success,none,31,22,9,0.7097,0,0.0,0,68060.39,1
txn_005829,cust_00670,748.85,upi,success,none,38,32,6,0.8421,0,0.0,0,60667.02,1
txn_005830,cust_02496,1122.32,netbanking,success,none,3,2,1,0.6667,0,0.0,0,86080.82,1
txn_005831,cust_01337,100.0,upi,success,none,10,8,2,0.8,0,0.0,0,77112.91,1
txn_005832,cust_00322,209.83,card,success,none,30,21,9,0.7,0,0.0,0,85907.6,1
txn_005833,cust_01575,1982.9,card,failed,insufficient_funds,37,29,8,0.7838,2,7.44,0,65540.3,1
txn_005834,cust_00134,4371.13,card,failed,insufficient_funds,37,34,3,0.9189,2,4.23,0,37686.09,0
txn_005835,cust_01837,5237.27,card,failed,network_error,34,29,5,0.8529,3,10.62,0,29395.93,0
txn_005836,cust_01832,514.4,card,success,none,26,25,1,0.9615,0,0.0,0,64924.79,1
txn_005837,cust_00616,1624.28,netbanking,failed,network_error,28,17,11,0.6071,2,3.39,0,130345.73,0
txn_005838,cust_01535,149.38,upi,success,none,6,5,1,0.8333,0,0.0,0,87534.82,1
txn_005839,cust_00770,942.57,card,success,none,31,28,3,0.9032,0,0.0,0,104714.73,1
txn_005840,cust_00539,3052.43,netbanking,failed,insufficient_funds,36,31,5,0.8611,2,2.67,0,49872.94,0
txn_005841,cust_01913,1316.2,wallet,failed,technical_error,27,21,6,0.7778,0,4.78,0,66662.49,1
txn_005842,cust_00169,961.27,card,success,none,8,6,2,0.75,0,0.0,0,12211.34,1
txn_005843,cust_02356,1321.75,wallet,failed,technical_error,5,3,2,0.6,2,11.85,0,12787.68,0
txn_005844,cust_02056,4831.19,wallet,success,none,35,29,6,0.8286,0,0.0,0,80447.67,1
txn_005845,cust_01387,1048.69,upi,failed,network_error,26,11,15,0.4231,2,8.23,0,73929.35,1
txn_005846,cust_01333,1440.35,upi,success,none,38,37,1,0.9737,0,0.0,0,13628.04,1
txn_005847,cust_01046,6120.47,netbanking,success,none,19,12,7,0.6316,0,0.0,0,55764.04,1
txn_005848,cust_00973,1066.01,netbanking,success,none,31,25,6,0.8065,0,0.0,0,79296.1,1
txn_005849,cust_01692,260.73,netbanking,success,none,10,8,2,0.8,0,0.0,0,113083.04,1
txn_005850,cust_00862,5262.74,netbanking,failed,technical_error,13,11,2,0.8462,0,12.04,0,119017.79,0
txn_005851,cust_00550,3698.18,card,success,none,35,30,5,0.8571,0,0.0,0,63449.89,1
txn_005852,cust_01229,145.96,wallet,failed,authentication_failed,21,17,4,0.8095,3,13.08,0,54744.33,0
txn_005853,cust_02353,1175.93,card,success,none,10,8,2,0.8,0,0.0,0,130370.39,1
txn_005854,cust_00482,1310.07,card,success,none,4,3,1,0.75,0,0.0,0,44711.8,1
txn_005855,cust_01182,5264.02,card,success,none,16,11,5,0.6875,0,0.0,0,29597.88,1
txn_005856,cust_00158,1320.31,upi,success,none,39,28,11,0.7179,0,0.0,0,32383.82,1
txn_005857,cust_01356,1581.17,netbanking,success,none,19,13,6,0.6842,0,0.0,0,26063.14,1
txn_005858,cust_01272,1631.06,wallet,success,none,14,12,2,0.8571,0,0.0,0,66329.79,1
txn_005859,cust_00433,840.43,wallet,success,none,6,5,1,0.8333,0,0.0,0,34480.4,1
txn_005860,cust_02309,4901.18,netbanking,failed,authentication_failed,35,19,16,0.5429,0,2.24,0,5851.83,1
txn_005861,cust_00906,606.52,netbanking,failed,bank_decline,23,20,3,0.8696,3,6.09,0,146330.75,0
txn_005862,cust_00086,824.31,wallet,success,none,13,12,1,0.9231,0,0.0,0,107229.4,1
txn_005863,cust_00627,1331.5,wallet,success,none,36,29,7,0.8056,0,0.0,0,4911.82,1
txn_005864,cust_01477,351.41,card,failed,network_error,8,5,3,0.625,2,13.28,0,68552.4,0
txn_005865,cust_00828,7827.58,netbanking,success,none,29,28,1,0.9655,0,0.0,0,53380.5,1
txn_005866,cust_00203,1338.29,upi,success,none,3,3,0,1.0,0,0.0,0,106609.01,1
txn_005867,cust_01378,3055.22,card,failed,network_error,19,14,5,0.7368,2,8.75,0,44110.65,0
txn_005868,cust_01490,514.15,wallet,failed,insufficient_funds,37,21,16,0.5676,3,13.89,0,94502.39,0
txn_005869,cust_00880,2729.12,card,success,none,11,10,1,0.9091,0,0.0,0,25133.08,1
txn_005870,cust_01982,2970.82,wallet,success,none,33,26,7,0.7879,0,0.0,0,45538.06,1
txn_005871,cust_01459,3431.9,upi,success,none,5,3,2,0.6,0,0.0,0,3486.72,1
txn_005872,cust_02378,9000.18,upi,success,none,9,8,1,0.8889,0,0.0,0,79484.61,1
txn_005873,cust_00209,766.45,netbanking,success,none,8,7,1,0.875,0,0.0,0,108243.39,1
txn_005874,cust_01518,1111.37,netbanking,success,none,13,12,1,0.9231,0,0.0,0,110137.04,1
txn_005875,cust_00650,575.22,upi,success,none,26,24,2,0.9231,0,0.0,0,147682.4,1
txn_005876,cust_02389,1216.55,card,success,none,23,21,2,0.913,0,0.0,0,72766.1,1
txn_005877,cust_00190,2602.21,card,failed,authentication_failed,15,12,3,0.8,0,7.38,0,34215.61,0
txn_005878,cust_02121,2465.71,netbanking,success,none,18,12,6,0.6667,0,0.0,0,128948.33,1
txn_005879,cust_00361,6910.19,upi,success,none,4,3,1,0.75,0,0.0,0,38619.28,1
txn_005880,cust_02261,2186.81,card,success,none,36,22,14,0.6111,0,0.0,0,43389.57,1
txn_005881,cust_01514,1340.18,card,success,none,37,33,4,0.8919,0,0.0,0,117891.58,1
txn_005882,cust_01168,449.55,upi,success,none,27,25,2,0.9259,0,0.0,0,21486.24,1
txn_005883,cust_00973,3185.36,card,abandoned,none,31,25,6,0.8065,0,3.09,1,79296.1,1
txn_005884,cust_00175,1145.39,card,failed,bank_decline,14,10,4,0.7143,3,7.31,0,102627.94,0
txn_005885,cust_00258,3258.56,card,success,none,5,4,1,0.8,0,0.0,0,62815.32,1
txn_005886,cust_01843,875.88,upi,failed,authentication_failed,5,4,1,0.8,3,6.11,0,123752.73,0
txn_005887,cust_01119,4450.22,card,failed,technical_error,35,19,16,0.5429,1,4.26,0,71554.3,0
txn_005888,cust_00761,1971.04,netbanking,success,none,15,8,7,0.5333,0,0.0,0,122688.79,1
txn_005889,cust_01782,3612.85,netbanking,success,none,24,22,2,0.9167,0,0.0,0,84657.11,1
txn_005890,cust_01692,1970.05,netbanking,success,none,10,8,2,0.8,0,0.0,0,113083.04,1
txn_005891,cust_01897,530.95,card,failed,bank_decline,18,15,3,0.8333,3,8.43,0,131892.86,0
txn_005892,cust_00982,929.48,wallet,success,none,14,13,1,0.9286,0,0.0,0,103845.75,1
txn_005893,cust_02123,372.26,upi,success,none,13,12,1,0.9231,0,0.0,0,40221.96,1
txn_005894,cust_01818,1611.06,netbanking,success,none,27,22,5,0.8148,0,0.0,0,9055.23,1
txn_005895,cust_01275,310.25,wallet,success,none,27,22,5,0.8148,0,0.0,0,101273.67,1
txn_005896,cust_01254,1797.0,netbanking,success,none,9,8,1,0.8889,0,0.0,0,46394.04,1
txn_005897,cust_02331,100.0,netbanking,success,none,1,1,0,1.0,0,0.0,0,27314.48,1
txn_005898,cust_01353,3010.72,wallet,success,none,6,4,2,0.6667,0,0.0,0,85244.27,1
txn_005899,cust_00803,444.22,netbanking,success,none,31,29,2,0.9355,0,0.0,0,95128.64,1
txn_005900,cust_01552,515.99,upi,failed,technical_error,20,15,5,0.75,3,3.83,0,124131.62,0
txn_005901,cust_01592,5281.01,wallet,success,none,37,34,3,0.9189,0,0.0,0,75856.6,1
txn_005902,cust_02128,1844.17,upi,abandoned,none,38,31,7,0.8158,0,0.94,1,32701.34,0
txn_005903,cust_00746,3122.33,card,success,none,13,9,4,0.6923,0,0.0,0,55808.3,1
txn_005904,cust_00996,490.13,card,success,none,9,9,0,1.0,0,0.0,0,17274.76,1
txn_005905,cust_00563,3504.83,card,failed,bank_decline,14,11,3,0.7857,3,2.99,0,96613.97,0
txn_005906,cust_02286,1167.4,netbanking,success,none,6,4,2,0.6667,0,0.0,0,60440.66,1
txn_005907,cust_00264,1506.62,card,success,none,37,29,8,0.7838,0,0.0,0,57676.77,1
txn_005908,cust_01233,5944.95,netbanking,success,none,6,5,1,0.8333,0,0.0,0,28921.38,1
txn_005909,cust_01088,418.68,netbanking,success,none,15,14,1,0.9333,0,0.0,0,125388.42,1
txn_005910,cust_01334,3337.7,wallet,success,none,9,7,2,0.7778,0,0.0,0,47664.68,1
txn_005911,cust_01524,1969.25,wallet,success,none,1,1,0,1.0,0,0.0,0,114080.44,1
txn_005912,cust_00009,1082.37,upi,failed,network_error,35,29,6,0.8286,0,11.91,0,63508.45,1
txn_005913,cust_01621,448.48,wallet,success,none,10,9,1,0.9,0,0.0,0,116380.61,1
txn_005914,cust_01047,1070.29,netbanking,success,none,15,9,6,0.6,0,0.0,0,33650.16,1
txn_005915,cust_00919,590.9,card,success,none,30,18,12,0.6,0,0.0,0,75315.2,1
txn_005916,cust_00440,4388.99,netbanking,abandoned,none,16,13,3,0.8125,0,2.55,1,69061.18,0
txn_005917,cust_01038,1468.15,card,success,none,18,17,1,0.9444,0,0.0,0,143151.19,1
txn_005918,cust_00360,680.64,wallet,success,none,22,18,4,0.8182,0,0.0,0,28470.19,1
txn_005919,cust_00409,318.11,netbanking,success,none,28,23,5,0.8214,0,0.0,0,95582.92,1
txn_005920,cust_00340,842.99,upi,success,none,28,19,9,0.6786,0,0.0,0,149498.09,1
txn_005921,cust_00089,4611.16,netbanking,success,none,34,29,5,0.8529,0,0.0,0,68271.44,1
txn_005922,cust_00965,1497.32,card,success,none,8,7,1,0.875,0,0.0,0,29426.86,1
txn_005923,cust_01309,1118.57,upi,success,none,8,5,3,0.625,0,0.0,0,4365.18,1
txn_005924,cust_00769,7322.36,card,failed,technical_error,9,8,1,0.8889,3,12.6,0,6707.18,0
txn_005925,cust_00839,884.88,card,failed,technical_error,37,27,10,0.7297,0,10.93,0,5825.41,1
txn_005926,cust_00838,596.86,upi,success,none,24,21,3,0.875,0,0.0,0,54960.44,1
txn_005927,cust_02071,2006.38,upi,failed,authentication_failed,25,23,2,0.92,0,0.63,0,101321.51,1
txn_005928,cust_02471,2037.68,upi,success,none,12,10,2,0.8333,0,0.0,0,81999.46,1
txn_005929,cust_01211,744.87,wallet,success,none,9,7,2,0.7778,0,0.0,0,118784.21,1
txn_005930,cust_01368,603.25,card,success,none,6,5,1,0.8333,0,0.0,0,66421.42,1
txn_005931,cust_01440,5693.44,wallet,success,none,25,20,5,0.8,0,0.0,0,53378.81,1
txn_005932,cust_01188,868.71,card,success,none,15,15,0,1.0,0,0.0,0,45696.22,1
txn_005933,cust_00794,313.6,upi,success,none,3,3,0,1.0,0,0.0,0,95714.95,1
txn_005934,cust_01983,1624.36,wallet,failed,network_error,36,27,9,0.75,0,3.17,0,129245.42,1
txn_005935,cust_00045,3276.7,card,failed,bank_decline,30,22,8,0.7333,0,5.68,0,22287.87,0
txn_005936,cust_01178,1106.98,netbanking,failed,bank_decline,19,9,10,0.4737,3,1.63,0,3554.25,0
txn_005937,cust_00980,2291.88,card,success,none,15,14,1,0.9333,0,0.0,0,141281.35,1
txn_005938,cust_02497,469.97,card,success,none,25,22,3,0.88,0,0.0,0,99030.27,1
txn_005939,cust_00357,2510.56,card,success,none,32,27,5,0.8438,0,0.0,0,16285.56,1
txn_005940,cust_01631,515.32,upi,success,none,40,29,11,0.725,0,0.0,0,118261.78,1
txn_005941,cust_00355,1817.42,wallet,abandoned,none,36,22,14,0.6111,0,2.44,1,44528.36,1
txn_005942,cust_00597,2886.12,netbanking,success,none,21,13,8,0.619,0,0.0,0,57754.76,1
txn_005943,cust_00614,1478.38,wallet,success,none,36,30,6,0.8333,0,0.0,0,84690.82,1
txn_005944,cust_00222,389.38,card,success,none,33,23,10,0.697,0,0.0,0,71504.74,1
txn_005945,cust_00236,406.64,card,success,none,7,6,1,0.8571,0,0.0,0,116984.64,1
txn_005946,cust_00032,6588.76,upi,failed,network_error,5,4,1,0.8,3,7.74,0,91760.52,1
txn_005947,cust_02372,621.33,upi,success,none,34,22,12,0.6471,0,0.0,0,114984.46,1
txn_005948,cust_00291,2878.79,card,success,none,16,14,2,0.875,0,0.0,0,19806.93,1
txn_005949,cust_01570,1507.75,wallet,failed,technical_error,5,3,2,0.6,1,11.36,0,30464.8,0
txn_005950,cust_01495,490.76,card,success,none,7,6,1,0.8571,0,0.0,0,134245.99,1
txn_005951,cust_00948,786.22,upi,success,none,40,26,14,0.65,0,0.0,0,48460.97,1
txn_005952,cust_02170,7330.75,netbanking,failed,network_error,39,33,6,0.8462,0,12.21,0,107878.1,1
txn_005953,cust_01938,43899.03,upi,failed,technical_error,27,21,6,0.7778,2,2.72,0,6338.96,0
txn_005954,cust_02163,975.24,card,success,none,23,22,1,0.9565,0,0.0,0,73542.37,1
txn_005955,cust_01622,910.16,netbanking,success,none,34,19,15,0.5588,0,0.0,0,129239.75,1
txn_005956,cust_01370,260.27,netbanking,failed,technical_error,16,11,5,0.6875,0,2.08,0,32271.85,1
txn_005957,cust_00282,257.26,upi,success,none,25,19,6,0.76,0,0.0,0,42460.24,1
txn_005958,cust_02067,568.36,upi,failed,insufficient_funds,37,27,10,0.7297,0,8.53,0,123421.28,1
txn_005959,cust_01603,858.34,netbanking,failed,bank_decline,25,23,2,0.92,3,2.92,0,53865.89,0
txn_005960,cust_01294,1305.78,wallet,failed,network_error,36,26,10,0.7222,2,2.79,0,87497.23,0
txn_005961,cust_00217,2670.8,upi,success,none,1,1,0,1.0,0,0.0,0,46277.37,1
txn_005962,cust_01155,1670.5,upi,success,none,27,24,3,0.8889,0,0.0,0,44983.65,1
txn_005963,cust_00956,2715.44,wallet,abandoned,none,38,36,2,0.9474,0,0.33,1,46844.0,1
txn_005964,cust_00393,724.91,wallet,success,none,39,33,6,0.8462,0,0.0,0,112594.7,1
txn_005965,cust_01105,1247.89,wallet,success,none,37,25,12,0.6757,0,0.0,0,48516.65,1
txn_005966,cust_01397,930.67,card,success,none,30,25,5,0.8333,0,0.0,0,95591.24,1
txn_005967,cust_00918,377.39,card,abandoned,none,32,23,9,0.7188,0,4.43,1,149399.44,1
txn_005968,cust_01928,186.04,upi,success,none,32,27,5,0.8438,0,0.0,0,48774.44,1
txn_005969,cust_02209,685.99,netbanking,success,none,31,27,4,0.871,0,0.0,0,118643.78,1
txn_005970,cust_01551,112.06,wallet,success,none,8,5,3,0.625,0,0.0,0,14472.71,1
txn_005971,cust_00387,431.44,wallet,abandoned,none,38,33,5,0.8684,0,1.73,1,99516.27,1
txn_005972,cust_02306,2310.39,card,success,none,15,14,1,0.9333,0,0.0,0,112775.24,1
txn_005973,cust_00235,1603.85,netbanking,failed,technical_error,1,1,0,1.0,0,10.86,0,134006.31,0
txn_005974,cust_02246,1368.41,card,success,none,34,31,3,0.9118,0,0.0,0,43683.92,1
txn_005975,cust_02000,4361.3,card,abandoned,none,4,3,1,0.75,0,2.69,1,103898.63,0
txn_005976,cust_00115,646.47,netbanking,failed,insufficient_funds,6,3,3,0.5,3,4.97,0,139028.68,0
txn_005977,cust_01213,2649.04,netbanking,failed,network_error,23,22,1,0.9565,1,13.05,0,9000.77,1
txn_005978,cust_00088,597.58,wallet,failed,authentication_failed,24,20,4,0.8333,2,0.19,0,66276.91,1
txn_005979,cust_00737,1767.73,upi,success,none,12,10,2,0.8333,0,0.0,0,124870.41,1
txn_005980,cust_01313,1561.73,wallet,success,none,36,19,17,0.5278,0,0.0,0,24860.22,1
txn_005981,cust_00747,1648.33,wallet,success,none,37,36,1,0.973,0,0.0,0,147681.53,1
txn_005982,cust_00656,909.86,wallet,success,none,28,23,5,0.8214,0,0.0,0,27178.53,1
txn_005983,cust_01569,1843.32,upi,success,none,5,4,1,0.8,0,0.0,0,4248.23,1
txn_005984,cust_00082,1993.22,upi,success,none,36,25,11,0.6944,0,0.0,0,25603.92,1
txn_005985,cust_00903,320.33,wallet,failed,technical_error,22,20,2,0.9091,0,8.29,0,91392.38,0
txn_005986,cust_00015,3129.09,upi,success,none,22,14,8,0.6364,0,0.0,0,16229.33,1
txn_005987,cust_00805,389.2,card,success,none,30,18,12,0.6,0,0.0,0,6510.58,1
txn_005988,cust_00689,557.05,upi,success,none,20,19,1,0.95,0,0.0,0,119653.12,1
txn_005989,cust_02146,1706.11,wallet,success,none,32,28,4,0.875,0,0.0,0,35530.74,1
txn_005990,cust_02031,2435.51,upi,success,none,5,5,0,1.0,0,0.0,0,117820.69,1
txn_005991,cust_01902,1669.09,card,success,none,25,19,6,0.76,0,0.0,0,103795.46,1
txn_005992,cust_00412,1854.85,upi,success,none,22,17,5,0.7727,0,0.0,0,48837.68,1
txn_005993,cust_02458,429.8,wallet,success,none,4,3,1,0.75,0,0.0,0,9906.49,1
txn_005994,cust_02011,793.4,wallet,success,none,4,3,1,0.75,0,0.0,0,2931.82,1
txn_005995,cust_02436,172.37,netbanking,success,none,3,2,1,0.6667,0,0.0,0,30677.8,1
txn_005996,cust_00460,534.44,card,success,none,10,8,2,0.8,0,0.0,0,74803.97,1
txn_005997,cust_00493,350.16,card,success,none,1,1,0,1.0,0,0.0,0,134937.37,1
txn_005998,cust_02331,1357.39,wallet,failed,technical_error,1,1,0,1.0,1,4.99,0,27314.48,1
txn_005999,cust_01462,14131.04,upi,success,none,4,3,1,0.75,0,0.0,0,142353.32,1
txn_006000,cust_02151,2864.42,wallet,success,none,30,28,2,0.9333,0,0.0,0,132351.25,1
txn_006001,cust_02218,141.9,upi,success,none,8,6,2,0.75,0,0.0,0,78444.51,1
txn_006002,cust_02008,293.64,wallet,success,none,4,3,1,0.75,0,0.0,0,139046.24,1
txn_006003,cust_01156,365.47,wallet,success,none,13,10,3,0.7692,0,0.0,0,50149.93,1
txn_006004,cust_01365,231.56,netbanking,success,none,16,12,4,0.75,0,0.0,0,45358.63,1
txn_006005,cust_01584,1009.81,wallet,failed,bank_decline,36,29,7,0.8056,2,2.11,0,72375.61,1
txn_006006,cust_00329,1683.71,card,success,none,18,15,3,0.8333,0,0.0,0,83812.86,1
txn_006007,cust_01042,367.61,wallet,success,none,4,3,1,0.75,0,0.0,0,100500.13,1
txn_006008,cust_01563,1071.65,wallet,success,none,9,7,2,0.7778,0,0.0,0,19096.54,1
txn_006009,cust_01722,1669.39,card,success,none,7,5,2,0.7143,0,0.0,0,138814.3,1
txn_006010,cust_00154,2694.52,card,success,none,7,7,0,1.0,0,0.0,0,140900.57,1
txn_006011,cust_02274,1565.73,wallet,success,none,29,23,6,0.7931,0,0.0,0,144942.26,1
txn_006012,cust_01612,1863.85,card,success,none,12,7,5,0.5833,0,0.0,0,74075.03,1
txn_006013,cust_01956,1290.25,netbanking,success,none,27,25,2,0.9259,0,0.0,0,16937.26,1
txn_006014,cust_01358,485.8,card,success,none,32,30,2,0.9375,0,0.0,0,82909.2,1
txn_006015,cust_00557,604.55,netbanking,failed,authentication_failed,24,18,6,0.75,2,6.77,0,15803.84,1
txn_006016,cust_00764,356.81,card,success,none,33,27,6,0.8182,0,0.0,0,56720.26,1
txn_006017,cust_02414,5995.07,card,success,none,19,12,7,0.6316,0,0.0,0,17443.1,1
txn_006018,cust_01852,308.2,card,success,none,15,14,1,0.9333,0,0.0,0,109348.16,1
txn_006019,cust_00523,3470.62,card,success,none,17,15,2,0.8824,0,0.0,0,137193.29,1
txn_006020,cust_01885,311.22,wallet,success,none,7,7,0,1.0,0,0.0,0,135812.13,1
txn_006021,cust_01001,2885.46,netbanking,success,none,27,17,10,0.6296,0,0.0,0,50213.75,1
txn_006022,cust_01800,3540.87,netbanking,failed,insufficient_funds,31,19,12,0.6129,2,4.63,0,136072.45,0
txn_006023,cust_02028,4238.59,wallet,failed,technical_error,40,35,5,0.875,0,6.48,0,126627.86,1
txn_006024,cust_00515,472.73,netbanking,success,none,29,23,6,0.7931,0,0.0,0,5971.32,1
txn_006025,cust_00846,1578.58,netbanking,success,none,2,2,0,1.0,0,0.0,0,110615.55,1
txn_006026,cust_00314,734.62,upi,success,none,34,25,9,0.7353,0,0.0,0,144855.59,1
txn_006027,cust_00130,551.91,card,failed,authentication_failed,33,22,11,0.6667,1,0.8,0,12936.61,1
txn_006028,cust_00142,1399.48,card,success,none,20,19,1,0.95,0,0.0,0,69126.46,1
txn_006029,cust_01529,3022.66,wallet,success,none,4,3,1,0.75,0,0.0,0,145911.33,1
txn_006030,cust_00764,738.67,netbanking,success,none,33,27,6,0.8182,0,0.0,0,56720.26,1
txn_006031,cust_01667,1861.56,wallet,failed,authentication_failed,11,10,1,0.9091,0,11.31,0,91490.33,0
txn_006032,cust_01330,540.37,upi,success,none,8,7,1,0.875,0,0.0,0,52840.77,1
txn_006033,cust_00934,471.9,netbanking,success,none,25,23,2,0.92,0,0.0,0,76134.07,1
txn_006034,cust_00277,968.35,upi,success,none,28,15,13,0.5357,0,0.0,0,21219.22,1
txn_006035,cust_02429,1028.16,wallet,success,none,10,9,1,0.9,0,0.0,0,9349.71,1
txn_006036,cust_01141,2611.77,card,success,none,26,15,11,0.5769,0,0.0,0,137353.84,1
txn_006037,cust_00438,383.17,upi,success,none,18,14,4,0.7778,0,0.0,0,62908.06,1
txn_006038,cust_01703,11598.54,upi,success,none,3,2,1,0.6667,0,0.0,0,75813.12,1
txn_006039,cust_02402,223.13,card,success,none,13,13,0,1.0,0,0.0,0,62348.64,1
txn_006040,cust_01315,1682.55,card,success,none,30,25,5,0.8333,0,0.0,0,35546.48,1
txn_006041,cust_00318,1007.19,upi,success,none,38,32,6,0.8421,0,0.0,0,40990.94,1
txn_006042,cust_00154,700.41,card,success,none,7,7,0,1.0,0,0.0,0,140900.57,1
txn_006043,cust_00218,1124.25,upi,failed,authentication_failed,14,12,2,0.8571,2,11.8,0,65053.33,0
txn_006044,cust_00661,2623.25,wallet,success,none,30,23,7,0.7667,0,0.0,0,138253.2,1
txn_006045,cust_01370,3064.12,netbanking,success,none,16,11,5,0.6875,0,0.0,0,32271.85,1
txn_006046,cust_00014,1077.54,card,abandoned,none,14,12,2,0.8571,0,5.83,1,143624.75,1
txn_006047,cust_01027,1866.44,wallet,success,none,12,9,3,0.75,0,0.0,0,3098.55,1
txn_006048,cust_00591,354.15,card,success,none,32,29,3,0.9062,0,0.0,0,107147.8,1
txn_006049,cust_00342,1114.02,wallet,success,none,30,23,7,0.7667,0,0.0,0,41366.55,1
txn_006050,cust_01132,1986.99,wallet,success,none,38,28,10,0.7368,0,0.0,0,108921.48,1
txn_006051,cust_01395,136.59,netbanking,success,none,1,1,0,1.0,0,0.0,0,130467.26,1
txn_006052,cust_00208,1452.32,wallet,success,none,22,15,7,0.6818,0,0.0,0,93850.16,1
txn_006053,cust_02338,1132.06,upi,success,none,4,3,1,0.75,0,0.0,0,33104.63,1
txn_006054,cust_01465,4768.63,upi,success,none,28,11,17,0.3929,0,0.0,0,105569.79,1
txn_006055,cust_00306,1583.06,netbanking,success,none,23,21,2,0.913,0,0.0,0,80379.04,1
txn_006056,cust_00727,2164.25,upi,failed,bank_decline,22,17,5,0.7727,2,8.9,0,142202.57,0
txn_006057,cust_01636,1020.95,upi,success,none,37,35,2,0.9459,0,0.0,0,59348.61,1
txn_006058,cust_02488,2520.09,netbanking,success,none,10,9,1,0.9,0,0.0,0,92342.85,1
txn_006059,cust_00352,2350.28,netbanking,success,none,12,11,1,0.9167,0,0.0,0,46037.87,1
txn_006060,cust_00808,362.63,wallet,success,none,21,18,3,0.8571,0,0.0,0,140072.28,1
txn_006061,cust_00051,1828.0,card,success,none,9,7,2,0.7778,0,0.0,0,76919.42,1
txn_006062,cust_02447,4368.79,upi,success,none,16,13,3,0.8125,0,0.0,0,95303.44,1
txn_006063,cust_01309,3582.41,upi,success,none,8,5,3,0.625,0,0.0,0,4365.18,1
txn_006064,cust_01529,1376.6,wallet,success,none,4,3,1,0.75,0,0.0,0,145911.33,1
txn_006065,cust_01349,1847.69,card,failed,network_error,33,25,8,0.7576,1,2.47,0,98307.39,0
txn_006066,cust_00476,3343.95,upi,success,none,19,16,3,0.8421,0,0.0,0,149616.46,1
txn_006067,cust_02388,428.87,netbanking,success,none,35,30,5,0.8571,0,0.0,0,47139.54,1
txn_006068,cust_01165,2152.5,upi,failed,bank_decline,4,3,1,0.75,2,9.74,0,79067.72,0
txn_006069,cust_02365,186.62,card,success,none,2,2,0,1.0,0,0.0,0,19630.95,1
txn_006070,cust_00690,3172.76,wallet,success,none,38,29,9,0.7632,0,0.0,0,9369.65,1
txn_006071,cust_00495,911.64,card,failed,insufficient_funds,35,35,0,1.0,0,6.36,0,24538.37,0
txn_006072,cust_00624,1228.49,upi,success,none,18,18,0,1.0,0,0.0,0,86540.9,1
txn_006073,cust_01240,768.65,netbanking,success,none,27,25,2,0.9259,0,0.0,0,58782.13,1
txn_006074,cust_02104,1285.56,wallet,success,none,16,13,3,0.8125,0,0.0,0,15906.71,1
txn_006075,cust_02228,1729.15,upi,success,none,24,22,2,0.9167,0,0.0,0,84304.98,1
txn_006076,cust_00765,2847.83,upi,success,none,25,16,9,0.64,0,0.0,0,149184.28,1
txn_006077,cust_01340,4912.32,upi,failed,network_error,12,9,3,0.75,2,9.74,0,73513.86,0
txn_006078,cust_01284,1406.06,card,failed,insufficient_funds,35,29,6,0.8286,0,12.5,0,89479.17,1
txn_006079,cust_00253,254.27,netbanking,failed,bank_decline,16,15,1,0.9375,0,5.09,0,41485.55,0
txn_006080,cust_02186,4942.6,card,failed,bank_decline,14,11,3,0.7857,2,2.64,0,67931.3,0
txn_006081,cust_00051,307.36,card,success,none,9,7,2,0.7778,0,0.0,0,76919.42,1
txn_006082,cust_01032,878.08,wallet,success,none,33,15,18,0.4545,0,0.0,0,49861.07,1
txn_006083,cust_00335,820.28,card,abandoned,none,2,2,0,1.0,0,1.19,1,14864.95,0
txn_006084,cust_01283,1355.0,card,abandoned,none,24,20,4,0.8333,0,6.78,1,105543.51,0
txn_006085,cust_00651,378.61,card,success,none,4,3,1,0.75,0,0.0,0,2145.38,1
txn_006086,cust_00162,360.67,wallet,success,none,4,3,1,0.75,0,0.0,0,14752.47,1
txn_006087,cust_00552,1310.91,card,success,none,7,6,1,0.8571,0,0.0,0,125220.27,1
txn_006088,cust_02417,603.18,wallet,success,none,32,25,7,0.7812,0,0.0,0,28980.63,1
txn_006089,cust_01748,5146.61,wallet,failed,network_error,11,8,3,0.7273,0,13.6,0,10776.93,0
txn_006090,cust_02045,772.1,wallet,failed,insufficient_funds,16,11,5,0.6875,0,6.34,0,143875.63,1
txn_006091,cust_01197,478.99,upi,success,none,7,6,1,0.8571,0,0.0,0,134323.89,1
txn_006092,cust_00147,7128.36,netbanking,failed,insufficient_funds,9,9,0,1.0,3,13.53,0,140055.65,0
txn_006093,cust_01893,2142.94,card,success,none,3,2,1,0.6667,0,0.0,0,2441.18,1
txn_006094,cust_01419,20271.13,netbanking,failed,authentication_failed,1,1,0,1.0,1,8.35,0,32799.76,0
txn_006095,cust_01780,195.92,card,success,none,26,21,5,0.8077,0,0.0,0,88088.59,1
txn_006096,cust_00759,1648.74,card,success,none,33,25,8,0.7576,0,0.0,0,22954.95,1
txn_006097,cust_02259,2176.8,card,failed,technical_error,13,12,1,0.9231,1,12.72,0,78143.66,0
txn_006098,cust_00682,1377.22,wallet,success,none,32,23,9,0.7188,0,0.0,0,70129.01,1
txn_006099,cust_00088,932.62,wallet,failed,insufficient_funds,24,20,4,0.8333,2,2.61,0,66276.91,0
txn_006100,cust_01443,4654.63,wallet,failed,bank_decline,6,5,1,0.8333,0,7.34,0,37976.89,0
txn_006101,cust_02371,2135.38,card,success,none,2,2,0,1.0,0,0.0,0,115869.12,1
txn_006102,cust_01747,247.34,card,success,none,4,4,0,1.0,0,0.0,0,77775.19,1
txn_006103,cust_01306,561.51,card,success,none,29,21,8,0.7241,0,0.0,0,108577.1,1
txn_006104,cust_00234,418.21,netbanking,success,none,16,14,2,0.875,0,0.0,0,22988.13,1
txn_006105,cust_00014,1186.59,wallet,success,none,14,12,2,0.8571,0,0.0,0,143624.75,1
txn_006106,cust_02288,3459.45,netbanking,success,none,12,11,1,0.9167,0,0.0,0,72006.76,1
txn_006107,cust_02497,916.68,wallet,success,none,25,22,3,0.88,0,0.0,0,99030.27,1
txn_006108,cust_01548,1039.9,wallet,failed,authentication_failed,8,6,2,0.75,1,10.78,0,80852.76,0
txn_006109,cust_00048,503.2,netbanking,failed,network_error,38,34,4,0.8947,0,8.59,0,64836.64,0
txn_006110,cust_02263,2867.92,netbanking,failed,network_error,23,20,3,0.8696,1,2.36,0,52773.79,1
txn_006111,cust_01364,4594.65,netbanking,success,none,28,25,3,0.8929,0,0.0,0,16260.05,1
txn_006112,cust_00774,1296.67,upi,failed,technical_error,2,2,0,1.0,0,4.98,0,39132.67,1
txn_006113,cust_01694,6503.0,card,success,none,23,19,4,0.8261,0,0.0,0,121418.84,1
txn_006114,cust_00408,777.37,upi,success,none,12,9,3,0.75,0,0.0,0,149544.88,1
txn_006115,cust_01404,331.3,upi,success,none,32,30,2,0.9375,0,0.0,0,118457.24,1
txn_006116,cust_01757,2994.01,card,success,none,8,7,1,0.875,0,0.0,0,102494.98,1
txn_006117,cust_02480,1216.98,upi,abandoned,none,33,30,3,0.9091,0,2.41,1,57477.49,1
txn_006118,cust_00266,749.02,wallet,success,none,20,15,5,0.75,0,0.0,0,113267.79,1
txn_006119,cust_00584,1446.17,card,success,none,7,6,1,0.8571,0,0.0,0,68348.81,1
txn_006120,cust_01995,274.68,wallet,failed,insufficient_funds,34,25,9,0.7353,1,12.38,0,16864.1,0
txn_006121,cust_00707,233.21,card,success,none,34,31,3,0.9118,0,0.0,0,78889.46,1
txn_006122,cust_00574,1469.33,upi,success,none,35,27,8,0.7714,0,0.0,0,38347.48,1
txn_006123,cust_02156,2068.05,card,success,none,17,13,4,0.7647,0,0.0,0,87216.08,1
txn_006124,cust_01816,5398.4,netbanking,failed,insufficient_funds,13,11,2,0.8462,0,12.65,0,75571.13,0
txn_006125,cust_01300,3250.74,wallet,success,none,19,15,4,0.7895,0,0.0,0,62980.34,1
txn_006126,cust_00891,2528.46,upi,success,none,37,31,6,0.8378,0,0.0,0,7137.95,1
txn_006127,cust_00844,4771.58,card,abandoned,none,21,16,5,0.7619,0,0.83,1,97784.55,1
txn_006128,cust_02192,2186.15,wallet,success,none,33,28,5,0.8485,0,0.0,0,40413.58,1
txn_006129,cust_01770,949.37,netbanking,failed,technical_error,1,1,0,1.0,2,9.46,0,71640.48,1
txn_006130,cust_00963,3335.53,upi,success,none,25,24,1,0.96,0,0.0,0,23018.58,1
txn_006131,cust_01711,3215.07,netbanking,success,none,10,9,1,0.9,0,0.0,0,125282.11,1
txn_006132,cust_00380,1329.0,upi,failed,bank_decline,36,25,11,0.6944,0,7.06,0,12184.67,1
txn_006133,cust_01036,403.51,upi,success,none,16,15,1,0.9375,0,0.0,0,2017.69,1
txn_006134,cust_00552,224.74,netbanking,abandoned,none,7,6,1,0.8571,0,0.53,1,125220.27,1
txn_006135,cust_01928,3110.06,wallet,success,none,32,27,5,0.8438,0,0.0,0,48774.44,1
txn_006136,cust_00753,2161.75,upi,success,none,4,3,1,0.75,0,0.0,0,96535.68,1
txn_006137,cust_01959,2487.66,upi,success,none,26,17,9,0.6538,0,0.0,0,33122.84,1
txn_006138,cust_00085,3228.39,netbanking,success,none,35,26,9,0.7429,0,0.0,0,113534.51,1
txn_006139,cust_02030,545.1,netbanking,success,none,37,27,10,0.7297,0,0.0,0,82973.87,1
txn_006140,cust_01252,205.06,card,success,none,32,24,8,0.75,0,0.0,0,89477.15,1
txn_006141,cust_00272,2243.64,upi,failed,network_error,26,20,6,0.7692,3,0.13,0,108903.03,1
txn_006142,cust_01198,4437.04,upi,success,none,3,3,0,1.0,0,0.0,0,35235.21,1
txn_006143,cust_01501,1904.28,netbanking,abandoned,none,3,2,1,0.6667,0,3.24,1,83376.85,1
txn_006144,cust_00194,302.97,wallet,failed,bank_decline,33,29,4,0.8788,1,9.54,0,60552.08,0
txn_006145,cust_01464,1703.93,wallet,failed,authentication_failed,33,30,3,0.9091,1,9.23,0,115299.39,0
txn_006146,cust_00315,434.96,wallet,failed,authentication_failed,18,13,5,0.7222,3,5.99,0,92770.94,0
txn_006147,cust_01520,286.46,upi,success,none,16,14,2,0.875,0,0.0,0,23434.39,1
txn_006148,cust_00314,1329.2,card,failed,technical_error,34,25,9,0.7353,0,7.51,0,144855.59,0
txn_006149,cust_01870,1575.77,card,success,none,40,37,3,0.925,0,0.0,0,18542.45,1
txn_006150,cust_00921,1213.64,upi,success,none,6,3,3,0.5,0,0.0,0,141839.69,1
txn_006151,cust_01036,2075.87,netbanking,success,none,16,15,1,0.9375,0,0.0,0,2017.69,1
txn_006152,cust_02089,607.53,upi,success,none,39,25,14,0.641,0,0.0,0,59718.17,1
txn_006153,cust_00915,1459.25,netbanking,success,none,11,9,2,0.8182,0,0.0,0,122208.2,1
txn_006154,cust_00126,824.39,wallet,abandoned,none,35,34,1,0.9714,0,4.09,1,10082.68,1
txn_006155,cust_01277,1041.39,upi,success,none,16,13,3,0.8125,0,0.0,0,38649.57,1
txn_006156,cust_00439,1751.82,netbanking,failed,network_error,31,27,4,0.871,2,8.72,0,147056.45,0
txn_006157,cust_00435,3864.7,netbanking,success,none,8,5,3,0.625,0,0.0,0,97508.74,1
txn_006158,cust_00575,1794.17,upi,success,none,12,11,1,0.9167,0,0.0,0,17379.03,1
txn_006159,cust_01253,2499.91,card,failed,technical_error,13,11,2,0.8462,1,6.33,0,69221.38,0
txn_006160,cust_01296,1353.2,netbanking,success,none,24,15,9,0.625,0,0.0,0,59278.99,1
txn_006161,cust_02116,2181.17,netbanking,failed,authentication_failed,22,15,7,0.6818,0,2.05,0,131804.99,1
txn_006162,cust_01918,3766.11,upi,failed,bank_decline,15,15,0,1.0,3,7.87,0,146706.44,0
txn_006163,cust_00226,8770.84,netbanking,success,none,16,13,3,0.8125,0,0.0,0,101246.55,1
txn_006164,cust_01379,4495.25,card,success,none,18,16,2,0.8889,0,0.0,0,142907.2,1
txn_006165,cust_00148,1267.64,wallet,failed,technical_error,5,5,0,1.0,3,6.44,0,132011.27,0
txn_006166,cust_02062,4207.68,card,success,none,5,3,2,0.6,0,0.0,0,112286.73,1
txn_006167,cust_00555,2319.35,upi,failed,insufficient_funds,24,22,2,0.9167,0,6.43,0,33373.18,1
txn_006168,cust_00038,729.81,netbanking,success,none,4,4,0,1.0,0,0.0,0,35128.16,1
txn_006169,cust_01272,2351.51,wallet,failed,insufficient_funds,14,12,2,0.8571,0,10.97,0,66329.79,1
txn_006170,cust_00433,433.25,wallet,success,none,6,5,1,0.8333,0,0.0,0,34480.4,1
txn_006171,cust_00064,2355.01,netbanking,success,none,1,1,0,1.0,0,0.0,0,143118.57,1
txn_006172,cust_01273,7721.75,wallet,success,none,19,16,3,0.8421,0,0.0,0,124860.99,1
txn_006173,cust_01714,3049.14,netbanking,abandoned,none,36,27,9,0.75,0,1.13,1,60205.89,1
txn_006174,cust_01198,4432.05,netbanking,failed,authentication_failed,3,3,0,1.0,0,9.77,0,35235.21,0
txn_006175,cust_01698,917.64,wallet,success,none,34,31,3,0.9118,0,0.0,0,63376.18,1
txn_006176,cust_00482,2166.53,wallet,success,none,4,3,1,0.75,0,0.0,0,44711.8,1
txn_006177,cust_00993,2692.34,card,success,none,31,20,11,0.6452,0,0.0,0,32884.03,1
txn_006178,cust_01169,987.17,netbanking,success,none,15,13,2,0.8667,0,0.0,0,11127.22,1
txn_006179,cust_01899,2653.7,card,success,none,22,9,13,0.4091,0,0.0,0,28247.54,1
txn_006180,cust_01734,2110.52,wallet,success,none,18,13,5,0.7222,0,0.0,0,134657.67,1
txn_006181,cust_00246,2683.34,card,success,none,11,8,3,0.7273,0,0.0,0,111804.66,1
txn_006182,cust_00933,478.15,upi,failed,authentication_failed,36,27,9,0.75,1,3.73,0,44001.65,0
txn_006183,cust_00659,4798.69,netbanking,success,none,23,19,4,0.8261,0,0.0,0,11739.25,1
txn_006184,cust_02161,2102.0,upi,success,none,15,12,3,0.8,0,0.0,0,77939.4,1
txn_006185,cust_00785,1190.18,upi,success,none,10,8,2,0.8,0,0.0,0,44399.53,1
txn_006186,cust_01182,1219.25,card,success,none,16,11,5,0.6875,0,0.0,0,29597.88,1
txn_006187,cust_01083,1288.42,netbanking,success,none,25,17,8,0.68,0,0.0,0,56971.18,1
txn_006188,cust_00397,584.69,upi,success,none,18,13,5,0.7222,0,0.0,0,75570.35,1
txn_006189,cust_00331,4399.12,wallet,success,none,6,5,1,0.8333,0,0.0,0,36962.05,1
txn_006190,cust_00992,3509.08,wallet,success,none,29,20,9,0.6897,0,0.0,0,98739.84,1
txn_006191,cust_00634,3753.07,netbanking,failed,authentication_failed,2,2,0,1.0,2,0.49,0,14671.89,0
txn_006192,cust_01355,6082.63,card,success,none,18,14,4,0.7778,0,0.0,0,34501.67,1
txn_006193,cust_00635,1619.35,card,success,none,34,22,12,0.6471,0,0.0,0,33054.8,1
txn_006194,cust_01057,255.77,upi,success,none,5,4,1,0.8,0,0.0,0,137669.46,1
txn_006195,cust_00111,2512.09,card,success,none,18,17,1,0.9444,0,0.0,0,69931.58,1
txn_006196,cust_00420,2420.25,card,failed,technical_error,26,15,11,0.5769,1,0.83,0,129871.68,1
txn_006197,cust_00527,6334.92,card,success,none,30,21,9,0.7,0,0.0,0,144471.1,1
txn_006198,cust_01085,3952.42,card,success,none,23,19,4,0.8261,0,0.0,0,18676.34,1
txn_006199,cust_01793,1531.47,card,failed,network_error,2,2,0,1.0,1,7.89,0,98654.68,0
txn_006200,cust_01295,1159.43,wallet,success,none,37,27,10,0.7297,0,0.0,0,33933.73,1
txn_006201,cust_00446,3654.22,netbanking,success,none,33,22,11,0.6667,0,0.0,0,40808.73,1
txn_006202,cust_01275,100.0,netbanking,failed,authentication_failed,27,22,5,0.8148,0,7.52,0,101273.67,0
txn_006203,cust_01350,1705.14,netbanking,success,none,27,26,1,0.963,0,0.0,0,103019.8,1
txn_006204,cust_01298,3448.38,card,success,none,10,8,2,0.8,0,0.0,0,52400.14,1
txn_006205,cust_01511,1186.77,upi,success,none,20,18,2,0.9,0,0.0,0,49767.84,1
txn_006206,cust_02378,914.01,netbanking,abandoned,none,9,8,1,0.8889,0,1.36,1,79484.61,1
txn_006207,cust_00799,1798.74,netbanking,success,none,22,19,3,0.8636,0,0.0,0,20878.03,1
txn_006208,cust_01425,5163.9,upi,success,none,31,23,8,0.7419,0,0.0,0,11553.42,1
txn_006209,cust_01366,2102.84,card,success,none,3,3,0,1.0,0,0.0,0,68010.12,1
txn_006210,cust_00115,680.6,wallet,success,none,6,3,3,0.5,0,0.0,0,139028.68,1
txn_006211,cust_02083,4523.23,upi,success,none,35,31,4,0.8857,0,0.0,0,44951.79,1
txn_006212,cust_01848,5495.29,card,success,none,9,8,1,0.8889,0,0.0,0,52067.19,1
txn_006213,cust_01208,597.45,card,success,none,16,15,1,0.9375,0,0.0,0,85437.69,1
txn_006214,cust_01939,21994.9,wallet,success,none,36,26,10,0.7222,0,0.0,0,1025.29,1
txn_006215,cust_01121,1338.56,wallet,success,none,10,8,2,0.8,0,0.0,0,121060.65,1
txn_006216,cust_00139,3457.93,netbanking,success,none,14,7,7,0.5,0,0.0,0,100789.17,1
txn_006217,cust_00200,2772.38,wallet,success,none,21,17,4,0.8095,0,0.0,0,66022.69,1
txn_006218,cust_02094,666.47,card,success,none,12,9,3,0.75,0,0.0,0,33897.41,1
txn_006219,cust_00516,852.76,wallet,success,none,24,20,4,0.8333,0,0.0,0,110121.61,1
txn_006220,cust_00852,1433.26,wallet,success,none,32,26,6,0.8125,0,0.0,0,30826.57,1
txn_006221,cust_02304,206.43,netbanking,failed,network_error,32,23,9,0.7188,3,0.39,0,28247.91,1
txn_006222,cust_00497,3044.15,upi,failed,network_error,38,27,11,0.7105,0,6.6,0,45573.98,0
txn_006223,cust_01038,201.19,netbanking,failed,technical_error,18,17,1,0.9444,3,0.7,0,143151.19,0
txn_006224,cust_00248,1359.22,card,success,none,16,13,3,0.8125,0,0.0,0,126139.57,1
txn_006225,cust_01036,684.22,wallet,success,none,16,15,1,0.9375,0,0.0,0,2017.69,1
txn_006226,cust_01627,2389.43,card,success,none,28,26,2,0.9286,0,0.0,0,118984.54,1
txn_006227,cust_00427,147.8,wallet,success,none,36,27,9,0.75,0,0.0,0,20520.97,1
txn_006228,cust_01615,254.12,upi,success,none,34,26,8,0.7647,0,0.0,0,72220.36,1
txn_006229,cust_00947,737.48,netbanking,success,none,9,7,2,0.7778,0,0.0,0,49866.91,1
txn_006230,cust_02083,2250.36,netbanking,abandoned,none,35,31,4,0.8857,0,6.57,1,44951.79,1
txn_006231,cust_02348,1671.7,netbanking,success,none,19,17,2,0.8947,0,0.0,0,53911.25,1
txn_006232,cust_01751,3828.71,upi,failed,authentication_failed,2,2,0,1.0,2,8.02,0,26886.87,0
txn_006233,cust_01377,1492.04,netbanking,success,none,35,27,8,0.7714,0,0.0,0,26088.23,1
txn_006234,cust_01452,1315.88,netbanking,failed,technical_error,8,6,2,0.75,0,2.51,0,36921.18,0
txn_006235,cust_00448,458.71,wallet,failed,network_error,20,18,2,0.9,1,6.21,0,125783.91,1
txn_006236,cust_00937,1071.3,card,failed,network_error,8,6,2,0.75,0,2.34,0,20170.85,1
txn_006237,cust_00855,1313.54,wallet,failed,bank_decline,29,22,7,0.7586,3,5.49,0,149592.1,0
txn_006238,cust_01109,171.61,upi,failed,network_error,34,19,15,0.5588,0,3.97,0,33935.37,0
txn_006239,cust_01378,549.92,netbanking,success,none,19,14,5,0.7368,0,0.0,0,44110.65,1
txn_006240,cust_01548,2128.89,card,success,none,8,6,2,0.75,0,0.0,0,80852.76,1
txn_006241,cust_00066,1602.78,netbanking,success,none,12,11,1,0.9167,0,0.0,0,76644.57,1
txn_006242,cust_00538,1040.02,card,success,none,40,32,8,0.8,0,0.0,0,132750.99,1
txn_006243,cust_01196,729.65,netbanking,success,none,22,20,2,0.9091,0,0.0,0,85312.64,1
txn_006244,cust_02155,234.42,card,success,none,18,13,5,0.7222,0,0.0,0,125395.97,1
txn_006245,cust_01721,152.11,wallet,success,none,38,30,8,0.7895,0,0.0,0,87818.89,1
txn_006246,cust_00845,985.66,card,success,none,16,12,4,0.75,0,0.0,0,144117.49,1
txn_006247,cust_00939,5936.92,wallet,success,none,22,20,2,0.9091,0,0.0,0,84116.94,1
txn_006248,cust_01805,1389.79,card,success,none,17,17,0,1.0,0,0.0,0,109052.81,1
txn_006249,cust_02370,3719.71,card,success,none,31,28,3,0.9032,0,0.0,0,82716.63,1
txn_006250,cust_00491,412.94,upi,success,none,30,27,3,0.9,0,0.0,0,96047.79,1
txn_006251,cust_02006,1777.83,wallet,failed,insufficient_funds,33,26,7,0.7879,2,2.79,0,117861.77,0
txn_006252,cust_01030,662.69,wallet,abandoned,none,13,10,3,0.7692,0,4.03,1,27148.74,0
txn_006253,cust_01407,637.61,card,failed,insufficient_funds,11,7,4,0.6364,2,12.65,0,66751.61,0
txn_006254,cust_00457,2820.27,upi,success,none,27,23,4,0.8519,0,0.0,0,7503.45,1
txn_006255,cust_02326,1187.44,card,success,none,37,29,8,0.7838,0,0.0,0,103215.77,1
txn_006256,cust_00125,335.11,netbanking,success,none,4,3,1,0.75,0,0.0,0,87297.86,1
txn_006257,cust_00955,1477.39,wallet,success,none,8,5,3,0.625,0,0.0,0,147004.81,1
txn_006258,cust_00933,654.47,upi,abandoned,none,36,27,9,0.75,0,4.32,1,44001.65,0
txn_006259,cust_01128,315.98,upi,failed,technical_error,13,11,2,0.8462,2,0.82,0,8678.96,0
txn_006260,cust_00655,495.05,wallet,success,none,1,1,0,1.0,0,0.0,0,75110.41,1
txn_006261,cust_02485,10361.92,upi,success,none,35,27,8,0.7714,0,0.0,0,123038.41,1
txn_006262,cust_00076,4502.48,upi,success,none,20,13,7,0.65,0,0.0,0,36678.39,1
txn_006263,cust_00708,178.66,upi,success,none,11,9,2,0.8182,0,0.0,0,55220.8,1
txn_006264,cust_00350,1109.47,card,abandoned,none,7,4,3,0.5714,0,0.94,1,125061.63,1
txn_006265,cust_01144,1193.35,netbanking,success,none,35,19,16,0.5429,0,0.0,0,97659.48,1
txn_006266,cust_01325,1026.55,wallet,failed,bank_decline,21,19,2,0.9048,1,3.01,0,30364.07,0
txn_006267,cust_02114,689.6,wallet,abandoned,none,28,22,6,0.7857,0,0.89,1,42225.3,1
txn_006268,cust_00122,2827.27,card,success,none,36,19,17,0.5278,0,0.0,0,99618.83,1
txn_006269,cust_02257,3438.17,upi,failed,insufficient_funds,26,21,5,0.8077,2,13.15,0,53616.02,0
txn_006270,cust_00049,3823.8,card,abandoned,none,38,33,5,0.8684,0,5.17,1,60510.68,1
txn_006271,cust_00906,1863.31,upi,success,none,23,20,3,0.8696,0,0.0,0,146330.75,1
txn_006272,cust_02238,2461.82,wallet,success,none,4,4,0,1.0,0,0.0,0,24949.96,1
txn_006273,cust_01985,949.1,netbanking,success,none,13,10,3,0.7692,0,0.0,0,32247.19,1
txn_006274,cust_00021,276.87,netbanking,success,none,19,14,5,0.7368,0,0.0,0,124581.29,1
txn_006275,cust_01374,269.68,upi,success,none,14,9,5,0.6429,0,0.0,0,122215.95,1
txn_006276,cust_01793,571.52,card,failed,authentication_failed,2,2,0,1.0,3,8.75,0,98654.68,0
txn_006277,cust_00525,1096.01,wallet,success,none,19,19,0,1.0,0,0.0,0,112237.34,1
txn_006278,cust_01390,371.24,upi,success,none,5,4,1,0.8,0,0.0,0,95410.54,1
txn_006279,cust_00551,432.74,upi,success,none,10,8,2,0.8,0,0.0,0,132926.65,1
txn_006280,cust_00926,917.46,netbanking,failed,network_error,31,21,10,0.6774,0,9.58,0,43576.51,0
txn_006281,cust_01644,3178.34,card,success,none,6,4,2,0.6667,0,0.0,0,123427.61,1
txn_006282,cust_01069,1871.19,card,abandoned,none,30,24,6,0.8,0,4.27,1,101242.39,1
txn_006283,cust_02352,564.8,netbanking,success,none,30,17,13,0.5667,0,0.0,0,95125.12,1
txn_006284,cust_01547,1403.02,wallet,success,none,30,18,12,0.6,0,0.0,0,47790.96,1
txn_006285,cust_02278,354.73,wallet,success,none,38,23,15,0.6053,0,0.0,0,129441.47,1
txn_006286,cust_01475,564.8,netbanking,success,none,16,12,4,0.75,0,0.0,0,9627.99,1
txn_006287,cust_00353,255.4,upi,success,none,35,32,3,0.9143,0,0.0,0,19860.86,1
txn_006288,cust_01789,2056.66,wallet,success,none,34,25,9,0.7353,0,0.0,0,115055.68,1
txn_006289,cust_01187,1009.48,upi,success,none,16,11,5,0.6875,0,0.0,0,148544.72,1
txn_006290,cust_02372,1143.99,wallet,success,none,34,22,12,0.6471,0,0.0,0,114984.46,1
txn_006291,cust_00888,2998.71,wallet,success,none,38,36,2,0.9474,0,0.0,0,23974.95,1
txn_006292,cust_00656,494.11,netbanking,success,none,28,23,5,0.8214,0,0.0,0,27178.53,1
txn_006293,cust_00449,2136.13,wallet,failed,network_error,38,31,7,0.8158,1,12.98,0,149836.45,1
txn_006294,cust_01012,9749.01,wallet,success,none,3,2,1,0.6667,0,0.0,0,137071.23,1
txn_006295,cust_00012,501.64,netbanking,success,none,11,8,3,0.7273,0,0.0,0,105022.77,1
txn_006296,cust_00823,280.61,wallet,success,none,12,8,4,0.6667,0,0.0,0,82275.69,1
txn_006297,cust_01832,380.76,netbanking,success,none,26,25,1,0.9615,0,0.0,0,64924.79,1
txn_006298,cust_01770,1975.52,card,failed,bank_decline,1,1,0,1.0,1,6.63,0,71640.48,1
txn_006299,cust_01403,7679.37,wallet,success,none,37,22,15,0.5946,0,0.0,0,20458.54,1
txn_006300,cust_01982,7371.15,card,abandoned,none,33,26,7,0.7879,0,1.16,1,45538.06,1
txn_006301,cust_00111,3117.87,netbanking,success,none,18,17,1,0.9444,0,0.0,0,69931.58,1
txn_006302,cust_02360,3226.96,netbanking,failed,insufficient_funds,26,23,3,0.8846,2,3.35,0,41415.97,0
txn_006303,cust_00744,2131.45,netbanking,failed,authentication_failed,16,15,1,0.9375,0,0.2,0,47110.72,1
txn_006304,cust_00004,2765.84,netbanking,failed,technical_error,35,25,10,0.7143,1,5.76,0,13953.89,0
txn_006305,cust_00842,1814.85,upi,success,none,5,2,3,0.4,0,0.0,0,86514.34,1
txn_006306,cust_00300,601.99,card,failed,authentication_failed,25,22,3,0.88,2,9.19,0,60101.51,1
txn_006307,cust_02112,7431.17,netbanking,success,none,21,17,4,0.8095,0,0.0,0,37680.1,1
txn_006308,cust_01094,5092.03,wallet,failed,authentication_failed,10,8,2,0.8,0,10.34,0,42071.81,0
txn_006309,cust_01746,615.85,upi,success,none,34,30,4,0.8824,0,0.0,0,130211.16,1
txn_006310,cust_01546,2561.84,upi,failed,bank_decline,7,7,0,1.0,1,12.22,0,25491.87,1
txn_006311,cust_00209,5774.7,netbanking,failed,insufficient_funds,8,7,1,0.875,3,13.89,0,108243.39,0
txn_006312,cust_01163,2035.87,card,success,none,35,26,9,0.7429,0,0.0,0,73759.13,1
txn_006313,cust_01563,1090.77,card,success,none,9,7,2,0.7778,0,0.0,0,19096.54,1
txn_006314,cust_01789,5595.57,card,failed,network_error,34,25,9,0.7353,3,9.94,0,115055.68,0
txn_006315,cust_00026,1729.07,netbanking,success,none,6,5,1,0.8333,0,0.0,0,128442.34,1
txn_006316,cust_02055,714.89,wallet,success,none,11,7,4,0.6364,0,0.0,0,145772.69,1
txn_006317,cust_01190,424.04,wallet,success,none,3,2,1,0.6667,0,0.0,0,14931.58,1
txn_006318,cust_02004,100.0,netbanking,failed,insufficient_funds,36,34,2,0.9444,2,1.61,0,129861.38,0
txn_006319,cust_02061,9634.68,wallet,success,none,28,24,4,0.8571,0,0.0,0,97337.61,1
txn_006320,cust_01058,580.07,card,success,none,8,7,1,0.875,0,0.0,0,10201.95,1
txn_006321,cust_00840,3512.01,card,success,none,10,9,1,0.9,0,0.0,0,102180.25,1
txn_006322,cust_02147,533.58,card,success,none,17,13,4,0.7647,0,0.0,0,56045.84,1
txn_006323,cust_00098,1582.81,upi,success,none,14,12,2,0.8571,0,0.0,0,81345.86,1
txn_006324,cust_00867,2100.08,card,success,none,6,5,1,0.8333,0,0.0,0,10796.47,1
txn_006325,cust_01119,387.95,netbanking,abandoned,none,35,19,16,0.5429,0,2.52,1,71554.3,1
txn_006326,cust_01979,3487.84,upi,success,none,22,21,1,0.9545,0,0.0,0,145603.26,1
txn_006327,cust_01090,1098.57,upi,failed,authentication_failed,30,26,4,0.8667,3,5.53,0,101351.48,0
txn_006328,cust_01711,2327.72,card,success,none,10,9,1,0.9,0,0.0,0,125282.11,1
txn_006329,cust_01647,5736.0,netbanking,success,none,5,3,2,0.6,0,0.0,0,53221.69,1
txn_006330,cust_02014,2806.3,wallet,failed,authentication_failed,24,19,5,0.7917,2,11.45,0,113511.05,0
txn_006331,cust_01577,1218.25,wallet,failed,authentication_failed,25,22,3,0.88,3,0.75,0,102798.72,0
txn_006332,cust_00035,9358.58,netbanking,failed,bank_decline,25,13,12,0.52,3,4.42,0,41222.23,0
txn_006333,cust_00758,1280.94,upi,success,none,11,11,0,1.0,0,0.0,0,41645.9,1
txn_006334,cust_02348,1470.17,wallet,success,none,19,17,2,0.8947,0,0.0,0,53911.25,1
txn_006335,cust_02054,1137.26,wallet,abandoned,none,6,6,0,1.0,0,3.33,1,142283.56,1
txn_006336,cust_01130,393.23,card,success,none,39,33,6,0.8462,0,0.0,0,6892.59,1
txn_006337,cust_02270,352.21,netbanking,success,none,22,18,4,0.8182,0,0.0,0,142105.3,1
txn_006338,cust_02488,769.54,card,success,none,10,9,1,0.9,0,0.0,0,92342.85,1
txn_006339,cust_00951,486.03,wallet,failed,network_error,33,31,2,0.9394,0,0.96,0,124415.12,1
txn_006340,cust_00573,1014.68,netbanking,success,none,10,6,4,0.6,0,0.0,0,148141.57,1
txn_006341,cust_00829,3059.97,upi,success,none,3,2,1,0.6667,0,0.0,0,109295.34,1
txn_006342,cust_00360,889.74,netbanking,success,none,22,18,4,0.8182,0,0.0,0,28470.19,1
txn_006343,cust_02229,1668.97,card,abandoned,none,31,27,4,0.871,0,5.76,1,38812.87,1
txn_006344,cust_00082,807.62,upi,success,none,36,25,11,0.6944,0,0.0,0,25603.92,1
txn_006345,cust_02083,17069.28,netbanking,success,none,35,31,4,0.8857,0,0.0,0,44951.79,1
txn_006346,cust_01031,6052.55,netbanking,success,none,26,22,4,0.8462,0,0.0,0,124221.48,1
txn_006347,cust_01522,1045.65,card,success,none,35,29,6,0.8286,0,0.0,0,52617.13,1
txn_006348,cust_02333,1758.47,wallet,success,none,34,30,4,0.8824,0,0.0,0,80563.41,1
txn_006349,cust_00790,350.59,wallet,success,none,24,21,3,0.875,0,0.0,0,11084.22,1
txn_006350,cust_01420,1080.95,wallet,failed,technical_error,5,2,3,0.4,1,4.51,0,20772.27,0
txn_006351,cust_02343,734.81,card,success,none,17,16,1,0.9412,0,0.0,0,52276.9,1
txn_006352,cust_00365,2815.49,card,success,none,4,2,2,0.5,0,0.0,0,23607.32,1
txn_006353,cust_01738,528.31,wallet,abandoned,none,7,6,1,0.8571,0,1.81,1,145902.0,0
txn_006354,cust_02223,7028.58,netbanking,failed,technical_error,35,31,4,0.8857,3,9.33,0,64110.67,1
txn_006355,cust_02187,1254.6,card,success,none,31,27,4,0.871,0,0.0,0,130228.06,1
txn_006356,cust_00189,561.48,upi,success,none,30,14,16,0.4667,0,0.0,0,53099.11,1
txn_006357,cust_00455,1383.21,wallet,success,none,16,10,6,0.625,0,0.0,0,86197.85,1
txn_006358,cust_02469,2798.32,netbanking,success,none,36,27,9,0.75,0,0.0,0,44912.47,1
txn_006359,cust_00689,2253.86,card,success,none,20,19,1,0.95,0,0.0,0,119653.12,1
txn_006360,cust_02199,1566.46,netbanking,success,none,10,7,3,0.7,0,0.0,0,91221.14,1
txn_006361,cust_01483,3221.59,upi,success,none,17,14,3,0.8235,0,0.0,0,25877.48,1
txn_006362,cust_00784,3030.52,wallet,success,none,37,28,9,0.7568,0,0.0,0,37048.78,1
txn_006363,cust_02484,3045.69,upi,success,none,5,4,1,0.8,0,0.0,0,99085.12,1
txn_006364,cust_00538,1016.71,wallet,failed,technical_error,40,32,8,0.8,0,9.55,0,132750.99,0
txn_006365,cust_01282,1009.67,card,failed,bank_decline,27,26,1,0.963,3,2.31,0,82003.14,0
txn_006366,cust_00509,1088.61,netbanking,success,none,19,18,1,0.9474,0,0.0,0,116585.41,1
txn_006367,cust_01123,817.24,netbanking,failed,authentication_failed,27,23,4,0.8519,1,11.59,0,84035.73,0
txn_006368,cust_01109,1488.72,wallet,success,none,34,19,15,0.5588,0,0.0,0,33935.37,1
txn_006369,cust_00385,1331.92,wallet,success,none,30,25,5,0.8333,0,0.0,0,11605.78,1
txn_006370,cust_00966,7009.83,card,abandoned,none,29,29,0,1.0,0,2.53,1,47740.18,1
txn_006371,cust_01180,808.5,card,failed,authentication_failed,12,11,1,0.9167,1,4.59,0,16945.45,0
txn_006372,cust_00375,499.34,netbanking,success,none,4,4,0,1.0,0,0.0,0,91835.01,1
txn_006373,cust_02026,2554.81,netbanking,success,none,10,10,0,1.0,0,0.0,0,6951.15,1
txn_006374,cust_02159,1438.74,netbanking,success,none,5,4,1,0.8,0,0.0,0,77982.77,1
txn_006375,cust_00654,674.29,upi,success,none,19,15,4,0.7895,0,0.0,0,49890.23,1
txn_006376,cust_01219,2928.12,card,failed,network_error,18,15,3,0.8333,0,6.88,0,117748.67,1
txn_006377,cust_02459,1013.34,card,failed,bank_decline,10,7,3,0.7,1,7.27,0,105497.89,0
txn_006378,cust_02315,6150.48,wallet,success,none,14,11,3,0.7857,0,0.0,0,57534.77,1
txn_006379,cust_00017,517.94,netbanking,abandoned,none,23,16,7,0.6957,0,1.5,1,90955.18,1
txn_006380,cust_00050,749.33,wallet,success,none,15,10,5,0.6667,0,0.0,0,149601.54,1
txn_006381,cust_00713,1521.82,card,success,none,7,4,3,0.5714,0,0.0,0,84136.52,1
txn_006382,cust_00990,5207.13,card,failed,authentication_failed,19,17,2,0.8947,3,8.85,0,143341.74,0
txn_006383,cust_01787,656.22,netbanking,success,none,18,16,2,0.8889,0,0.0,0,39910.89,1
txn_006384,cust_00266,1951.8,wallet,success,none,20,15,5,0.75,0,0.0,0,113267.79,1
txn_006385,cust_00923,418.23,netbanking,success,none,16,12,4,0.75,0,0.0,0,33056.52,1
txn_006386,cust_00438,3350.03,netbanking,success,none,18,14,4,0.7778,0,0.0,0,62908.06,1
txn_006387,cust_01596,697.97,wallet,success,none,18,17,1,0.9444,0,0.0,0,9730.09,1
txn_006388,cust_01012,2486.85,card,failed,technical_error,3,2,1,0.6667,1,8.54,0,137071.23,1
txn_006389,cust_00209,2618.63,card,abandoned,none,8,7,1,0.875,0,2.49,1,108243.39,0
txn_006390,cust_00403,217.91,card,failed,bank_decline,37,33,4,0.8919,1,8.01,0,88481.32,0
txn_006391,cust_01936,1651.31,netbanking,success,none,8,7,1,0.875,0,0.0,0,147119.94,1
txn_006392,cust_01829,807.8,wallet,success,none,11,7,4,0.6364,0,0.0,0,73946.99,1
txn_006393,cust_02315,2205.06,upi,failed,technical_error,14,11,3,0.7857,0,3.17,0,57534.77,0
txn_006394,cust_02460,558.88,upi,success,none,7,7,0,1.0,0,0.0,0,19748.29,1
txn_006395,cust_02456,748.87,card,success,none,32,31,1,0.9688,0,0.0,0,14618.83,1
txn_006396,cust_01291,4440.25,wallet,success,none,28,24,4,0.8571,0,0.0,0,16785.74,1
txn_006397,cust_01179,4109.58,card,success,none,28,25,3,0.8929,0,0.0,0,121118.99,1
txn_006398,cust_01727,495.66,card,abandoned,none,32,29,3,0.9062,0,0.33,1,86231.46,0
txn_006399,cust_01604,8073.73,netbanking,success,none,12,11,1,0.9167,0,0.0,0,27238.95,1
txn_006400,cust_01131,101.29,netbanking,success,none,5,3,2,0.6,0,0.0,0,29036.33,1
txn_006401,cust_00884,1660.01,wallet,success,none,36,29,7,0.8056,0,0.0,0,41893.2,1
txn_006402,cust_00657,370.76,wallet,success,none,25,12,13,0.48,0,0.0,0,80354.77,1
txn_006403,cust_00641,1941.82,upi,success,none,40,29,11,0.725,0,0.0,0,8414.61,1
txn_006404,cust_00616,1031.07,card,failed,authentication_failed,28,17,11,0.6071,3,10.08,0,130345.73,0
txn_006405,cust_00644,484.13,wallet,success,none,29,20,9,0.6897,0,0.0,0,62713.38,1
txn_006406,cust_02078,640.72,wallet,abandoned,none,19,16,3,0.8421,0,2.31,1,115025.86,1
txn_006407,cust_00231,609.95,card,success,none,5,3,2,0.6,0,0.0,0,68857.01,1
txn_006408,cust_00894,1445.75,upi,success,none,14,11,3,0.7857,0,0.0,0,115276.89,1
txn_006409,cust_00246,3550.08,wallet,success,none,11,8,3,0.7273,0,0.0,0,111804.66,1
txn_006410,cust_01402,9497.75,wallet,success,none,19,15,4,0.7895,0,0.0,0,51325.52,1
txn_006411,cust_01827,1129.02,netbanking,success,none,18,11,7,0.6111,0,0.0,0,32197.97,1
txn_006412,cust_01693,1805.9,upi,success,none,7,5,2,0.7143,0,0.0,0,13770.39,1
txn_006413,cust_01266,4386.19,wallet,success,none,18,16,2,0.8889,0,0.0,0,122657.68,1
txn_006414,cust_01124,854.97,wallet,success,none,9,7,2,0.7778,0,0.0,0,58874.44,1
txn_006415,cust_01176,612.11,wallet,success,none,1,1,0,1.0,0,0.0,0,3492.2,1
txn_006416,cust_01693,9399.63,netbanking,abandoned,none,7,5,2,0.7143,0,5.42,1,13770.39,1
txn_006417,cust_01683,1119.05,card,success,none,8,7,1,0.875,0,0.0,0,46944.66,1
txn_006418,cust_02028,1664.59,card,success,none,40,35,5,0.875,0,0.0,0,126627.86,1
txn_006419,cust_00279,269.38,netbanking,success,none,17,16,1,0.9412,0,0.0,0,57486.48,1
txn_006420,cust_02047,793.29,wallet,success,none,8,6,2,0.75,0,0.0,0,58495.51,1
txn_006421,cust_02320,8840.86,netbanking,failed,authentication_failed,40,29,11,0.725,2,11.07,0,52121.37,1
txn_006422,cust_00937,2127.72,card,success,none,8,6,2,0.75,0,0.0,0,20170.85,1
txn_006423,cust_00747,1301.56,wallet,failed,technical_error,37,36,1,0.973,2,8.96,0,147681.53,1
txn_006424,cust_02310,5397.63,card,success,none,23,21,2,0.913,0,0.0,0,59663.82,1
txn_006425,cust_01336,258.5,upi,failed,network_error,12,7,5,0.5833,2,6.77,0,56622.6,0
txn_006426,cust_01509,884.7,card,success,none,26,24,2,0.9231,0,0.0,0,11270.04,1
txn_006427,cust_01986,13029.72,wallet,success,none,19,12,7,0.6316,0,0.0,0,103305.08,1
txn_006428,cust_01167,1274.15,card,abandoned,none,4,3,1,0.75,0,2.22,1,114886.49,1
txn_006429,cust_01933,1265.36,upi,success,none,6,5,1,0.8333,0,0.0,0,69405.09,1
txn_006430,cust_01994,4355.29,card,success,none,28,24,4,0.8571,0,0.0,0,121437.41,1
txn_006431,cust_00500,4668.79,upi,success,none,13,8,5,0.6154,0,0.0,0,149906.66,1
txn_006432,cust_00609,364.47,netbanking,failed,bank_decline,31,26,5,0.8387,1,2.41,0,11002.86,0
txn_006433,cust_00135,2054.87,upi,failed,network_error,39,35,4,0.8974,3,12.58,0,6921.51,0
txn_006434,cust_00105,7752.65,wallet,failed,technical_error,4,3,1,0.75,2,2.85,0,101331.32,1
txn_006435,cust_02236,704.1,wallet,success,none,22,17,5,0.7727,0,0.0,0,120327.21,1
txn_006436,cust_01205,922.94,wallet,success,none,14,14,0,1.0,0,0.0,0,88468.38,1
txn_006437,cust_00099,1378.59,upi,abandoned,none,37,33,4,0.8919,0,3.12,1,86855.54,1
txn_006438,cust_01243,2682.07,wallet,success,none,16,13,3,0.8125,0,0.0,0,86222.1,1
txn_006439,cust_02489,321.29,netbanking,success,none,21,18,3,0.8571,0,0.0,0,62060.87,1
txn_006440,cust_00020,100.0,netbanking,success,none,25,20,5,0.8,0,0.0,0,12741.23,1
txn_006441,cust_00651,1661.53,netbanking,failed,insufficient_funds,4,3,1,0.75,2,4.76,0,2145.38,1
txn_006442,cust_01750,4297.88,card,success,none,34,24,10,0.7059,0,0.0,0,132020.56,1
txn_006443,cust_01545,980.48,wallet,success,none,38,28,10,0.7368,0,0.0,0,17236.95,1
txn_006444,cust_00864,727.49,card,success,none,2,2,0,1.0,0,0.0,0,54773.58,1
txn_006445,cust_00651,1133.46,wallet,success,none,4,3,1,0.75,0,0.0,0,2145.38,1
txn_006446,cust_01692,6617.98,card,success,none,10,8,2,0.8,0,0.0,0,113083.04,1
txn_006447,cust_01108,689.14,wallet,success,none,10,9,1,0.9,0,0.0,0,147868.64,1
txn_006448,cust_00987,2369.14,netbanking,success,none,25,13,12,0.52,0,0.0,0,134468.31,1
txn_006449,cust_01764,422.6,wallet,success,none,25,18,7,0.72,0,0.0,0,8398.01,1
txn_006450,cust_00411,443.32,netbanking,success,none,31,19,12,0.6129,0,0.0,0,52846.2,1
txn_006451,cust_00357,3118.3,upi,abandoned,none,32,27,5,0.8438,0,6.1,1,16285.56,1
txn_006452,cust_02057,6866.22,wallet,failed,technical_error,5,4,1,0.8,3,13.2,0,32406.44,0
txn_006453,cust_00694,3258.43,netbanking,abandoned,none,19,18,1,0.9474,0,4.27,1,12432.92,0
txn_006454,cust_00078,171.77,card,success,none,6,4,2,0.6667,0,0.0,0,13762.36,1
txn_006455,cust_01476,880.12,upi,success,none,6,5,1,0.8333,0,0.0,0,138769.54,1
txn_006456,cust_01328,1700.91,wallet,failed,bank_decline,21,15,6,0.7143,2,3.9,0,89948.65,0
txn_006457,cust_02213,1421.65,card,success,none,15,14,1,0.9333,0,0.0,0,136602.72,1
txn_006458,cust_00416,196.43,card,success,none,26,14,12,0.5385,0,0.0,0,122221.34,1
txn_006459,cust_02373,366.06,card,success,none,6,5,1,0.8333,0,0.0,0,16485.33,1
txn_006460,cust_00280,600.79,card,success,none,14,14,0,1.0,0,0.0,0,68750.2,1
txn_006461,cust_00834,1251.87,wallet,abandoned,none,11,10,1,0.9091,0,4.26,1,142965.62,0
txn_006462,cust_02499,193.63,upi,success,none,38,38,0,1.0,0,0.0,0,39134.84,1
txn_006463,cust_00647,2441.15,card,abandoned,none,8,7,1,0.875,0,0.29,1,43203.72,1
txn_006464,cust_00393,1220.5,netbanking,success,none,39,33,6,0.8462,0,0.0,0,112594.7,1
txn_006465,cust_00628,471.91,card,success,none,18,11,7,0.6111,0,0.0,0,5314.02,1
txn_006466,cust_00886,1625.53,upi,abandoned,none,6,4,2,0.6667,0,1.77,1,75883.4,0
txn_006467,cust_00889,317.34,upi,success,none,40,39,1,0.975,0,0.0,0,108374.28,1
txn_006468,cust_02267,1271.45,card,success,none,17,16,1,0.9412,0,0.0,0,27080.18,1
txn_006469,cust_00752,221.25,card,success,none,9,7,2,0.7778,0,0.0,0,131077.29,1
txn_006470,cust_01747,256.01,wallet,success,none,4,4,0,1.0,0,0.0,0,77775.19,1
txn_006471,cust_00750,850.61,netbanking,success,none,27,22,5,0.8148,0,0.0,0,144973.95,1
txn_006472,cust_01004,654.41,upi,success,none,36,22,14,0.6111,0,0.0,0,146708.7,1
txn_006473,cust_01312,1967.05,wallet,failed,insufficient_funds,16,13,3,0.8125,0,9.82,0,77883.09,0
txn_006474,cust_02384,1314.67,upi,abandoned,none,36,31,5,0.8611,0,2.7,1,67281.89,1
txn_006475,cust_00871,10942.35,card,abandoned,none,5,4,1,0.8,0,5.96,1,19673.69,0
txn_006476,cust_01054,1027.45,card,failed,technical_error,39,26,13,0.6667,3,1.68,0,131097.12,0
txn_006477,cust_01281,100.0,netbanking,failed,network_error,26,23,3,0.8846,3,8.7,0,80620.74,1
txn_006478,cust_00240,175.15,wallet,success,none,8,6,2,0.75,0,0.0,0,69012.81,1
txn_006479,cust_02184,404.99,card,failed,network_error,37,27,10,0.7297,0,0.75,0,96005.78,1
txn_006480,cust_02129,39519.08,upi,failed,technical_error,3,3,0,1.0,1,4.03,0,83187.51,0
txn_006481,cust_00468,1291.13,card,failed,bank_decline,17,13,4,0.7647,0,5.39,0,51445.62,0
txn_006482,cust_00103,4058.35,netbanking,failed,bank_decline,23,19,4,0.8261,1,3.79,0,64113.21,1
txn_006483,cust_00957,3667.29,card,success,none,2,2,0,1.0,0,0.0,0,89939.53,1
txn_006484,cust_00766,377.32,wallet,success,none,24,21,3,0.875,0,0.0,0,34456.28,1
txn_006485,cust_00176,222.93,card,success,none,7,7,0,1.0,0,0.0,0,53698.12,1
txn_006486,cust_01789,2546.09,wallet,success,none,34,25,9,0.7353,0,0.0,0,115055.68,1
txn_006487,cust_00679,145.41,card,success,none,10,6,4,0.6,0,0.0,0,39139.27,1
txn_006488,cust_00109,3560.51,upi,failed,insufficient_funds,13,10,3,0.7692,3,6.3,0,80906.58,0
txn_006489,cust_01774,1191.47,wallet,failed,technical_error,20,17,3,0.85,3,10.34,0,107198.33,0
txn_006490,cust_00029,2480.1,card,success,none,24,20,4,0.8333,0,0.0,0,25235.46,1
txn_006491,cust_02078,1814.28,wallet,failed,bank_decline,19,16,3,0.8421,3,6.25,0,115025.86,0
txn_006492,cust_00699,1913.77,card,success,none,37,31,6,0.8378,0,0.0,0,98123.78,1
txn_006493,cust_00343,1486.96,wallet,success,none,17,15,2,0.8824,0,0.0,0,35350.17,1
txn_006494,cust_01385,1775.08,card,success,none,9,8,1,0.8889,0,0.0,0,38201.91,1
txn_006495,cust_00049,1402.6,netbanking,failed,insufficient_funds,38,33,5,0.8684,2,10.93,0,60510.68,1
txn_006496,cust_01404,338.16,upi,success,none,32,30,2,0.9375,0,0.0,0,118457.24,1
txn_006497,cust_00011,903.38,netbanking,success,none,1,1,0,1.0,0,0.0,0,114062.3,1
txn_006498,cust_01193,11728.43,wallet,abandoned,none,1,1,0,1.0,0,3.18,1,105723.93,1
txn_006499,cust_02034,1833.75,netbanking,success,none,33,27,6,0.8182,0,0.0,0,24746.2,1
txn_006500,cust_00203,4198.36,upi,success,none,3,3,0,1.0,0,0.0,0,106609.01,1
txn_006501,cust_00098,501.13,wallet,success,none,14,12,2,0.8571,0,0.0,0,81345.86,1
txn_006502,cust_00166,492.48,netbanking,abandoned,none,17,13,4,0.7647,0,1.7,1,25075.71,1
txn_006503,cust_00032,402.04,upi,success,none,5,4,1,0.8,0,0.0,0,91760.52,1
txn_006504,cust_00685,353.62,wallet,success,none,37,32,5,0.8649,0,0.0,0,96805.78,1
txn_006505,cust_00993,264.44,card,success,none,31,20,11,0.6452,0,0.0,0,32884.03,1
txn_006506,cust_00483,1691.24,card,success,none,24,21,3,0.875,0,0.0,0,65172.33,1
txn_006507,cust_00369,938.4,card,success,none,27,24,3,0.8889,0,0.0,0,91341.33,1
txn_006508,cust_00114,3214.72,wallet,failed,authentication_failed,35,24,11,0.6857,0,1.11,0,125568.11,0
txn_006509,cust_00162,982.01,netbanking,success,none,4,3,1,0.75,0,0.0,0,14752.47,1
txn_006510,cust_01644,121.12,netbanking,success,none,6,4,2,0.6667,0,0.0,0,123427.61,1
txn_006511,cust_01119,2087.28,wallet,failed,insufficient_funds,35,19,16,0.5429,3,0.78,0,71554.3,0
txn_006512,cust_02215,175.84,netbanking,abandoned,none,35,28,7,0.8,0,6.02,1,61888.36,0
txn_006513,cust_02090,1659.7,wallet,abandoned,none,36,23,13,0.6389,0,4.45,1,142099.93,1
txn_006514,cust_01043,619.33,upi,success,none,30,27,3,0.9,0,0.0,0,46714.14,1
txn_006515,cust_00104,1690.04,netbanking,success,none,30,26,4,0.8667,0,0.0,0,129711.68,1
txn_006516,cust_00329,316.2,card,success,none,18,15,3,0.8333,0,0.0,0,83812.86,1
txn_006517,cust_00494,2917.04,upi,failed,insufficient_funds,30,22,8,0.7333,2,11.51,0,135280.2,0
txn_006518,cust_01667,1390.77,wallet,failed,authentication_failed,11,10,1,0.9091,3,6.2,0,91490.33,0
txn_006519,cust_02394,949.37,netbanking,success,none,34,26,8,0.7647,0,0.0,0,122491.59,1
txn_006520,cust_00119,245.98,upi,success,none,11,9,2,0.8182,0,0.0,0,57466.99,1
txn_006521,cust_00388,8188.9,wallet,success,none,13,12,1,0.9231,0,0.0,0,64345.71,1
txn_006522,cust_01980,540.89,wallet,failed,insufficient_funds,29,27,2,0.931,1,12.39,0,120914.73,0
txn_006523,cust_02274,1742.26,upi,success,none,29,23,6,0.7931,0,0.0,0,144942.26,1
txn_006524,cust_00943,518.59,netbanking,success,none,3,3,0,1.0,0,0.0,0,6798.18,1
txn_006525,cust_01804,58541.43,wallet,success,none,7,5,2,0.7143,0,0.0,0,71146.35,1
txn_006526,cust_00777,1555.3,card,success,none,8,7,1,0.875,0,0.0,0,116649.72,1
txn_006527,cust_02409,724.38,card,success,none,40,36,4,0.9,0,0.0,0,121328.67,1
txn_006528,cust_02276,2454.7,wallet,failed,network_error,16,14,2,0.875,3,2.53,0,113863.52,0
txn_006529,cust_00703,2835.75,card,success,none,22,17,5,0.7727,0,0.0,0,147375.45,1
txn_006530,cust_01936,1987.43,upi,success,none,8,7,1,0.875,0,0.0,0,147119.94,1
txn_006531,cust_00123,969.21,card,success,none,32,28,4,0.875,0,0.0,0,24064.73,1
txn_006532,cust_01736,2080.8,card,failed,technical_error,20,18,2,0.9,2,10.74,0,47331.45,0
txn_006533,cust_01172,1146.72,netbanking,success,none,4,4,0,1.0,0,0.0,0,93057.45,1
txn_006534,cust_02399,1305.98,card,success,none,28,26,2,0.9286,0,0.0,0,119896.75,1
txn_006535,cust_01421,610.69,card,failed,technical_error,15,14,1,0.9333,0,7.79,0,78397.19,1
txn_006536,cust_01860,310.0,wallet,success,none,2,2,0,1.0,0,0.0,0,8187.02,1
txn_006537,cust_01939,2352.53,card,success,none,36,26,10,0.7222,0,0.0,0,1025.29,1
txn_006538,cust_00925,2456.03,card,failed,insufficient_funds,19,18,1,0.9474,3,8.87,0,74739.24,0
txn_006539,cust_00428,4898.28,wallet,success,none,19,18,1,0.9474,0,0.0,0,66279.3,1
txn_006540,cust_00243,1406.01,upi,success,none,29,25,4,0.8621,0,0.0,0,92285.2,1
txn_006541,cust_00377,1079.51,netbanking,success,none,14,11,3,0.7857,0,0.0,0,94201.74,1
txn_006542,cust_01407,327.07,card,abandoned,none,11,7,4,0.6364,0,2.97,1,66751.61,1
txn_006543,cust_02164,1287.52,wallet,success,none,31,23,8,0.7419,0,0.0,0,133188.62,1
txn_006544,cust_01493,1920.23,wallet,success,none,37,26,11,0.7027,0,0.0,0,25865.33,1
txn_006545,cust_01491,217.08,netbanking,failed,insufficient_funds,32,31,1,0.9688,2,2.93,0,68824.47,0
txn_006546,cust_00604,3901.13,upi,success,none,15,12,3,0.8,0,0.0,0,62658.22,1
txn_006547,cust_01087,657.18,netbanking,success,none,9,8,1,0.8889,0,0.0,0,109450.86,1
txn_006548,cust_01959,1100.92,netbanking,success,none,26,17,9,0.6538,0,0.0,0,33122.84,1
txn_006549,cust_02271,2435.17,netbanking,success,none,33,27,6,0.8182,0,0.0,0,143549.69,1
txn_006550,cust_01230,1329.67,wallet,success,none,6,6,0,1.0,0,0.0,0,1774.09,1
txn_006551,cust_01504,5449.95,upi,success,none,21,13,8,0.619,0,0.0,0,41417.44,1
txn_006552,cust_01671,2511.93,netbanking,failed,technical_error,36,27,9,0.75,1,12.64,0,108583.68,0
txn_006553,cust_01181,1154.78,card,success,none,7,5,2,0.7143,0,0.0,0,79133.42,1
txn_006554,cust_01812,100.0,card,success,none,38,32,6,0.8421,0,0.0,0,44813.62,1
txn_006555,cust_01324,3627.09,card,success,none,35,30,5,0.8571,0,0.0,0,28857.02,1
txn_006556,cust_02164,411.76,wallet,success,none,31,23,8,0.7419,0,0.0,0,133188.62,1
txn_006557,cust_00485,3139.64,netbanking,success,none,37,26,11,0.7027,0,0.0,0,102588.26,1
txn_006558,cust_01904,2186.79,netbanking,failed,network_error,11,9,2,0.8182,2,13.74,0,17845.43,0
txn_006559,cust_02167,1097.97,card,failed,authentication_failed,15,12,3,0.8,1,12.85,0,12486.15,0
txn_006560,cust_00200,3474.8,netbanking,abandoned,none,21,17,4,0.8095,0,5.71,1,66022.69,0
txn_006561,cust_01066,2255.3,netbanking,failed,insufficient_funds,4,4,0,1.0,0,10.17,0,68561.41,1
txn_006562,cust_01029,1860.06,wallet,abandoned,none,37,27,10,0.7297,0,6.34,1,101485.77,1
txn_006563,cust_01960,240.73,wallet,abandoned,none,13,10,3,0.7692,0,2.23,1,107801.4,0
txn_006564,cust_00291,1393.88,netbanking,success,none,16,14,2,0.875,0,0.0,0,19806.93,1
txn_006565,cust_01724,386.52,wallet,success,none,19,16,3,0.8421,0,0.0,0,130253.81,1
txn_006566,cust_02437,447.67,wallet,success,none,7,5,2,0.7143,0,0.0,0,78649.73,1
txn_006567,cust_01268,933.42,upi,failed,bank_decline,37,26,11,0.7027,0,7.31,0,30770.21,0
txn_006568,cust_00152,5787.28,wallet,success,none,34,29,5,0.8529,0,0.0,0,2165.64,1
txn_006569,cust_01091,1930.22,wallet,success,none,35,30,5,0.8571,0,0.0,0,64195.08,1
txn_006570,cust_00420,2061.66,upi,failed,network_error,26,15,11,0.5769,0,2.03,0,129871.68,0
txn_006571,cust_00334,2894.09,wallet,success,none,32,25,7,0.7812,0,0.0,0,67778.01,1
txn_006572,cust_00216,558.54,card,failed,authentication_failed,20,17,3,0.85,1,7.86,0,61505.2,0
txn_006573,cust_02217,276.88,wallet,failed,technical_error,1,1,0,1.0,1,8.98,0,87120.08,1
txn_006574,cust_00708,231.83,upi,success,none,11,9,2,0.8182,0,0.0,0,55220.8,1
txn_006575,cust_01083,1687.61,netbanking,success,none,25,17,8,0.68,0,0.0,0,56971.18,1
txn_006576,cust_01893,3592.81,wallet,failed,technical_error,3,2,1,0.6667,3,7.12,0,2441.18,0
txn_006577,cust_00133,3336.74,upi,success,none,16,14,2,0.875,0,0.0,0,61162.56,1
txn_006578,cust_01140,583.45,netbanking,success,none,39,37,2,0.9487,0,0.0,0,105861.52,1
txn_006579,cust_01949,5195.23,card,failed,bank_decline,8,6,2,0.75,1,9.91,0,15518.12,0
txn_006580,cust_01734,10332.42,upi,failed,network_error,18,13,5,0.7222,2,2.46,0,134657.67,0
txn_006581,cust_01320,2459.3,netbanking,success,none,29,22,7,0.7586,0,0.0,0,89238.27,1
txn_006582,cust_01928,5927.04,wallet,success,none,32,27,5,0.8438,0,0.0,0,48774.44,1
txn_006583,cust_02007,3207.21,card,success,none,19,12,7,0.6316,0,0.0,0,104247.48,1
txn_006584,cust_01288,1064.53,wallet,success,none,40,36,4,0.9,0,0.0,0,7600.21,1
txn_006585,cust_02461,689.12,card,success,none,15,11,4,0.7333,0,0.0,0,48194.19,1
txn_006586,cust_01922,266.91,netbanking,failed,insufficient_funds,25,23,2,0.92,0,5.23,0,23149.51,1
txn_006587,cust_01117,858.54,upi,success,none,27,24,3,0.8889,0,0.0,0,23233.42,1
txn_006588,cust_00942,1056.98,upi,abandoned,none,26,17,9,0.6538,0,2.45,1,75511.61,0
txn_006589,cust_00105,1080.6,card,success,none,4,3,1,0.75,0,0.0,0,101331.32,1
txn_006590,cust_01679,1196.81,wallet,success,none,39,22,17,0.5641,0,0.0,0,72568.93,1
txn_006591,cust_01717,135.14,card,success,none,1,1,0,1.0,0,0.0,0,118196.05,1
txn_006592,cust_01609,2919.1,upi,failed,network_error,37,34,3,0.9189,0,11.18,0,22173.24,1
txn_006593,cust_00363,3278.32,netbanking,success,none,5,4,1,0.8,0,0.0,0,60705.41,1
txn_006594,cust_00561,1941.14,wallet,success,none,8,7,1,0.875,0,0.0,0,142402.61,1
txn_006595,cust_00426,415.99,upi,failed,bank_decline,4,4,0,1.0,2,4.9,0,31330.18,1
txn_006596,cust_02056,1933.3,netbanking,abandoned,none,35,29,6,0.8286,0,4.29,1,80447.67,1
txn_006597,cust_01661,1370.06,netbanking,success,none,11,8,3,0.7273,0,0.0,0,133301.76,1
txn_006598,cust_01133,2152.71,card,success,none,36,30,6,0.8333,0,0.0,0,33335.46,1
txn_006599,cust_02420,6317.78,netbanking,success,none,7,5,2,0.7143,0,0.0,0,43035.07,1
txn_006600,cust_01710,1120.5,netbanking,failed,network_error,28,15,13,0.5357,3,12.56,0,31085.97,0
txn_006601,cust_01033,1606.04,netbanking,failed,bank_decline,26,21,5,0.8077,2,1.16,0,100719.12,1
txn_006602,cust_01356,564.33,netbanking,success,none,19,13,6,0.6842,0,0.0,0,26063.14,1
txn_006603,cust_00211,3366.66,upi,success,none,27,16,11,0.5926,0,0.0,0,49601.25,1
txn_006604,cust_00696,2704.67,card,failed,technical_error,33,32,1,0.9697,1,8.73,0,58287.89,0
txn_006605,cust_01754,1663.3,netbanking,failed,bank_decline,4,4,0,1.0,3,7.0,0,137786.63,0
txn_006606,cust_02396,467.25,upi,success,none,31,28,3,0.9032,0,0.0,0,80729.73,1
txn_006607,cust_02118,676.34,netbanking,success,none,20,19,1,0.95,0,0.0,0,73558.74,1
txn_006608,cust_00242,214.59,netbanking,failed,network_error,36,28,8,0.7778,0,13.18,0,89722.4,1
txn_006609,cust_01700,668.41,netbanking,success,none,31,22,9,0.7097,0,0.0,0,86334.43,1
txn_006610,cust_02226,2722.67,netbanking,success,none,27,13,14,0.4815,0,0.0,0,83263.64,1
txn_006611,cust_02492,1989.75,wallet,success,none,3,2,1,0.6667,0,0.0,0,125443.81,1
txn_006612,cust_00660,1571.35,netbanking,success,none,3,3,0,1.0,0,0.0,0,65996.72,1
txn_006613,cust_01780,5909.4,card,success,none,26,21,5,0.8077,0,0.0,0,88088.59,1
txn_006614,cust_01451,1816.25,card,success,none,16,12,4,0.75,0,0.0,0,74738.27,1
txn_006615,cust_00838,752.08,netbanking,failed,insufficient_funds,24,21,3,0.875,0,7.43,0,54960.44,0
txn_006616,cust_02032,665.18,card,success,none,21,15,6,0.7143,0,0.0,0,79283.87,1
txn_006617,cust_01567,1062.4,netbanking,abandoned,none,6,6,0,1.0,0,6.26,1,87766.25,1
txn_006618,cust_00896,853.89,upi,success,none,2,2,0,1.0,0,0.0,0,75207.67,1
txn_006619,cust_00271,3473.72,wallet,success,none,2,2,0,1.0,0,0.0,0,58939.72,1
txn_006620,cust_01576,2041.51,upi,abandoned,none,26,17,9,0.6538,0,1.5,1,74922.83,0
txn_006621,cust_00948,972.94,upi,success,none,40,26,14,0.65,0,0.0,0,48460.97,1
txn_006622,cust_01153,1010.7,upi,success,none,2,2,0,1.0,0,0.0,0,39855.34,1
txn_006623,cust_01719,2706.04,wallet,success,none,27,16,11,0.5926,0,0.0,0,17765.31,1
txn_006624,cust_00066,3681.01,card,success,none,12,11,1,0.9167,0,0.0,0,76644.57,1
txn_006625,cust_02267,212.0,upi,failed,insufficient_funds,17,16,1,0.9412,0,8.17,0,27080.18,0
txn_006626,cust_01989,1128.66,wallet,success,none,21,20,1,0.9524,0,0.0,0,106842.56,1
txn_006627,cust_01900,1467.76,wallet,success,none,26,22,4,0.8462,0,0.0,0,60637.28,1
txn_006628,cust_01869,2317.25,wallet,success,none,7,6,1,0.8571,0,0.0,0,77226.13,1
txn_006629,cust_01356,1499.66,upi,success,none,19,13,6,0.6842,0,0.0,0,26063.14,1
txn_006630,cust_02066,2012.63,upi,success,none,17,10,7,0.5882,0,0.0,0,84154.55,1
txn_006631,cust_01025,1056.84,card,success,none,8,7,1,0.875,0,0.0,0,50271.93,1
txn_006632,cust_00455,598.33,upi,failed,bank_decline,16,10,6,0.625,3,8.78,0,86197.85,0
txn_006633,cust_01522,2934.21,card,success,none,35,29,6,0.8286,0,0.0,0,52617.13,1
txn_006634,cust_00555,3028.75,card,success,none,24,22,2,0.9167,0,0.0,0,33373.18,1
txn_006635,cust_00337,2570.44,card,success,none,16,10,6,0.625,0,0.0,0,46624.7,1
txn_006636,cust_00287,3071.1,netbanking,abandoned,none,5,4,1,0.8,0,3.69,1,117403.72,1
txn_006637,cust_00117,506.88,wallet,success,none,32,15,17,0.4688,0,0.0,0,72722.4,1
txn_006638,cust_00072,806.39,wallet,success,none,34,31,3,0.9118,0,0.0,0,137855.53,1
txn_006639,cust_00059,4104.61,wallet,success,none,1,1,0,1.0,0,0.0,0,102362.23,1
txn_006640,cust_01311,1912.63,upi,failed,network_error,11,10,1,0.9091,2,11.43,0,139558.44,0
txn_006641,cust_00644,1416.82,upi,abandoned,none,29,20,9,0.6897,0,6.34,1,62713.38,1
txn_006642,cust_01171,1041.18,card,failed,network_error,33,29,4,0.8788,1,6.4,0,68945.44,0
txn_006643,cust_02372,4759.5,wallet,success,none,34,22,12,0.6471,0,0.0,0,114984.46,1
txn_006644,cust_01155,228.05,upi,success,none,27,24,3,0.8889,0,0.0,0,44983.65,1
txn_006645,cust_01958,1797.36,card,success,none,8,8,0,1.0,0,0.0,0,139602.22,1
txn_006646,cust_00646,1253.12,card,failed,network_error,8,6,2,0.75,1,6.41,0,52430.76,0
txn_006647,cust_00659,382.79,netbanking,success,none,23,19,4,0.8261,0,0.0,0,11739.25,1
txn_006648,cust_02174,6745.57,upi,success,none,31,27,4,0.871,0,0.0,0,72374.15,1
txn_006649,cust_02415,100.0,netbanking,failed,network_error,30,25,5,0.8333,0,5.44,0,93041.68,0
txn_006650,cust_02386,1512.1,upi,failed,technical_error,39,27,12,0.6923,2,4.46,0,69024.97,0
txn_006651,cust_01201,2272.1,netbanking,success,none,18,12,6,0.6667,0,0.0,0,134997.44,1
txn_006652,cust_00592,505.19,card,failed,insufficient_funds,29,26,3,0.8966,0,3.68,0,11950.12,0
txn_006653,cust_00696,1767.39,netbanking,failed,technical_error,33,32,1,0.9697,3,6.99,0,58287.89,0
txn_006654,cust_01048,1070.11,wallet,failed,insufficient_funds,9,8,1,0.8889,3,10.69,0,72249.1,0
txn_006655,cust_01420,3597.7,upi,success,none,5,2,3,0.4,0,0.0,0,20772.27,1
txn_006656,cust_01540,44966.65,wallet,abandoned,none,17,15,2,0.8824,0,5.27,1,127786.14,0
txn_006657,cust_00936,1879.19,wallet,success,none,40,32,8,0.8,0,0.0,0,102379.4,1
txn_006658,cust_01408,2450.5,upi,failed,technical_error,1,1,0,1.0,0,0.9,0,148783.9,1
txn_006659,cust_00315,505.14,wallet,success,none,18,13,5,0.7222,0,0.0,0,92770.94,1
txn_006660,cust_02029,1660.38,card,success,none,20,18,2,0.9,0,0.0,0,74092.09,1
txn_006661,cust_00176,922.41,card,success,none,7,7,0,1.0,0,0.0,0,53698.12,1
txn_006662,cust_01221,2918.46,upi,failed,technical_error,23,14,9,0.6087,1,11.25,0,83402.62,0
txn_006663,cust_01579,321.81,netbanking,success,none,12,11,1,0.9167,0,0.0,0,41972.28,1
txn_006664,cust_00727,457.83,wallet,success,none,22,17,5,0.7727,0,0.0,0,142202.57,1
txn_006665,cust_02060,4359.09,card,failed,technical_error,14,13,1,0.9286,3,6.91,0,81125.38,0
txn_006666,cust_01387,1652.41,upi,abandoned,none,26,11,15,0.4231,0,4.79,1,73929.35,1
txn_006667,cust_01603,5033.27,upi,success,none,25,23,2,0.92,0,0.0,0,53865.89,1
txn_006668,cust_00450,1927.05,netbanking,success,none,32,29,3,0.9062,0,0.0,0,129923.83,1
txn_006669,cust_01706,2230.05,upi,failed,authentication_failed,29,20,9,0.6897,2,13.73,0,26758.97,0
txn_006670,cust_01723,982.89,card,success,none,37,37,0,1.0,0,0.0,0,117152.16,1
txn_006671,cust_00058,1103.64,netbanking,success,none,36,31,5,0.8611,0,0.0,0,129256.18,1
txn_006672,cust_00490,3513.67,wallet,success,none,38,23,15,0.6053,0,0.0,0,22324.54,1
txn_006673,cust_00898,1160.68,card,success,none,20,19,1,0.95,0,0.0,0,72958.78,1
txn_006674,cust_00770,4374.45,card,success,none,31,28,3,0.9032,0,0.0,0,104714.73,1
txn_006675,cust_00306,1200.08,card,success,none,23,21,2,0.913,0,0.0,0,80379.04,1
txn_006676,cust_00276,411.73,card,success,none,2,1,1,0.5,0,0.0,0,13508.17,1
txn_006677,cust_01760,375.87,wallet,failed,network_error,31,19,12,0.6129,3,8.16,0,88445.16,0
txn_006678,cust_02153,1128.07,wallet,success,none,21,17,4,0.8095,0,0.0,0,16380.53,1
txn_006679,cust_02485,3346.73,wallet,failed,insufficient_funds,35,27,8,0.7714,3,13.02,0,123038.41,0
txn_006680,cust_00664,688.77,wallet,success,none,27,26,1,0.963,0,0.0,0,44137.77,1
txn_006681,cust_00840,2784.4,wallet,success,none,10,9,1,0.9,0,0.0,0,102180.25,1
txn_006682,cust_00751,1481.39,card,failed,technical_error,13,10,3,0.7692,0,5.97,0,120387.62,1
txn_006683,cust_00018,2455.8,upi,success,none,3,2,1,0.6667,0,0.0,0,109730.04,1
txn_006684,cust_02402,1002.56,upi,success,none,13,13,0,1.0,0,0.0,0,62348.64,1
txn_006685,cust_00443,1608.42,upi,success,none,9,8,1,0.8889,0,0.0,0,129740.01,1
txn_006686,cust_01742,3424.61,card,success,none,27,23,4,0.8519,0,0.0,0,91141.89,1
txn_006687,cust_00070,1316.63,netbanking,success,none,10,8,2,0.8,0,0.0,0,56713.16,1
txn_006688,cust_01591,792.46,upi,success,none,32,27,5,0.8438,0,0.0,0,52261.08,1
txn_006689,cust_00790,217.51,upi,success,none,24,21,3,0.875,0,0.0,0,11084.22,1
txn_006690,cust_01927,2302.0,card,success,none,11,9,2,0.8182,0,0.0,0,12154.92,1
txn_006691,cust_01863,619.15,netbanking,success,none,17,15,2,0.8824,0,0.0,0,71685.05,1
txn_006692,cust_00681,795.88,netbanking,failed,insufficient_funds,5,4,1,0.8,2,12.33,0,27394.77,0
txn_006693,cust_00145,459.04,card,failed,bank_decline,7,6,1,0.8571,3,2.93,0,11915.85,0
txn_006694,cust_00523,1064.13,netbanking,failed,bank_decline,17,15,2,0.8824,3,4.33,0,137193.29,0
txn_006695,cust_01561,10911.19,card,failed,network_error,16,12,4,0.75,1,9.6,0,15114.07,1
txn_006696,cust_01399,1904.62,wallet,success,none,35,31,4,0.8857,0,0.0,0,60259.66,1
txn_006697,cust_00620,703.36,upi,abandoned,none,14,13,1,0.9286,0,5.86,1,24054.8,1
txn_006698,cust_01759,848.69,netbanking,success,none,39,23,16,0.5897,0,0.0,0,67469.41,1
txn_006699,cust_00569,317.75,upi,success,none,14,12,2,0.8571,0,0.0,0,122144.89,1
txn_006700,cust_00263,432.42,upi,success,none,2,2,0,1.0,0,0.0,0,128653.07,1
txn_006701,cust_02059,368.88,upi,success,none,28,21,7,0.75,0,0.0,0,125514.1,1
txn_006702,cust_00123,1755.19,card,success,none,32,28,4,0.875,0,0.0,0,24064.73,1
txn_006703,cust_01611,2093.75,card,success,none,32,27,5,0.8438,0,0.0,0,81776.57,1
txn_006704,cust_01245,1447.51,wallet,success,none,11,10,1,0.9091,0,0.0,0,21687.17,1
txn_006705,cust_01009,1938.83,card,success,none,4,4,0,1.0,0,0.0,0,136282.61,1
txn_006706,cust_02382,622.53,netbanking,success,none,30,23,7,0.7667,0,0.0,0,146272.25,1
txn_006707,cust_02013,424.84,upi,failed,technical_error,29,23,6,0.7931,2,13.83,0,124667.54,1
txn_006708,cust_00922,422.16,wallet,success,none,33,25,8,0.7576,0,0.0,0,69127.37,1
txn_006709,cust_00811,403.86,upi,success,none,3,2,1,0.6667,0,0.0,0,113240.35,1
txn_006710,cust_01028,1917.3,netbanking,success,none,22,16,6,0.7273,0,0.0,0,118824.38,1
txn_006711,cust_01352,10033.64,wallet,success,none,29,23,6,0.7931,0,0.0,0,73816.23,1
txn_006712,cust_01403,470.0,upi,failed,bank_decline,37,22,15,0.5946,0,5.23,0,20458.54,0
txn_006713,cust_02276,951.51,upi,success,none,16,14,2,0.875,0,0.0,0,113863.52,1
txn_006714,cust_01631,1640.72,netbanking,success,none,40,29,11,0.725,0,0.0,0,118261.78,1
txn_006715,cust_01197,1013.32,upi,success,none,7,6,1,0.8571,0,0.0,0,134323.89,1
txn_006716,cust_02456,1868.61,card,success,none,32,31,1,0.9688,0,0.0,0,14618.83,1
txn_006717,cust_00017,753.41,upi,success,none,23,16,7,0.6957,0,0.0,0,90955.18,1
txn_006718,cust_01913,678.35,wallet,success,none,27,21,6,0.7778,0,0.0,0,66662.49,1
txn_006719,cust_00366,1116.17,card,success,none,37,20,17,0.5405,0,0.0,0,142419.72,1
txn_006720,cust_01442,1856.71,wallet,success,none,9,8,1,0.8889,0,0.0,0,37920.17,1
txn_006721,cust_02082,4829.47,card,abandoned,none,26,15,11,0.5769,0,4.95,1,119718.8,0
txn_006722,cust_01585,1952.05,upi,failed,network_error,6,6,0,1.0,2,9.95,0,42686.62,0
txn_006723,cust_00098,1040.9,card,success,none,14,12,2,0.8571,0,0.0,0,81345.86,1
txn_006724,cust_01080,3074.18,netbanking,success,none,9,7,2,0.7778,0,0.0,0,115108.32,1
txn_006725,cust_01049,3641.32,netbanking,success,none,30,26,4,0.8667,0,0.0,0,112412.49,1
txn_006726,cust_01677,988.96,wallet,success,none,24,17,7,0.7083,0,0.0,0,1568.52,1
txn_006727,cust_02222,1157.53,wallet,success,none,38,24,14,0.6316,0,0.0,0,38791.28,1
txn_006728,cust_00140,873.84,upi,success,none,21,17,4,0.8095,0,0.0,0,36564.21,1
txn_006729,cust_01640,3043.93,wallet,success,none,37,34,3,0.9189,0,0.0,0,16512.42,1
txn_006730,cust_00854,1442.58,netbanking,abandoned,none,29,19,10,0.6552,0,5.32,1,26725.8,0
txn_006731,cust_01572,328.48,upi,abandoned,none,6,5,1,0.8333,0,4.1,1,135856.62,1
txn_006732,cust_00632,2010.54,wallet,success,none,10,7,3,0.7,0,0.0,0,85381.84,1
txn_006733,cust_02302,5941.02,netbanking,success,none,21,19,2,0.9048,0,0.0,0,74358.72,1
txn_006734,cust_02176,6429.18,wallet,success,none,27,22,5,0.8148,0,0.0,0,4344.46,1
txn_006735,cust_01796,829.56,card,success,none,3,2,1,0.6667,0,0.0,0,87870.53,1
txn_006736,cust_00916,667.4,card,success,none,37,28,9,0.7568,0,0.0,0,108448.14,1
txn_006737,cust_00274,8936.22,card,success,none,40,32,8,0.8,0,0.0,0,80584.42,1
txn_006738,cust_01749,6416.99,wallet,failed,authentication_failed,33,31,2,0.9394,1,6.26,0,61104.39,0
txn_006739,cust_00817,2137.31,wallet,success,none,25,16,9,0.64,0,0.0,0,51516.46,1
txn_006740,cust_02062,241.73,card,abandoned,none,5,3,2,0.6,0,2.69,1,112286.73,1
txn_006741,cust_00004,730.46,wallet,success,none,35,25,10,0.7143,0,0.0,0,13953.89,1
txn_006742,cust_00011,448.74,netbanking,success,none,1,1,0,1.0,0,0.0,0,114062.3,1
txn_006743,cust_02009,8203.83,netbanking,failed,bank_decline,25,21,4,0.84,3,6.9,0,63068.37,0
txn_006744,cust_01068,291.32,wallet,failed,bank_decline,37,32,5,0.8649,1,1.15,0,9602.78,1
txn_006745,cust_02446,8132.7,upi,success,none,14,12,2,0.8571,0,0.0,0,146017.84,1
txn_006746,cust_01400,1205.29,netbanking,abandoned,none,28,27,1,0.9643,0,6.27,1,123902.3,0
txn_006747,cust_02029,404.36,card,failed,insufficient_funds,20,18,2,0.9,2,7.29,0,74092.09,0
txn_006748,cust_02187,3593.2,upi,success,none,31,27,4,0.871,0,0.0,0,130228.06,1
txn_006749,cust_00870,2513.66,upi,success,none,27,13,14,0.4815,0,0.0,0,123677.57,1
txn_006750,cust_00722,377.58,wallet,failed,authentication_failed,22,15,7,0.6818,1,4.5,0,122164.53,0
txn_006751,cust_02083,1306.04,upi,success,none,35,31,4,0.8857,0,0.0,0,44951.79,1
txn_006752,cust_02113,5300.56,upi,success,none,15,14,1,0.9333,0,0.0,0,107117.67,1
txn_006753,cust_01204,889.0,wallet,success,none,21,14,7,0.6667,0,0.0,0,3333.06,1
txn_006754,cust_01913,7184.84,upi,success,none,27,21,6,0.7778,0,0.0,0,66662.49,1
txn_006755,cust_02376,636.01,upi,abandoned,none,16,12,4,0.75,0,6.48,1,110901.39,1
txn_006756,cust_02127,264.54,netbanking,success,none,38,30,8,0.7895,0,0.0,0,61365.04,1
txn_006757,cust_00950,1401.38,netbanking,failed,network_error,20,17,3,0.85,1,11.84,0,89464.97,0
txn_006758,cust_00951,310.86,upi,success,none,33,31,2,0.9394,0,0.0,0,124415.12,1
txn_006759,cust_00863,1517.6,upi,success,none,16,11,5,0.6875,0,0.0,0,118765.59,1
txn_006760,cust_02357,1346.34,wallet,success,none,22,21,1,0.9545,0,0.0,0,35004.47,1
txn_006761,cust_00588,627.08,upi,success,none,2,2,0,1.0,0,0.0,0,10062.99,1
txn_006762,cust_01204,8766.41,card,abandoned,none,21,14,7,0.6667,0,3.84,1,3333.06,1
txn_006763,cust_00718,1334.12,netbanking,success,none,20,18,2,0.9,0,0.0,0,145186.78,1
txn_006764,cust_02388,3179.14,upi,success,none,35,30,5,0.8571,0,0.0,0,47139.54,1
txn_006765,cust_01230,3390.45,upi,success,none,6,6,0,1.0,0,0.0,0,1774.09,1
txn_006766,cust_02366,7793.23,netbanking,success,none,16,8,8,0.5,0,0.0,0,99641.36,1
txn_006767,cust_02314,399.65,wallet,success,none,1,0,1,0.0,0,0.0,0,2761.18,1
txn_006768,cust_02416,231.03,upi,failed,bank_decline,18,17,1,0.9444,1,3.53,0,105370.42,0
txn_006769,cust_01834,7510.23,wallet,abandoned,none,3,3,0,1.0,0,2.79,1,80533.61,1
txn_006770,cust_01587,2394.96,card,failed,technical_error,34,32,2,0.9412,2,12.56,0,38123.02,0
txn_006771,cust_00828,1519.77,netbanking,success,none,29,28,1,0.9655,0,0.0,0,53380.5,1
txn_006772,cust_01927,1172.28,card,success,none,11,9,2,0.8182,0,0.0,0,12154.92,1
txn_006773,cust_00797,981.77,upi,success,none,5,4,1,0.8,0,0.0,0,52375.57,1
txn_006774,cust_01669,3168.98,card,success,none,7,6,1,0.8571,0,0.0,0,50333.09,1
txn_006775,cust_00838,316.15,wallet,failed,bank_decline,24,21,3,0.875,3,10.55,0,54960.44,0
txn_006776,cust_00684,2158.85,upi,success,none,29,22,7,0.7586,0,0.0,0,102488.89,1
txn_006777,cust_01266,3756.77,upi,success,none,18,16,2,0.8889,0,0.0,0,122657.68,1
txn_006778,cust_00915,2816.51,upi,success,none,11,9,2,0.8182,0,0.0,0,122208.2,1
txn_006779,cust_01700,1247.14,upi,success,none,31,22,9,0.7097,0,0.0,0,86334.43,1
txn_006780,cust_01663,1335.87,wallet,success,none,36,34,2,0.9444,0,0.0,0,141333.29,1
txn_006781,cust_02289,4844.96,card,failed,bank_decline,23,19,4,0.8261,0,12.91,0,33566.35,0
txn_006782,cust_01819,2396.87,netbanking,failed,network_error,10,8,2,0.8,0,5.07,0,21467.42,0
txn_006783,cust_00761,7747.93,card,success,none,15,8,7,0.5333,0,0.0,0,122688.79,1
txn_006784,cust_01711,234.46,upi,success,none,10,9,1,0.9,0,0.0,0,125282.11,1
txn_006785,cust_01975,3316.67,upi,success,none,21,18,3,0.8571,0,0.0,0,76112.41,1
txn_006786,cust_01091,595.1,wallet,success,none,35,30,5,0.8571,0,0.0,0,64195.08,1
txn_006787,cust_01326,1245.25,netbanking,failed,authentication_failed,8,6,2,0.75,0,2.73,0,40090.66,1
txn_006788,cust_02361,5302.89,wallet,success,none,29,27,2,0.931,0,0.0,0,117365.13,1
txn_006789,cust_01489,491.59,upi,success,none,5,3,2,0.6,0,0.0,0,40179.5,1
txn_006790,cust_00938,11110.14,wallet,success,none,7,5,2,0.7143,0,0.0,0,59691.65,1
txn_006791,cust_01817,4046.72,netbanking,abandoned,none,25,17,8,0.68,0,2.15,1,79945.94,0
txn_006792,cust_02123,2390.39,card,abandoned,none,13,12,1,0.9231,0,2.33,1,40221.96,0
txn_006793,cust_02473,527.4,upi,failed,technical_error,18,17,1,0.9444,2,13.28,0,130281.61,0
txn_006794,cust_00422,1119.09,upi,success,none,35,32,3,0.9143,0,0.0,0,69834.48,1
txn_006795,cust_01023,936.01,card,success,none,9,8,1,0.8889,0,0.0,0,127807.9,1
txn_006796,cust_01310,390.6,wallet,success,none,22,15,7,0.6818,0,0.0,0,97547.52,1
txn_006797,cust_02026,3998.86,upi,success,none,10,10,0,1.0,0,0.0,0,6951.15,1
txn_006798,cust_01695,893.94,upi,abandoned,none,27,24,3,0.8889,0,3.86,1,145635.13,1
txn_006799,cust_00859,1123.78,upi,failed,bank_decline,11,9,2,0.8182,2,6.13,0,107059.56,0
txn_006800,cust_00727,1182.0,wallet,success,none,22,17,5,0.7727,0,0.0,0,142202.57,1
txn_006801,cust_00212,1081.2,card,abandoned,none,19,16,3,0.8421,0,2.16,1,83607.46,0
txn_006802,cust_01410,2276.65,wallet,success,none,9,8,1,0.8889,0,0.0,0,132440.02,1
txn_006803,cust_00847,718.62,card,success,none,32,25,7,0.7812,0,0.0,0,78144.05,1
txn_006804,cust_01473,3708.26,card,success,none,5,3,2,0.6,0,0.0,0,47215.25,1
txn_006805,cust_00220,738.08,netbanking,success,none,21,16,5,0.7619,0,0.0,0,70283.24,1
txn_006806,cust_01382,1301.76,wallet,failed,bank_decline,27,20,7,0.7407,3,2.77,0,137896.54,0
txn_006807,cust_00830,362.64,card,abandoned,none,23,18,5,0.7826,0,6.97,1,92612.87,0
txn_006808,cust_00596,3911.45,wallet,success,none,38,30,8,0.7895,0,0.0,0,82705.11,1
txn_006809,cust_02152,5043.32,wallet,failed,technical_error,3,1,2,0.3333,3,8.16,0,147107.88,0
txn_006810,cust_01028,2740.43,wallet,success,none,22,16,6,0.7273,0,0.0,0,118824.38,1
txn_006811,cust_00884,1588.29,wallet,success,none,36,29,7,0.8056,0,0.0,0,41893.2,1
txn_006812,cust_01412,1291.88,netbanking,success,none,18,11,7,0.6111,0,0.0,0,14907.66,1
txn_006813,cust_00760,280.83,wallet,success,none,28,18,10,0.6429,0,0.0,0,14665.32,1
txn_006814,cust_00776,345.59,upi,failed,bank_decline,39,29,10,0.7436,1,10.16,0,79637.95,0
txn_006815,cust_00370,2836.98,card,abandoned,none,40,33,7,0.825,0,4.94,1,34627.38,1
txn_006816,cust_00004,1117.92,wallet,success,none,35,25,10,0.7143,0,0.0,0,13953.89,1
txn_006817,cust_02375,344.05,netbanking,failed,insufficient_funds,25,25,0,1.0,2,3.92,0,47096.23,1
txn_006818,cust_00264,328.54,card,success,none,37,29,8,0.7838,0,0.0,0,57676.77,1
txn_006819,cust_00980,2527.32,upi,success,none,15,14,1,0.9333,0,0.0,0,141281.35,1
txn_006820,cust_00952,3209.83,netbanking,success,none,35,26,9,0.7429,0,0.0,0,73987.15,1
txn_006821,cust_00650,288.9,card,success,none,26,24,2,0.9231,0,0.0,0,147682.4,1
txn_006822,cust_01241,1559.41,upi,success,none,6,4,2,0.6667,0,0.0,0,109001.73,1
txn_006823,cust_02240,1974.14,wallet,success,none,10,9,1,0.9,0,0.0,0,71278.63,1
txn_006824,cust_02064,747.2,wallet,success,none,22,21,1,0.9545,0,0.0,0,6645.06,1
txn_006825,cust_00606,4627.32,netbanking,success,none,7,6,1,0.8571,0,0.0,0,47569.7,1
txn_006826,cust_02212,948.85,wallet,failed,network_error,9,8,1,0.8889,3,4.16,0,38923.19,0
txn_006827,cust_01221,240.6,wallet,success,none,23,14,9,0.6087,0,0.0,0,83402.62,1
txn_006828,cust_02146,1102.53,card,success,none,32,28,4,0.875,0,0.0,0,35530.74,1
txn_006829,cust_01481,5260.44,wallet,success,none,11,8,3,0.7273,0,0.0,0,74965.53,1
txn_006830,cust_01186,948.18,wallet,success,none,26,20,6,0.7692,0,0.0,0,69390.66,1
txn_006831,cust_00875,470.18,wallet,success,none,36,31,5,0.8611,0,0.0,0,96329.3,1
txn_006832,cust_01000,2510.43,upi,failed,network_error,15,15,0,1.0,3,0.68,0,8821.17,0
txn_006833,cust_01615,1734.37,card,success,none,34,26,8,0.7647,0,0.0,0,72220.36,1
txn_006834,cust_00850,1335.51,wallet,success,none,14,12,2,0.8571,0,0.0,0,149458.4,1
txn_006835,cust_01164,2158.4,wallet,success,none,35,28,7,0.8,0,0.0,0,148558.21,1
txn_006836,cust_00370,670.69,wallet,failed,bank_decline,40,33,7,0.825,2,11.96,0,34627.38,0
txn_006837,cust_00142,735.08,card,abandoned,none,20,19,1,0.95,0,0.52,1,69126.46,0
txn_006838,cust_00402,2772.54,wallet,success,none,6,4,2,0.6667,0,0.0,0,35109.74,1
txn_006839,cust_01768,509.59,card,abandoned,none,18,10,8,0.5556,0,6.8,1,98086.51,0
txn_006840,cust_01487,6733.87,netbanking,success,none,2,2,0,1.0,0,0.0,0,50916.64,1
txn_006841,cust_00011,4579.61,netbanking,success,none,1,1,0,1.0,0,0.0,0,114062.3,1
txn_006842,cust_01550,426.62,card,success,none,30,22,8,0.7333,0,0.0,0,40486.18,1
txn_006843,cust_00312,5859.44,upi,success,none,30,24,6,0.8,0,0.0,0,106388.99,1
txn_006844,cust_02159,1559.61,wallet,success,none,5,4,1,0.8,0,0.0,0,77982.77,1
txn_006845,cust_01699,5349.66,upi,failed,insufficient_funds,35,29,6,0.8286,1,12.14,0,103373.12,0
txn_006846,cust_01214,1530.62,wallet,success,none,28,18,10,0.6429,0,0.0,0,35589.46,1
txn_006847,cust_01812,1121.94,netbanking,success,none,38,32,6,0.8421,0,0.0,0,44813.62,1
txn_006848,cust_02094,1010.84,upi,failed,authentication_failed,12,9,3,0.75,1,12.63,0,33897.41,0
txn_006849,cust_00098,115.63,wallet,success,none,14,12,2,0.8571,0,0.0,0,81345.86,1
txn_006850,cust_02230,3384.98,netbanking,success,none,20,18,2,0.9,0,0.0,0,87070.02,1
txn_006851,cust_00905,660.44,card,failed,authentication_failed,21,17,4,0.8095,2,0.88,0,110395.76,1
txn_006852,cust_01122,3497.57,card,failed,technical_error,4,4,0,1.0,1,4.92,0,84795.51,0
txn_006853,cust_00058,7143.5,wallet,success,none,36,31,5,0.8611,0,0.0,0,129256.18,1
txn_006854,cust_00063,751.78,wallet,failed,technical_error,28,21,7,0.75,2,0.43,0,24565.51,1
txn_006855,cust_00105,708.66,netbanking,success,none,4,3,1,0.75,0,0.0,0,101331.32,1
txn_006856,cust_01744,3669.44,wallet,success,none,14,13,1,0.9286,0,0.0,0,137101.49,1
txn_006857,cust_01392,839.2,card,abandoned,none,18,14,4,0.7778,0,4.63,1,104510.84,0
txn_006858,cust_02047,5000.26,upi,success,none,8,6,2,0.75,0,0.0,0,58495.51,1
txn_006859,cust_01298,671.02,netbanking,success,none,10,8,2,0.8,0,0.0,0,52400.14,1
txn_006860,cust_00700,5643.22,card,success,none,21,18,3,0.8571,0,0.0,0,91145.87,1
txn_006861,cust_00729,986.6,card,success,none,9,7,2,0.7778,0,0.0,0,24086.83,1
txn_006862,cust_02080,1863.57,upi,success,none,2,2,0,1.0,0,0.0,0,71624.16,1
txn_006863,cust_00195,3576.92,netbanking,success,none,35,22,13,0.6286,0,0.0,0,50341.33,1
txn_006864,cust_01608,2233.9,upi,success,none,23,22,1,0.9565,0,0.0,0,142186.25,1
txn_006865,cust_01709,3907.53,wallet,success,none,28,24,4,0.8571,0,0.0,0,12676.91,1
txn_006866,cust_01342,312.32,upi,success,none,12,11,1,0.9167,0,0.0,0,83681.97,1
txn_006867,cust_00557,891.4,netbanking,failed,technical_error,24,18,6,0.75,0,3.32,0,15803.84,1
txn_006868,cust_00978,1426.87,upi,success,none,13,13,0,1.0,0,0.0,0,143643.27,1
txn_006869,cust_00692,622.96,netbanking,success,none,30,23,7,0.7667,0,0.0,0,68335.17,1
txn_006870,cust_01993,3536.12,netbanking,success,none,35,28,7,0.8,0,0.0,0,43603.27,1
txn_006871,cust_00982,802.52,card,success,none,14,13,1,0.9286,0,0.0,0,103845.75,1
txn_006872,cust_00194,624.23,card,success,none,33,29,4,0.8788,0,0.0,0,60552.08,1
txn_006873,cust_01053,3430.48,card,success,none,14,13,1,0.9286,0,0.0,0,114517.08,1
txn_006874,cust_00633,470.85,netbanking,failed,insufficient_funds,26,20,6,0.7692,1,3.22,0,11368.23,1
txn_006875,cust_01683,494.37,netbanking,failed,network_error,8,7,1,0.875,3,9.21,0,46944.66,0
txn_006876,cust_02420,2226.7,upi,success,none,7,5,2,0.7143,0,0.0,0,43035.07,1
txn_006877,cust_01363,5134.93,upi,failed,network_error,29,27,2,0.931,3,9.28,0,82406.64,0
txn_006878,cust_00114,1574.48,netbanking,success,none,35,24,11,0.6857,0,0.0,0,125568.11,1
txn_006879,cust_00866,266.18,wallet,success,none,36,28,8,0.7778,0,0.0,0,20335.91,1
txn_006880,cust_00213,2656.95,wallet,success,none,13,13,0,1.0,0,0.0,0,63646.5,1
txn_006881,cust_02345,740.56,card,success,none,39,36,3,0.9231,0,0.0,0,30644.76,1
txn_006882,cust_01932,4108.28,upi,success,none,26,25,1,0.9615,0,0.0,0,122748.39,1
txn_006883,cust_00041,916.3,upi,success,none,14,8,6,0.5714,0,0.0,0,137057.28,1
txn_006884,cust_01616,4204.65,netbanking,failed,technical_error,22,16,6,0.7273,3,4.68,0,137766.53,0
txn_006885,cust_00853,882.0,wallet,success,none,9,8,1,0.8889,0,0.0,0,128071.12,1
txn_006886,cust_01550,672.68,wallet,success,none,30,22,8,0.7333,0,0.0,0,40486.18,1
txn_006887,cust_00554,196.85,card,success,none,18,16,2,0.8889,0,0.0,0,5874.73,1
txn_006888,cust_01197,692.57,wallet,success,none,7,6,1,0.8571,0,0.0,0,134323.89,1
txn_006889,cust_02287,1599.22,upi,success,none,22,18,4,0.8182,0,0.0,0,12328.29,1
txn_006890,cust_02117,1480.96,card,success,none,30,25,5,0.8333,0,0.0,0,67358.34,1
txn_006891,cust_00544,2469.17,netbanking,success,none,8,6,2,0.75,0,0.0,0,21826.77,1
txn_006892,cust_01012,4647.79,netbanking,success,none,3,2,1,0.6667,0,0.0,0,137071.23,1
txn_006893,cust_01622,1378.38,netbanking,success,none,34,19,15,0.5588,0,0.0,0,129239.75,1
txn_006894,cust_00543,1433.29,wallet,success,none,20,16,4,0.8,0,0.0,0,97736.68,1
txn_006895,cust_02290,4076.05,upi,success,none,37,27,10,0.7297,0,0.0,0,41092.29,1
txn_006896,cust_01751,1687.52,card,success,none,2,2,0,1.0,0,0.0,0,26886.87,1
txn_006897,cust_01884,532.11,netbanking,success,none,33,24,9,0.7273,0,0.0,0,12182.18,1
txn_006898,cust_02268,794.62,upi,success,none,33,26,7,0.7879,0,0.0,0,16863.28,1
txn_006899,cust_01579,159.19,netbanking,success,none,12,11,1,0.9167,0,0.0,0,41972.28,1
txn_006900,cust_02111,524.93,card,failed,bank_decline,28,21,7,0.75,0,3.01,0,26127.29,0
txn_006901,cust_01466,247.07,card,success,none,6,5,1,0.8333,0,0.0,0,96440.06,1
txn_006902,cust_01627,1902.65,upi,success,none,28,26,2,0.9286,0,0.0,0,118984.54,1
txn_006903,cust_01417,4498.64,card,success,none,15,9,6,0.6,0,0.0,0,64955.41,1
txn_006904,cust_01917,522.77,card,success,none,37,30,7,0.8108,0,0.0,0,108842.26,1
txn_006905,cust_00381,542.6,upi,success,none,1,1,0,1.0,0,0.0,0,61869.12,1
txn_006906,cust_02003,3439.71,netbanking,success,none,29,27,2,0.931,0,0.0,0,16269.52,1
txn_006907,cust_02005,853.3,card,success,none,36,31,5,0.8611,0,0.0,0,58944.11,1
txn_006908,cust_01898,1731.51,upi,success,none,6,6,0,1.0,0,0.0,0,56520.7,1
txn_006909,cust_00164,2816.17,wallet,success,none,3,2,1,0.6667,0,0.0,0,1528.31,1
txn_006910,cust_01270,659.79,netbanking,failed,authentication_failed,36,33,3,0.9167,2,8.09,0,5010.5,0
txn_006911,cust_00955,672.73,wallet,success,none,8,5,3,0.625,0,0.0,0,147004.81,1
txn_006912,cust_00822,807.23,netbanking,success,none,6,6,0,1.0,0,0.0,0,65160.47,1
txn_006913,cust_01645,283.28,upi,abandoned,none,22,19,3,0.8636,0,3.68,1,67547.86,0
txn_006914,cust_01202,2179.12,upi,failed,authentication_failed,37,31,6,0.8378,2,6.07,0,99058.28,0
txn_006915,cust_00879,2442.72,upi,success,none,34,25,9,0.7353,0,0.0,0,23799.3,1
txn_006916,cust_00662,1450.54,upi,failed,technical_error,21,19,2,0.9048,3,9.3,0,86788.11,0
txn_006917,cust_01739,5216.99,upi,success,none,15,15,0,1.0,0,0.0,0,21023.44,1
txn_006918,cust_00742,1031.55,card,success,none,40,27,13,0.675,0,0.0,0,43454.26,1
txn_006919,cust_00288,2483.91,upi,success,none,3,2,1,0.6667,0,0.0,0,113380.75,1
txn_006920,cust_01360,2177.29,wallet,abandoned,none,18,14,4,0.7778,0,6.43,1,116491.84,1
txn_006921,cust_00453,602.38,card,success,none,35,22,13,0.6286,0,0.0,0,57204.3,1
txn_006922,cust_00655,4250.82,upi,success,none,1,1,0,1.0,0,0.0,0,75110.41,1
txn_006923,cust_02404,1522.6,upi,success,none,16,12,4,0.75,0,0.0,0,25327.15,1
txn_006924,cust_02303,3549.67,netbanking,failed,bank_decline,37,34,3,0.9189,2,8.13,0,130446.56,0
txn_006925,cust_00263,364.7,wallet,success,none,2,2,0,1.0,0,0.0,0,128653.07,1
txn_006926,cust_00410,1494.81,netbanking,success,none,32,22,10,0.6875,0,0.0,0,145389.23,1
txn_006927,cust_01372,845.06,netbanking,success,none,40,31,9,0.775,0,0.0,0,95282.82,1
txn_006928,cust_00253,571.66,netbanking,success,none,16,15,1,0.9375,0,0.0,0,41485.55,1
txn_006929,cust_00833,5483.5,upi,success,none,26,17,9,0.6538,0,0.0,0,55133.36,1
txn_006930,cust_01653,1628.31,wallet,success,none,25,21,4,0.84,0,0.0,0,16112.86,1
txn_006931,cust_01783,305.83,netbanking,success,none,39,29,10,0.7436,0,0.0,0,91748.47,1
txn_006932,cust_00392,814.6,netbanking,failed,insufficient_funds,11,7,4,0.6364,0,0.92,0,119101.66,0
txn_006933,cust_00149,3425.67,wallet,success,none,24,19,5,0.7917,0,0.0,0,43463.12,1
txn_006934,cust_00977,570.85,upi,success,none,17,12,5,0.7059,0,0.0,0,91901.41,1
txn_006935,cust_00166,515.44,wallet,failed,technical_error,17,13,4,0.7647,3,2.31,0,25075.71,0
txn_006936,cust_00661,1156.27,card,failed,technical_error,30,23,7,0.7667,2,10.51,0,138253.2,0
txn_006937,cust_01858,2141.6,card,failed,network_error,40,36,4,0.9,3,8.1,0,8239.46,0
txn_006938,cust_00612,646.6,netbanking,success,none,24,21,3,0.875,0,0.0,0,121953.62,1
txn_006939,cust_02444,1979.74,wallet,success,none,20,15,5,0.75,0,0.0,0,30609.82,1
txn_006940,cust_01671,1386.95,netbanking,abandoned,none,36,27,9,0.75,0,3.17,1,108583.68,0
txn_006941,cust_02084,1566.24,wallet,failed,bank_decline,10,8,2,0.8,3,12.75,0,45410.42,0
txn_006942,cust_01322,120.94,card,abandoned,none,14,13,1,0.9286,0,5.24,1,31661.89,1
txn_006943,cust_02418,1360.92,upi,failed,authentication_failed,2,2,0,1.0,3,1.77,0,23670.25,0
txn_006944,cust_01644,1042.43,upi,failed,insufficient_funds,6,4,2,0.6667,3,4.12,0,123427.61,0
txn_006945,cust_00083,1979.0,netbanking,success,none,34,29,5,0.8529,0,0.0,0,130992.52,1
txn_006946,cust_01435,696.59,wallet,abandoned,none,10,9,1,0.9,0,0.51,1,138064.22,1
txn_006947,cust_00824,924.32,upi,success,none,21,20,1,0.9524,0,0.0,0,16287.09,1
txn_006948,cust_02025,2282.68,wallet,success,none,1,1,0,1.0,0,0.0,0,50253.86,1
txn_006949,cust_00003,5685.75,wallet,success,none,9,7,2,0.7778,0,0.0,0,110734.21,1
txn_006950,cust_01835,356.18,wallet,success,none,24,17,7,0.7083,0,0.0,0,142560.22,1
txn_006951,cust_01335,2237.57,upi,success,none,16,12,4,0.75,0,0.0,0,46501.62,1
txn_006952,cust_01211,4536.6,card,abandoned,none,9,7,2,0.7778,0,3.26,1,118784.21,0
txn_006953,cust_02489,2683.04,upi,success,none,21,18,3,0.8571,0,0.0,0,62060.87,1
txn_006954,cust_02244,4240.93,upi,success,none,3,3,0,1.0,0,0.0,0,108949.71,1
txn_006955,cust_01892,777.81,wallet,success,none,8,6,2,0.75,0,0.0,0,15154.77,1
txn_006956,cust_01796,4613.64,upi,success,none,3,2,1,0.6667,0,0.0,0,87870.53,1
txn_006957,cust_01010,649.07,upi,success,none,6,5,1,0.8333,0,0.0,0,98192.51,1
txn_006958,cust_00951,1415.34,upi,success,none,33,31,2,0.9394,0,0.0,0,124415.12,1
txn_006959,cust_01725,810.47,netbanking,failed,bank_decline,23,20,3,0.8696,2,5.92,0,131806.14,0
txn_006960,cust_01573,843.71,wallet,abandoned,none,22,20,2,0.9091,0,3.64,1,19256.62,0
txn_006961,cust_00184,239.52,card,success,none,27,24,3,0.8889,0,0.0,0,120533.04,1
txn_006962,cust_00441,186.45,netbanking,failed,network_error,10,7,3,0.7,0,9.32,0,58154.32,1
txn_006963,cust_00265,4345.01,card,success,none,1,1,0,1.0,0,0.0,0,141468.51,1
txn_006964,cust_01931,221.63,card,success,none,36,19,17,0.5278,0,0.0,0,96854.28,1
txn_006965,cust_00228,1720.62,wallet,success,none,10,9,1,0.9,0,0.0,0,4639.38,1
txn_006966,cust_01323,365.39,netbanking,success,none,5,4,1,0.8,0,0.0,0,87024.84,1
txn_006967,cust_00733,573.32,netbanking,success,none,34,23,11,0.6765,0,0.0,0,6624.38,1
txn_006968,cust_00467,2655.27,wallet,abandoned,none,10,9,1,0.9,0,2.02,1,12149.41,1
txn_006969,cust_00683,1575.04,wallet,failed,authentication_failed,37,28,9,0.7568,0,5.18,0,114221.7,0
txn_006970,cust_00983,1179.52,upi,abandoned,none,32,29,3,0.9062,0,3.23,1,48239.07,1
txn_006971,cust_00916,4207.63,wallet,failed,authentication_failed,37,28,9,0.7568,3,4.22,0,108448.14,0
txn_006972,cust_01525,1002.57,card,success,none,25,21,4,0.84,0,0.0,0,127501.89,1
txn_006973,cust_00124,4582.4,wallet,success,none,19,14,5,0.7368,0,0.0,0,33437.43,1
txn_006974,cust_01497,459.69,wallet,success,none,33,19,14,0.5758,0,0.0,0,1382.71,1
txn_006975,cust_00641,407.57,netbanking,success,none,40,29,11,0.725,0,0.0,0,8414.61,1
txn_006976,cust_02019,1166.58,netbanking,success,none,5,3,2,0.6,0,0.0,0,28859.51,1
txn_006977,cust_00783,1343.83,netbanking,abandoned,none,2,2,0,1.0,0,4.15,1,95161.29,0
txn_006978,cust_02238,567.71,wallet,success,none,4,4,0,1.0,0,0.0,0,24949.96,1
txn_006979,cust_01303,1016.27,wallet,success,none,22,13,9,0.5909,0,0.0,0,68844.56,1
txn_006980,cust_01010,5243.61,netbanking,success,none,6,5,1,0.8333,0,0.0,0,98192.51,1
txn_006981,cust_00767,902.9,netbanking,success,none,21,17,4,0.8095,0,0.0,0,139693.06,1
txn_006982,cust_00358,193.18,wallet,failed,technical_error,1,1,0,1.0,3,9.76,0,86535.57,0
txn_006983,cust_02397,234.32,card,success,none,32,30,2,0.9375,0,0.0,0,142096.67,1
txn_006984,cust_02409,10792.7,netbanking,success,none,40,36,4,0.9,0,0.0,0,121328.67,1
txn_006985,cust_00708,5713.44,wallet,failed,network_error,11,9,2,0.8182,2,11.32,0,55220.8,0
txn_006986,cust_00082,866.1,upi,success,none,36,25,11,0.6944,0,0.0,0,25603.92,1
txn_006987,cust_00654,3012.71,upi,success,none,19,15,4,0.7895,0,0.0,0,49890.23,1
txn_006988,cust_00366,1737.88,wallet,success,none,37,20,17,0.5405,0,0.0,0,142419.72,1
txn_006989,cust_01311,4771.93,card,abandoned,none,11,10,1,0.9091,0,5.65,1,139558.44,1
txn_006990,cust_01374,458.87,card,success,none,14,9,5,0.6429,0,0.0,0,122215.95,1
txn_006991,cust_01072,472.02,wallet,success,none,1,1,0,1.0,0,0.0,0,112124.87,1
txn_006992,cust_00389,5010.89,upi,success,none,35,28,7,0.8,0,0.0,0,34496.61,1
txn_006993,cust_00443,300.89,card,success,none,9,8,1,0.8889,0,0.0,0,129740.01,1
txn_006994,cust_02288,1436.27,netbanking,success,none,12,11,1,0.9167,0,0.0,0,72006.76,1
txn_006995,cust_02463,1280.87,netbanking,success,none,23,16,7,0.6957,0,0.0,0,121023.28,1
txn_006996,cust_01238,2934.41,upi,failed,authentication_failed,39,37,2,0.9487,0,6.88,0,117881.37,0
txn_006997,cust_01023,1540.52,upi,failed,technical_error,9,8,1,0.8889,0,4.6,0,127807.9,1
txn_006998,cust_02428,1173.75,upi,success,none,3,2,1,0.6667,0,0.0,0,50207.05,1
txn_006999,cust_02081,915.49,upi,success,none,35,29,6,0.8286,0,0.0,0,33759.99,1
txn_007000,cust_00789,495.31,card,success,none,6,4,2,0.6667,0,0.0,0,78999.2,1
txn_007001,cust_01393,1134.45,upi,success,none,24,23,1,0.9583,0,0.0,0,68749.65,1
txn_007002,cust_00198,4294.54,netbanking,success,none,17,15,2,0.8824,0,0.0,0,6700.32,1
txn_007003,cust_00907,1006.33,netbanking,abandoned,none,9,7,2,0.7778,0,3.68,1,114339.08,0
txn_007004,cust_01770,5465.77,upi,success,none,1,1,0,1.0,0,0.0,0,71640.48,1
txn_007005,cust_00967,2782.22,upi,success,none,10,7,3,0.7,0,0.0,0,62531.06,1
txn_007006,cust_02329,2157.23,netbanking,success,none,25,20,5,0.8,0,0.0,0,30213.42,1
txn_007007,cust_00308,1139.31,card,failed,network_error,22,18,4,0.8182,3,13.48,0,2885.17,0
txn_007008,cust_01058,714.51,card,success,none,8,7,1,0.875,0,0.0,0,10201.95,1
txn_007009,cust_01421,7198.22,card,success,none,15,14,1,0.9333,0,0.0,0,78397.19,1
txn_007010,cust_01873,2961.89,netbanking,success,none,13,11,2,0.8462,0,0.0,0,116915.88,1
txn_007011,cust_01080,1165.17,netbanking,success,none,9,7,2,0.7778,0,0.0,0,115108.32,1
txn_007012,cust_01593,7325.49,upi,failed,bank_decline,25,21,4,0.84,0,3.5,0,41294.92,1
txn_007013,cust_01064,2512.51,wallet,success,none,32,20,12,0.625,0,0.0,0,14550.31,1
txn_007014,cust_01450,323.6,wallet,failed,insufficient_funds,4,3,1,0.75,3,5.53,0,117786.44,0
txn_007015,cust_02099,874.35,upi,success,none,36,34,2,0.9444,0,0.0,0,11898.54,1
txn_007016,cust_02354,2771.4,netbanking,failed,network_error,22,17,5,0.7727,1,12.99,0,63850.66,0
txn_007017,cust_01623,6048.51,netbanking,success,none,5,5,0,1.0,0,0.0,0,56665.03,1
txn_007018,cust_01441,14204.31,upi,success,none,28,23,5,0.8214,0,0.0,0,47861.05,1
txn_007019,cust_02309,1374.12,netbanking,success,none,35,19,16,0.5429,0,0.0,0,5851.83,1
txn_007020,cust_00521,2480.57,card,success,none,24,20,4,0.8333,0,0.0,0,80097.0,1
txn_007021,cust_01111,726.63,wallet,success,none,36,26,10,0.7222,0,0.0,0,142329.52,1
txn_007022,cust_00764,551.48,wallet,success,none,33,27,6,0.8182,0,0.0,0,56720.26,1
txn_007023,cust_02329,248.19,netbanking,failed,network_error,25,20,5,0.8,3,3.59,0,30213.42,0
txn_007024,cust_00486,1978.31,upi,success,none,12,11,1,0.9167,0,0.0,0,26327.56,1
txn_007025,cust_00820,4743.39,card,success,none,34,31,3,0.9118,0,0.0,0,40741.38,1
txn_007026,cust_02123,2909.92,card,success,none,13,12,1,0.9231,0,0.0,0,40221.96,1
txn_007027,cust_01144,1461.38,card,success,none,35,19,16,0.5429,0,0.0,0,97659.48,1
txn_007028,cust_02173,4553.31,netbanking,success,none,8,7,1,0.875,0,0.0,0,72745.98,1
txn_007029,cust_00512,25610.68,card,success,none,13,10,3,0.7692,0,0.0,0,93512.78,1
txn_007030,cust_01528,583.07,wallet,success,none,27,25,2,0.9259,0,0.0,0,74312.3,1
txn_007031,cust_02450,118.68,wallet,failed,authentication_failed,26,23,3,0.8846,3,9.67,0,118582.42,0
txn_007032,cust_01698,1886.35,card,success,none,34,31,3,0.9118,0,0.0,0,63376.18,1
txn_007033,cust_01395,3954.11,card,failed,insufficient_funds,1,1,0,1.0,1,8.62,0,130467.26,0
txn_007034,cust_01411,285.05,netbanking,success,none,20,19,1,0.95,0,0.0,0,24687.64,1
txn_007035,cust_02298,3080.2,upi,success,none,6,5,1,0.8333,0,0.0,0,101696.01,1
txn_007036,cust_00550,956.13,upi,success,none,35,30,5,0.8571,0,0.0,0,63449.89,1
txn_007037,cust_00331,1875.9,upi,success,none,6,5,1,0.8333,0,0.0,0,36962.05,1
txn_007038,cust_01487,534.31,upi,success,none,2,2,0,1.0,0,0.0,0,50916.64,1
txn_007039,cust_02341,502.43,netbanking,success,none,22,19,3,0.8636,0,0.0,0,39705.6,1
txn_007040,cust_01495,443.8,card,success,none,7,6,1,0.8571,0,0.0,0,134245.99,1
txn_007041,cust_01155,2611.05,card,success,none,27,24,3,0.8889,0,0.0,0,44983.65,1
txn_007042,cust_00889,717.43,card,abandoned,none,40,39,1,0.975,0,5.18,1,108374.28,1
txn_007043,cust_02166,1754.17,wallet,failed,authentication_failed,9,8,1,0.8889,3,12.01,0,66544.91,0
txn_007044,cust_01739,1379.54,wallet,success,none,15,15,0,1.0,0,0.0,0,21023.44,1
txn_007045,cust_01053,411.52,wallet,success,none,14,13,1,0.9286,0,0.0,0,114517.08,1
txn_007046,cust_00212,1445.32,upi,success,none,19,16,3,0.8421,0,0.0,0,83607.46,1
txn_007047,cust_01210,1697.66,upi,success,none,35,28,7,0.8,0,0.0,0,50427.75,1
txn_007048,cust_01012,3876.28,wallet,failed,bank_decline,3,2,1,0.6667,3,0.35,0,137071.23,1
txn_007049,cust_02238,5969.01,wallet,success,none,4,4,0,1.0,0,0.0,0,24949.96,1
txn_007050,cust_01417,483.24,card,success,none,15,9,6,0.6,0,0.0,0,64955.41,1
txn_007051,cust_01158,1909.94,card,success,none,16,15,1,0.9375,0,0.0,0,75395.92,1
txn_007052,cust_00926,145.87,card,success,none,31,21,10,0.6774,0,0.0,0,43576.51,1
txn_007053,cust_02018,3137.66,wallet,success,none,12,10,2,0.8333,0,0.0,0,147534.55,1
txn_007054,cust_01869,4013.03,netbanking,success,none,7,6,1,0.8571,0,0.0,0,77226.13,1
txn_007055,cust_00197,100.0,card,abandoned,none,17,14,3,0.8235,0,4.64,1,27606.6,1
txn_007056,cust_01411,954.12,card,success,none,20,19,1,0.95,0,0.0,0,24687.64,1
txn_007057,cust_01155,546.16,netbanking,success,none,27,24,3,0.8889,0,0.0,0,44983.65,1
txn_007058,cust_01551,951.67,card,success,none,8,5,3,0.625,0,0.0,0,14472.71,1
txn_007059,cust_01623,780.61,wallet,success,none,5,5,0,1.0,0,0.0,0,56665.03,1
txn_007060,cust_01220,1282.25,card,failed,insufficient_funds,29,26,3,0.8966,2,6.52,0,74099.91,0
txn_007061,cust_02408,3595.08,card,success,none,34,28,6,0.8235,0,0.0,0,114916.21,1
txn_007062,cust_02434,978.73,netbanking,success,none,16,11,5,0.6875,0,0.0,0,58334.89,1
txn_007063,cust_01571,498.98,card,success,none,29,20,9,0.6897,0,0.0,0,121585.5,1
txn_007064,cust_01395,1099.23,card,success,none,1,1,0,1.0,0,0.0,0,130467.26,1
txn_007065,cust_00616,1039.77,netbanking,success,none,28,17,11,0.6071,0,0.0,0,130345.73,1
txn_007066,cust_01720,1228.32,wallet,success,none,10,8,2,0.8,0,0.0,0,23081.76,1
txn_007067,cust_01824,714.81,wallet,success,none,32,22,10,0.6875,0,0.0,0,50561.79,1
txn_007068,cust_02130,1924.9,wallet,success,none,35,26,9,0.7429,0,0.0,0,134203.9,1
txn_007069,cust_00322,4882.57,card,failed,network_error,30,21,9,0.7,2,10.95,0,85907.6,0
txn_007070,cust_02400,376.53,card,failed,insufficient_funds,39,34,5,0.8718,0,10.0,0,35451.09,1
txn_007071,cust_01795,2102.15,card,success,none,27,23,4,0.8519,0,0.0,0,61285.24,1
txn_007072,cust_00212,3497.24,upi,success,none,19,16,3,0.8421,0,0.0,0,83607.46,1
txn_007073,cust_02025,867.87,wallet,success,none,1,1,0,1.0,0,0.0,0,50253.86,1
txn_007074,cust_00806,4685.37,wallet,failed,network_error,13,10,3,0.7692,2,10.74,0,7527.14,0
txn_007075,cust_02022,1260.7,wallet,success,none,28,26,2,0.9286,0,0.0,0,42587.72,1
txn_007076,cust_02270,434.42,card,failed,bank_decline,22,18,4,0.8182,0,0.71,0,142105.3,0
txn_007077,cust_00506,375.57,upi,failed,insufficient_funds,37,24,13,0.6486,2,2.57,0,129895.04,0
txn_007078,cust_01705,2936.02,upi,success,none,40,18,22,0.45,0,0.0,0,22969.7,1
txn_007079,cust_01319,2678.09,wallet,success,none,40,37,3,0.925,0,0.0,0,132581.51,1
txn_007080,cust_01038,6401.52,upi,success,none,18,17,1,0.9444,0,0.0,0,143151.19,1
txn_007081,cust_00403,2619.45,upi,success,none,37,33,4,0.8919,0,0.0,0,88481.32,1
txn_007082,cust_01087,1212.61,netbanking,success,none,9,8,1,0.8889,0,0.0,0,109450.86,1
txn_007083,cust_00752,2169.62,netbanking,success,none,9,7,2,0.7778,0,0.0,0,131077.29,1
txn_007084,cust_01201,1439.55,wallet,success,none,18,12,6,0.6667,0,0.0,0,134997.44,1
txn_007085,cust_00527,960.47,netbanking,failed,bank_decline,30,21,9,0.7,0,13.3,0,144471.1,0
txn_007086,cust_01871,773.28,upi,success,none,8,7,1,0.875,0,0.0,0,117929.25,1
txn_007087,cust_01360,239.12,upi,success,none,18,14,4,0.7778,0,0.0,0,116491.84,1
txn_007088,cust_01049,637.69,card,failed,bank_decline,30,26,4,0.8667,2,3.32,0,112412.49,0
txn_007089,cust_01529,1313.37,wallet,success,none,4,3,1,0.75,0,0.0,0,145911.33,1
txn_007090,cust_00872,100.0,netbanking,failed,bank_decline,21,16,5,0.7619,3,11.21,0,96708.45,0
txn_007091,cust_02180,800.42,wallet,success,none,37,30,7,0.8108,0,0.0,0,22882.9,1
txn_007092,cust_00286,3362.95,upi,success,none,23,18,5,0.7826,0,0.0,0,34409.1,1
txn_007093,cust_01793,5131.89,upi,success,none,2,2,0,1.0,0,0.0,0,98654.68,1
txn_007094,cust_01956,790.41,upi,success,none,27,25,2,0.9259,0,0.0,0,16937.26,1
txn_007095,cust_00747,761.28,upi,abandoned,none,37,36,1,0.973,0,2.95,1,147681.53,0
txn_007096,cust_02362,651.98,upi,success,none,24,21,3,0.875,0,0.0,0,112436.43,1
txn_007097,cust_01616,766.33,wallet,failed,authentication_failed,22,16,6,0.7273,3,11.67,0,137766.53,0
txn_007098,cust_00621,4199.2,upi,success,none,31,18,13,0.5806,0,0.0,0,34412.49,1
txn_007099,cust_00698,6830.88,netbanking,failed,network_error,3,3,0,1.0,3,5.98,0,68010.32,0
txn_007100,cust_01004,247.53,upi,success,none,36,22,14,0.6111,0,0.0,0,146708.7,1
txn_007101,cust_00808,594.98,wallet,abandoned,none,21,18,3,0.8571,0,5.95,1,140072.28,1
txn_007102,cust_00592,207.79,netbanking,success,none,29,26,3,0.8966,0,0.0,0,11950.12,1
txn_007103,cust_01556,1301.62,wallet,success,none,26,21,5,0.8077,0,0.0,0,77505.49,1
txn_007104,cust_01944,821.91,upi,failed,authentication_failed,24,21,3,0.875,1,7.36,0,123971.34,1
txn_007105,cust_02439,1917.77,netbanking,failed,authentication_failed,20,15,5,0.75,2,13.27,0,140496.07,0
txn_007106,cust_00295,2599.87,card,success,none,11,9,2,0.8182,0,0.0,0,91278.01,1
txn_007107,cust_02497,2326.83,card,success,none,25,22,3,0.88,0,0.0,0,99030.27,1
txn_007108,cust_00969,258.28,upi,failed,authentication_failed,40,33,7,0.825,1,12.06,0,138157.62,0
txn_007109,cust_01368,1305.44,wallet,success,none,6,5,1,0.8333,0,0.0,0,66421.42,1
txn_007110,cust_02377,245.74,upi,success,none,29,18,11,0.6207,0,0.0,0,94345.62,1
txn_007111,cust_02479,7607.37,netbanking,success,none,1,1,0,1.0,0,0.0,0,116611.77,1
txn_007112,cust_00892,939.48,upi,success,none,2,2,0,1.0,0,0.0,0,13102.21,1
txn_007113,cust_01598,341.56,card,failed,insufficient_funds,38,34,4,0.8947,0,5.09,0,149941.26,1
txn_007114,cust_01061,777.23,upi,success,none,10,8,2,0.8,0,0.0,0,25516.04,1
txn_007115,cust_00228,1648.93,netbanking,failed,technical_error,10,9,1,0.9,0,1.36,0,4639.38,1
txn_007116,cust_01491,2788.47,card,failed,authentication_failed,32,31,1,0.9688,1,8.5,0,68824.47,0
txn_007117,cust_00656,4916.29,wallet,abandoned,none,28,23,5,0.8214,0,6.22,1,27178.53,0
txn_007118,cust_02440,1426.4,netbanking,success,none,11,9,2,0.8182,0,0.0,0,94745.47,1
txn_007119,cust_01805,959.27,wallet,success,none,17,17,0,1.0,0,0.0,0,109052.81,1
txn_007120,cust_01477,2657.31,netbanking,success,none,8,5,3,0.625,0,0.0,0,68552.4,1
txn_007121,cust_00152,2585.4,wallet,success,none,34,29,5,0.8529,0,0.0,0,2165.64,1
txn_007122,cust_02408,1508.36,wallet,success,none,34,28,6,0.8235,0,0.0,0,114916.21,1
txn_007123,cust_00394,3009.78,netbanking,success,none,37,31,6,0.8378,0,0.0,0,138257.69,1
txn_007124,cust_01959,727.6,upi,success,none,26,17,9,0.6538,0,0.0,0,33122.84,1
txn_007125,cust_01013,1307.64,card,failed,insufficient_funds,12,10,2,0.8333,1,13.73,0,63264.86,0
txn_007126,cust_02343,175.39,card,success,none,17,16,1,0.9412,0,0.0,0,52276.9,1
txn_007127,cust_00081,5376.9,card,success,none,9,9,0,1.0,0,0.0,0,99302.87,1
txn_007128,cust_02233,819.18,netbanking,success,none,29,20,9,0.6897,0,0.0,0,117683.28,1
txn_007129,cust_00343,5407.62,card,failed,insufficient_funds,17,15,2,0.8824,2,2.5,0,35350.17,0
txn_007130,cust_01534,694.93,upi,failed,network_error,24,21,3,0.875,3,10.57,0,69310.25,0
txn_007131,cust_01494,1812.07,netbanking,success,none,11,9,2,0.8182,0,0.0,0,39012.3,1
txn_007132,cust_00902,1414.8,netbanking,success,none,31,16,15,0.5161,0,0.0,0,70201.88,1
txn_007133,cust_02240,733.63,netbanking,success,none,10,9,1,0.9,0,0.0,0,71278.63,1
txn_007134,cust_01791,2163.77,card,success,none,39,39,0,1.0,0,0.0,0,61210.67,1
txn_007135,cust_00606,4802.78,card,success,none,7,6,1,0.8571,0,0.0,0,47569.7,1
txn_007136,cust_00965,8020.78,netbanking,abandoned,none,8,7,1,0.875,0,3.85,1,29426.86,1
txn_007137,cust_02040,2815.02,upi,success,none,40,29,11,0.725,0,0.0,0,80044.34,1
txn_007138,cust_01437,399.4,wallet,success,none,14,13,1,0.9286,0,0.0,0,13916.52,1
txn_007139,cust_01682,328.46,netbanking,failed,authentication_failed,6,5,1,0.8333,2,5.83,0,71562.03,0
txn_007140,cust_01315,4183.64,upi,success,none,30,25,5,0.8333,0,0.0,0,35546.48,1
txn_007141,cust_02130,494.09,card,success,none,35,26,9,0.7429,0,0.0,0,134203.9,1
txn_007142,cust_00504,2479.85,netbanking,failed,insufficient_funds,19,18,1,0.9474,0,13.09,0,4269.0,0
txn_007143,cust_01652,1531.4,netbanking,failed,network_error,25,22,3,0.88,0,10.49,0,53333.44,1
txn_007144,cust_00456,5007.55,upi,success,none,15,14,1,0.9333,0,0.0,0,128545.93,1
txn_007145,cust_00007,2230.43,wallet,success,none,33,30,3,0.9091,0,0.0,0,90700.79,1
txn_007146,cust_01065,1299.09,netbanking,success,none,33,27,6,0.8182,0,0.0,0,67376.92,1
txn_007147,cust_00869,10522.23,wallet,success,none,31,27,4,0.871,0,0.0,0,79328.65,1
txn_007148,cust_02245,3051.07,wallet,success,none,26,20,6,0.7692,0,0.0,0,92480.87,1
txn_007149,cust_01212,2332.58,wallet,failed,bank_decline,6,5,1,0.8333,1,3.35,0,75618.13,0
txn_007150,cust_01814,676.81,netbanking,failed,authentication_failed,38,31,7,0.8158,1,2.86,0,87466.65,0
txn_007151,cust_00606,425.54,card,failed,authentication_failed,7,6,1,0.8571,1,7.08,0,47569.7,0
txn_007152,cust_00305,1033.32,netbanking,success,none,37,33,4,0.8919,0,0.0,0,117612.67,1
txn_007153,cust_01189,299.22,card,success,none,6,5,1,0.8333,0,0.0,0,98406.62,1
txn_007154,cust_01004,970.71,netbanking,abandoned,none,36,22,14,0.6111,0,0.45,1,146708.7,0
txn_007155,cust_00473,2983.8,netbanking,success,none,32,19,13,0.5938,0,0.0,0,130985.07,1
txn_007156,cust_00016,3575.25,netbanking,success,none,25,22,3,0.88,0,0.0,0,15410.74,1
txn_007157,cust_00109,951.46,wallet,failed,technical_error,13,10,3,0.7692,3,2.38,0,80906.58,1
txn_007158,cust_01456,25234.69,wallet,success,none,37,34,3,0.9189,0,0.0,0,63708.67,1
txn_007159,cust_01679,4785.47,wallet,success,none,39,22,17,0.5641,0,0.0,0,72568.93,1
txn_007160,cust_01299,1299.88,upi,success,none,2,1,1,0.5,0,0.0,0,72932.89,1
txn_007161,cust_01221,4194.06,wallet,abandoned,none,23,14,9,0.6087,0,1.7,1,83402.62,1
txn_007162,cust_00840,750.33,wallet,success,none,10,9,1,0.9,0,0.0,0,102180.25,1
txn_007163,cust_02147,1726.61,wallet,failed,technical_error,17,13,4,0.7647,2,12.65,0,56045.84,0
txn_007164,cust_01855,933.96,upi,success,none,11,6,5,0.5455,0,0.0,0,19351.14,1
txn_007165,cust_02193,398.71,netbanking,abandoned,none,22,17,5,0.7727,0,1.92,1,138430.44,0
txn_007166,cust_02462,2281.6,wallet,success,none,36,33,3,0.9167,0,0.0,0,118495.71,1
txn_007167,cust_02313,1331.55,netbanking,success,none,30,25,5,0.8333,0,0.0,0,48032.04,1
txn_007168,cust_01956,1434.09,wallet,success,none,27,25,2,0.9259,0,0.0,0,16937.26,1
txn_007169,cust_00647,1303.57,upi,success,none,8,7,1,0.875,0,0.0,0,43203.72,1
txn_007170,cust_02111,545.61,wallet,success,none,28,21,7,0.75,0,0.0,0,26127.29,1
txn_007171,cust_00298,6557.32,upi,abandoned,none,7,4,3,0.5714,0,5.32,1,87224.03,0
txn_007172,cust_01922,1717.69,netbanking,success,none,25,23,2,0.92,0,0.0,0,23149.51,1
txn_007173,cust_02204,1025.6,card,success,none,9,6,3,0.6667,0,0.0,0,135395.73,1
txn_007174,cust_02436,361.69,upi,success,none,3,2,1,0.6667,0,0.0,0,30677.8,1
txn_007175,cust_00245,5450.05,netbanking,success,none,36,33,3,0.9167,0,0.0,0,67441.13,1
txn_007176,cust_01437,3352.02,upi,success,none,14,13,1,0.9286,0,0.0,0,13916.52,1
txn_007177,cust_02255,1341.45,netbanking,success,none,1,1,0,1.0,0,0.0,0,146371.24,1
txn_007178,cust_02324,370.88,upi,success,none,26,21,5,0.8077,0,0.0,0,42664.8,1
txn_007179,cust_00758,7036.96,netbanking,success,none,11,11,0,1.0,0,0.0,0,41645.9,1
txn_007180,cust_01923,930.02,upi,abandoned,none,36,31,5,0.8611,0,1.4,1,133917.22,1
txn_007181,cust_00227,684.36,wallet,success,none,15,14,1,0.9333,0,0.0,0,121177.87,1
txn_007182,cust_00798,1275.22,netbanking,success,none,7,5,2,0.7143,0,0.0,0,115953.7,1
txn_007183,cust_02398,1949.13,upi,success,none,31,30,1,0.9677,0,0.0,0,45641.97,1
txn_007184,cust_00641,1131.58,card,failed,insufficient_funds,40,29,11,0.725,3,12.84,0,8414.61,0
txn_007185,cust_02295,100.0,wallet,failed,network_error,16,15,1,0.9375,3,7.11,0,125613.87,0
txn_007186,cust_00600,1719.22,wallet,abandoned,none,28,23,5,0.8214,0,3.31,1,15777.59,0
txn_007187,cust_01014,3369.71,upi,success,none,12,11,1,0.9167,0,0.0,0,140154.47,1
txn_007188,cust_00900,549.47,card,failed,authentication_failed,5,5,0,1.0,3,0.48,0,103603.42,0
txn_007189,cust_02333,6377.64,wallet,success,none,34,30,4,0.8824,0,0.0,0,80563.41,1
txn_007190,cust_01373,3212.71,upi,failed,insufficient_funds,11,10,1,0.9091,2,3.96,0,92806.53,0
txn_007191,cust_00190,2140.46,wallet,failed,technical_error,15,12,3,0.8,3,2.28,0,34215.61,0
txn_007192,cust_00112,485.86,upi,success,none,5,4,1,0.8,0,0.0,0,67026.48,1
txn_007193,cust_00948,1770.24,card,success,none,40,26,14,0.65,0,0.0,0,48460.97,1
txn_007194,cust_01457,1910.14,card,success,none,35,26,9,0.7429,0,0.0,0,102758.37,1
txn_007195,cust_01187,1234.07,wallet,success,none,16,11,5,0.6875,0,0.0,0,148544.72,1
txn_007196,cust_01247,3266.06,upi,failed,authentication_failed,10,6,4,0.6,3,1.78,0,10426.81,0
txn_007197,cust_01309,933.81,card,success,none,8,5,3,0.625,0,0.0,0,4365.18,1
txn_007198,cust_01812,1020.83,card,success,none,38,32,6,0.8421,0,0.0,0,44813.62,1
txn_007199,cust_02268,687.89,upi,failed,technical_error,33,26,7,0.7879,3,9.42,0,16863.28,0
txn_007200,cust_02052,853.0,netbanking,success,none,3,2,1,0.6667,0,0.0,0,45168.66,1
txn_007201,cust_01292,1152.87,card,success,none,7,6,1,0.8571,0,0.0,0,39552.02,1
txn_007202,cust_01494,1111.97,card,failed,network_error,11,9,2,0.8182,3,2.07,0,39012.3,0
txn_007203,cust_01520,1063.12,upi,failed,insufficient_funds,16,14,2,0.875,2,1.24,0,23434.39,1
txn_007204,cust_00187,3374.82,wallet,success,none,3,2,1,0.6667,0,0.0,0,128930.39,1
txn_007205,cust_00266,6019.13,card,success,none,20,15,5,0.75,0,0.0,0,113267.79,1
txn_007206,cust_02243,371.72,card,success,none,24,22,2,0.9167,0,0.0,0,12925.92,1
txn_007207,cust_00751,5880.88,wallet,failed,technical_error,13,10,3,0.7692,2,3.22,0,120387.62,0
txn_007208,cust_02281,2629.28,card,success,none,15,10,5,0.6667,0,0.0,0,101860.03,1
txn_007209,cust_02350,548.35,card,success,none,29,14,15,0.4828,0,0.0,0,133555.23,1
txn_007210,cust_00424,963.06,wallet,success,none,24,19,5,0.7917,0,0.0,0,93772.45,1
txn_007211,cust_01746,1779.32,card,success,none,34,30,4,0.8824,0,0.0,0,130211.16,1
txn_007212,cust_02168,255.95,netbanking,success,none,18,14,4,0.7778,0,0.0,0,32516.05,1
txn_007213,cust_02291,1228.14,netbanking,success,none,13,12,1,0.9231,0,0.0,0,75350.9,1
txn_007214,cust_01742,2265.49,upi,success,none,27,23,4,0.8519,0,0.0,0,91141.89,1
txn_007215,cust_02195,636.27,wallet,success,none,15,13,2,0.8667,0,0.0,0,57353.49,1
txn_007216,cust_00189,304.95,wallet,success,none,30,14,16,0.4667,0,0.0,0,53099.11,1
txn_007217,cust_01434,1633.77,netbanking,success,none,14,12,2,0.8571,0,0.0,0,94583.93,1
txn_007218,cust_01340,12188.53,netbanking,success,none,12,9,3,0.75,0,0.0,0,73513.86,1
txn_007219,cust_01811,656.4,wallet,failed,bank_decline,22,20,2,0.9091,2,13.68,0,56380.68,0
txn_007220,cust_00733,673.81,netbanking,success,none,34,23,11,0.6765,0,0.0,0,6624.38,1
txn_007221,cust_02184,1096.09,upi,success,none,37,27,10,0.7297,0,0.0,0,96005.78,1
txn_007222,cust_01312,6436.42,netbanking,success,none,16,13,3,0.8125,0,0.0,0,77883.09,1
txn_007223,cust_01404,256.62,wallet,success,none,32,30,2,0.9375,0,0.0,0,118457.24,1
txn_007224,cust_01936,2892.35,card,success,none,8,7,1,0.875,0,0.0,0,147119.94,1
txn_007225,cust_01181,836.37,upi,success,none,7,5,2,0.7143,0,0.0,0,79133.42,1
txn_007226,cust_01515,911.69,upi,failed,network_error,40,27,13,0.675,1,1.73,0,37145.02,1
txn_007227,cust_02143,487.76,upi,success,none,10,9,1,0.9,0,0.0,0,110652.05,1
txn_007228,cust_00470,1044.22,upi,success,none,22,14,8,0.6364,0,0.0,0,127998.86,1
txn_007229,cust_01567,502.05,wallet,success,none,6,6,0,1.0,0,0.0,0,87766.25,1
txn_007230,cust_00069,778.74,netbanking,success,none,33,31,2,0.9394,0,0.0,0,91736.56,1
txn_007231,cust_00185,113.81,upi,success,none,16,14,2,0.875,0,0.0,0,40754.05,1
txn_007232,cust_01376,236.53,netbanking,success,none,35,30,5,0.8571,0,0.0,0,42881.67,1
txn_007233,cust_02406,1875.67,card,success,none,15,12,3,0.8,0,0.0,0,40184.06,1
txn_007234,cust_01664,4732.58,upi,abandoned,none,6,4,2,0.6667,0,2.75,1,51354.64,0
txn_007235,cust_01261,33854.56,card,success,none,13,12,1,0.9231,0,0.0,0,72372.45,1
txn_007236,cust_02074,3376.36,upi,abandoned,none,38,34,4,0.8947,0,1.65,1,7782.01,1
txn_007237,cust_00865,800.55,card,success,none,37,24,13,0.6486,0,0.0,0,55967.76,1
txn_007238,cust_00675,184.26,netbanking,success,none,8,8,0,1.0,0,0.0,0,80060.12,1
txn_007239,cust_00399,2297.94,wallet,success,none,39,32,7,0.8205,0,0.0,0,6939.26,1
txn_007240,cust_00966,313.4,netbanking,success,none,29,29,0,1.0,0,0.0,0,47740.18,1
txn_007241,cust_01216,597.54,card,success,none,40,36,4,0.9,0,0.0,0,143273.9,1
txn_007242,cust_01667,3248.76,wallet,failed,technical_error,11,10,1,0.9091,0,10.81,0,91490.33,0
txn_007243,cust_01065,1797.6,netbanking,success,none,33,27,6,0.8182,0,0.0,0,67376.92,1
txn_007244,cust_02248,528.97,upi,success,none,12,10,2,0.8333,0,0.0,0,96403.41,1
txn_007245,cust_02254,243.13,wallet,success,none,3,3,0,1.0,0,0.0,0,54601.26,1
txn_007246,cust_01296,1656.14,upi,success,none,24,15,9,0.625,0,0.0,0,59278.99,1
txn_007247,cust_01543,1873.75,upi,failed,insufficient_funds,18,15,3,0.8333,3,3.03,0,35808.07,0
txn_007248,cust_00057,6026.14,upi,failed,authentication_failed,30,22,8,0.7333,0,3.2,0,79838.04,1
txn_007249,cust_02235,110.82,netbanking,success,none,33,29,4,0.8788,0,0.0,0,60683.58,1
txn_007250,cust_00740,1507.51,upi,success,none,3,3,0,1.0,0,0.0,0,62217.93,1
txn_007251,cust_01034,3350.18,netbanking,success,none,12,11,1,0.9167,0,0.0,0,147271.09,1
txn_007252,cust_00629,879.85,netbanking,success,none,18,15,3,0.8333,0,0.0,0,105702.12,1
txn_007253,cust_01431,271.33,card,success,none,10,8,2,0.8,0,0.0,0,11193.33,1
txn_007254,cust_01649,531.24,wallet,success,none,4,3,1,0.75,0,0.0,0,58504.63,1
txn_007255,cust_00663,1390.5,netbanking,abandoned,none,37,21,16,0.5676,0,5.56,1,61259.01,0
txn_007256,cust_01266,823.04,wallet,success,none,18,16,2,0.8889,0,0.0,0,122657.68,1
txn_007257,cust_00246,1815.09,wallet,success,none,11,8,3,0.7273,0,0.0,0,111804.66,1
txn_007258,cust_00904,4814.33,upi,failed,authentication_failed,21,17,4,0.8095,0,13.07,0,129361.28,1
txn_007259,cust_01138,898.45,card,success,none,8,6,2,0.75,0,0.0,0,112285.0,1
txn_007260,cust_00338,4535.66,netbanking,failed,network_error,38,32,6,0.8421,3,1.32,0,55984.05,0
txn_007261,cust_00152,1193.14,netbanking,success,none,34,29,5,0.8529,0,0.0,0,2165.64,1
txn_007262,cust_00760,1879.82,wallet,success,none,28,18,10,0.6429,0,0.0,0,14665.32,1
txn_007263,cust_02049,1191.41,card,success,none,2,2,0,1.0,0,0.0,0,136789.05,1
txn_007264,cust_02442,1929.14,netbanking,failed,network_error,36,27,9,0.75,2,1.3,0,78618.01,0
txn_007265,cust_02349,2295.58,upi,failed,authentication_failed,33,28,5,0.8485,0,3.63,0,73636.57,0
txn_007266,cust_01756,2544.81,card,success,none,30,29,1,0.9667,0,0.0,0,76263.83,1
txn_007267,cust_02243,1343.78,card,success,none,24,22,2,0.9167,0,0.0,0,12925.92,1
txn_007268,cust_01333,100.0,card,success,none,38,37,1,0.9737,0,0.0,0,13628.04,1
txn_007269,cust_01947,2429.74,wallet,success,none,40,33,7,0.825,0,0.0,0,90392.72,1
txn_007270,cust_01153,186.74,upi,success,none,2,2,0,1.0,0,0.0,0,39855.34,1
txn_007271,cust_01107,730.05,upi,failed,authentication_failed,21,21,0,1.0,0,2.75,0,36298.7,1
txn_007272,cust_00635,122.58,netbanking,success,none,34,22,12,0.6471,0,0.0,0,33054.8,1
txn_007273,cust_02282,7321.37,card,success,none,15,13,2,0.8667,0,0.0,0,120224.05,1
txn_007274,cust_00625,2033.07,upi,success,none,28,27,1,0.9643,0,0.0,0,126928.12,1
txn_007275,cust_00504,966.99,netbanking,success,none,19,18,1,0.9474,0,0.0,0,4269.0,1
txn_007276,cust_02358,5535.32,netbanking,success,none,21,14,7,0.6667,0,0.0,0,98298.95,1
txn_007277,cust_01483,2280.22,card,failed,network_error,17,14,3,0.8235,0,5.21,0,25877.48,0
txn_007278,cust_02062,1517.15,upi,success,none,5,3,2,0.6,0,0.0,0,112286.73,1
txn_007279,cust_02153,1988.52,card,success,none,21,17,4,0.8095,0,0.0,0,16380.53,1
txn_007280,cust_01929,914.1,upi,success,none,22,17,5,0.7727,0,0.0,0,145551.61,1
txn_007281,cust_01257,387.73,upi,success,none,22,20,2,0.9091,0,0.0,0,66593.22,1
txn_007282,cust_00868,3501.31,wallet,success,none,26,18,8,0.6923,0,0.0,0,149939.66,1
txn_007283,cust_01017,1247.67,card,success,none,12,12,0,1.0,0,0.0,0,140554.7,1
txn_007284,cust_01014,230.64,card,success,none,12,11,1,0.9167,0,0.0,0,140154.47,1
txn_007285,cust_01839,2224.7,wallet,failed,authentication_failed,16,15,1,0.9375,3,4.15,0,34713.59,0
txn_007286,cust_01376,1395.29,upi,success,none,35,30,5,0.8571,0,0.0,0,42881.67,1
txn_007287,cust_01577,7330.65,wallet,success,none,25,22,3,0.88,0,0.0,0,102798.72,1
txn_007288,cust_01206,1752.03,card,abandoned,none,26,14,12,0.5385,0,2.1,1,139402.37,0
txn_007289,cust_00795,411.14,upi,success,none,24,20,4,0.8333,0,0.0,0,38793.89,1
txn_007290,cust_02028,223.6,card,abandoned,none,40,35,5,0.875,0,5.82,1,126627.86,0
txn_007291,cust_01652,4742.38,wallet,success,none,25,22,3,0.88,0,0.0,0,53333.44,1
txn_007292,cust_02473,1256.87,upi,failed,network_error,18,17,1,0.9444,1,5.72,0,130281.61,1
txn_007293,cust_01799,563.52,card,failed,insufficient_funds,15,14,1,0.9333,1,1.15,0,103261.4,1
txn_007294,cust_00846,652.19,upi,success,none,2,2,0,1.0,0,0.0,0,110615.55,1
txn_007295,cust_01399,4906.64,card,success,none,35,31,4,0.8857,0,0.0,0,60259.66,1
txn_007296,cust_02272,2146.96,card,success,none,35,27,8,0.7714,0,0.0,0,122158.96,1
txn_007297,cust_01307,4012.53,upi,success,none,29,23,6,0.7931,0,0.0,0,48517.51,1
txn_007298,cust_01650,1711.65,netbanking,success,none,27,22,5,0.8148,0,0.0,0,145396.17,1
txn_007299,cust_01023,580.2,wallet,success,none,9,8,1,0.8889,0,0.0,0,127807.9,1
txn_007300,cust_00489,7995.04,card,success,none,16,15,1,0.9375,0,0.0,0,75152.42,1
txn_007301,cust_01497,905.92,card,success,none,33,19,14,0.5758,0,0.0,0,1382.71,1
txn_007302,cust_00988,2994.14,wallet,success,none,26,18,8,0.6923,0,0.0,0,122938.24,1
txn_007303,cust_01986,3960.86,card,success,none,19,12,7,0.6316,0,0.0,0,103305.08,1
txn_007304,cust_01301,1347.85,upi,success,none,6,4,2,0.6667,0,0.0,0,18294.33,1
txn_007305,cust_01747,440.0,upi,success,none,4,4,0,1.0,0,0.0,0,77775.19,1
txn_007306,cust_00966,679.83,wallet,success,none,29,29,0,1.0,0,0.0,0,47740.18,1
txn_007307,cust_00156,2636.44,card,success,none,7,6,1,0.8571,0,0.0,0,111620.09,1
txn_007308,cust_00716,2284.31,card,success,none,22,16,6,0.7273,0,0.0,0,13143.8,1
txn_007309,cust_02262,4918.03,card,success,none,36,28,8,0.7778,0,0.0,0,137336.34,1
txn_007310,cust_01380,4185.13,upi,success,none,33,23,10,0.697,0,0.0,0,147837.76,1
txn_007311,cust_00600,516.48,wallet,abandoned,none,28,23,5,0.8214,0,0.79,1,15777.59,0
txn_007312,cust_01003,5673.95,netbanking,success,none,9,8,1,0.8889,0,0.0,0,1772.04,1
txn_007313,cust_00267,480.02,upi,success,none,27,24,3,0.8889,0,0.0,0,81194.86,1
txn_007314,cust_01324,2427.93,wallet,failed,technical_error,35,30,5,0.8571,3,12.93,0,28857.02,1
txn_007315,cust_00557,15085.14,upi,success,none,24,18,6,0.75,0,0.0,0,15803.84,1
txn_007316,cust_01957,1830.76,netbanking,success,none,40,23,17,0.575,0,0.0,0,30192.3,1
txn_007317,cust_02175,226.15,wallet,success,none,38,28,10,0.7368,0,0.0,0,25025.69,1
txn_007318,cust_02185,966.91,card,success,none,19,15,4,0.7895,0,0.0,0,142140.83,1
txn_007319,cust_01603,11788.0,card,success,none,25,23,2,0.92,0,0.0,0,53865.89,1
txn_007320,cust_00926,1088.88,wallet,abandoned,none,31,21,10,0.6774,0,0.47,1,43576.51,1
txn_007321,cust_01858,5049.25,upi,abandoned,none,40,36,4,0.9,0,5.31,1,8239.46,0
txn_007322,cust_00799,514.59,upi,success,none,22,19,3,0.8636,0,0.0,0,20878.03,1
txn_007323,cust_00108,938.54,upi,success,none,7,6,1,0.8571,0,0.0,0,38049.79,1
txn_007324,cust_01603,1079.55,card,success,none,25,23,2,0.92,0,0.0,0,53865.89,1
txn_007325,cust_00030,9423.05,card,abandoned,none,23,19,4,0.8261,0,6.56,1,32216.55,0
txn_007326,cust_02104,986.4,netbanking,failed,authentication_failed,16,13,3,0.8125,1,0.98,0,15906.71,1
txn_007327,cust_00936,203.27,upi,failed,bank_decline,40,32,8,0.8,1,8.39,0,102379.4,0
txn_007328,cust_00709,14501.14,card,success,none,19,15,4,0.7895,0,0.0,0,58725.07,1
txn_007329,cust_00716,1681.54,netbanking,success,none,22,16,6,0.7273,0,0.0,0,13143.8,1
txn_007330,cust_02428,2577.73,card,success,none,3,2,1,0.6667,0,0.0,0,50207.05,1
txn_007331,cust_01212,268.58,wallet,failed,network_error,6,5,1,0.8333,2,3.36,0,75618.13,1
txn_007332,cust_02200,1733.27,wallet,failed,network_error,12,11,1,0.9167,2,6.42,0,71904.51,1
txn_007333,cust_01948,1365.26,card,failed,network_error,24,19,5,0.7917,3,3.11,0,107671.11,0
txn_007334,cust_02453,509.66,card,success,none,31,21,10,0.6774,0,0.0,0,103572.57,1
txn_007335,cust_01498,2612.22,upi,success,none,1,1,0,1.0,0,0.0,0,37438.17,1
txn_007336,cust_02229,243.14,card,success,none,31,27,4,0.871,0,0.0,0,38812.87,1
txn_007337,cust_00056,506.08,wallet,failed,insufficient_funds,25,17,8,0.68,0,10.27,0,57861.27,1
txn_007338,cust_00594,4500.55,upi,success,none,10,8,2,0.8,0,0.0,0,10786.65,1
txn_007339,cust_00930,648.18,netbanking,abandoned,none,26,23,3,0.8846,0,4.98,1,55524.67,1
txn_007340,cust_00791,817.82,card,success,none,34,31,3,0.9118,0,0.0,0,82068.21,1
txn_007341,cust_01536,1465.57,wallet,success,none,33,29,4,0.8788,0,0.0,0,20893.56,1
txn_007342,cust_00474,923.39,upi,success,none,3,3,0,1.0,0,0.0,0,93001.46,1
txn_007343,cust_00372,2672.81,card,abandoned,none,29,27,2,0.931,0,6.44,1,45305.62,1
txn_007344,cust_00030,1597.15,wallet,success,none,23,19,4,0.8261,0,0.0,0,32216.55,1
txn_007345,cust_01570,296.89,upi,success,none,5,3,2,0.6,0,0.0,0,30464.8,1
txn_007346,cust_01589,642.35,netbanking,success,none,25,19,6,0.76,0,0.0,0,117505.45,1
txn_007347,cust_00929,576.49,card,success,none,17,16,1,0.9412,0,0.0,0,109398.7,1
txn_007348,cust_00215,842.68,card,success,none,12,10,2,0.8333,0,0.0,0,92711.72,1
txn_007349,cust_01948,1498.14,upi,success,none,24,19,5,0.7917,0,0.0,0,107671.11,1
txn_007350,cust_02385,1819.45,netbanking,success,none,35,31,4,0.8857,0,0.0,0,27378.46,1
txn_007351,cust_01025,125.47,upi,success,none,8,7,1,0.875,0,0.0,0,50271.93,1
txn_007352,cust_02346,3733.34,netbanking,success,none,37,31,6,0.8378,0,0.0,0,97829.96,1
txn_007353,cust_00048,1223.09,upi,failed,network_error,38,34,4,0.8947,3,10.82,0,64836.64,0
txn_007354,cust_00954,436.86,netbanking,success,none,2,2,0,1.0,0,0.0,0,55885.31,1
txn_007355,cust_00926,3471.42,netbanking,success,none,31,21,10,0.6774,0,0.0,0,43576.51,1
txn_007356,cust_01771,163.11,card,success,none,9,7,2,0.7778,0,0.0,0,97458.36,1
txn_007357,cust_00983,277.07,upi,success,none,32,29,3,0.9062,0,0.0,0,48239.07,1
txn_007358,cust_02160,11261.62,wallet,success,none,25,17,8,0.68,0,0.0,0,145928.44,1
txn_007359,cust_01626,1550.46,wallet,success,none,9,4,5,0.4444,0,0.0,0,146403.24,1
txn_007360,cust_00691,640.82,netbanking,success,none,33,20,13,0.6061,0,0.0,0,12054.41,1
txn_007361,cust_01501,1492.93,wallet,success,none,3,2,1,0.6667,0,0.0,0,83376.85,1
txn_007362,cust_01233,1117.03,upi,success,none,6,5,1,0.8333,0,0.0,0,28921.38,1
txn_007363,cust_01381,1388.22,card,success,none,7,6,1,0.8571,0,0.0,0,21202.75,1
txn_007364,cust_02021,2184.48,netbanking,success,none,8,5,3,0.625,0,0.0,0,57202.54,1
txn_007365,cust_01294,1098.8,wallet,abandoned,none,36,26,10,0.7222,0,3.71,1,87497.23,0
txn_007366,cust_02147,1909.68,upi,success,none,17,13,4,0.7647,0,0.0,0,56045.84,1
txn_007367,cust_01022,1143.64,upi,success,none,35,28,7,0.8,0,0.0,0,79123.46,1
txn_007368,cust_00465,589.42,upi,success,none,30,19,11,0.6333,0,0.0,0,3286.79,1
txn_007369,cust_01078,443.16,upi,success,none,31,26,5,0.8387,0,0.0,0,5728.5,1
txn_007370,cust_02052,5009.42,netbanking,abandoned,none,3,2,1,0.6667,0,6.22,1,45168.66,0
txn_007371,cust_01801,2559.09,card,success,none,23,19,4,0.8261,0,0.0,0,76589.91,1
txn_007372,cust_00836,3778.42,wallet,success,none,29,28,1,0.9655,0,0.0,0,6185.05,1
txn_007373,cust_01081,1344.49,upi,success,none,27,18,9,0.6667,0,0.0,0,56794.68,1
txn_007374,cust_01679,1678.53,wallet,success,none,39,22,17,0.5641,0,0.0,0,72568.93,1
txn_007375,cust_01301,1120.62,upi,success,none,6,4,2,0.6667,0,0.0,0,18294.33,1
txn_007376,cust_00021,4261.99,card,success,none,19,14,5,0.7368,0,0.0,0,124581.29,1
txn_007377,cust_00372,948.76,wallet,success,none,29,27,2,0.931,0,0.0,0,45305.62,1
txn_007378,cust_01891,500.68,upi,success,none,21,19,2,0.9048,0,0.0,0,64473.29,1
txn_007379,cust_00151,2255.84,upi,success,none,20,17,3,0.85,0,0.0,0,92139.99,1
txn_007380,cust_00874,1150.4,card,failed,technical_error,34,30,4,0.8824,0,6.43,0,52332.7,1
txn_007381,cust_01002,1719.72,netbanking,success,none,31,27,4,0.871,0,0.0,0,15981.19,1
txn_007382,cust_01729,2727.46,netbanking,success,none,18,16,2,0.8889,0,0.0,0,61043.12,1
txn_007383,cust_00262,750.6,netbanking,success,none,38,24,14,0.6316,0,0.0,0,141963.24,1
txn_007384,cust_01634,1076.08,upi,failed,authentication_failed,19,16,3,0.8421,1,11.94,0,19974.91,1
txn_007385,cust_01726,982.0,netbanking,success,none,17,7,10,0.4118,0,0.0,0,58073.48,1
txn_007386,cust_00707,4850.28,netbanking,abandoned,none,34,31,3,0.9118,0,4.98,1,78889.46,0
txn_007387,cust_00501,1358.75,netbanking,failed,authentication_failed,31,29,2,0.9355,2,12.3,0,16891.34,0
txn_007388,cust_01788,1566.15,card,success,none,20,17,3,0.85,0,0.0,0,29065.65,1
txn_007389,cust_00598,421.39,card,success,none,39,32,7,0.8205,0,0.0,0,80052.97,1
txn_007390,cust_01743,2781.64,netbanking,success,none,6,5,1,0.8333,0,0.0,0,29002.42,1
txn_007391,cust_00325,2055.16,wallet,abandoned,none,12,8,4,0.6667,0,1.91,1,73644.94,1
txn_007392,cust_02124,581.01,netbanking,success,none,5,4,1,0.8,0,0.0,0,109386.38,1
txn_007393,cust_00610,9163.59,card,success,none,6,6,0,1.0,0,0.0,0,14891.29,1
txn_007394,cust_01602,1876.56,netbanking,success,none,15,12,3,0.8,0,0.0,0,86778.12,1
txn_007395,cust_02029,717.94,netbanking,success,none,20,18,2,0.9,0,0.0,0,74092.09,1
txn_007396,cust_00957,1335.62,upi,abandoned,none,2,2,0,1.0,0,5.29,1,89939.53,1
txn_007397,cust_01289,926.51,upi,success,none,26,24,2,0.9231,0,0.0,0,145054.86,1
txn_007398,cust_01180,6272.17,upi,success,none,12,11,1,0.9167,0,0.0,0,16945.45,1
txn_007399,cust_01949,3405.61,upi,abandoned,none,8,6,2,0.75,0,4.53,1,15518.12,1
txn_007400,cust_01742,2109.14,card,success,none,27,23,4,0.8519,0,0.0,0,91141.89,1
txn_007401,cust_00049,7456.53,wallet,success,none,38,33,5,0.8684,0,0.0,0,60510.68,1
txn_007402,cust_00187,474.27,wallet,success,none,3,2,1,0.6667,0,0.0,0,128930.39,1
txn_007403,cust_01316,2909.97,wallet,failed,insufficient_funds,26,20,6,0.7692,0,7.85,0,94834.29,0
txn_007404,cust_00932,2315.2,upi,success,none,36,31,5,0.8611,0,0.0,0,30003.64,1
txn_007405,cust_01322,1063.74,netbanking,success,none,14,13,1,0.9286,0,0.0,0,31661.89,1
txn_007406,cust_02042,1068.5,card,success,none,1,1,0,1.0,0,0.0,0,18093.57,1
txn_007407,cust_01521,3371.72,wallet,success,none,27,13,14,0.4815,0,0.0,0,4562.63,1
txn_007408,cust_01958,3133.45,upi,success,none,8,8,0,1.0,0,0.0,0,139602.22,1
txn_007409,cust_01476,323.03,card,failed,network_error,6,5,1,0.8333,1,1.16,0,138769.54,0
txn_007410,cust_01982,8237.24,netbanking,success,none,33,26,7,0.7879,0,0.0,0,45538.06,1
txn_007411,cust_02309,4199.66,card,success,none,35,19,16,0.5429,0,0.0,0,5851.83,1
txn_007412,cust_00474,1010.76,netbanking,success,none,3,3,0,1.0,0,0.0,0,93001.46,1
txn_007413,cust_01834,607.13,netbanking,success,none,3,3,0,1.0,0,0.0,0,80533.61,1
txn_007414,cust_01469,4066.13,card,success,none,6,4,2,0.6667,0,0.0,0,77184.4,1
txn_007415,cust_01452,2200.41,upi,success,none,8,6,2,0.75,0,0.0,0,36921.18,1
txn_007416,cust_02337,2741.9,card,success,none,7,7,0,1.0,0,0.0,0,103890.93,1
txn_007417,cust_01831,2370.5,card,success,none,28,19,9,0.6786,0,0.0,0,95389.64,1
txn_007418,cust_01625,4512.23,card,failed,technical_error,22,14,8,0.6364,1,4.1,0,45963.01,0
txn_007419,cust_00389,3152.45,upi,success,none,35,28,7,0.8,0,0.0,0,34496.61,1
txn_007420,cust_00145,785.34,wallet,success,none,7,6,1,0.8571,0,0.0,0,11915.85,1
txn_007421,cust_00107,740.66,upi,success,none,22,17,5,0.7727,0,0.0,0,120288.28,1
txn_007422,cust_00365,1912.09,upi,success,none,4,2,2,0.5,0,0.0,0,23607.32,1
txn_007423,cust_00483,13223.44,wallet,abandoned,none,24,21,3,0.875,0,2.39,1,65172.33,1
txn_007424,cust_02271,1153.11,card,failed,bank_decline,33,27,6,0.8182,1,3.46,0,143549.69,1
txn_007425,cust_01349,1925.85,wallet,success,none,33,25,8,0.7576,0,0.0,0,98307.39,1
txn_007426,cust_00010,3276.71,card,success,none,29,27,2,0.931,0,0.0,0,88800.59,1
txn_007427,cust_01757,880.76,upi,success,none,8,7,1,0.875,0,0.0,0,102494.98,1
txn_007428,cust_00476,2973.47,netbanking,success,none,19,16,3,0.8421,0,0.0,0,149616.46,1
txn_007429,cust_00715,1358.29,wallet,success,none,39,23,16,0.5897,0,0.0,0,131118.67,1
txn_007430,cust_00590,4674.59,card,success,none,28,20,8,0.7143,0,0.0,0,103228.53,1
txn_007431,cust_02008,520.82,netbanking,success,none,4,3,1,0.75,0,0.0,0,139046.24,1
txn_007432,cust_01268,13546.55,card,success,none,37,26,11,0.7027,0,0.0,0,30770.21,1
txn_007433,cust_00143,979.96,wallet,success,none,5,5,0,1.0,0,0.0,0,2388.0,1
txn_007434,cust_01069,2256.26,upi,success,none,30,24,6,0.8,0,0.0,0,101242.39,1
txn_007435,cust_00269,1345.98,netbanking,success,none,15,14,1,0.9333,0,0.0,0,73746.19,1
txn_007436,cust_01349,455.48,card,success,none,33,25,8,0.7576,0,0.0,0,98307.39,1
txn_007437,cust_01352,3081.76,card,abandoned,none,29,23,6,0.7931,0,6.34,1,73816.23,0
txn_007438,cust_00009,1028.33,netbanking,success,none,35,29,6,0.8286,0,0.0,0,63508.45,1
txn_007439,cust_02243,2265.88,wallet,success,none,24,22,2,0.9167,0,0.0,0,12925.92,1
txn_007440,cust_02486,598.76,card,success,none,13,9,4,0.6923,0,0.0,0,79086.4,1
txn_007441,cust_00747,1032.96,wallet,success,none,37,36,1,0.973,0,0.0,0,147681.53,1
txn_007442,cust_01859,997.8,card,success,none,4,3,1,0.75,0,0.0,0,99633.52,1
txn_007443,cust_00408,2323.0,wallet,abandoned,none,12,9,3,0.75,0,5.52,1,149544.88,1
txn_007444,cust_02388,1822.28,card,success,none,35,30,5,0.8571,0,0.0,0,47139.54,1
txn_007445,cust_00418,1122.6,upi,success,none,6,5,1,0.8333,0,0.0,0,47863.06,1
txn_007446,cust_00438,925.24,upi,success,none,18,14,4,0.7778,0,0.0,0,62908.06,1
txn_007447,cust_00182,1835.2,card,failed,authentication_failed,2,2,0,1.0,2,13.37,0,27724.74,0
txn_007448,cust_01182,1632.25,upi,success,none,16,11,5,0.6875,0,0.0,0,29597.88,1
txn_007449,cust_00517,1523.74,card,success,none,6,5,1,0.8333,0,0.0,0,136534.54,1
txn_007450,cust_00137,9598.29,wallet,failed,technical_error,38,32,6,0.8421,2,12.42,0,85218.81,0
txn_007451,cust_01944,2326.07,upi,abandoned,none,24,21,3,0.875,0,5.32,1,123971.34,0
txn_007452,cust_01247,9173.13,card,success,none,10,6,4,0.6,0,0.0,0,10426.81,1
txn_007453,cust_01019,1249.49,wallet,success,none,1,1,0,1.0,0,0.0,0,45460.44,1
txn_007454,cust_01447,1276.13,wallet,abandoned,none,20,18,2,0.9,0,1.52,1,31611.41,1
txn_007455,cust_00508,808.01,card,abandoned,none,32,28,4,0.875,0,0.87,1,125093.0,0
txn_007456,cust_02269,1811.49,card,success,none,5,4,1,0.8,0,0.0,0,75972.21,1
txn_007457,cust_02113,967.13,upi,success,none,15,14,1,0.9333,0,0.0,0,107117.67,1
txn_007458,cust_00857,838.69,wallet,success,none,5,4,1,0.8,0,0.0,0,82949.57,1
txn_007459,cust_00950,200.28,upi,abandoned,none,20,17,3,0.85,0,5.91,1,89464.97,1
txn_007460,cust_02452,5801.35,card,success,none,38,31,7,0.8158,0,0.0,0,117737.81,1
txn_007461,cust_01140,913.0,wallet,failed,bank_decline,39,37,2,0.9487,0,1.43,0,105861.52,0
txn_007462,cust_01825,5854.53,upi,success,none,12,11,1,0.9167,0,0.0,0,47698.7,1
txn_007463,cust_01621,1216.52,card,success,none,10,9,1,0.9,0,0.0,0,116380.61,1
txn_007464,cust_01264,2551.88,upi,success,none,32,25,7,0.7812,0,0.0,0,145196.7,1
txn_007465,cust_00063,1442.74,upi,success,none,28,21,7,0.75,0,0.0,0,24565.51,1
txn_007466,cust_01459,2027.79,netbanking,success,none,5,3,2,0.6,0,0.0,0,3486.72,1
txn_007467,cust_00534,488.32,card,failed,technical_error,24,14,10,0.5833,0,9.37,0,101251.43,0
txn_007468,cust_00113,4369.27,card,success,none,36,22,14,0.6111,0,0.0,0,15588.4,1
txn_007469,cust_02120,928.12,netbanking,success,none,39,31,8,0.7949,0,0.0,0,13214.08,1
txn_007470,cust_02192,3380.15,netbanking,success,none,33,28,5,0.8485,0,0.0,0,40413.58,1
txn_007471,cust_02267,310.86,card,abandoned,none,17,16,1,0.9412,0,3.66,1,27080.18,0
txn_007472,cust_00898,629.86,wallet,success,none,20,19,1,0.95,0,0.0,0,72958.78,1
txn_007473,cust_01208,1942.6,upi,success,none,16,15,1,0.9375,0,0.0,0,85437.69,1
txn_007474,cust_00962,1137.25,card,failed,authentication_failed,40,28,12,0.7,0,5.4,0,116416.31,0
txn_007475,cust_02022,2115.11,upi,success,none,28,26,2,0.9286,0,0.0,0,42587.72,1
txn_007476,cust_01645,1648.44,card,failed,bank_decline,22,19,3,0.8636,0,1.49,0,67547.86,0
txn_007477,cust_00283,8332.71,wallet,success,none,27,25,2,0.9259,0,0.0,0,38588.46,1
txn_007478,cust_02418,2299.27,netbanking,success,none,2,2,0,1.0,0,0.0,0,23670.25,1
txn_007479,cust_02437,868.98,card,success,none,7,5,2,0.7143,0,0.0,0,78649.73,1
txn_007480,cust_00780,903.94,netbanking,success,none,40,26,14,0.65,0,0.0,0,69109.93,1
txn_007481,cust_02019,4465.46,upi,abandoned,none,5,3,2,0.6,0,0.16,1,28859.51,0
txn_007482,cust_01990,290.52,card,success,none,23,15,8,0.6522,0,0.0,0,84779.75,1
txn_007483,cust_02206,2343.02,card,failed,insufficient_funds,28,16,12,0.5714,2,13.79,0,78784.59,0
txn_007484,cust_00531,438.88,upi,success,none,36,26,10,0.7222,0,0.0,0,55500.48,1
txn_007485,cust_01603,4061.17,card,failed,authentication_failed,25,23,2,0.92,2,1.87,0,53865.89,0
txn_007486,cust_01106,869.37,wallet,success,none,39,28,11,0.7179,0,0.0,0,116108.19,1
txn_007487,cust_01316,2267.05,upi,failed,network_error,26,20,6,0.7692,1,8.1,0,94834.29,0
txn_007488,cust_01374,1390.19,card,success,none,14,9,5,0.6429,0,0.0,0,122215.95,1
txn_007489,cust_01807,334.72,upi,success,none,12,8,4,0.6667,0,0.0,0,142091.58,1
txn_007490,cust_00651,2541.02,upi,success,none,4,3,1,0.75,0,0.0,0,2145.38,1
txn_007491,cust_02480,651.41,upi,failed,network_error,33,30,3,0.9091,2,0.26,0,57477.49,0
txn_007492,cust_00405,2986.48,wallet,success,none,18,13,5,0.7222,0,0.0,0,86860.8,1
txn_007493,cust_01078,491.76,netbanking,success,none,31,26,5,0.8387,0,0.0,0,5728.5,1
txn_007494,cust_01830,1706.27,upi,failed,authentication_failed,6,6,0,1.0,2,4.19,0,20281.49,1
txn_007495,cust_01289,1392.79,netbanking,success,none,26,24,2,0.9231,0,0.0,0,145054.86,1
txn_007496,cust_01481,733.2,upi,abandoned,none,11,8,3,0.7273,0,6.46,1,74965.53,0
txn_007497,cust_01335,5322.78,wallet,success,none,16,12,4,0.75,0,0.0,0,46501.62,1
txn_007498,cust_00040,1385.12,card,success,none,26,18,8,0.6923,0,0.0,0,40893.39,1
txn_007499,cust_02042,878.61,netbanking,success,none,1,1,0,1.0,0,0.0,0,18093.57,1
txn_007500,cust_00995,1805.79,upi,abandoned,none,36,32,4,0.8889,0,0.27,1,104729.52,1
txn_007501,cust_01055,312.41,upi,success,none,6,5,1,0.8333,0,0.0,0,79300.49,1
txn_007502,cust_02208,15548.18,upi,success,none,34,30,4,0.8824,0,0.0,0,64914.48,1
txn_007503,cust_02339,452.28,upi,failed,network_error,17,14,3,0.8235,3,5.09,0,72004.37,0
txn_007504,cust_00023,2325.73,upi,success,none,24,15,9,0.625,0,0.0,0,87025.47,1
txn_007505,cust_00154,1423.85,upi,success,none,7,7,0,1.0,0,0.0,0,140900.57,1
txn_007506,cust_01470,4360.88,netbanking,success,none,14,13,1,0.9286,0,0.0,0,146172.69,1
txn_007507,cust_00865,1600.26,netbanking,failed,technical_error,37,24,13,0.6486,3,4.98,0,55967.76,0
txn_007508,cust_00078,707.48,netbanking,abandoned,none,6,4,2,0.6667,0,3.91,1,13762.36,0
txn_007509,cust_01156,208.94,wallet,success,none,13,10,3,0.7692,0,0.0,0,50149.93,1
txn_007510,cust_01729,225.86,upi,success,none,18,16,2,0.8889,0,0.0,0,61043.12,1
txn_007511,cust_00162,1055.72,wallet,success,none,4,3,1,0.75,0,0.0,0,14752.47,1
txn_007512,cust_00366,5272.94,upi,success,none,37,20,17,0.5405,0,0.0,0,142419.72,1
txn_007513,cust_01574,251.6,netbanking,success,none,30,29,1,0.9667,0,0.0,0,8545.02,1
txn_007514,cust_00246,8513.16,upi,success,none,11,8,3,0.7273,0,0.0,0,111804.66,1
txn_007515,cust_00093,3971.65,netbanking,success,none,15,13,2,0.8667,0,0.0,0,2071.44,1
txn_007516,cust_00089,347.68,wallet,failed,insufficient_funds,34,29,5,0.8529,3,3.67,0,68271.44,0
txn_007517,cust_01125,452.52,wallet,abandoned,none,17,15,2,0.8824,0,3.44,1,31297.17,0
txn_007518,cust_01587,500.48,card,failed,insufficient_funds,34,32,2,0.9412,0,9.7,0,38123.02,0
txn_007519,cust_00641,1806.75,card,success,none,40,29,11,0.725,0,0.0,0,8414.61,1
txn_007520,cust_01933,1266.21,upi,success,none,6,5,1,0.8333,0,0.0,0,69405.09,1
txn_007521,cust_01540,1219.71,upi,success,none,17,15,2,0.8824,0,0.0,0,127786.14,1
txn_007522,cust_01199,808.65,netbanking,success,none,37,28,9,0.7568,0,0.0,0,71849.54,1
txn_007523,cust_01497,1600.69,card,success,none,33,19,14,0.5758,0,0.0,0,1382.71,1
txn_007524,cust_02222,3093.73,card,success,none,38,24,14,0.6316,0,0.0,0,38791.28,1
txn_007525,cust_00276,1178.27,upi,failed,bank_decline,2,1,1,0.5,3,8.89,0,13508.17,0
txn_007526,cust_01143,690.44,wallet,abandoned,none,19,15,4,0.7895,0,4.21,1,57718.6,0
txn_007527,cust_02369,3612.33,wallet,failed,network_error,5,4,1,0.8,0,10.07,0,140582.26,1
txn_007528,cust_01227,1073.47,netbanking,success,none,10,7,3,0.7,0,0.0,0,57620.0,1
txn_007529,cust_01268,2326.15,wallet,success,none,37,26,11,0.7027,0,0.0,0,30770.21,1
txn_007530,cust_02230,1212.09,netbanking,failed,bank_decline,20,18,2,0.9,1,9.06,0,87070.02,0
txn_007531,cust_02061,3964.13,wallet,success,none,28,24,4,0.8571,0,0.0,0,97337.61,1
txn_007532,cust_01953,4597.39,card,success,none,24,17,7,0.7083,0,0.0,0,105612.31,1
txn_007533,cust_01956,4439.52,wallet,failed,technical_error,27,25,2,0.9259,3,12.96,0,16937.26,0
txn_007534,cust_00186,771.34,netbanking,success,none,7,5,2,0.7143,0,0.0,0,57998.72,1
txn_007535,cust_01437,763.48,upi,success,none,14,13,1,0.9286,0,0.0,0,13916.52,1
txn_007536,cust_01862,3209.08,upi,success,none,25,21,4,0.84,0,0.0,0,19415.66,1
txn_007537,cust_02342,1255.67,wallet,success,none,24,21,3,0.875,0,0.0,0,84492.16,1
txn_007538,cust_01875,1294.39,wallet,success,none,23,14,9,0.6087,0,0.0,0,105812.08,1
txn_007539,cust_00235,668.53,upi,success,none,1,1,0,1.0,0,0.0,0,134006.31,1
txn_007540,cust_01495,5483.1,card,success,none,7,6,1,0.8571,0,0.0,0,134245.99,1
txn_007541,cust_01403,3791.41,card,success,none,37,22,15,0.5946,0,0.0,0,20458.54,1
txn_007542,cust_02374,1189.18,wallet,failed,insufficient_funds,40,31,9,0.775,2,5.94,0,24135.88,0
txn_007543,cust_01305,702.47,upi,success,none,23,18,5,0.7826,0,0.0,0,71948.22,1
txn_007544,cust_01787,672.05,card,failed,technical_error,18,16,2,0.8889,3,6.84,0,39910.89,0
txn_007545,cust_01137,1530.33,wallet,success,none,13,12,1,0.9231,0,0.0,0,144349.56,1
txn_007546,cust_00455,1971.93,netbanking,success,none,16,10,6,0.625,0,0.0,0,86197.85,1
txn_007547,cust_01918,565.43,upi,success,none,15,15,0,1.0,0,0.0,0,146706.44,1
txn_007548,cust_00075,385.73,upi,success,none,24,22,2,0.9167,0,0.0,0,131929.56,1
txn_007549,cust_01049,1450.49,netbanking,success,none,30,26,4,0.8667,0,0.0,0,112412.49,1
txn_007550,cust_02205,3180.08,netbanking,success,none,35,28,7,0.8,0,0.0,0,124300.75,1
txn_007551,cust_01517,1442.07,wallet,abandoned,none,32,24,8,0.75,0,1.59,1,149670.28,1
txn_007552,cust_01095,1043.81,netbanking,success,none,8,7,1,0.875,0,0.0,0,5800.38,1
txn_007553,cust_01940,432.68,wallet,abandoned,none,6,5,1,0.8333,0,6.58,1,118975.71,0
txn_007554,cust_00863,710.53,card,failed,network_error,16,11,5,0.6875,1,0.14,0,118765.59,0
txn_007555,cust_01368,3224.11,upi,abandoned,none,6,5,1,0.8333,0,6.3,1,66421.42,0
txn_007556,cust_00041,382.52,wallet,success,none,14,8,6,0.5714,0,0.0,0,137057.28,1
txn_007557,cust_01926,7885.04,card,success,none,31,24,7,0.7742,0,0.0,0,127928.8,1
txn_007558,cust_00586,1458.36,wallet,success,none,3,3,0,1.0,0,0.0,0,109359.21,1
txn_007559,cust_02079,274.15,wallet,success,none,29,24,5,0.8276,0,0.0,0,57830.62,1
txn_007560,cust_02381,2215.51,netbanking,failed,bank_decline,21,13,8,0.619,3,11.46,0,129771.93,0
txn_007561,cust_01679,2101.11,wallet,failed,technical_error,39,22,17,0.5641,0,11.05,0,72568.93,1
txn_007562,cust_01904,864.7,wallet,success,none,11,9,2,0.8182,0,0.0,0,17845.43,1
txn_007563,cust_02216,3426.53,card,success,none,13,11,2,0.8462,0,0.0,0,1814.95,1
txn_007564,cust_01170,720.65,card,success,none,10,10,0,1.0,0,0.0,0,2362.08,1
txn_007565,cust_01975,2519.93,wallet,failed,authentication_failed,21,18,3,0.8571,2,3.21,0,76112.41,0
txn_007566,cust_01913,1293.65,netbanking,success,none,27,21,6,0.7778,0,0.0,0,66662.49,1
txn_007567,cust_01721,1008.7,netbanking,success,none,38,30,8,0.7895,0,0.0,0,87818.89,1
txn_007568,cust_00458,5130.69,wallet,success,none,31,28,3,0.9032,0,0.0,0,106078.95,1
txn_007569,cust_02384,3581.53,netbanking,success,none,36,31,5,0.8611,0,0.0,0,67281.89,1
txn_007570,cust_01929,442.54,card,success,none,22,17,5,0.7727,0,0.0,0,145551.61,1
txn_007571,cust_00148,1959.22,upi,success,none,5,5,0,1.0,0,0.0,0,132011.27,1
txn_007572,cust_01750,8896.85,wallet,success,none,34,24,10,0.7059,0,0.0,0,132020.56,1
txn_007573,cust_02088,5265.25,card,success,none,3,2,1,0.6667,0,0.0,0,1749.45,1
txn_007574,cust_00189,539.49,upi,success,none,30,14,16,0.4667,0,0.0,0,53099.11,1
txn_007575,cust_01262,6607.63,upi,success,none,12,11,1,0.9167,0,0.0,0,144721.62,1
txn_007576,cust_01968,3394.93,netbanking,success,none,4,3,1,0.75,0,0.0,0,83430.72,1
txn_007577,cust_01771,469.39,card,failed,network_error,9,7,2,0.7778,2,1.46,0,97458.36,1
txn_007578,cust_01554,1648.59,netbanking,failed,technical_error,21,18,3,0.8571,0,1.74,0,23100.25,1
txn_007579,cust_02345,2159.57,netbanking,success,none,39,36,3,0.9231,0,0.0,0,30644.76,1
txn_007580,cust_01013,456.26,upi,abandoned,none,12,10,2,0.8333,0,3.84,1,63264.86,1
txn_007581,cust_02456,2713.77,upi,success,none,32,31,1,0.9688,0,0.0,0,14618.83,1
txn_007582,cust_02418,15210.72,netbanking,success,none,2,2,0,1.0,0,0.0,0,23670.25,1
txn_007583,cust_00595,5246.03,upi,failed,bank_decline,18,14,4,0.7778,0,13.9,0,94023.31,0
txn_007584,cust_01577,1574.97,wallet,success,none,25,22,3,0.88,0,0.0,0,102798.72,1
txn_007585,cust_01040,1010.93,card,success,none,37,30,7,0.8108,0,0.0,0,2703.92,1
txn_007586,cust_01189,1860.11,card,success,none,6,5,1,0.8333,0,0.0,0,98406.62,1
txn_007587,cust_01973,505.11,netbanking,failed,network_error,9,9,0,1.0,1,7.47,0,16429.54,1
txn_007588,cust_00993,830.85,wallet,failed,bank_decline,31,20,11,0.6452,2,8.83,0,32884.03,0
txn_007589,cust_01330,188.34,upi,failed,insufficient_funds,8,7,1,0.875,1,12.25,0,52840.77,0
txn_007590,cust_00560,2068.46,upi,abandoned,none,18,16,2,0.8889,0,4.07,1,29281.48,0
txn_007591,cust_01643,955.75,card,success,none,21,14,7,0.6667,0,0.0,0,26015.23,1
txn_007592,cust_01352,2485.06,netbanking,success,none,29,23,6,0.7931,0,0.0,0,73816.23,1
txn_007593,cust_02484,1509.86,card,success,none,5,4,1,0.8,0,0.0,0,99085.12,1
txn_007594,cust_01251,487.45,card,success,none,16,15,1,0.9375,0,0.0,0,108414.02,1
txn_007595,cust_02288,1636.78,wallet,failed,authentication_failed,12,11,1,0.9167,1,10.3,0,72006.76,0
txn_007596,cust_02157,656.24,netbanking,failed,insufficient_funds,37,35,2,0.9459,1,11.98,0,26903.62,0
txn_007597,cust_01813,7012.38,card,success,none,8,4,4,0.5,0,0.0,0,71109.95,1
txn_007598,cust_02040,576.23,wallet,failed,insufficient_funds,40,29,11,0.725,0,4.19,0,80044.34,1
txn_007599,cust_00678,837.09,wallet,failed,authentication_failed,10,7,3,0.7,2,2.64,0,36204.06,0
txn_007600,cust_00411,486.09,netbanking,success,none,31,19,12,0.6129,0,0.0,0,52846.2,1
txn_007601,cust_02105,445.76,upi,success,none,40,22,18,0.55,0,0.0,0,11401.52,1
txn_007602,cust_01081,1380.31,upi,failed,insufficient_funds,27,18,9,0.6667,3,11.3,0,56794.68,0
txn_007603,cust_00552,385.49,netbanking,success,none,7,6,1,0.8571,0,0.0,0,125220.27,1
txn_007604,cust_01870,1109.99,upi,abandoned,none,40,37,3,0.925,0,1.34,1,18542.45,1
txn_007605,cust_02168,2059.1,upi,success,none,18,14,4,0.7778,0,0.0,0,32516.05,1
txn_007606,cust_01465,876.87,netbanking,success,none,28,11,17,0.3929,0,0.0,0,105569.79,1
txn_007607,cust_01516,147.98,card,failed,insufficient_funds,24,17,7,0.7083,0,12.36,0,89161.95,0
txn_007608,cust_02094,5084.55,netbanking,success,none,12,9,3,0.75,0,0.0,0,33897.41,1
txn_007609,cust_00923,1748.62,upi,failed,authentication_failed,16,12,4,0.75,0,9.75,0,33056.52,0
txn_007610,cust_00269,1769.72,wallet,success,none,15,14,1,0.9333,0,0.0,0,73746.19,1
txn_007611,cust_01848,1062.03,netbanking,success,none,9,8,1,0.8889,0,0.0,0,52067.19,1
txn_007612,cust_02047,3013.61,card,success,none,8,6,2,0.75,0,0.0,0,58495.51,1
txn_007613,cust_01824,3422.05,card,success,none,32,22,10,0.6875,0,0.0,0,50561.79,1
txn_007614,cust_02440,3781.86,wallet,failed,insufficient_funds,11,9,2,0.8182,0,11.8,0,94745.47,0
txn_007615,cust_00401,1752.37,netbanking,success,none,39,37,2,0.9487,0,0.0,0,38304.82,1
txn_007616,cust_00315,338.33,card,failed,bank_decline,18,13,5,0.7222,2,0.32,0,92770.94,1
txn_007617,cust_00317,2008.56,card,success,none,30,20,10,0.6667,0,0.0,0,65900.6,1
txn_007618,cust_02432,1750.11,wallet,abandoned,none,17,15,2,0.8824,0,0.47,1,122770.36,0
txn_007619,cust_01283,773.83,upi,abandoned,none,24,20,4,0.8333,0,1.97,1,105543.51,1
txn_007620,cust_00170,600.73,netbanking,failed,insufficient_funds,10,9,1,0.9,0,11.64,0,82292.95,0
txn_007621,cust_00127,2305.47,upi,abandoned,none,21,15,6,0.7143,0,2.44,1,9517.63,1
txn_007622,cust_01294,1241.61,card,abandoned,none,36,26,10,0.7222,0,4.98,1,87497.23,0
txn_007623,cust_01344,906.76,wallet,success,none,12,9,3,0.75,0,0.0,0,47872.42,1
txn_007624,cust_01974,7132.42,wallet,success,none,39,23,16,0.5897,0,0.0,0,91317.96,1
txn_007625,cust_01123,2621.6,wallet,abandoned,none,27,23,4,0.8519,0,4.29,1,84035.73,1
txn_007626,cust_01341,2068.41,netbanking,failed,network_error,35,25,10,0.7143,3,2.18,0,104321.51,0
txn_007627,cust_00034,4529.8,netbanking,success,none,16,11,5,0.6875,0,0.0,0,25346.97,1
txn_007628,cust_01069,1863.81,upi,success,none,30,24,6,0.8,0,0.0,0,101242.39,1
txn_007629,cust_02049,662.42,wallet,failed,authentication_failed,2,2,0,1.0,2,11.95,0,136789.05,0
txn_007630,cust_02123,907.24,card,success,none,13,12,1,0.9231,0,0.0,0,40221.96,1
txn_007631,cust_00475,2784.83,netbanking,success,none,16,15,1,0.9375,0,0.0,0,95042.99,1
txn_007632,cust_00398,2501.98,wallet,success,none,32,24,8,0.75,0,0.0,0,66226.07,1
txn_007633,cust_00087,2092.92,upi,success,none,26,17,9,0.6538,0,0.0,0,149277.25,1
txn_007634,cust_01353,429.36,netbanking,failed,insufficient_funds,6,4,2,0.6667,1,5.68,0,85244.27,0
txn_007635,cust_01563,3021.04,netbanking,failed,network_error,9,7,2,0.7778,2,10.3,0,19096.54,1
txn_007636,cust_01225,1255.12,netbanking,failed,technical_error,19,18,1,0.9474,2,10.74,0,119910.22,0
txn_007637,cust_02023,2440.46,upi,success,none,17,15,2,0.8824,0,0.0,0,20379.91,1
txn_007638,cust_01420,583.96,upi,success,none,5,2,3,0.4,0,0.0,0,20772.27,1
txn_007639,cust_00932,9566.61,wallet,success,none,36,31,5,0.8611,0,0.0,0,30003.64,1
txn_007640,cust_00725,1715.56,wallet,success,none,2,2,0,1.0,0,0.0,0,55027.05,1
txn_007641,cust_01820,882.23,upi,success,none,13,9,4,0.6923,0,0.0,0,52057.81,1
txn_007642,cust_01684,2555.97,upi,success,none,26,16,10,0.6154,0,0.0,0,71170.72,1
txn_007643,cust_00023,3159.15,wallet,abandoned,none,24,15,9,0.625,0,4.65,1,87025.47,1
txn_007644,cust_00044,2525.2,upi,success,none,32,22,10,0.6875,0,0.0,0,59949.15,1
txn_007645,cust_01085,495.32,card,success,none,23,19,4,0.8261,0,0.0,0,18676.34,1
txn_007646,cust_00632,4199.28,card,success,none,10,7,3,0.7,0,0.0,0,85381.84,1
txn_007647,cust_01915,948.74,wallet,success,none,21,19,2,0.9048,0,0.0,0,2841.67,1
txn_007648,cust_00195,1318.05,netbanking,success,none,35,22,13,0.6286,0,0.0,0,50341.33,1
txn_007649,cust_00343,147.12,netbanking,success,none,17,15,2,0.8824,0,0.0,0,35350.17,1
txn_007650,cust_01772,842.14,upi,success,none,39,34,5,0.8718,0,0.0,0,120328.86,1
txn_007651,cust_01873,836.86,netbanking,failed,insufficient_funds,13,11,2,0.8462,0,0.18,0,116915.88,1
txn_007652,cust_01939,2101.92,netbanking,success,none,36,26,10,0.7222,0,0.0,0,1025.29,1
txn_007653,cust_01507,792.35,netbanking,success,none,4,3,1,0.75,0,0.0,0,27722.31,1
txn_007654,cust_01753,264.65,wallet,success,none,16,15,1,0.9375,0,0.0,0,5927.59,1
txn_007655,cust_01753,1709.31,wallet,success,none,16,15,1,0.9375,0,0.0,0,5927.59,1
txn_007656,cust_00653,1042.7,card,success,none,9,7,2,0.7778,0,0.0,0,114859.97,1
txn_007657,cust_02402,646.42,upi,success,none,13,13,0,1.0,0,0.0,0,62348.64,1
txn_007658,cust_02425,1461.95,card,success,none,20,19,1,0.95,0,0.0,0,118073.08,1
txn_007659,cust_00724,225.94,netbanking,success,none,28,22,6,0.7857,0,0.0,0,76764.78,1
txn_007660,cust_00804,2491.05,wallet,abandoned,none,9,6,3,0.6667,0,3.3,1,10401.98,0
txn_007661,cust_00223,1115.66,upi,success,none,11,8,3,0.7273,0,0.0,0,99168.76,1
txn_007662,cust_01415,1025.26,netbanking,failed,authentication_failed,11,8,3,0.7273,3,8.31,0,8716.3,0
txn_007663,cust_02210,3473.09,upi,success,none,25,19,6,0.76,0,0.0,0,53227.15,1
txn_007664,cust_00677,783.82,netbanking,failed,bank_decline,23,19,4,0.8261,0,7.5,0,53313.86,0
txn_007665,cust_00060,1734.81,upi,success,none,8,8,0,1.0,0,0.0,0,102574.84,1
txn_007666,cust_00158,1176.72,upi,failed,bank_decline,39,28,11,0.7179,0,10.32,0,32383.82,0
txn_007667,cust_00987,33387.85,wallet,success,none,25,13,12,0.52,0,0.0,0,134468.31,1
txn_007668,cust_01381,2182.88,netbanking,failed,technical_error,7,6,1,0.8571,0,4.52,0,21202.75,1
txn_007669,cust_01552,427.75,upi,success,none,20,15,5,0.75,0,0.0,0,124131.62,1
txn_007670,cust_02346,7724.95,wallet,failed,network_error,37,31,6,0.8378,3,12.94,0,97829.96,0
txn_007671,cust_01581,3800.9,upi,success,none,3,1,2,0.3333,0,0.0,0,92501.88,1
txn_007672,cust_01539,1401.03,wallet,success,none,9,8,1,0.8889,0,0.0,0,36278.99,1
txn_007673,cust_00249,864.95,card,success,none,18,14,4,0.7778,0,0.0,0,115106.24,1
txn_007674,cust_01473,355.53,upi,failed,insufficient_funds,5,3,2,0.6,3,8.64,0,47215.25,1
txn_007675,cust_01799,2060.16,wallet,failed,technical_error,15,14,1,0.9333,3,12.77,0,103261.4,0
txn_007676,cust_02195,681.87,card,success,none,15,13,2,0.8667,0,0.0,0,57353.49,1
txn_007677,cust_00481,555.59,upi,abandoned,none,3,2,1,0.6667,0,4.51,1,49331.83,1
txn_007678,cust_01322,2908.55,netbanking,success,none,14,13,1,0.9286,0,0.0,0,31661.89,1
txn_007679,cust_00987,6278.62,card,abandoned,none,25,13,12,0.52,0,5.32,1,134468.31,1
txn_007680,cust_00254,831.91,card,failed,network_error,21,14,7,0.6667,3,0.12,0,134061.0,0
txn_007681,cust_02034,2998.58,upi,success,none,33,27,6,0.8182,0,0.0,0,24746.2,1
txn_007682,cust_01004,1656.1,wallet,success,none,36,22,14,0.6111,0,0.0,0,146708.7,1
txn_007683,cust_01166,1917.6,netbanking,success,none,5,4,1,0.8,0,0.0,0,141833.03,1
txn_007684,cust_00209,590.74,netbanking,failed,bank_decline,8,7,1,0.875,0,3.75,0,108243.39,1
txn_007685,cust_02002,1083.17,upi,success,none,35,34,1,0.9714,0,0.0,0,5813.65,1
txn_007686,cust_01077,447.36,netbanking,success,none,5,5,0,1.0,0,0.0,0,147934.45,1
txn_007687,cust_00196,394.41,netbanking,abandoned,none,2,2,0,1.0,0,5.59,1,18185.92,0
txn_007688,cust_00485,2249.08,netbanking,failed,network_error,37,26,11,0.7027,2,6.8,0,102588.26,0
txn_007689,cust_02081,792.91,upi,success,none,35,29,6,0.8286,0,0.0,0,33759.99,1
txn_007690,cust_01260,536.42,upi,success,none,21,18,3,0.8571,0,0.0,0,90878.48,1
txn_007691,cust_02054,399.61,netbanking,failed,authentication_failed,6,6,0,1.0,1,4.89,0,142283.56,1
txn_007692,cust_00054,294.79,netbanking,success,none,11,7,4,0.6364,0,0.0,0,119019.83,1
txn_007693,cust_01478,189.35,upi,success,none,39,35,4,0.8974,0,0.0,0,9199.26,1
txn_007694,cust_00230,1496.59,upi,success,none,40,34,6,0.85,0,0.0,0,127610.92,1
txn_007695,cust_01918,100.0,upi,success,none,15,15,0,1.0,0,0.0,0,146706.44,1
txn_007696,cust_02090,2145.91,wallet,success,none,36,23,13,0.6389,0,0.0,0,142099.93,1
txn_007697,cust_01416,2130.85,upi,failed,insufficient_funds,20,15,5,0.75,1,13.77,0,109172.27,0
txn_007698,cust_00494,1213.03,netbanking,success,none,30,22,8,0.7333,0,0.0,0,135280.2,1
txn_007699,cust_00380,1442.5,netbanking,success,none,36,25,11,0.6944,0,0.0,0,12184.67,1
txn_007700,cust_00014,1006.91,wallet,success,none,14,12,2,0.8571,0,0.0,0,143624.75,1
txn_007701,cust_01126,1677.72,netbanking,success,none,6,5,1,0.8333,0,0.0,0,138411.69,1
txn_007702,cust_02473,1658.33,card,success,none,18,17,1,0.9444,0,0.0,0,130281.61,1
txn_007703,cust_01937,4922.2,wallet,failed,bank_decline,2,2,0,1.0,3,7.91,0,16293.85,0
txn_007704,cust_02392,6203.25,netbanking,success,none,27,23,4,0.8519,0,0.0,0,39711.25,1
txn_007705,cust_00832,6016.1,upi,success,none,4,3,1,0.75,0,0.0,0,12181.13,1
txn_007706,cust_01515,603.21,card,failed,technical_error,40,27,13,0.675,0,5.32,0,37145.02,1
txn_007707,cust_01691,2857.57,card,success,none,18,13,5,0.7222,0,0.0,0,85072.74,1
txn_007708,cust_00332,2221.78,card,success,none,27,25,2,0.9259,0,0.0,0,73798.1,1
txn_007709,cust_00505,699.98,card,success,none,26,23,3,0.8846,0,0.0,0,41897.58,1
txn_007710,cust_01217,552.05,upi,success,none,26,23,3,0.8846,0,0.0,0,145369.16,1
txn_007711,cust_00285,919.01,card,failed,authentication_failed,35,31,4,0.8857,2,12.19,0,8760.76,0
txn_007712,cust_00851,463.64,wallet,success,none,19,18,1,0.9474,0,0.0,0,104403.12,1
txn_007713,cust_00345,333.86,netbanking,failed,network_error,35,22,13,0.6286,2,5.28,0,142680.76,0
txn_007714,cust_00481,2202.57,netbanking,success,none,3,2,1,0.6667,0,0.0,0,49331.83,1
txn_007715,cust_01310,1384.0,upi,failed,authentication_failed,22,15,7,0.6818,1,11.08,0,97547.52,0
txn_007716,cust_00442,1376.9,wallet,success,none,39,39,0,1.0,0,0.0,0,76727.89,1
txn_007717,cust_01683,3383.6,card,success,none,8,7,1,0.875,0,0.0,0,46944.66,1
txn_007718,cust_00190,1101.17,card,success,none,15,12,3,0.8,0,0.0,0,34215.61,1
txn_007719,cust_00861,3072.87,card,failed,technical_error,33,25,8,0.7576,1,1.54,0,34412.0,0
txn_007720,cust_00017,639.72,card,success,none,23,16,7,0.6957,0,0.0,0,90955.18,1
txn_007721,cust_00629,635.74,wallet,success,none,18,15,3,0.8333,0,0.0,0,105702.12,1
txn_007722,cust_01272,1358.3,card,failed,technical_error,14,12,2,0.8571,3,13.01,0,66329.79,0
txn_007723,cust_01242,11173.68,wallet,success,none,36,29,7,0.8056,0,0.0,0,135875.93,1
txn_007724,cust_00626,4843.55,wallet,success,none,40,34,6,0.85,0,0.0,0,92422.42,1
txn_007725,cust_01289,4015.93,wallet,failed,technical_error,26,24,2,0.9231,3,13.34,0,145054.86,0
txn_007726,cust_02063,339.7,upi,success,none,10,9,1,0.9,0,0.0,0,4539.19,1
txn_007727,cust_01989,1548.6,card,success,none,21,20,1,0.9524,0,0.0,0,106842.56,1
txn_007728,cust_02154,3044.55,card,success,none,34,30,4,0.8824,0,0.0,0,95401.48,1
txn_007729,cust_00177,10778.71,wallet,success,none,36,31,5,0.8611,0,0.0,0,132736.07,1
txn_007730,cust_02379,248.71,card,success,none,11,11,0,1.0,0,0.0,0,5257.12,1
txn_007731,cust_01912,2782.09,netbanking,success,none,32,30,2,0.9375,0,0.0,0,17827.68,1
txn_007732,cust_01623,3883.04,card,success,none,5,5,0,1.0,0,0.0,0,56665.03,1
txn_007733,cust_01696,2104.31,card,success,none,38,30,8,0.7895,0,0.0,0,34899.4,1
txn_007734,cust_00713,347.12,upi,failed,technical_error,7,4,3,0.5714,3,0.26,0,84136.52,0
txn_007735,cust_01635,1725.48,upi,failed,bank_decline,1,1,0,1.0,3,8.27,0,142369.43,0
txn_007736,cust_00670,2056.63,netbanking,success,none,38,32,6,0.8421,0,0.0,0,60667.02,1
txn_007737,cust_01546,1600.04,netbanking,success,none,7,7,0,1.0,0,0.0,0,25491.87,1
txn_007738,cust_02237,675.22,upi,success,none,40,31,9,0.775,0,0.0,0,104861.55,1
txn_007739,cust_00643,596.55,netbanking,success,none,28,25,3,0.8929,0,0.0,0,73363.59,1
txn_007740,cust_01870,2113.64,wallet,success,none,40,37,3,0.925,0,0.0,0,18542.45,1
txn_007741,cust_02284,681.05,upi,success,none,34,17,17,0.5,0,0.0,0,80812.13,1
txn_007742,cust_00018,696.77,netbanking,failed,network_error,3,2,1,0.6667,2,12.73,0,109730.04,0
txn_007743,cust_02257,1164.86,upi,abandoned,none,26,21,5,0.8077,0,5.61,1,53616.02,1
txn_007744,cust_02188,1571.48,card,success,none,11,10,1,0.9091,0,0.0,0,33685.21,1
txn_007745,cust_01304,3784.75,wallet,failed,authentication_failed,14,12,2,0.8571,1,5.48,0,78646.11,1
txn_007746,cust_00887,405.02,upi,success,none,11,7,4,0.6364,0,0.0,0,89179.46,1
txn_007747,cust_00122,366.92,wallet,failed,authentication_failed,36,19,17,0.5278,2,0.88,0,99618.83,0
txn_007748,cust_02482,914.07,wallet,success,none,40,32,8,0.8,0,0.0,0,128667.56,1
txn_007749,cust_00100,221.37,wallet,failed,insufficient_funds,16,14,2,0.875,1,6.29,0,117908.29,1
txn_007750,cust_01370,2408.02,card,success,none,16,11,5,0.6875,0,0.0,0,32271.85,1
txn_007751,cust_02155,182.44,wallet,success,none,18,13,5,0.7222,0,0.0,0,125395.97,1
txn_007752,cust_00329,2717.24,netbanking,failed,network_error,18,15,3,0.8333,3,7.61,0,83812.86,0
txn_007753,cust_00963,4060.28,wallet,success,none,25,24,1,0.96,0,0.0,0,23018.58,1
txn_007754,cust_00685,1736.64,upi,failed,network_error,37,32,5,0.8649,3,13.75,0,96805.78,0
txn_007755,cust_02434,209.07,netbanking,abandoned,none,16,11,5,0.6875,0,1.84,1,58334.89,1
txn_007756,cust_00456,1489.39,wallet,abandoned,none,15,14,1,0.9333,0,1.2,1,128545.93,1
txn_007757,cust_00160,603.81,netbanking,success,none,17,13,4,0.7647,0,0.0,0,76305.95,1
txn_007758,cust_01674,402.62,wallet,success,none,7,6,1,0.8571,0,0.0,0,8395.68,1
txn_007759,cust_00058,2390.92,wallet,success,none,36,31,5,0.8611,0,0.0,0,129256.18,1
txn_007760,cust_01643,2883.79,netbanking,failed,insufficient_funds,21,14,7,0.6667,2,6.25,0,26015.23,0
txn_007761,cust_01582,4844.95,card,success,none,40,16,24,0.4,0,0.0,0,37621.93,1
txn_007762,cust_01990,1007.48,netbanking,failed,network_error,23,15,8,0.6522,1,4.49,0,84779.75,1
txn_007763,cust_01232,1590.72,card,success,none,18,16,2,0.8889,0,0.0,0,16232.48,1
txn_007764,cust_01729,7082.33,wallet,success,none,18,16,2,0.8889,0,0.0,0,61043.12,1
txn_007765,cust_02346,10886.61,upi,abandoned,none,37,31,6,0.8378,0,1.22,1,97829.96,0
txn_007766,cust_01721,3945.66,wallet,success,none,38,30,8,0.7895,0,0.0,0,87818.89,1
txn_007767,cust_00097,943.92,upi,success,none,18,16,2,0.8889,0,0.0,0,100677.69,1
txn_007768,cust_00427,1349.18,card,success,none,36,27,9,0.75,0,0.0,0,20520.97,1
txn_007769,cust_00956,1120.81,wallet,success,none,38,36,2,0.9474,0,0.0,0,46844.0,1
txn_007770,cust_00970,2712.51,card,failed,technical_error,4,3,1,0.75,3,2.02,0,106160.51,0
txn_007771,cust_01036,590.13,wallet,success,none,16,15,1,0.9375,0,0.0,0,2017.69,1
txn_007772,cust_00765,1847.03,wallet,failed,insufficient_funds,25,16,9,0.64,0,3.25,0,149184.28,1
txn_007773,cust_02037,1856.37,netbanking,success,none,14,8,6,0.5714,0,0.0,0,99836.84,1
txn_007774,cust_01279,1965.99,card,success,none,25,17,8,0.68,0,0.0,0,12020.81,1
txn_007775,cust_01251,481.84,card,success,none,16,15,1,0.9375,0,0.0,0,108414.02,1
txn_007776,cust_01498,1715.06,upi,success,none,1,1,0,1.0,0,0.0,0,37438.17,1
txn_007777,cust_00317,7858.08,card,failed,authentication_failed,30,20,10,0.6667,2,11.99,0,65900.6,0
txn_007778,cust_00149,848.14,wallet,success,none,24,19,5,0.7917,0,0.0,0,43463.12,1
txn_007779,cust_00149,1736.69,upi,success,none,24,19,5,0.7917,0,0.0,0,43463.12,1
txn_007780,cust_01761,212.29,wallet,success,none,23,20,3,0.8696,0,0.0,0,52293.1,1
txn_007781,cust_01324,1724.85,netbanking,success,none,35,30,5,0.8571,0,0.0,0,28857.02,1
txn_007782,cust_01019,1663.32,upi,success,none,1,1,0,1.0,0,0.0,0,45460.44,1
txn_007783,cust_02126,1504.89,netbanking,failed,bank_decline,2,2,0,1.0,3,10.21,0,122083.72,0
txn_007784,cust_00641,2780.44,upi,failed,network_error,40,29,11,0.725,1,11.52,0,8414.61,1
txn_007785,cust_02253,1013.3,wallet,success,none,15,12,3,0.8,0,0.0,0,92663.31,1
txn_007786,cust_00232,4343.35,wallet,failed,bank_decline,37,21,16,0.5676,1,1.62,0,29970.85,0
txn_007787,cust_01530,553.84,wallet,success,none,10,8,2,0.8,0,0.0,0,107036.22,1
txn_007788,cust_01833,5671.92,upi,success,none,31,24,7,0.7742,0,0.0,0,58114.15,1
txn_007789,cust_01655,1656.82,upi,failed,authentication_failed,37,32,5,0.8649,0,3.07,0,97994.46,0
txn_007790,cust_00004,1246.83,card,success,none,35,25,10,0.7143,0,0.0,0,13953.89,1
txn_007791,cust_01668,319.96,netbanking,success,none,28,20,8,0.7143,0,0.0,0,24408.46,1
txn_007792,cust_01723,441.55,netbanking,success,none,37,37,0,1.0,0,0.0,0,117152.16,1
txn_007793,cust_01256,1902.34,wallet,success,none,40,36,4,0.9,0,0.0,0,57603.6,1
txn_007794,cust_01459,654.06,upi,failed,bank_decline,5,3,2,0.6,2,7.04,0,3486.72,0
txn_007795,cust_01079,3622.98,upi,success,none,27,20,7,0.7407,0,0.0,0,27817.22,1
txn_007796,cust_00643,1785.47,netbanking,failed,network_error,28,25,3,0.8929,1,10.07,0,73363.59,0
txn_007797,cust_02251,322.14,wallet,success,none,3,2,1,0.6667,0,0.0,0,117809.96,1
txn_007798,cust_02298,2867.19,wallet,abandoned,none,6,5,1,0.8333,0,3.99,1,101696.01,0
txn_007799,cust_00244,1138.64,netbanking,failed,network_error,33,20,13,0.6061,2,2.37,0,64584.37,0
txn_007800,cust_02169,1279.52,card,failed,insufficient_funds,12,9,3,0.75,0,5.65,0,24446.25,0
txn_007801,cust_00947,3806.96,upi,failed,bank_decline,9,7,2,0.7778,1,8.48,0,49866.91,0
txn_007802,cust_01144,332.19,netbanking,success,none,35,19,16,0.5429,0,0.0,0,97659.48,1
txn_007803,cust_00934,435.01,card,success,none,25,23,2,0.92,0,0.0,0,76134.07,1
txn_007804,cust_01871,1854.89,wallet,abandoned,none,8,7,1,0.875,0,6.41,1,117929.25,0
txn_007805,cust_01157,244.99,upi,success,none,25,17,8,0.68,0,0.0,0,85898.64,1
txn_007806,cust_01936,729.86,wallet,success,none,8,7,1,0.875,0,0.0,0,147119.94,1
txn_007807,cust_01612,3563.36,netbanking,failed,authentication_failed,12,7,5,0.5833,1,11.04,0,74075.03,0
txn_007808,cust_02089,1201.43,card,success,none,39,25,14,0.641,0,0.0,0,59718.17,1
txn_007809,cust_02306,338.85,upi,success,none,15,14,1,0.9333,0,0.0,0,112775.24,1
txn_007810,cust_00306,1618.25,upi,success,none,23,21,2,0.913,0,0.0,0,80379.04,1
txn_007811,cust_02290,893.47,netbanking,success,none,37,27,10,0.7297,0,0.0,0,41092.29,1
txn_007812,cust_02081,663.62,card,success,none,35,29,6,0.8286,0,0.0,0,33759.99,1
txn_007813,cust_01554,46932.14,netbanking,success,none,21,18,3,0.8571,0,0.0,0,23100.25,1
txn_007814,cust_00519,2379.93,wallet,success,none,12,12,0,1.0,0,0.0,0,30918.42,1
txn_007815,cust_02476,1008.82,wallet,abandoned,none,34,26,8,0.7647,0,0.45,1,24098.8,0
txn_007816,cust_00738,3288.89,netbanking,success,none,40,28,12,0.7,0,0.0,0,121547.51,1
txn_007817,cust_01403,1001.26,netbanking,success,none,37,22,15,0.5946,0,0.0,0,20458.54,1
txn_007818,cust_00363,797.81,netbanking,failed,technical_error,5,4,1,0.8,2,3.28,0,60705.41,0
txn_007819,cust_01437,1807.04,wallet,success,none,14,13,1,0.9286,0,0.0,0,13916.52,1
txn_007820,cust_00604,2227.62,card,success,none,15,12,3,0.8,0,0.0,0,62658.22,1
txn_007821,cust_01128,3380.38,upi,failed,authentication_failed,13,11,2,0.8462,0,7.25,0,8678.96,1
txn_007822,cust_00887,5561.74,upi,abandoned,none,11,7,4,0.6364,0,1.75,1,89179.46,1
txn_007823,cust_01198,4391.85,card,success,none,3,3,0,1.0,0,0.0,0,35235.21,1
txn_007824,cust_01104,3154.45,netbanking,success,none,19,16,3,0.8421,0,0.0,0,35890.07,1
txn_007825,cust_00858,3495.62,upi,success,none,19,16,3,0.8421,0,0.0,0,133808.42,1
txn_007826,cust_00413,4379.54,upi,success,none,7,6,1,0.8571,0,0.0,0,128802.23,1
txn_007827,cust_00624,2723.92,upi,abandoned,none,18,18,0,1.0,0,3.62,1,86540.9,1
txn_007828,cust_01076,274.4,wallet,abandoned,none,4,3,1,0.75,0,3.59,1,140252.84,1
txn_007829,cust_01903,2203.15,wallet,success,none,31,22,9,0.7097,0,0.0,0,120184.97,1
txn_007830,cust_00116,5308.04,wallet,success,none,16,15,1,0.9375,0,0.0,0,25780.36,1
txn_007831,cust_00082,600.15,wallet,abandoned,none,36,25,11,0.6944,0,2.76,1,25603.92,1
txn_007832,cust_01818,905.01,wallet,success,none,27,22,5,0.8148,0,0.0,0,9055.23,1
txn_007833,cust_00829,1261.3,card,success,none,3,2,1,0.6667,0,0.0,0,109295.34,1
txn_007834,cust_00014,1619.87,wallet,success,none,14,12,2,0.8571,0,0.0,0,143624.75,1
txn_007835,cust_02012,768.85,upi,success,none,17,15,2,0.8824,0,0.0,0,31260.0,1
txn_007836,cust_00990,1418.37,wallet,success,none,19,17,2,0.8947,0,0.0,0,143341.74,1
txn_007837,cust_02027,2237.81,netbanking,success,none,21,16,5,0.7619,0,0.0,0,89935.17,1
txn_007838,cust_00782,179.42,wallet,failed,bank_decline,32,26,6,0.8125,3,7.96,0,89914.12,0
txn_007839,cust_02127,1443.43,netbanking,success,none,38,30,8,0.7895,0,0.0,0,61365.04,1
txn_007840,cust_02402,913.63,card,abandoned,none,13,13,0,1.0,0,6.41,1,62348.64,1
txn_007841,cust_02330,243.01,card,success,none,10,7,3,0.7,0,0.0,0,71475.07,1
txn_007842,cust_00602,2354.77,upi,success,none,36,29,7,0.8056,0,0.0,0,108405.15,1
txn_007843,cust_01442,1828.57,upi,success,none,9,8,1,0.8889,0,0.0,0,37920.17,1
txn_007844,cust_01285,1579.6,card,success,none,6,3,3,0.5,0,0.0,0,17296.04,1
txn_007845,cust_02226,2466.33,wallet,abandoned,none,27,13,14,0.4815,0,2.59,1,83263.64,1
txn_007846,cust_00918,1846.87,card,abandoned,none,32,23,9,0.7188,0,0.59,1,149399.44,1
txn_007847,cust_02352,640.41,card,success,none,30,17,13,0.5667,0,0.0,0,95125.12,1
txn_007848,cust_01224,2759.99,wallet,success,none,6,5,1,0.8333,0,0.0,0,116052.94,1
txn_007849,cust_00261,3275.54,wallet,failed,authentication_failed,27,16,11,0.5926,3,5.11,0,59032.05,0
txn_007850,cust_00462,452.23,upi,failed,insufficient_funds,38,24,14,0.6316,1,7.03,0,50467.21,0
txn_007851,cust_02307,3230.9,netbanking,failed,technical_error,9,8,1,0.8889,3,0.88,0,9068.08,1
txn_007852,cust_00495,1008.74,card,abandoned,none,35,35,0,1.0,0,1.67,1,24538.37,0
txn_007853,cust_00219,2472.09,wallet,success,none,38,26,12,0.6842,0,0.0,0,91392.57,1
txn_007854,cust_00012,1559.24,netbanking,failed,authentication_failed,11,8,3,0.7273,3,13.81,0,105022.77,0
txn_007855,cust_02279,1127.75,wallet,success,none,31,28,3,0.9032,0,0.0,0,18323.98,1
txn_007856,cust_00688,2296.66,wallet,success,none,5,4,1,0.8,0,0.0,0,70869.24,1
txn_007857,cust_01577,959.94,card,success,none,25,22,3,0.88,0,0.0,0,102798.72,1
txn_007858,cust_01949,3945.35,netbanking,success,none,8,6,2,0.75,0,0.0,0,15518.12,1
txn_007859,cust_01426,4650.51,card,success,none,25,24,1,0.96,0,0.0,0,14310.33,1
txn_007860,cust_00846,775.05,wallet,success,none,2,2,0,1.0,0,0.0,0,110615.55,1
txn_007861,cust_01821,1133.17,netbanking,success,none,37,33,4,0.8919,0,0.0,0,134033.92,1
txn_007862,cust_00398,921.36,netbanking,failed,network_error,32,24,8,0.75,2,9.19,0,66226.07,1
txn_007863,cust_00472,1949.36,wallet,success,none,21,19,2,0.9048,0,0.0,0,94393.08,1
txn_007864,cust_02354,4964.44,wallet,success,none,22,17,5,0.7727,0,0.0,0,63850.66,1
txn_007865,cust_00830,252.76,netbanking,success,none,23,18,5,0.7826,0,0.0,0,92612.87,1
txn_007866,cust_00578,324.31,wallet,success,none,16,14,2,0.875,0,0.0,0,88739.09,1
txn_007867,cust_01454,1232.1,wallet,failed,bank_decline,1,1,0,1.0,3,7.44,0,148045.5,1
txn_007868,cust_01822,1613.13,upi,success,none,30,22,8,0.7333,0,0.0,0,22340.4,1
txn_007869,cust_02219,522.54,card,success,none,25,22,3,0.88,0,0.0,0,98527.37,1
txn_007870,cust_00486,1604.78,upi,abandoned,none,12,11,1,0.9167,0,0.72,1,26327.56,1
txn_007871,cust_01856,638.45,card,abandoned,none,3,3,0,1.0,0,3.39,1,56903.67,1
txn_007872,cust_01122,856.82,netbanking,failed,network_error,4,4,0,1.0,3,6.07,0,84795.51,0
txn_007873,cust_01672,4767.75,wallet,failed,authentication_failed,35,26,9,0.7429,0,13.56,0,40524.45,0
txn_007874,cust_00224,950.38,netbanking,success,none,19,15,4,0.7895,0,0.0,0,77802.35,1
txn_007875,cust_00333,933.81,upi,abandoned,none,16,8,8,0.5,0,2.81,1,103900.79,1
txn_007876,cust_01858,1528.07,wallet,success,none,40,36,4,0.9,0,0.0,0,8239.46,1
txn_007877,cust_01718,3992.97,wallet,success,none,40,30,10,0.75,0,0.0,0,88548.84,1
txn_007878,cust_00789,1283.03,card,success,none,6,4,2,0.6667,0,0.0,0,78999.2,1
txn_007879,cust_01233,766.44,upi,failed,network_error,6,5,1,0.8333,0,6.12,0,28921.38,1
txn_007880,cust_00087,2390.18,card,success,none,26,17,9,0.6538,0,0.0,0,149277.25,1
txn_007881,cust_01217,3019.17,wallet,failed,bank_decline,26,23,3,0.8846,0,4.42,0,145369.16,0
txn_007882,cust_00096,4207.66,wallet,failed,authentication_failed,5,4,1,0.8,2,3.16,0,77609.26,0
txn_007883,cust_01896,1292.5,card,failed,insufficient_funds,29,25,4,0.8621,2,2.93,0,143308.28,0
txn_007884,cust_01214,2154.2,card,success,none,28,18,10,0.6429,0,0.0,0,35589.46,1
txn_007885,cust_02011,2952.45,upi,success,none,4,3,1,0.75,0,0.0,0,2931.82,1
txn_007886,cust_00611,1606.58,card,success,none,7,7,0,1.0,0,0.0,0,111943.76,1
txn_007887,cust_01548,5011.25,upi,success,none,8,6,2,0.75,0,0.0,0,80852.76,1
txn_007888,cust_00457,2569.29,upi,success,none,27,23,4,0.8519,0,0.0,0,7503.45,1
txn_007889,cust_02474,8803.16,upi,success,none,39,33,6,0.8462,0,0.0,0,137256.63,1
txn_007890,cust_01883,3353.33,upi,success,none,10,4,6,0.4,0,0.0,0,142467.46,1
txn_007891,cust_00486,195.06,upi,success,none,12,11,1,0.9167,0,0.0,0,26327.56,1
txn_007892,cust_01923,899.31,wallet,success,none,36,31,5,0.8611,0,0.0,0,133917.22,1
txn_007893,cust_00426,265.64,netbanking,success,none,4,4,0,1.0,0,0.0,0,31330.18,1
txn_007894,cust_01587,707.11,upi,success,none,34,32,2,0.9412,0,0.0,0,38123.02,1
txn_007895,cust_01722,923.93,upi,failed,bank_decline,7,5,2,0.7143,1,0.36,0,138814.3,0
txn_007896,cust_02008,3193.03,netbanking,failed,authentication_failed,4,3,1,0.75,1,3.66,0,139046.24,1
txn_007897,cust_01427,862.94,wallet,abandoned,none,7,7,0,1.0,0,5.21,1,16377.03,1
txn_007898,cust_01765,5400.29,card,success,none,37,33,4,0.8919,0,0.0,0,117194.69,1
txn_007899,cust_02058,686.41,card,abandoned,none,14,7,7,0.5,0,1.72,1,129877.68,0
txn_007900,cust_00147,1003.77,wallet,success,none,9,9,0,1.0,0,0.0,0,140055.65,1
txn_007901,cust_02000,387.72,netbanking,success,none,4,3,1,0.75,0,0.0,0,103898.63,1
txn_007902,cust_00474,5679.1,card,failed,bank_decline,3,3,0,1.0,3,6.39,0,93001.46,0
txn_007903,cust_00360,6492.07,upi,failed,authentication_failed,22,18,4,0.8182,3,10.73,0,28470.19,0
txn_007904,cust_00271,1173.65,netbanking,success,none,2,2,0,1.0,0,0.0,0,58939.72,1
txn_007905,cust_02191,304.7,card,abandoned,none,12,11,1,0.9167,0,5.29,1,93858.55,1
txn_007906,cust_02495,1087.69,upi,success,none,32,22,10,0.6875,0,0.0,0,29550.88,1
txn_007907,cust_01721,1689.44,netbanking,success,none,38,30,8,0.7895,0,0.0,0,87818.89,1
txn_007908,cust_00687,709.91,card,success,none,21,16,5,0.7619,0,0.0,0,23492.65,1
txn_007909,cust_02335,14056.67,wallet,success,none,20,15,5,0.75,0,0.0,0,38395.13,1
txn_007910,cust_02207,8311.05,upi,failed,insufficient_funds,24,15,9,0.625,0,5.17,0,131348.82,0
txn_007911,cust_00306,233.03,card,success,none,23,21,2,0.913,0,0.0,0,80379.04,1
txn_007912,cust_00096,422.5,upi,success,none,5,4,1,0.8,0,0.0,0,77609.26,1
txn_007913,cust_00198,2119.05,netbanking,success,none,17,15,2,0.8824,0,0.0,0,6700.32,1
txn_007914,cust_02452,458.57,netbanking,success,none,38,31,7,0.8158,0,0.0,0,117737.81,1
txn_007915,cust_02238,1608.26,upi,success,none,4,4,0,1.0,0,0.0,0,24949.96,1
txn_007916,cust_00913,1353.85,netbanking,failed,authentication_failed,25,19,6,0.76,0,14.0,0,129760.41,0
txn_007917,cust_00298,1287.47,card,success,none,7,4,3,0.5714,0,0.0,0,87224.03,1
txn_007918,cust_02444,3710.05,upi,success,none,20,15,5,0.75,0,0.0,0,30609.82,1
txn_007919,cust_01745,8163.43,upi,success,none,27,19,8,0.7037,0,0.0,0,111400.78,1
txn_007920,cust_02141,1990.37,upi,failed,network_error,11,8,3,0.7273,2,12.06,0,27692.63,0
txn_007921,cust_01748,398.58,wallet,success,none,11,8,3,0.7273,0,0.0,0,10776.93,1
txn_007922,cust_01912,1546.71,card,failed,network_error,32,30,2,0.9375,1,13.59,0,17827.68,1
txn_007923,cust_01921,746.84,upi,success,none,16,14,2,0.875,0,0.0,0,72807.52,1
txn_007924,cust_02126,9820.95,netbanking,success,none,2,2,0,1.0,0,0.0,0,122083.72,1
txn_007925,cust_00048,2678.9,netbanking,success,none,38,34,4,0.8947,0,0.0,0,64836.64,1
txn_007926,cust_02415,2003.24,netbanking,failed,bank_decline,30,25,5,0.8333,2,13.98,0,93041.68,0
txn_007927,cust_00241,2564.72,card,success,none,30,23,7,0.7667,0,0.0,0,100469.08,1
txn_007928,cust_02130,1289.02,wallet,success,none,35,26,9,0.7429,0,0.0,0,134203.9,1
txn_007929,cust_02288,4684.69,wallet,success,none,12,11,1,0.9167,0,0.0,0,72006.76,1
txn_007930,cust_01271,756.81,netbanking,success,none,30,29,1,0.9667,0,0.0,0,141503.26,1
txn_007931,cust_01082,3498.32,upi,success,none,25,20,5,0.8,0,0.0,0,67832.03,1
txn_007932,cust_01419,6581.4,card,success,none,1,1,0,1.0,0,0.0,0,32799.76,1
txn_007933,cust_02454,593.51,upi,success,none,10,9,1,0.9,0,0.0,0,56338.4,1
txn_007934,cust_01653,1877.43,card,success,none,25,21,4,0.84,0,0.0,0,16112.86,1
txn_007935,cust_00549,2031.55,card,success,none,24,14,10,0.5833,0,0.0,0,100902.45,1
txn_007936,cust_01940,457.37,upi,success,none,6,5,1,0.8333,0,0.0,0,118975.71,1
txn_007937,cust_00678,340.71,wallet,success,none,10,7,3,0.7,0,0.0,0,36204.06,1
txn_007938,cust_01477,535.93,netbanking,success,none,8,5,3,0.625,0,0.0,0,68552.4,1
txn_007939,cust_01049,1271.46,card,success,none,30,26,4,0.8667,0,0.0,0,112412.49,1
txn_007940,cust_00018,2036.25,upi,success,none,3,2,1,0.6667,0,0.0,0,109730.04,1
txn_007941,cust_01389,925.54,wallet,success,none,27,22,5,0.8148,0,0.0,0,56900.68,1
txn_007942,cust_00409,9233.95,netbanking,failed,insufficient_funds,28,23,5,0.8214,1,8.75,0,95582.92,0
txn_007943,cust_01485,3737.51,netbanking,failed,bank_decline,18,17,1,0.9444,1,12.69,0,110207.44,0
txn_007944,cust_01482,2106.28,upi,success,none,23,22,1,0.9565,0,0.0,0,78927.8,1
txn_007945,cust_02028,870.92,card,success,none,40,35,5,0.875,0,0.0,0,126627.86,1
txn_007946,cust_00684,1436.31,netbanking,success,none,29,22,7,0.7586,0,0.0,0,102488.89,1
txn_007947,cust_00903,4030.13,card,success,none,22,20,2,0.9091,0,0.0,0,91392.38,1
txn_007948,cust_00593,3361.07,upi,failed,technical_error,6,5,1,0.8333,2,11.19,0,48994.66,0
txn_007949,cust_02360,3324.91,wallet,success,none,26,23,3,0.8846,0,0.0,0,41415.97,1
txn_007950,cust_02260,988.64,upi,success,none,5,5,0,1.0,0,0.0,0,137957.44,1
txn_007951,cust_01532,794.02,upi,success,none,15,12,3,0.8,0,0.0,0,134695.83,1
txn_007952,cust_01335,321.38,netbanking,failed,insufficient_funds,16,12,4,0.75,2,10.97,0,46501.62,0
txn_007953,cust_01199,2272.29,upi,success,none,37,28,9,0.7568,0,0.0,0,71849.54,1
txn_007954,cust_00653,293.38,wallet,success,none,9,7,2,0.7778,0,0.0,0,114859.97,1
txn_007955,cust_02137,1318.82,wallet,failed,technical_error,26,24,2,0.9231,1,12.16,0,55215.97,0
txn_007956,cust_00096,879.84,wallet,failed,bank_decline,5,4,1,0.8,2,12.18,0,77609.26,0
txn_007957,cust_00892,1673.15,wallet,success,none,2,2,0,1.0,0,0.0,0,13102.21,1
txn_007958,cust_01443,4296.49,card,failed,bank_decline,6,5,1,0.8333,3,2.1,0,37976.89,0
txn_007959,cust_00339,5185.65,wallet,abandoned,none,36,29,7,0.8056,0,2.68,1,80107.37,1
txn_007960,cust_00346,2703.72,netbanking,success,none,12,6,6,0.5,0,0.0,0,29539.6,1
txn_007961,cust_01841,623.75,upi,abandoned,none,7,5,2,0.7143,0,1.58,1,58149.02,1
txn_007962,cust_00391,1309.85,netbanking,abandoned,none,10,5,5,0.5,0,3.16,1,11640.07,0
txn_007963,cust_01556,559.05,wallet,success,none,26,21,5,0.8077,0,0.0,0,77505.49,1
txn_007964,cust_00969,696.31,wallet,abandoned,none,40,33,7,0.825,0,4.16,1,138157.62,1
txn_007965,cust_02151,2169.86,upi,failed,network_error,30,28,2,0.9333,1,7.13,0,132351.25,0
txn_007966,cust_02390,505.62,upi,failed,bank_decline,15,10,5,0.6667,1,13.78,0,120901.46,0
txn_007967,cust_01599,850.3,netbanking,success,none,11,8,3,0.7273,0,0.0,0,15920.02,1
txn_007968,cust_00800,459.53,wallet,failed,authentication_failed,23,16,7,0.6957,2,11.31,0,82356.05,0
txn_007969,cust_00650,2587.11,netbanking,abandoned,none,26,24,2,0.9231,0,1.17,1,147682.4,1
txn_007970,cust_00050,933.98,card,failed,authentication_failed,15,10,5,0.6667,2,9.5,0,149601.54,0
txn_007971,cust_00539,146.01,wallet,success,none,36,31,5,0.8611,0,0.0,0,49872.94,1
txn_007972,cust_01834,6861.22,upi,success,none,3,3,0,1.0,0,0.0,0,80533.61,1
txn_007973,cust_01541,3689.98,upi,failed,authentication_failed,26,21,5,0.8077,1,8.51,0,105408.12,0
txn_007974,cust_00305,178.52,upi,abandoned,none,37,33,4,0.8919,0,4.64,1,117612.67,1
txn_007975,cust_02125,2792.89,card,success,none,2,2,0,1.0,0,0.0,0,127588.5,1
txn_007976,cust_00597,6140.72,wallet,success,none,21,13,8,0.619,0,0.0,0,57754.76,1
txn_007977,cust_01986,1111.58,netbanking,failed,insufficient_funds,19,12,7,0.6316,0,3.51,0,103305.08,0
txn_007978,cust_00052,1554.69,netbanking,success,none,6,5,1,0.8333,0,0.0,0,113611.54,1
txn_007979,cust_01701,973.88,card,success,none,16,10,6,0.625,0,0.0,0,71963.08,1
txn_007980,cust_02381,2252.37,wallet,success,none,21,13,8,0.619,0,0.0,0,129771.93,1
txn_007981,cust_00878,3763.76,netbanking,success,none,4,3,1,0.75,0,0.0,0,124877.23,1
txn_007982,cust_02386,407.04,upi,success,none,39,27,12,0.6923,0,0.0,0,69024.97,1
txn_007983,cust_02108,661.06,wallet,failed,technical_error,20,18,2,0.9,0,1.38,0,104325.26,0
txn_007984,cust_01886,1482.74,upi,success,none,15,10,5,0.6667,0,0.0,0,69055.93,1
txn_007985,cust_00837,1826.61,wallet,success,none,5,4,1,0.8,0,0.0,0,36163.31,1
txn_007986,cust_01696,2013.15,upi,success,none,38,30,8,0.7895,0,0.0,0,34899.4,1
txn_007987,cust_02288,1104.87,netbanking,success,none,12,11,1,0.9167,0,0.0,0,72006.76,1
txn_007988,cust_00858,554.43,wallet,success,none,19,16,3,0.8421,0,0.0,0,133808.42,1
txn_007989,cust_00813,3587.68,card,success,none,4,3,1,0.75,0,0.0,0,130003.94,1
txn_007990,cust_02025,394.79,wallet,failed,bank_decline,1,1,0,1.0,1,10.88,0,50253.86,1
txn_007991,cust_02406,818.7,upi,success,none,15,12,3,0.8,0,0.0,0,40184.06,1
txn_007992,cust_01247,1363.5,card,success,none,10,6,4,0.6,0,0.0,0,10426.81,1
txn_007993,cust_00986,2175.77,upi,failed,authentication_failed,37,28,9,0.7568,3,4.68,0,101816.71,0
txn_007994,cust_02100,1000.37,netbanking,success,none,5,3,2,0.6,0,0.0,0,38352.45,1
txn_007995,cust_02278,2844.31,upi,success,none,38,23,15,0.6053,0,0.0,0,129441.47,1
txn_007996,cust_01936,4678.76,netbanking,success,none,8,7,1,0.875,0,0.0,0,147119.94,1
txn_007997,cust_00936,718.51,upi,success,none,40,32,8,0.8,0,0.0,0,102379.4,1
txn_007998,cust_01462,1981.43,wallet,success,none,4,3,1,0.75,0,0.0,0,142353.32,1
txn_007999,cust_00235,1713.29,card,success,none,1,1,0,1.0,0,0.0,0,134006.31,1
txn_008000,cust_00296,952.41,wallet,success,none,8,6,2,0.75,0,0.0,0,116890.99,1
txn_008001,cust_00070,199.09,netbanking,success,none,10,8,2,0.8,0,0.0,0,56713.16,1
txn_008002,cust_00576,1908.72,wallet,failed,technical_error,2,2,0,1.0,0,12.23,0,20638.68,1
txn_008003,cust_00684,2130.4,upi,success,none,29,22,7,0.7586,0,0.0,0,102488.89,1
txn_008004,cust_01072,3973.02,upi,success,none,1,1,0,1.0,0,0.0,0,112124.87,1
txn_008005,cust_01858,958.11,card,failed,insufficient_funds,40,36,4,0.9,0,0.23,0,8239.46,1
txn_008006,cust_00397,687.41,upi,success,none,18,13,5,0.7222,0,0.0,0,75570.35,1
txn_008007,cust_00285,536.7,wallet,success,none,35,31,4,0.8857,0,0.0,0,8760.76,1
txn_008008,cust_01327,100.0,upi,success,none,32,30,2,0.9375,0,0.0,0,79629.54,1
txn_008009,cust_00696,893.62,card,success,none,33,32,1,0.9697,0,0.0,0,58287.89,1
txn_008010,cust_00308,21300.75,card,success,none,22,18,4,0.8182,0,0.0,0,2885.17,1
txn_008011,cust_00724,4774.01,upi,failed,technical_error,28,22,6,0.7857,0,11.67,0,76764.78,1
txn_008012,cust_00307,496.62,netbanking,success,none,24,21,3,0.875,0,0.0,0,11274.55,1
txn_008013,cust_00968,800.56,wallet,success,none,14,11,3,0.7857,0,0.0,0,62146.23,1
txn_008014,cust_00586,795.5,wallet,success,none,3,3,0,1.0,0,0.0,0,109359.21,1
txn_008015,cust_01157,5423.69,netbanking,success,none,25,17,8,0.68,0,0.0,0,85898.64,1
txn_008016,cust_02259,12388.63,upi,success,none,13,12,1,0.9231,0,0.0,0,78143.66,1
txn_008017,cust_00839,1465.27,netbanking,success,none,37,27,10,0.7297,0,0.0,0,5825.41,1
txn_008018,cust_01485,1743.53,upi,success,none,18,17,1,0.9444,0,0.0,0,110207.44,1
txn_008019,cust_00768,2253.84,wallet,success,none,22,11,11,0.5,0,0.0,0,118915.71,1
txn_008020,cust_00147,1318.36,netbanking,failed,technical_error,9,9,0,1.0,2,5.35,0,140055.65,1
txn_008021,cust_01001,1775.76,upi,failed,network_error,27,17,10,0.6296,0,11.36,0,50213.75,0
txn_008022,cust_00412,1405.54,card,success,none,22,17,5,0.7727,0,0.0,0,48837.68,1
txn_008023,cust_02424,2160.23,wallet,success,none,14,12,2,0.8571,0,0.0,0,51945.02,1
txn_008024,cust_02403,180.96,card,success,none,36,25,11,0.6944,0,0.0,0,66128.85,1
txn_008025,cust_01268,829.25,upi,success,none,37,26,11,0.7027,0,0.0,0,30770.21,1
txn_008026,cust_02323,410.18,wallet,success,none,24,17,7,0.7083,0,0.0,0,55396.62,1
txn_008027,cust_02308,2670.7,upi,success,none,28,26,2,0.9286,0,0.0,0,72269.69,1
txn_008028,cust_02120,610.57,netbanking,success,none,39,31,8,0.7949,0,0.0,0,13214.08,1
txn_008029,cust_02479,280.09,upi,success,none,1,1,0,1.0,0,0.0,0,116611.77,1
txn_008030,cust_00080,223.99,upi,success,none,35,34,1,0.9714,0,0.0,0,115109.33,1
txn_008031,cust_00418,2099.34,wallet,success,none,6,5,1,0.8333,0,0.0,0,47863.06,1
txn_008032,cust_01477,529.13,upi,success,none,8,5,3,0.625,0,0.0,0,68552.4,1
txn_008033,cust_02128,1166.57,card,success,none,38,31,7,0.8158,0,0.0,0,32701.34,1
txn_008034,cust_01486,6521.63,upi,abandoned,none,8,6,2,0.75,0,5.49,1,115943.11,1
txn_008035,cust_01048,1949.22,netbanking,failed,network_error,9,8,1,0.8889,2,5.5,0,72249.1,0
txn_008036,cust_00661,804.22,upi,success,none,30,23,7,0.7667,0,0.0,0,138253.2,1
txn_008037,cust_02449,413.57,upi,success,none,18,13,5,0.7222,0,0.0,0,88119.83,1
txn_008038,cust_00389,2069.31,wallet,abandoned,none,35,28,7,0.8,0,0.83,1,34496.61,1
txn_008039,cust_02474,1177.2,upi,success,none,39,33,6,0.8462,0,0.0,0,137256.63,1
txn_008040,cust_02433,2388.89,upi,failed,network_error,1,1,0,1.0,0,6.44,0,19172.27,1
txn_008041,cust_02370,123.52,card,success,none,31,28,3,0.9032,0,0.0,0,82716.63,1
txn_008042,cust_01939,4177.44,netbanking,failed,network_error,36,26,10,0.7222,3,1.41,0,1025.29,0
txn_008043,cust_00654,241.58,card,success,none,19,15,4,0.7895,0,0.0,0,49890.23,1
txn_008044,cust_01163,825.38,card,failed,authentication_failed,35,26,9,0.7429,2,6.01,0,73759.13,0
txn_008045,cust_02286,5377.53,wallet,failed,bank_decline,6,4,2,0.6667,0,2.08,0,60440.66,1
txn_008046,cust_02277,143.51,wallet,success,none,30,21,9,0.7,0,0.0,0,102557.61,1
txn_008047,cust_00932,1228.07,wallet,failed,network_error,36,31,5,0.8611,1,4.05,0,30003.64,1
txn_008048,cust_01210,1017.64,upi,success,none,35,28,7,0.8,0,0.0,0,50427.75,1
txn_008049,cust_01922,1301.46,upi,success,none,25,23,2,0.92,0,0.0,0,23149.51,1
txn_008050,cust_01794,1912.57,netbanking,success,none,19,11,8,0.5789,0,0.0,0,39654.51,1
txn_008051,cust_01215,1359.78,netbanking,success,none,5,5,0,1.0,0,0.0,0,51748.32,1
txn_008052,cust_02294,350.72,upi,success,none,14,13,1,0.9286,0,0.0,0,35151.92,1
txn_008053,cust_00076,1476.32,wallet,failed,network_error,20,13,7,0.65,2,6.64,0,36678.39,0
txn_008054,cust_01740,1315.13,netbanking,success,none,29,17,12,0.5862,0,0.0,0,116330.6,1
txn_008055,cust_00570,1261.16,netbanking,success,none,15,12,3,0.8,0,0.0,0,49955.37,1
txn_008056,cust_00156,10786.01,upi,success,none,7,6,1,0.8571,0,0.0,0,111620.09,1
txn_008057,cust_01070,5102.2,netbanking,success,none,20,19,1,0.95,0,0.0,0,108768.73,1
txn_008058,cust_01082,8326.15,wallet,success,none,25,20,5,0.8,0,0.0,0,67832.03,1
txn_008059,cust_00618,1889.55,card,success,none,39,34,5,0.8718,0,0.0,0,47554.89,1
txn_008060,cust_00461,7985.15,wallet,success,none,3,2,1,0.6667,0,0.0,0,19810.69,1
txn_008061,cust_00686,569.07,card,success,none,40,36,4,0.9,0,0.0,0,49158.03,1
txn_008062,cust_00829,935.2,upi,success,none,3,2,1,0.6667,0,0.0,0,109295.34,1
txn_008063,cust_01844,749.84,wallet,success,none,20,12,8,0.6,0,0.0,0,142321.04,1
txn_008064,cust_00116,815.75,netbanking,success,none,16,15,1,0.9375,0,0.0,0,25780.36,1
txn_008065,cust_01516,1395.91,netbanking,success,none,24,17,7,0.7083,0,0.0,0,89161.95,1
txn_008066,cust_01014,1642.48,wallet,success,none,12,11,1,0.9167,0,0.0,0,140154.47,1
txn_008067,cust_02251,2061.09,netbanking,success,none,3,2,1,0.6667,0,0.0,0,117809.96,1
txn_008068,cust_01826,7666.8,card,success,none,4,3,1,0.75,0,0.0,0,1702.31,1
txn_008069,cust_01664,291.6,upi,success,none,6,4,2,0.6667,0,0.0,0,51354.64,1
txn_008070,cust_02225,401.32,card,failed,authentication_failed,26,23,3,0.8846,2,6.13,0,113490.81,1
txn_008071,cust_00250,116.52,wallet,success,none,34,30,4,0.8824,0,0.0,0,73204.96,1
txn_008072,cust_01675,577.1,wallet,success,none,37,32,5,0.8649,0,0.0,0,82899.73,1
txn_008073,cust_01457,859.05,wallet,success,none,35,26,9,0.7429,0,0.0,0,102758.37,1
txn_008074,cust_02274,666.19,netbanking,abandoned,none,29,23,6,0.7931,0,0.5,1,144942.26,1
txn_008075,cust_01253,428.83,card,failed,technical_error,13,11,2,0.8462,1,5.05,0,69221.38,0
txn_008076,cust_02377,1464.21,card,success,none,29,18,11,0.6207,0,0.0,0,94345.62,1
txn_008077,cust_00591,909.88,netbanking,success,none,32,29,3,0.9062,0,0.0,0,107147.8,1
txn_008078,cust_00439,552.95,netbanking,success,none,31,27,4,0.871,0,0.0,0,147056.45,1
txn_008079,cust_00628,1557.84,netbanking,success,none,18,11,7,0.6111,0,0.0,0,5314.02,1
txn_008080,cust_01009,755.07,card,abandoned,none,4,4,0,1.0,0,4.74,1,136282.61,0
txn_008081,cust_01677,4257.89,netbanking,failed,insufficient_funds,24,17,7,0.7083,0,12.07,0,1568.52,0
txn_008082,cust_02168,1137.25,upi,failed,bank_decline,18,14,4,0.7778,1,11.35,0,32516.05,0
txn_008083,cust_00175,943.91,netbanking,success,none,14,10,4,0.7143,0,0.0,0,102627.94,1
txn_008084,cust_02003,1739.83,card,failed,technical_error,29,27,2,0.931,1,11.38,0,16269.52,1
txn_008085,cust_02160,180.22,netbanking,success,none,25,17,8,0.68,0,0.0,0,145928.44,1
txn_008086,cust_01945,4507.75,wallet,failed,technical_error,15,6,9,0.4,1,9.78,0,126803.3,0
txn_008087,cust_02383,2936.28,upi,failed,network_error,35,20,15,0.5714,0,11.84,0,140293.78,0
txn_008088,cust_02371,606.03,wallet,success,none,2,2,0,1.0,0,0.0,0,115869.12,1
txn_008089,cust_01987,432.4,netbanking,abandoned,none,9,9,0,1.0,0,5.34,1,147218.99,1
txn_008090,cust_01137,487.85,upi,failed,technical_error,13,12,1,0.9231,0,12.47,0,144349.56,1
txn_008091,cust_01863,327.03,wallet,success,none,17,15,2,0.8824,0,0.0,0,71685.05,1
txn_008092,cust_01251,245.49,card,success,none,16,15,1,0.9375,0,0.0,0,108414.02,1
txn_008093,cust_01301,316.59,netbanking,success,none,6,4,2,0.6667,0,0.0,0,18294.33,1
txn_008094,cust_01289,100.0,wallet,success,none,26,24,2,0.9231,0,0.0,0,145054.86,1
txn_008095,cust_00738,931.12,wallet,success,none,40,28,12,0.7,0,0.0,0,121547.51,1
txn_008096,cust_00895,1168.46,card,abandoned,none,27,17,10,0.6296,0,6.64,1,93098.16,0
txn_008097,cust_00176,4822.64,card,success,none,7,7,0,1.0,0,0.0,0,53698.12,1
txn_008098,cust_00323,3594.23,upi,success,none,25,19,6,0.76,0,0.0,0,51123.1,1
txn_008099,cust_01316,642.91,upi,abandoned,none,26,20,6,0.7692,0,1.93,1,94834.29,1
txn_008100,cust_01263,1045.6,card,success,none,21,15,6,0.7143,0,0.0,0,44425.77,1
txn_008101,cust_02124,4036.33,card,success,none,5,4,1,0.8,0,0.0,0,109386.38,1
txn_008102,cust_02077,855.34,wallet,success,none,20,15,5,0.75,0,0.0,0,91378.31,1
txn_008103,cust_00352,1588.57,wallet,success,none,12,11,1,0.9167,0,0.0,0,46037.87,1
txn_008104,cust_00356,730.74,upi,success,none,9,8,1,0.8889,0,0.0,0,96042.58,1
txn_008105,cust_01098,1393.03,card,failed,authentication_failed,5,5,0,1.0,1,6.24,0,16033.61,0
txn_008106,cust_00881,1456.35,wallet,success,none,15,13,2,0.8667,0,0.0,0,52557.44,1
txn_008107,cust_00893,944.9,upi,success,none,37,28,9,0.7568,0,0.0,0,40433.73,1
txn_008108,cust_01177,3889.01,upi,success,none,18,16,2,0.8889,0,0.0,0,80824.98,1
txn_008109,cust_01973,564.36,upi,failed,technical_error,9,9,0,1.0,1,5.86,0,16429.54,1
txn_008110,cust_01176,1503.18,wallet,success,none,1,1,0,1.0,0,0.0,0,3492.2,1
txn_008111,cust_00104,7970.48,wallet,success,none,30,26,4,0.8667,0,0.0,0,129711.68,1
txn_008112,cust_01973,1828.59,card,failed,network_error,9,9,0,1.0,0,4.0,0,16429.54,0
txn_008113,cust_01430,603.94,wallet,failed,authentication_failed,9,7,2,0.7778,1,0.99,0,96594.85,1
txn_008114,cust_01624,1896.03,netbanking,success,none,26,17,9,0.6538,0,0.0,0,88316.48,1
txn_008115,cust_00948,15245.31,wallet,success,none,40,26,14,0.65,0,0.0,0,48460.97,1
txn_008116,cust_02235,1393.02,netbanking,success,none,33,29,4,0.8788,0,0.0,0,60683.58,1
txn_008117,cust_00511,2962.0,netbanking,success,none,23,18,5,0.7826,0,0.0,0,33631.68,1
txn_008118,cust_02078,1346.39,upi,success,none,19,16,3,0.8421,0,0.0,0,115025.86,1
txn_008119,cust_00041,1764.2,upi,failed,network_error,14,8,6,0.5714,0,7.16,0,137057.28,0
txn_008120,cust_00532,1238.61,netbanking,success,none,26,22,4,0.8462,0,0.0,0,3073.88,1
txn_008121,cust_00757,483.94,card,success,none,19,11,8,0.5789,0,0.0,0,13497.39,1
txn_008122,cust_01075,1946.83,wallet,success,none,5,3,2,0.6,0,0.0,0,81633.36,1
txn_008123,cust_02233,394.25,wallet,success,none,29,20,9,0.6897,0,0.0,0,117683.28,1
txn_008124,cust_00826,980.01,upi,success,none,20,16,4,0.8,0,0.0,0,67441.45,1
txn_008125,cust_00384,9060.68,upi,success,none,19,13,6,0.6842,0,0.0,0,105745.15,1
txn_008126,cust_00622,1246.42,card,success,none,7,5,2,0.7143,0,0.0,0,53166.99,1
txn_008127,cust_01252,532.06,netbanking,success,none,32,24,8,0.75,0,0.0,0,89477.15,1
txn_008128,cust_02149,1704.26,card,success,none,34,31,3,0.9118,0,0.0,0,136251.19,1
txn_008129,cust_00332,770.02,wallet,success,none,27,25,2,0.9259,0,0.0,0,73798.1,1
txn_008130,cust_02379,1493.1,card,failed,bank_decline,11,11,0,1.0,3,7.81,0,5257.12,0
txn_008131,cust_00958,413.0,wallet,success,none,17,15,2,0.8824,0,0.0,0,145093.53,1
txn_008132,cust_00661,2920.98,wallet,failed,technical_error,30,23,7,0.7667,0,7.86,0,138253.2,1
txn_008133,cust_00851,1517.23,card,success,none,19,18,1,0.9474,0,0.0,0,104403.12,1
txn_008134,cust_01021,491.81,upi,abandoned,none,22,17,5,0.7727,0,0.71,1,43399.69,1
txn_008135,cust_00260,1919.31,wallet,success,none,27,22,5,0.8148,0,0.0,0,10277.59,1
txn_008136,cust_02063,9275.92,netbanking,success,none,10,9,1,0.9,0,0.0,0,4539.19,1
txn_008137,cust_02135,604.33,wallet,success,none,19,15,4,0.7895,0,0.0,0,20948.31,1
txn_008138,cust_02020,2857.29,netbanking,success,none,12,10,2,0.8333,0,0.0,0,110526.84,1
txn_008139,cust_00655,2034.36,wallet,failed,network_error,1,1,0,1.0,0,0.15,0,75110.41,1
txn_008140,cust_01017,2004.8,upi,success,none,12,12,0,1.0,0,0.0,0,140554.7,1
txn_008141,cust_00712,3295.32,card,success,none,22,18,4,0.8182,0,0.0,0,10820.87,1
txn_008142,cust_02465,1015.36,netbanking,failed,technical_error,2,2,0,1.0,1,13.19,0,103698.25,0
txn_008143,cust_02279,1559.83,card,abandoned,none,31,28,3,0.9032,0,5.57,1,18323.98,0
txn_008144,cust_02118,1477.72,upi,success,none,20,19,1,0.95,0,0.0,0,73558.74,1
txn_008145,cust_01024,569.22,netbanking,success,none,30,20,10,0.6667,0,0.0,0,41652.73,1
txn_008146,cust_02417,2119.21,card,success,none,32,25,7,0.7812,0,0.0,0,28980.63,1
txn_008147,cust_00715,932.21,upi,success,none,39,23,16,0.5897,0,0.0,0,131118.67,1
txn_008148,cust_02096,8351.68,wallet,success,none,12,9,3,0.75,0,0.0,0,100975.71,1
txn_008149,cust_01396,806.05,wallet,failed,bank_decline,6,4,2,0.6667,1,13.91,0,109908.86,0
txn_008150,cust_01593,357.7,wallet,success,none,25,21,4,0.84,0,0.0,0,41294.92,1
txn_008151,cust_02360,4106.87,netbanking,success,none,26,23,3,0.8846,0,0.0,0,41415.97,1
txn_008152,cust_00347,636.35,netbanking,failed,insufficient_funds,31,25,6,0.8065,1,7.9,0,42198.44,0
txn_008153,cust_01046,398.1,netbanking,success,none,19,12,7,0.6316,0,0.0,0,55764.04,1
txn_008154,cust_00650,1973.43,upi,abandoned,none,26,24,2,0.9231,0,1.49,1,147682.4,1
txn_008155,cust_01168,5077.09,wallet,success,none,27,25,2,0.9259,0,0.0,0,21486.24,1
txn_008156,cust_00762,2799.92,card,failed,technical_error,23,21,2,0.913,3,9.87,0,139640.32,0
txn_008157,cust_00907,756.16,card,failed,authentication_failed,9,7,2,0.7778,3,0.45,0,114339.08,0
txn_008158,cust_00772,1523.19,netbanking,success,none,31,23,8,0.7419,0,0.0,0,67841.62,1
txn_008159,cust_01670,1004.88,upi,success,none,13,11,2,0.8462,0,0.0,0,61982.7,1
txn_008160,cust_01196,7050.51,upi,success,none,22,20,2,0.9091,0,0.0,0,85312.64,1
txn_008161,cust_01029,864.97,card,abandoned,none,37,27,10,0.7297,0,2.96,1,101485.77,0
txn_008162,cust_00999,1478.82,card,success,none,34,28,6,0.8235,0,0.0,0,34625.08,1
txn_008163,cust_01522,1586.44,wallet,failed,technical_error,35,29,6,0.8286,2,5.01,0,52617.13,1
txn_008164,cust_01856,419.8,wallet,failed,technical_error,3,3,0,1.0,2,7.92,0,56903.67,0
txn_008165,cust_01133,1104.43,netbanking,success,none,36,30,6,0.8333,0,0.0,0,33335.46,1
txn_008166,cust_02195,1122.6,card,success,none,15,13,2,0.8667,0,0.0,0,57353.49,1
txn_008167,cust_02317,5307.3,card,success,none,40,20,20,0.5,0,0.0,0,129414.46,1
txn_008168,cust_01546,1628.05,upi,success,none,7,7,0,1.0,0,0.0,0,25491.87,1
txn_008169,cust_01329,917.52,upi,success,none,40,32,8,0.8,0,0.0,0,59489.06,1
txn_008170,cust_01598,1158.5,wallet,success,none,38,34,4,0.8947,0,0.0,0,149941.26,1
txn_008171,cust_01964,1252.68,card,success,none,29,12,17,0.4138,0,0.0,0,69150.79,1
txn_008172,cust_02408,1288.31,upi,failed,insufficient_funds,34,28,6,0.8235,0,13.48,0,114916.21,0
txn_008173,cust_01684,3386.09,card,failed,technical_error,26,16,10,0.6154,2,0.14,0,71170.72,0
txn_008174,cust_02081,3564.24,upi,success,none,35,29,6,0.8286,0,0.0,0,33759.99,1
txn_008175,cust_00369,497.35,card,success,none,27,24,3,0.8889,0,0.0,0,91341.33,1
txn_008176,cust_02249,3896.99,upi,success,none,29,29,0,1.0,0,0.0,0,2595.85,1
txn_008177,cust_01307,2839.4,upi,success,none,29,23,6,0.7931,0,0.0,0,48517.51,1
txn_008178,cust_00417,1270.64,wallet,failed,insufficient_funds,36,25,11,0.6944,3,11.89,0,6467.87,0
txn_008179,cust_00848,306.75,card,success,none,36,27,9,0.75,0,0.0,0,18546.39,1
txn_008180,cust_01246,1656.8,upi,success,none,20,17,3,0.85,0,0.0,0,40992.61,1
txn_008181,cust_01504,940.17,netbanking,success,none,21,13,8,0.619,0,0.0,0,41417.44,1
txn_008182,cust_00271,2332.93,wallet,success,none,2,2,0,1.0,0,0.0,0,58939.72,1
txn_008183,cust_01309,2557.03,wallet,success,none,8,5,3,0.625,0,0.0,0,4365.18,1
txn_008184,cust_00609,5009.42,upi,abandoned,none,31,26,5,0.8387,0,4.83,1,11002.86,0
txn_008185,cust_00014,463.5,netbanking,success,none,14,12,2,0.8571,0,0.0,0,143624.75,1
txn_008186,cust_01382,11365.84,netbanking,success,none,27,20,7,0.7407,0,0.0,0,137896.54,1
txn_008187,cust_01163,3278.98,upi,success,none,35,26,9,0.7429,0,0.0,0,73759.13,1
txn_008188,cust_00118,2736.0,wallet,abandoned,none,26,17,9,0.6538,0,5.81,1,135463.99,1
txn_008189,cust_00274,9103.45,netbanking,success,none,40,32,8,0.8,0,0.0,0,80584.42,1
txn_008190,cust_01551,1840.58,wallet,success,none,8,5,3,0.625,0,0.0,0,14472.71,1
txn_008191,cust_01202,3765.54,netbanking,success,none,37,31,6,0.8378,0,0.0,0,99058.28,1
txn_008192,cust_01897,1587.27,upi,success,none,18,15,3,0.8333,0,0.0,0,131892.86,1
txn_008193,cust_00943,3105.15,wallet,failed,authentication_failed,3,3,0,1.0,2,6.47,0,6798.18,0
txn_008194,cust_01483,4279.57,netbanking,success,none,17,14,3,0.8235,0,0.0,0,25877.48,1
txn_008195,cust_02280,3861.95,card,success,none,5,4,1,0.8,0,0.0,0,58018.31,1
txn_008196,cust_01712,295.31,upi,success,none,17,11,6,0.6471,0,0.0,0,48642.67,1
txn_008197,cust_02150,885.53,card,failed,network_error,24,17,7,0.7083,3,8.28,0,58825.87,0
txn_008198,cust_00206,4323.42,upi,success,none,13,11,2,0.8462,0,0.0,0,55269.0,1
txn_008199,cust_02120,2204.24,upi,success,none,39,31,8,0.7949,0,0.0,0,13214.08,1
txn_008200,cust_00081,1274.83,card,success,none,9,9,0,1.0,0,0.0,0,99302.87,1
txn_008201,cust_01253,2225.31,wallet,success,none,13,11,2,0.8462,0,0.0,0,69221.38,1
txn_008202,cust_01599,444.21,upi,failed,bank_decline,11,8,3,0.7273,3,8.61,0,15920.02,0
txn_008203,cust_00648,2940.92,card,failed,technical_error,38,22,16,0.5789,2,4.19,0,73508.28,0
txn_008204,cust_00288,1941.97,card,success,none,3,2,1,0.6667,0,0.0,0,113380.75,1
txn_008205,cust_01326,1458.63,netbanking,failed,technical_error,8,6,2,0.75,0,12.88,0,40090.66,0
txn_008206,cust_01404,1120.0,wallet,success,none,32,30,2,0.9375,0,0.0,0,118457.24,1
txn_008207,cust_02282,1687.59,wallet,success,none,15,13,2,0.8667,0,0.0,0,120224.05,1
txn_008208,cust_01563,1018.13,card,abandoned,none,9,7,2,0.7778,0,2.5,1,19096.54,0
txn_008209,cust_00812,968.86,wallet,success,none,13,8,5,0.6154,0,0.0,0,43630.52,1
txn_008210,cust_01517,8013.37,upi,abandoned,none,32,24,8,0.75,0,0.46,1,149670.28,1
txn_008211,cust_01635,274.09,wallet,success,none,1,1,0,1.0,0,0.0,0,142369.43,1
txn_008212,cust_01994,279.79,netbanking,failed,bank_decline,28,24,4,0.8571,1,10.1,0,121437.41,1
txn_008213,cust_02464,2926.37,wallet,success,none,29,25,4,0.8621,0,0.0,0,110245.14,1
txn_008214,cust_02414,395.54,wallet,success,none,19,12,7,0.6316,0,0.0,0,17443.1,1
txn_008215,cust_01850,180.63,upi,failed,insufficient_funds,13,10,3,0.7692,2,4.75,0,25567.64,0
txn_008216,cust_00669,3693.27,netbanking,failed,bank_decline,7,6,1,0.8571,1,5.34,0,37254.15,0
txn_008217,cust_01654,4722.39,netbanking,abandoned,none,31,25,6,0.8065,0,1.73,1,118520.77,1
txn_008218,cust_01995,362.12,netbanking,failed,technical_error,34,25,9,0.7353,3,11.79,0,16864.1,0
txn_008219,cust_02389,222.44,wallet,success,none,23,21,2,0.913,0,0.0,0,72766.1,1
txn_008220,cust_01962,395.92,wallet,success,none,3,2,1,0.6667,0,0.0,0,139067.35,1
txn_008221,cust_01217,665.2,upi,success,none,26,23,3,0.8846,0,0.0,0,145369.16,1
txn_008222,cust_02393,9080.76,upi,failed,technical_error,20,18,2,0.9,2,8.58,0,2572.82,0
txn_008223,cust_01193,871.53,netbanking,success,none,1,1,0,1.0,0,0.0,0,105723.93,1
txn_008224,cust_00219,3077.45,wallet,success,none,38,26,12,0.6842,0,0.0,0,91392.57,1
txn_008225,cust_01408,2756.64,card,success,none,1,1,0,1.0,0,0.0,0,148783.9,1
txn_008226,cust_00250,5026.21,netbanking,success,none,34,30,4,0.8824,0,0.0,0,73204.96,1
txn_008227,cust_00669,716.24,wallet,success,none,7,6,1,0.8571,0,0.0,0,37254.15,1
txn_008228,cust_01301,1325.85,upi,failed,bank_decline,6,4,2,0.6667,0,13.05,0,18294.33,0
txn_008229,cust_00030,1075.78,card,success,none,23,19,4,0.8261,0,0.0,0,32216.55,1
txn_008230,cust_02290,2293.87,upi,success,none,37,27,10,0.7297,0,0.0,0,41092.29,1
txn_008231,cust_02451,4518.27,upi,success,none,1,1,0,1.0,0,0.0,0,145356.4,1
txn_008232,cust_01525,11830.26,wallet,success,none,25,21,4,0.84,0,0.0,0,127501.89,1
txn_008233,cust_01924,906.3,netbanking,success,none,40,31,9,0.775,0,0.0,0,9130.35,1
txn_008234,cust_00883,1542.84,card,abandoned,none,6,5,1,0.8333,0,2.82,1,38340.19,0
txn_008235,cust_01959,3186.63,netbanking,failed,authentication_failed,26,17,9,0.6538,1,1.38,0,33122.84,0
txn_008236,cust_01976,2469.49,upi,success,none,25,20,5,0.8,0,0.0,0,63381.05,1
txn_008237,cust_01665,7443.44,wallet,failed,technical_error,40,37,3,0.925,3,1.07,0,134090.7,0
txn_008238,cust_00928,1202.48,wallet,success,none,28,20,8,0.7143,0,0.0,0,20956.31,1
txn_008239,cust_00991,900.15,upi,abandoned,none,6,5,1,0.8333,0,1.08,1,52608.16,0
txn_008240,cust_00532,5304.42,netbanking,success,none,26,22,4,0.8462,0,0.0,0,3073.88,1
txn_008241,cust_01726,1813.57,netbanking,success,none,17,7,10,0.4118,0,0.0,0,58073.48,1
txn_008242,cust_01625,2299.03,netbanking,failed,network_error,22,14,8,0.6364,3,6.39,0,45963.01,0
txn_008243,cust_00922,1245.53,wallet,success,none,33,25,8,0.7576,0,0.0,0,69127.37,1
txn_008244,cust_01018,3384.96,netbanking,abandoned,none,19,17,2,0.8947,0,4.58,1,131634.73,1
txn_008245,cust_00541,563.93,upi,success,none,5,5,0,1.0,0,0.0,0,95675.18,1
txn_008246,cust_00199,847.02,upi,failed,bank_decline,39,33,6,0.8462,1,12.56,0,65750.0,0
txn_008247,cust_00670,100.0,upi,failed,technical_error,38,32,6,0.8421,1,11.54,0,60667.02,1
txn_008248,cust_01579,715.1,netbanking,success,none,12,11,1,0.9167,0,0.0,0,41972.28,1
txn_008249,cust_01636,3400.17,wallet,success,none,37,35,2,0.9459,0,0.0,0,59348.61,1
txn_008250,cust_00158,1403.07,upi,success,none,39,28,11,0.7179,0,0.0,0,32383.82,1
txn_008251,cust_00771,531.7,upi,failed,network_error,9,7,2,0.7778,1,11.31,0,114067.33,1
txn_008252,cust_01116,5594.08,upi,abandoned,none,21,15,6,0.7143,0,4.5,1,104749.95,1
txn_008253,cust_01094,1538.42,card,success,none,10,8,2,0.8,0,0.0,0,42071.81,1
txn_008254,cust_00382,7286.3,card,success,none,39,29,10,0.7436,0,0.0,0,71016.96,1
txn_008255,cust_02338,3154.82,card,failed,bank_decline,4,3,1,0.75,1,11.62,0,33104.63,0
txn_008256,cust_01273,1616.8,card,success,none,19,16,3,0.8421,0,0.0,0,124860.99,1
txn_008257,cust_01051,8391.76,netbanking,success,none,36,24,12,0.6667,0,0.0,0,137006.74,1
txn_008258,cust_00344,920.89,wallet,failed,bank_decline,13,11,2,0.8462,2,0.84,0,48016.64,0
txn_008259,cust_00268,448.14,upi,success,none,35,30,5,0.8571,0,0.0,0,120180.36,1
txn_008260,cust_00259,6629.94,wallet,failed,bank_decline,22,19,3,0.8636,3,5.22,0,81849.06,0
txn_008261,cust_01048,2451.68,wallet,success,none,9,8,1,0.8889,0,0.0,0,72249.1,1
txn_008262,cust_01483,5398.1,netbanking,success,none,17,14,3,0.8235,0,0.0,0,25877.48,1
txn_008263,cust_00253,3233.64,card,failed,technical_error,16,15,1,0.9375,2,10.35,0,41485.55,0
txn_008264,cust_00711,6929.04,wallet,success,none,4,4,0,1.0,0,0.0,0,118594.81,1
txn_008265,cust_00312,803.1,card,failed,technical_error,30,24,6,0.8,0,12.51,0,106388.99,0
txn_008266,cust_01368,1109.17,card,success,none,6,5,1,0.8333,0,0.0,0,66421.42,1
txn_008267,cust_01074,1097.54,card,success,none,28,24,4,0.8571,0,0.0,0,52334.8,1
txn_008268,cust_01761,1112.44,card,failed,technical_error,23,20,3,0.8696,3,11.3,0,52293.1,0
txn_008269,cust_02034,279.49,upi,failed,bank_decline,33,27,6,0.8182,2,13.57,0,24746.2,0
txn_008270,cust_01365,1577.25,upi,success,none,16,12,4,0.75,0,0.0,0,45358.63,1
txn_008271,cust_00178,2954.47,wallet,success,none,27,20,7,0.7407,0,0.0,0,146101.72,1
txn_008272,cust_02061,678.23,netbanking,success,none,28,24,4,0.8571,0,0.0,0,97337.61,1
txn_008273,cust_02195,537.18,card,success,none,15,13,2,0.8667,0,0.0,0,57353.49,1
txn_008274,cust_01417,1169.17,netbanking,failed,authentication_failed,15,9,6,0.6,2,1.19,0,64955.41,1
txn_008275,cust_00095,2935.24,wallet,success,none,3,1,2,0.3333,0,0.0,0,129085.67,1
txn_008276,cust_01429,456.83,wallet,success,none,9,7,2,0.7778,0,0.0,0,58025.44,1
txn_008277,cust_01345,13839.44,card,failed,bank_decline,29,18,11,0.6207,0,4.49,0,93292.09,1
txn_008278,cust_01268,365.35,card,abandoned,none,37,26,11,0.7027,0,4.21,1,30770.21,1
txn_008279,cust_00524,756.95,upi,success,none,31,22,9,0.7097,0,0.0,0,145140.23,1
txn_008280,cust_00070,4163.37,upi,success,none,10,8,2,0.8,0,0.0,0,56713.16,1
txn_008281,cust_00864,3524.63,upi,success,none,2,2,0,1.0,0,0.0,0,54773.58,1
txn_008282,cust_00196,3229.19,wallet,success,none,2,2,0,1.0,0,0.0,0,18185.92,1
txn_008283,cust_01402,674.9,card,success,none,19,15,4,0.7895,0,0.0,0,51325.52,1
txn_008284,cust_00983,815.94,netbanking,success,none,32,29,3,0.9062,0,0.0,0,48239.07,1
txn_008285,cust_00857,568.83,card,failed,bank_decline,5,4,1,0.8,3,2.08,0,82949.57,0
txn_008286,cust_01493,972.44,netbanking,failed,authentication_failed,37,26,11,0.7027,1,12.44,0,25865.33,0
txn_008287,cust_02040,1964.02,netbanking,success,none,40,29,11,0.725,0,0.0,0,80044.34,1
txn_008288,cust_01813,566.08,card,failed,bank_decline,8,4,4,0.5,1,8.47,0,71109.95,0
txn_008289,cust_00851,233.18,upi,success,none,19,18,1,0.9474,0,0.0,0,104403.12,1
txn_008290,cust_00326,4312.27,netbanking,failed,technical_error,23,18,5,0.7826,3,7.48,0,119877.02,0
txn_008291,cust_02169,1118.6,upi,success,none,12,9,3,0.75,0,0.0,0,24446.25,1
txn_008292,cust_01976,2830.16,card,failed,technical_error,25,20,5,0.8,1,8.5,0,63381.05,0
txn_008293,cust_00050,983.24,upi,success,none,15,10,5,0.6667,0,0.0,0,149601.54,1
txn_008294,cust_01481,2304.91,netbanking,success,none,11,8,3,0.7273,0,0.0,0,74965.53,1
txn_008295,cust_00073,13714.23,wallet,failed,network_error,39,29,10,0.7436,3,2.29,0,49299.25,0
txn_008296,cust_01545,426.97,wallet,success,none,38,28,10,0.7368,0,0.0,0,17236.95,1
txn_008297,cust_00642,615.28,wallet,success,none,6,4,2,0.6667,0,0.0,0,41543.32,1
txn_008298,cust_02080,544.17,wallet,success,none,2,2,0,1.0,0,0.0,0,71624.16,1
txn_008299,cust_01345,10983.83,upi,failed,technical_error,29,18,11,0.6207,0,9.34,0,93292.09,1
txn_008300,cust_01399,1315.44,card,success,none,35,31,4,0.8857,0,0.0,0,60259.66,1
txn_008301,cust_02398,3253.47,upi,failed,network_error,31,30,1,0.9677,1,8.18,0,45641.97,0
txn_008302,cust_01064,100.0,netbanking,success,none,32,20,12,0.625,0,0.0,0,14550.31,1
txn_008303,cust_00688,1947.81,upi,success,none,5,4,1,0.8,0,0.0,0,70869.24,1
txn_008304,cust_01047,933.73,netbanking,success,none,15,9,6,0.6,0,0.0,0,33650.16,1
txn_008305,cust_00415,5370.14,wallet,success,none,32,25,7,0.7812,0,0.0,0,43944.45,1
txn_008306,cust_00002,2588.31,upi,success,none,18,15,3,0.8333,0,0.0,0,37488.89,1
txn_008307,cust_00803,880.32,wallet,success,none,31,29,2,0.9355,0,0.0,0,95128.64,1
txn_008308,cust_00295,6501.7,wallet,success,none,11,9,2,0.8182,0,0.0,0,91278.01,1
txn_008309,cust_00514,7126.88,wallet,success,none,3,2,1,0.6667,0,0.0,0,47031.0,1
txn_008310,cust_01607,6037.16,wallet,success,none,2,2,0,1.0,0,0.0,0,105814.48,1
txn_008311,cust_00272,2871.22,upi,success,none,26,20,6,0.7692,0,0.0,0,108903.03,1
txn_008312,cust_01420,1015.07,card,success,none,5,2,3,0.4,0,0.0,0,20772.27,1
txn_008313,cust_00554,1689.31,upi,success,none,18,16,2,0.8889,0,0.0,0,5874.73,1
txn_008314,cust_00790,882.96,upi,success,none,24,21,3,0.875,0,0.0,0,11084.22,1
txn_008315,cust_01583,1671.21,upi,success,none,19,13,6,0.6842,0,0.0,0,75334.85,1
txn_008316,cust_00732,739.05,upi,success,none,35,27,8,0.7714,0,0.0,0,125432.85,1
txn_008317,cust_00192,1130.39,upi,failed,authentication_failed,18,15,3,0.8333,2,1.07,0,129788.59,0
txn_008318,cust_01547,11424.88,netbanking,success,none,30,18,12,0.6,0,0.0,0,47790.96,1
txn_008319,cust_01548,1827.93,upi,failed,bank_decline,8,6,2,0.75,1,1.44,0,80852.76,0
txn_008320,cust_00870,871.42,card,failed,network_error,27,13,14,0.4815,3,11.73,0,123677.57,0
txn_008321,cust_01151,445.75,wallet,success,none,3,2,1,0.6667,0,0.0,0,84816.18,1
txn_008322,cust_01612,1212.2,upi,success,none,12,7,5,0.5833,0,0.0,0,74075.03,1
txn_008323,cust_00971,2822.45,wallet,failed,technical_error,34,21,13,0.6176,1,1.11,0,31893.91,1
txn_008324,cust_00483,1535.64,upi,success,none,24,21,3,0.875,0,0.0,0,65172.33,1
txn_008325,cust_02491,1269.07,upi,success,none,34,30,4,0.8824,0,0.0,0,99174.76,1
txn_008326,cust_02184,2049.94,upi,failed,insufficient_funds,37,27,10,0.7297,3,0.95,0,96005.78,0
txn_008327,cust_01601,1986.82,netbanking,success,none,4,3,1,0.75,0,0.0,0,114843.41,1
txn_008328,cust_01756,2711.57,netbanking,success,none,30,29,1,0.9667,0,0.0,0,76263.83,1
txn_008329,cust_01494,2784.79,wallet,success,none,11,9,2,0.8182,0,0.0,0,39012.3,1
txn_008330,cust_00922,1225.9,wallet,success,none,33,25,8,0.7576,0,0.0,0,69127.37,1
txn_008331,cust_01312,1166.08,netbanking,failed,technical_error,16,13,3,0.8125,0,11.69,0,77883.09,1
txn_008332,cust_02389,1340.53,card,failed,authentication_failed,23,21,2,0.913,2,7.61,0,72766.1,0
txn_008333,cust_01289,2345.54,card,success,none,26,24,2,0.9231,0,0.0,0,145054.86,1
txn_008334,cust_00019,4109.91,netbanking,success,none,35,28,7,0.8,0,0.0,0,19599.1,1
txn_008335,cust_01084,956.35,card,success,none,35,29,6,0.8286,0,0.0,0,20815.48,1
txn_008336,cust_02231,1137.14,card,success,none,26,23,3,0.8846,0,0.0,0,110631.58,1
txn_008337,cust_00133,593.8,upi,success,none,16,14,2,0.875,0,0.0,0,61162.56,1
txn_008338,cust_01920,300.29,netbanking,success,none,40,24,16,0.6,0,0.0,0,15191.08,1
txn_008339,cust_00829,388.45,wallet,failed,insufficient_funds,3,2,1,0.6667,3,3.03,0,109295.34,1
txn_008340,cust_00331,490.92,upi,success,none,6,5,1,0.8333,0,0.0,0,36962.05,1
txn_008341,cust_00829,688.3,upi,success,none,3,2,1,0.6667,0,0.0,0,109295.34,1
txn_008342,cust_02077,2121.51,card,success,none,20,15,5,0.75,0,0.0,0,91378.31,1
txn_008343,cust_00718,458.82,wallet,abandoned,none,20,18,2,0.9,0,4.83,1,145186.78,0
txn_008344,cust_02229,1363.33,upi,failed,network_error,31,27,4,0.871,0,7.54,0,38812.87,0
txn_008345,cust_01759,3095.92,upi,success,none,39,23,16,0.5897,0,0.0,0,67469.41,1
txn_008346,cust_02057,584.14,upi,success,none,5,4,1,0.8,0,0.0,0,32406.44,1
txn_008347,cust_00949,819.03,upi,success,none,26,24,2,0.9231,0,0.0,0,148601.74,1
txn_008348,cust_01903,357.79,wallet,success,none,31,22,9,0.7097,0,0.0,0,120184.97,1
txn_008349,cust_01824,516.71,upi,failed,technical_error,32,22,10,0.6875,0,0.11,0,50561.79,1
txn_008350,cust_00389,5270.8,wallet,abandoned,none,35,28,7,0.8,0,6.31,1,34496.61,0
txn_008351,cust_01506,2219.4,card,success,none,8,8,0,1.0,0,0.0,0,75804.1,1
txn_008352,cust_01714,11493.71,wallet,success,none,36,27,9,0.75,0,0.0,0,60205.89,1
txn_008353,cust_00470,640.98,upi,success,none,22,14,8,0.6364,0,0.0,0,127998.86,1
txn_008354,cust_01618,6053.69,wallet,success,none,22,11,11,0.5,0,0.0,0,107823.71,1
txn_008355,cust_01717,646.24,netbanking,success,none,1,1,0,1.0,0,0.0,0,118196.05,1
txn_008356,cust_00964,811.45,netbanking,failed,network_error,16,13,3,0.8125,3,7.73,0,5704.01,0
txn_008357,cust_01912,20380.03,netbanking,abandoned,none,32,30,2,0.9375,0,2.47,1,17827.68,1
txn_008358,cust_01820,581.11,wallet,success,none,13,9,4,0.6923,0,0.0,0,52057.81,1
txn_008359,cust_02013,6546.39,wallet,failed,bank_decline,29,23,6,0.7931,2,1.33,0,124667.54,0
txn_008360,cust_01581,1297.26,upi,success,none,3,1,2,0.3333,0,0.0,0,92501.88,1
txn_008361,cust_01021,456.26,wallet,failed,insufficient_funds,22,17,5,0.7727,0,3.78,0,43399.69,0
txn_008362,cust_01446,320.31,upi,success,none,2,2,0,1.0,0,0.0,0,127335.92,1
txn_008363,cust_00315,1487.99,netbanking,success,none,18,13,5,0.7222,0,0.0,0,92770.94,1
txn_008364,cust_02499,435.5,wallet,failed,bank_decline,38,38,0,1.0,1,3.21,0,39134.84,0
txn_008365,cust_01998,996.71,wallet,success,none,11,8,3,0.7273,0,0.0,0,147546.33,1
txn_008366,cust_01715,199.43,upi,failed,network_error,21,14,7,0.6667,2,9.65,0,128637.0,0
txn_008367,cust_00942,1909.15,card,failed,technical_error,26,17,9,0.6538,2,1.37,0,75511.61,1
txn_008368,cust_02375,286.45,upi,success,none,25,25,0,1.0,0,0.0,0,47096.23,1
txn_008369,cust_02085,1261.32,upi,success,none,24,18,6,0.75,0,0.0,0,143651.36,1
txn_008370,cust_01674,335.7,wallet,success,none,7,6,1,0.8571,0,0.0,0,8395.68,1
txn_008371,cust_00791,4563.65,upi,abandoned,none,34,31,3,0.9118,0,4.07,1,82068.21,1
txn_008372,cust_00344,162.4,card,success,none,13,11,2,0.8462,0,0.0,0,48016.64,1
txn_008373,cust_02325,1009.34,card,success,none,12,9,3,0.75,0,0.0,0,86140.05,1
txn_008374,cust_02161,2343.52,upi,success,none,15,12,3,0.8,0,0.0,0,77939.4,1
txn_008375,cust_02043,1917.71,wallet,success,none,23,15,8,0.6522,0,0.0,0,67404.42,1
txn_008376,cust_01020,384.97,netbanking,success,none,39,30,9,0.7692,0,0.0,0,16987.8,1
txn_008377,cust_01068,235.16,upi,failed,authentication_failed,37,32,5,0.8649,3,2.11,0,9602.78,0
txn_008378,cust_02011,2926.0,netbanking,success,none,4,3,1,0.75,0,0.0,0,2931.82,1
txn_008379,cust_01172,1183.61,wallet,success,none,4,4,0,1.0,0,0.0,0,93057.45,1
txn_008380,cust_00824,458.65,card,success,none,21,20,1,0.9524,0,0.0,0,16287.09,1
txn_008381,cust_01237,3034.49,wallet,success,none,36,25,11,0.6944,0,0.0,0,14866.57,1
txn_008382,cust_00706,763.03,netbanking,success,none,29,22,7,0.7586,0,0.0,0,148656.92,1
txn_008383,cust_02295,694.1,upi,success,none,16,15,1,0.9375,0,0.0,0,125613.87,1
txn_008384,cust_02156,563.02,card,success,none,17,13,4,0.7647,0,0.0,0,87216.08,1
txn_008385,cust_00843,626.75,card,success,none,34,29,5,0.8529,0,0.0,0,55675.54,1
txn_008386,cust_01383,604.56,upi,success,none,18,15,3,0.8333,0,0.0,0,130190.09,1
txn_008387,cust_02296,1859.95,wallet,success,none,23,11,12,0.4783,0,0.0,0,24243.34,1
txn_008388,cust_01090,6314.7,upi,success,none,30,26,4,0.8667,0,0.0,0,101351.48,1
txn_008389,cust_01812,331.38,netbanking,success,none,38,32,6,0.8421,0,0.0,0,44813.62,1
txn_008390,cust_01743,952.41,netbanking,failed,bank_decline,6,5,1,0.8333,2,5.67,0,29002.42,0
txn_008391,cust_02114,1136.77,netbanking,abandoned,none,28,22,6,0.7857,0,0.89,1,42225.3,1
txn_008392,cust_00273,2131.46,wallet,success,none,30,16,14,0.5333,0,0.0,0,138011.7,1
txn_008393,cust_01014,3598.68,netbanking,success,none,12,11,1,0.9167,0,0.0,0,140154.47,1
txn_008394,cust_02267,1142.12,netbanking,success,none,17,16,1,0.9412,0,0.0,0,27080.18,1
txn_008395,cust_00120,708.33,netbanking,success,none,25,18,7,0.72,0,0.0,0,40515.26,1
txn_008396,cust_01801,2387.66,netbanking,success,none,23,19,4,0.8261,0,0.0,0,76589.91,1
txn_008397,cust_00179,259.8,wallet,success,none,10,9,1,0.9,0,0.0,0,138938.81,1
txn_008398,cust_01883,156.96,netbanking,success,none,10,4,6,0.4,0,0.0,0,142467.46,1
txn_008399,cust_01023,17860.99,upi,success,none,9,8,1,0.8889,0,0.0,0,127807.9,1
txn_008400,cust_02030,597.12,card,success,none,37,27,10,0.7297,0,0.0,0,82973.87,1
txn_008401,cust_02215,885.61,card,success,none,35,28,7,0.8,0,0.0,0,61888.36,1
txn_008402,cust_00523,2307.26,netbanking,success,none,17,15,2,0.8824,0,0.0,0,137193.29,1
txn_008403,cust_02217,1895.04,upi,success,none,1,1,0,1.0,0,0.0,0,87120.08,1
txn_008404,cust_00775,3246.19,netbanking,failed,network_error,10,8,2,0.8,0,6.87,0,82771.83,0
txn_008405,cust_01446,3420.8,netbanking,success,none,2,2,0,1.0,0,0.0,0,127335.92,1
txn_008406,cust_00405,316.57,upi,success,none,18,13,5,0.7222,0,0.0,0,86860.8,1
txn_008407,cust_00448,4766.09,upi,success,none,20,18,2,0.9,0,0.0,0,125783.91,1
txn_008408,cust_01895,2232.13,card,success,none,11,10,1,0.9091,0,0.0,0,49970.46,1
txn_008409,cust_00326,1954.75,card,failed,technical_error,23,18,5,0.7826,1,13.18,0,119877.02,1
txn_008410,cust_01026,2043.7,netbanking,success,none,30,23,7,0.7667,0,0.0,0,97594.52,1
txn_008411,cust_00034,143.7,upi,success,none,16,11,5,0.6875,0,0.0,0,25346.97,1
txn_008412,cust_00555,1085.81,wallet,abandoned,none,24,22,2,0.9167,0,4.91,1,33373.18,0
txn_008413,cust_01578,509.5,netbanking,success,none,12,11,1,0.9167,0,0.0,0,53737.54,1
txn_008414,cust_00019,441.15,upi,success,none,35,28,7,0.8,0,0.0,0,19599.1,1
txn_008415,cust_01997,822.31,netbanking,success,none,4,3,1,0.75,0,0.0,0,30785.46,1
txn_008416,cust_00788,3057.8,upi,failed,technical_error,12,8,4,0.6667,1,2.42,0,99991.32,0
txn_008417,cust_01649,1785.03,netbanking,failed,technical_error,4,3,1,0.75,3,4.63,0,58504.63,0
txn_008418,cust_00135,2074.5,card,success,none,39,35,4,0.8974,0,0.0,0,6921.51,1
txn_008419,cust_01724,857.2,netbanking,success,none,19,16,3,0.8421,0,0.0,0,130253.81,1
txn_008420,cust_01307,1951.39,wallet,abandoned,none,29,23,6,0.7931,0,3.72,1,48517.51,0
txn_008421,cust_00975,1097.68,wallet,success,none,30,28,2,0.9333,0,0.0,0,136906.5,1
txn_008422,cust_01696,3460.35,upi,abandoned,none,38,30,8,0.7895,0,3.93,1,34899.4,1
txn_008423,cust_02228,2685.6,upi,success,none,24,22,2,0.9167,0,0.0,0,84304.98,1
txn_008424,cust_02154,1571.55,upi,success,none,34,30,4,0.8824,0,0.0,0,95401.48,1
txn_008425,cust_00002,601.07,netbanking,abandoned,none,18,15,3,0.8333,0,3.25,1,37488.89,1
txn_008426,cust_01628,1759.86,wallet,success,none,32,29,3,0.9062,0,0.0,0,97727.86,1
txn_008427,cust_00634,1706.93,upi,failed,bank_decline,2,2,0,1.0,0,6.41,0,14671.89,1
txn_008428,cust_02222,1509.2,upi,failed,authentication_failed,38,24,14,0.6316,1,13.16,0,38791.28,0
txn_008429,cust_02418,832.25,wallet,success,none,2,2,0,1.0,0,0.0,0,23670.25,1
txn_008430,cust_00686,696.08,upi,success,none,40,36,4,0.9,0,0.0,0,49158.03,1
txn_008431,cust_00278,1848.94,upi,success,none,30,27,3,0.9,0,0.0,0,28077.62,1
txn_008432,cust_00520,568.1,wallet,failed,technical_error,35,32,3,0.9143,1,11.66,0,131592.63,0
txn_008433,cust_01263,1041.3,card,success,none,21,15,6,0.7143,0,0.0,0,44425.77,1
txn_008434,cust_01361,2408.76,card,success,none,24,23,1,0.9583,0,0.0,0,81764.46,1
txn_008435,cust_01600,2082.84,card,success,none,16,15,1,0.9375,0,0.0,0,40712.52,1
txn_008436,cust_02215,421.04,wallet,success,none,35,28,7,0.8,0,0.0,0,61888.36,1
txn_008437,cust_01327,1805.38,netbanking,success,none,32,30,2,0.9375,0,0.0,0,79629.54,1
txn_008438,cust_00577,10217.75,card,abandoned,none,23,19,4,0.8261,0,2.58,1,118707.71,0
txn_008439,cust_02066,2632.25,netbanking,success,none,17,10,7,0.5882,0,0.0,0,84154.55,1
txn_008440,cust_02112,1017.81,card,success,none,21,17,4,0.8095,0,0.0,0,37680.1,1
txn_008441,cust_02113,4951.74,upi,failed,insufficient_funds,15,14,1,0.9333,0,4.97,0,107117.67,0
txn_008442,cust_02274,12078.57,wallet,success,none,29,23,6,0.7931,0,0.0,0,144942.26,1
txn_008443,cust_00613,3175.93,wallet,success,none,36,35,1,0.9722,0,0.0,0,9937.17,1
txn_008444,cust_02464,237.09,upi,abandoned,none,29,25,4,0.8621,0,6.14,1,110245.14,0
txn_008445,cust_02498,2481.98,netbanking,success,none,34,24,10,0.7059,0,0.0,0,93971.6,1
txn_008446,cust_01343,5160.49,card,success,none,32,26,6,0.8125,0,0.0,0,44036.38,1
txn_008447,cust_02441,170.04,upi,success,none,3,2,1,0.6667,0,0.0,0,111963.96,1
txn_008448,cust_02218,3419.04,upi,failed,technical_error,8,6,2,0.75,0,6.68,0,78444.51,1
txn_008449,cust_01146,1093.22,netbanking,failed,network_error,33,26,7,0.7879,3,3.86,0,132538.98,1
txn_008450,cust_00181,4991.23,card,success,none,12,11,1,0.9167,0,0.0,0,132331.01,1
txn_008451,cust_02117,1247.43,wallet,success,none,30,25,5,0.8333,0,0.0,0,67358.34,1
txn_008452,cust_00091,1887.91,wallet,success,none,22,19,3,0.8636,0,0.0,0,4134.1,1
txn_008453,cust_00229,1919.83,upi,success,none,16,12,4,0.75,0,0.0,0,147606.47,1
txn_008454,cust_00330,2735.61,wallet,success,none,34,17,17,0.5,0,0.0,0,142261.32,1
txn_008455,cust_01319,2094.57,wallet,success,none,40,37,3,0.925,0,0.0,0,132581.51,1
txn_008456,cust_00528,545.06,netbanking,success,none,10,7,3,0.7,0,0.0,0,113368.57,1
txn_008457,cust_01531,1029.55,wallet,success,none,6,5,1,0.8333,0,0.0,0,7541.14,1
txn_008458,cust_02242,1330.65,netbanking,success,none,5,4,1,0.8,0,0.0,0,40200.71,1
txn_008459,cust_00055,4584.14,upi,success,none,28,26,2,0.9286,0,0.0,0,89864.95,1
txn_008460,cust_02303,2174.0,upi,success,none,37,34,3,0.9189,0,0.0,0,130446.56,1
txn_008461,cust_00625,693.96,netbanking,failed,network_error,28,27,1,0.9643,2,11.01,0,126928.12,0
txn_008462,cust_00020,533.95,card,abandoned,none,25,20,5,0.8,0,2.48,1,12741.23,1
txn_008463,cust_00163,2577.94,wallet,failed,authentication_failed,28,21,7,0.75,1,4.38,0,124572.87,0
txn_008464,cust_01741,833.12,upi,success,none,21,14,7,0.6667,0,0.0,0,41143.58,1
txn_008465,cust_01938,2844.65,wallet,failed,network_error,27,21,6,0.7778,3,6.83,0,6338.96,0
txn_008466,cust_00995,1266.75,upi,abandoned,none,36,32,4,0.8889,0,3.77,1,104729.52,1
txn_008467,cust_00541,5768.15,upi,abandoned,none,5,5,0,1.0,0,0.75,1,95675.18,0
txn_008468,cust_00233,640.97,upi,failed,authentication_failed,25,20,5,0.8,1,3.81,0,74662.2,0
txn_008469,cust_00330,5646.34,upi,failed,bank_decline,34,17,17,0.5,0,9.52,0,142261.32,0
txn_008470,cust_00064,3581.28,netbanking,failed,technical_error,1,1,0,1.0,3,12.27,0,143118.57,0
txn_008471,cust_00880,862.3,wallet,abandoned,none,11,10,1,0.9091,0,5.44,1,25133.08,0
txn_008472,cust_02054,556.5,wallet,success,none,6,6,0,1.0,0,0.0,0,142283.56,1
txn_008473,cust_01475,9206.71,netbanking,success,none,16,12,4,0.75,0,0.0,0,9627.99,1
txn_008474,cust_01695,543.14,netbanking,abandoned,none,27,24,3,0.8889,0,6.15,1,145635.13,1
txn_008475,cust_01746,1819.62,wallet,success,none,34,30,4,0.8824,0,0.0,0,130211.16,1
txn_008476,cust_01954,1891.94,card,success,none,3,3,0,1.0,0,0.0,0,134634.69,1
txn_008477,cust_02090,1352.9,wallet,success,none,36,23,13,0.6389,0,0.0,0,142099.93,1
txn_008478,cust_00221,2925.86,card,success,none,29,24,5,0.8276,0,0.0,0,101668.46,1
txn_008479,cust_01086,528.18,netbanking,failed,bank_decline,35,32,3,0.9143,2,6.28,0,59565.74,0
txn_008480,cust_00559,9256.35,netbanking,success,none,23,19,4,0.8261,0,0.0,0,10021.96,1
txn_008481,cust_01173,587.27,netbanking,success,none,40,30,10,0.75,0,0.0,0,136999.97,1
txn_008482,cust_00485,1159.87,netbanking,success,none,37,26,11,0.7027,0,0.0,0,102588.26,1
txn_008483,cust_01580,317.93,card,failed,authentication_failed,29,23,6,0.7931,0,6.04,0,132630.15,0
txn_008484,cust_00434,3812.78,upi,success,none,8,6,2,0.75,0,0.0,0,69755.74,1
txn_008485,cust_00495,8849.45,card,success,none,35,35,0,1.0,0,0.0,0,24538.37,1
txn_008486,cust_01491,9978.04,netbanking,success,none,32,31,1,0.9688,0,0.0,0,68824.47,1
txn_008487,cust_00730,4166.04,upi,success,none,19,14,5,0.7368,0,0.0,0,126819.83,1
txn_008488,cust_00622,924.13,netbanking,success,none,7,5,2,0.7143,0,0.0,0,53166.99,1
txn_008489,cust_01886,1341.74,wallet,failed,insufficient_funds,15,10,5,0.6667,0,12.06,0,69055.93,0
txn_008490,cust_01546,969.81,wallet,success,none,7,7,0,1.0,0,0.0,0,25491.87,1
txn_008491,cust_00794,398.16,wallet,success,none,3,3,0,1.0,0,0.0,0,95714.95,1
txn_008492,cust_00011,996.77,netbanking,success,none,1,1,0,1.0,0,0.0,0,114062.3,1
txn_008493,cust_01058,3323.46,card,success,none,8,7,1,0.875,0,0.0,0,10201.95,1
txn_008494,cust_01112,562.85,wallet,success,none,12,10,2,0.8333,0,0.0,0,94272.98,1
txn_008495,cust_01253,136.87,wallet,success,none,13,11,2,0.8462,0,0.0,0,69221.38,1
txn_008496,cust_02185,382.6,card,failed,authentication_failed,19,15,4,0.7895,0,5.53,0,142140.83,0
txn_008497,cust_02157,3035.76,wallet,failed,authentication_failed,37,35,2,0.9459,2,13.55,0,26903.62,0
txn_008498,cust_00229,240.28,netbanking,success,none,16,12,4,0.75,0,0.0,0,147606.47,1
txn_008499,cust_01697,835.48,netbanking,success,none,4,3,1,0.75,0,0.0,0,126278.78,1
txn_008500,cust_01832,912.67,upi,success,none,26,25,1,0.9615,0,0.0,0,64924.79,1
txn_008501,cust_01316,1733.68,card,success,none,26,20,6,0.7692,0,0.0,0,94834.29,1
txn_008502,cust_01720,1693.59,upi,success,none,10,8,2,0.8,0,0.0,0,23081.76,1
txn_008503,cust_02008,1998.63,netbanking,success,none,4,3,1,0.75,0,0.0,0,139046.24,1
txn_008504,cust_02178,1154.38,netbanking,abandoned,none,38,33,5,0.8684,0,4.39,1,25008.24,1
txn_008505,cust_01810,520.85,wallet,success,none,20,19,1,0.95,0,0.0,0,63650.41,1
txn_008506,cust_00386,3299.09,card,success,none,15,11,4,0.7333,0,0.0,0,138662.75,1
txn_008507,cust_00143,229.59,wallet,success,none,5,5,0,1.0,0,0.0,0,2388.0,1
txn_008508,cust_00859,2925.61,upi,failed,bank_decline,11,9,2,0.8182,2,8.18,0,107059.56,0
txn_008509,cust_00701,4205.27,card,failed,network_error,33,27,6,0.8182,2,8.2,0,23478.3,1
txn_008510,cust_00723,13859.78,netbanking,success,none,34,26,8,0.7647,0,0.0,0,14924.49,1
txn_008511,cust_00742,630.06,netbanking,success,none,40,27,13,0.675,0,0.0,0,43454.26,1
txn_008512,cust_00318,764.95,upi,failed,bank_decline,38,32,6,0.8421,3,3.85,0,40990.94,0
txn_008513,cust_00421,1412.8,netbanking,success,none,1,1,0,1.0,0,0.0,0,98991.4,1
txn_008514,cust_01687,1311.25,card,success,none,24,17,7,0.7083,0,0.0,0,132938.41,1
txn_008515,cust_00631,3085.98,card,success,none,23,22,1,0.9565,0,0.0,0,1909.76,1
txn_008516,cust_00137,2258.52,card,success,none,38,32,6,0.8421,0,0.0,0,85218.81,1
txn_008517,cust_01558,942.11,upi,failed,authentication_failed,12,9,3,0.75,3,3.33,0,5631.23,0
txn_008518,cust_00852,1214.29,card,success,none,32,26,6,0.8125,0,0.0,0,30826.57,1
txn_008519,cust_00744,3406.09,wallet,abandoned,none,16,15,1,0.9375,0,1.54,1,47110.72,0
txn_008520,cust_01631,377.59,netbanking,success,none,40,29,11,0.725,0,0.0,0,118261.78,1
txn_008521,cust_00735,1060.29,wallet,success,none,40,33,7,0.825,0,0.0,0,20526.31,1
txn_008522,cust_00618,2332.56,upi,success,none,39,34,5,0.8718,0,0.0,0,47554.89,1
txn_008523,cust_00362,460.97,netbanking,success,none,31,27,4,0.871,0,0.0,0,17998.98,1
txn_008524,cust_00933,100.0,netbanking,failed,insufficient_funds,36,27,9,0.75,3,1.92,0,44001.65,1
txn_008525,cust_01562,5690.63,netbanking,success,none,7,5,2,0.7143,0,0.0,0,120780.62,1
txn_008526,cust_01278,1312.29,netbanking,success,none,10,9,1,0.9,0,0.0,0,107570.22,1
txn_008527,cust_00581,380.86,card,success,none,27,22,5,0.8148,0,0.0,0,79386.74,1
txn_008528,cust_00630,3362.43,card,success,none,20,15,5,0.75,0,0.0,0,138309.09,1
txn_008529,cust_01476,1087.56,card,success,none,6,5,1,0.8333,0,0.0,0,138769.54,1
txn_008530,cust_00315,475.89,upi,abandoned,none,18,13,5,0.7222,0,4.33,1,92770.94,1
txn_008531,cust_01498,1938.61,card,success,none,1,1,0,1.0,0,0.0,0,37438.17,1
txn_008532,cust_00677,1410.29,card,success,none,23,19,4,0.8261,0,0.0,0,53313.86,1
txn_008533,cust_00147,725.46,netbanking,success,none,9,9,0,1.0,0,0.0,0,140055.65,1
txn_008534,cust_00924,620.41,card,success,none,23,14,9,0.6087,0,0.0,0,8250.06,1
txn_008535,cust_01646,480.04,card,success,none,17,11,6,0.6471,0,0.0,0,32242.96,1
txn_008536,cust_00260,2794.9,card,success,none,27,22,5,0.8148,0,0.0,0,10277.59,1
txn_008537,cust_02310,384.38,wallet,success,none,23,21,2,0.913,0,0.0,0,59663.82,1
txn_008538,cust_02376,603.35,upi,success,none,16,12,4,0.75,0,0.0,0,110901.39,1
txn_008539,cust_01473,1482.01,wallet,failed,bank_decline,5,3,2,0.6,1,12.71,0,47215.25,1
txn_008540,cust_00516,5761.1,wallet,success,none,24,20,4,0.8333,0,0.0,0,110121.61,1
txn_008541,cust_01184,1529.81,upi,success,none,23,20,3,0.8696,0,0.0,0,40831.39,1
txn_008542,cust_01517,2411.91,upi,success,none,32,24,8,0.75,0,0.0,0,149670.28,1
txn_008543,cust_00064,1483.57,netbanking,success,none,1,1,0,1.0,0,0.0,0,143118.57,1
txn_008544,cust_01422,3315.74,netbanking,success,none,29,22,7,0.7586,0,0.0,0,2383.76,1
txn_008545,cust_00160,9298.08,wallet,success,none,17,13,4,0.7647,0,0.0,0,76305.95,1
txn_008546,cust_02420,864.61,wallet,failed,bank_decline,7,5,2,0.7143,1,2.91,0,43035.07,1
txn_008547,cust_00173,1358.37,netbanking,success,none,3,2,1,0.6667,0,0.0,0,46930.49,1
txn_008548,cust_00980,1593.24,upi,success,none,15,14,1,0.9333,0,0.0,0,141281.35,1
txn_008549,cust_01760,2275.17,wallet,failed,insufficient_funds,31,19,12,0.6129,1,5.41,0,88445.16,0
txn_008550,cust_02424,1529.07,upi,failed,insufficient_funds,14,12,2,0.8571,2,13.75,0,51945.02,1
txn_008551,cust_00203,777.64,card,success,none,3,3,0,1.0,0,0.0,0,106609.01,1
txn_008552,cust_00592,1329.96,card,success,none,29,26,3,0.8966,0,0.0,0,11950.12,1
txn_008553,cust_00495,15239.9,netbanking,success,none,35,35,0,1.0,0,0.0,0,24538.37,1
txn_008554,cust_01178,1833.32,netbanking,success,none,19,9,10,0.4737,0,0.0,0,3554.25,1
txn_008555,cust_02436,198.19,card,success,none,3,2,1,0.6667,0,0.0,0,30677.8,1
txn_008556,cust_00609,902.44,card,success,none,31,26,5,0.8387,0,0.0,0,11002.86,1
txn_008557,cust_00229,1357.49,upi,success,none,16,12,4,0.75,0,0.0,0,147606.47,1
txn_008558,cust_01834,1163.78,card,success,none,3,3,0,1.0,0,0.0,0,80533.61,1
txn_008559,cust_01085,1250.83,card,success,none,23,19,4,0.8261,0,0.0,0,18676.34,1
txn_008560,cust_02001,1783.38,upi,failed,bank_decline,19,15,4,0.7895,2,3.3,0,31396.13,1
txn_008561,cust_01322,2227.45,wallet,success,none,14,13,1,0.9286,0,0.0,0,31661.89,1
txn_008562,cust_01683,1735.13,card,success,none,8,7,1,0.875,0,0.0,0,46944.66,1
txn_008563,cust_02128,3465.54,netbanking,success,none,38,31,7,0.8158,0,0.0,0,32701.34,1
txn_008564,cust_01540,300.26,netbanking,success,none,17,15,2,0.8824,0,0.0,0,127786.14,1
txn_008565,cust_02442,1040.38,wallet,success,none,36,27,9,0.75,0,0.0,0,78618.01,1
txn_008566,cust_00883,2067.86,wallet,success,none,6,5,1,0.8333,0,0.0,0,38340.19,1
txn_008567,cust_02261,1730.5,card,success,none,36,22,14,0.6111,0,0.0,0,43389.57,1
txn_008568,cust_02448,697.64,upi,success,none,21,19,2,0.9048,0,0.0,0,3245.09,1
txn_008569,cust_00973,786.9,wallet,success,none,31,25,6,0.8065,0,0.0,0,79296.1,1
txn_008570,cust_00769,577.25,upi,failed,network_error,9,8,1,0.8889,3,6.63,0,6707.18,0
txn_008571,cust_01727,3556.98,upi,success,none,32,29,3,0.9062,0,0.0,0,86231.46,1
txn_008572,cust_00811,210.17,wallet,success,none,3,2,1,0.6667,0,0.0,0,113240.35,1
txn_008573,cust_01316,371.84,wallet,failed,authentication_failed,26,20,6,0.7692,1,7.66,0,94834.29,0
txn_008574,cust_01232,2035.8,card,abandoned,none,18,16,2,0.8889,0,1.18,1,16232.48,1
txn_008575,cust_00681,2305.78,card,success,none,5,4,1,0.8,0,0.0,0,27394.77,1
txn_008576,cust_02172,274.67,card,success,none,27,24,3,0.8889,0,0.0,0,121864.72,1
txn_008577,cust_00339,2505.99,card,success,none,36,29,7,0.8056,0,0.0,0,80107.37,1
txn_008578,cust_00724,1604.4,card,success,none,28,22,6,0.7857,0,0.0,0,76764.78,1
txn_008579,cust_00115,2243.21,wallet,success,none,6,3,3,0.5,0,0.0,0,139028.68,1
txn_008580,cust_02380,1440.08,netbanking,failed,insufficient_funds,23,22,1,0.9565,0,13.98,0,129194.95,1
txn_008581,cust_00704,2049.75,netbanking,success,none,6,5,1,0.8333,0,0.0,0,76177.8,1
txn_008582,cust_02418,2121.82,card,success,none,2,2,0,1.0,0,0.0,0,23670.25,1
txn_008583,cust_01814,2147.18,upi,success,none,38,31,7,0.8158,0,0.0,0,87466.65,1
txn_008584,cust_02324,1709.69,card,success,none,26,21,5,0.8077,0,0.0,0,42664.8,1
txn_008585,cust_01428,1229.59,upi,success,none,24,19,5,0.7917,0,0.0,0,132267.36,1
txn_008586,cust_00775,1236.89,card,success,none,10,8,2,0.8,0,0.0,0,82771.83,1
txn_008587,cust_00463,1686.09,netbanking,abandoned,none,7,6,1,0.8571,0,6.03,1,131254.37,1
txn_008588,cust_00960,3057.69,card,failed,authentication_failed,4,2,2,0.5,2,11.05,0,87944.97,0
txn_008589,cust_02497,9554.25,upi,success,none,25,22,3,0.88,0,0.0,0,99030.27,1
txn_008590,cust_02373,2272.12,netbanking,success,none,6,5,1,0.8333,0,0.0,0,16485.33,1
txn_008591,cust_02337,1953.56,netbanking,success,none,7,7,0,1.0,0,0.0,0,103890.93,1
txn_008592,cust_00759,4516.22,netbanking,failed,authentication_failed,33,25,8,0.7576,1,3.23,0,22954.95,0
txn_008593,cust_00783,1991.13,upi,success,none,2,2,0,1.0,0,0.0,0,95161.29,1
txn_008594,cust_01726,463.91,upi,success,none,17,7,10,0.4118,0,0.0,0,58073.48,1
txn_008595,cust_01244,643.34,netbanking,success,none,11,10,1,0.9091,0,0.0,0,103112.08,1
txn_008596,cust_01911,8340.84,netbanking,success,none,9,8,1,0.8889,0,0.0,0,72978.87,1
txn_008597,cust_01102,656.27,card,failed,authentication_failed,15,11,4,0.7333,2,0.67,0,81424.21,0
txn_008598,cust_01561,2368.82,card,success,none,16,12,4,0.75,0,0.0,0,15114.07,1
txn_008599,cust_00003,498.35,card,success,none,9,7,2,0.7778,0,0.0,0,110734.21,1
txn_008600,cust_01512,4838.18,netbanking,failed,insufficient_funds,36,22,14,0.6111,0,10.47,0,69055.18,1
txn_008601,cust_01508,845.42,netbanking,failed,bank_decline,34,32,2,0.9412,2,13.7,0,147230.67,0
txn_008602,cust_01672,1455.03,wallet,success,none,35,26,9,0.7429,0,0.0,0,40524.45,1
txn_008603,cust_00108,1066.1,netbanking,abandoned,none,7,6,1,0.8571,0,5.2,1,38049.79,1
txn_008604,cust_01238,2219.12,wallet,success,none,39,37,2,0.9487,0,0.0,0,117881.37,1
txn_008605,cust_01093,1590.09,card,failed,network_error,16,11,5,0.6875,1,13.7,0,69633.17,1
txn_008606,cust_01762,3327.46,netbanking,success,none,17,9,8,0.5294,0,0.0,0,112595.21,1
txn_008607,cust_00922,2579.28,card,abandoned,none,33,25,8,0.7576,0,4.47,1,69127.37,1
txn_008608,cust_00904,1775.49,netbanking,failed,bank_decline,21,17,4,0.8095,3,1.09,0,129361.28,1
txn_008609,cust_01092,2569.29,card,failed,insufficient_funds,25,20,5,0.8,0,4.76,0,123680.71,0
txn_008610,cust_01685,2698.28,card,success,none,17,14,3,0.8235,0,0.0,0,14579.39,1
txn_008611,cust_01496,900.13,card,failed,insufficient_funds,8,8,0,1.0,1,2.37,0,35032.26,1
txn_008612,cust_01646,834.05,netbanking,success,none,17,11,6,0.6471,0,0.0,0,32242.96,1
txn_008613,cust_02249,6323.92,wallet,success,none,29,29,0,1.0,0,0.0,0,2595.85,1
txn_008614,cust_01562,2714.28,netbanking,success,none,7,5,2,0.7143,0,0.0,0,120780.62,1
txn_008615,cust_00954,2007.01,upi,success,none,2,2,0,1.0,0,0.0,0,55885.31,1
txn_008616,cust_00123,600.84,wallet,success,none,32,28,4,0.875,0,0.0,0,24064.73,1
txn_008617,cust_00284,224.02,upi,success,none,6,5,1,0.8333,0,0.0,0,71075.72,1
txn_008618,cust_01188,999.58,upi,success,none,15,15,0,1.0,0,0.0,0,45696.22,1
txn_008619,cust_01218,851.79,card,success,none,21,16,5,0.7619,0,0.0,0,5414.22,1
txn_008620,cust_01976,982.08,netbanking,failed,insufficient_funds,25,20,5,0.8,0,3.98,0,63381.05,0
txn_008621,cust_00224,3142.76,upi,success,none,19,15,4,0.7895,0,0.0,0,77802.35,1
txn_008622,cust_00293,6169.72,netbanking,failed,bank_decline,14,12,2,0.8571,0,4.04,0,70290.06,0
txn_008623,cust_00067,4062.14,wallet,success,none,7,4,3,0.5714,0,0.0,0,130707.27,1
txn_008624,cust_00351,730.9,card,success,none,19,13,6,0.6842,0,0.0,0,34894.99,1
txn_008625,cust_01125,2294.28,card,success,none,17,15,2,0.8824,0,0.0,0,31297.17,1
txn_008626,cust_01518,822.77,upi,success,none,13,12,1,0.9231,0,0.0,0,110137.04,1
txn_008627,cust_02139,212.49,wallet,success,none,40,35,5,0.875,0,0.0,0,102940.09,1
txn_008628,cust_01701,1240.84,upi,failed,authentication_failed,16,10,6,0.625,2,9.1,0,71963.08,0
txn_008629,cust_01085,4725.48,card,success,none,23,19,4,0.8261,0,0.0,0,18676.34,1
txn_008630,cust_01652,958.44,upi,success,none,25,22,3,0.88,0,0.0,0,53333.44,1
txn_008631,cust_00539,3081.66,wallet,success,none,36,31,5,0.8611,0,0.0,0,49872.94,1
txn_008632,cust_00267,688.42,netbanking,failed,technical_error,27,24,3,0.8889,3,1.7,0,81194.86,0
txn_008633,cust_00501,2666.44,upi,success,none,31,29,2,0.9355,0,0.0,0,16891.34,1
txn_008634,cust_00714,1049.85,wallet,failed,network_error,25,22,3,0.88,1,10.54,0,43337.9,0
txn_008635,cust_01079,6144.84,upi,success,none,27,20,7,0.7407,0,0.0,0,27817.22,1
txn_008636,cust_01728,979.14,netbanking,success,none,31,22,9,0.7097,0,0.0,0,6582.38,1
txn_008637,cust_02044,778.69,card,abandoned,none,40,34,6,0.85,0,2.5,1,137872.49,1
txn_008638,cust_00148,5834.17,wallet,success,none,5,5,0,1.0,0,0.0,0,132011.27,1
txn_008639,cust_00766,752.32,card,success,none,24,21,3,0.875,0,0.0,0,34456.28,1
txn_008640,cust_00131,1657.11,netbanking,success,none,12,11,1,0.9167,0,0.0,0,11209.68,1
txn_008641,cust_00725,757.76,netbanking,abandoned,none,2,2,0,1.0,0,3.89,1,55027.05,1
txn_008642,cust_00142,3374.82,wallet,success,none,20,19,1,0.95,0,0.0,0,69126.46,1
txn_008643,cust_00944,4899.46,card,success,none,22,17,5,0.7727,0,0.0,0,120790.91,1
txn_008644,cust_00062,682.3,card,failed,technical_error,22,20,2,0.9091,0,13.22,0,17621.27,0
txn_008645,cust_01102,2313.09,upi,success,none,15,11,4,0.7333,0,0.0,0,81424.21,1
txn_008646,cust_02069,2538.06,upi,success,none,29,21,8,0.7241,0,0.0,0,94902.37,1
txn_008647,cust_01851,1519.6,upi,abandoned,none,26,22,4,0.8462,0,4.15,1,3849.59,0
txn_008648,cust_00757,6158.52,wallet,failed,network_error,19,11,8,0.5789,0,4.76,0,13497.39,0
txn_008649,cust_01053,6112.1,card,failed,network_error,14,13,1,0.9286,1,4.24,0,114517.08,1
txn_008650,cust_00181,570.98,card,success,none,12,11,1,0.9167,0,0.0,0,132331.01,1
txn_008651,cust_00712,4485.74,wallet,success,none,22,18,4,0.8182,0,0.0,0,10820.87,1
txn_008652,cust_01776,2223.01,wallet,failed,network_error,25,14,11,0.56,0,12.31,0,127886.34,1
txn_008653,cust_00288,1709.59,card,success,none,3,2,1,0.6667,0,0.0,0,113380.75,1
txn_008654,cust_01919,1061.89,card,failed,bank_decline,22,20,2,0.9091,0,10.33,0,78345.85,0
txn_008655,cust_02039,304.21,card,success,none,14,14,0,1.0,0,0.0,0,142595.93,1
txn_008656,cust_02080,1777.6,upi,success,none,2,2,0,1.0,0,0.0,0,71624.16,1
txn_008657,cust_00552,1822.32,netbanking,abandoned,none,7,6,1,0.8571,0,3.57,1,125220.27,0
txn_008658,cust_01469,9845.15,upi,failed,bank_decline,6,4,2,0.6667,1,10.42,0,77184.4,0
txn_008659,cust_01456,682.58,wallet,success,none,37,34,3,0.9189,0,0.0,0,63708.67,1
txn_008660,cust_00739,268.47,card,failed,authentication_failed,11,9,2,0.8182,0,11.62,0,108456.27,0
txn_008661,cust_00672,411.92,upi,success,none,20,16,4,0.8,0,0.0,0,112124.92,1
txn_008662,cust_00619,6576.27,netbanking,failed,bank_decline,7,7,0,1.0,3,9.06,0,87109.86,0
txn_008663,cust_00238,855.95,wallet,abandoned,none,34,31,3,0.9118,0,3.02,1,70217.93,1
txn_008664,cust_00359,5238.68,upi,success,none,31,19,12,0.6129,0,0.0,0,72328.42,1
txn_008665,cust_00981,1347.84,upi,failed,bank_decline,20,17,3,0.85,3,5.54,0,115904.97,0
txn_008666,cust_01688,505.38,upi,failed,authentication_failed,24,17,7,0.7083,1,12.44,0,28800.86,0
txn_008667,cust_02389,9910.18,netbanking,success,none,23,21,2,0.913,0,0.0,0,72766.1,1
txn_008668,cust_01657,5002.92,wallet,success,none,5,4,1,0.8,0,0.0,0,120079.99,1
txn_008669,cust_01395,1119.33,netbanking,success,none,1,1,0,1.0,0,0.0,0,130467.26,1
txn_008670,cust_00152,3629.31,netbanking,failed,insufficient_funds,34,29,5,0.8529,0,7.72,0,2165.64,1
txn_008671,cust_00766,1514.84,netbanking,success,none,24,21,3,0.875,0,0.0,0,34456.28,1
txn_008672,cust_02069,2074.73,upi,success,none,29,21,8,0.7241,0,0.0,0,94902.37,1
txn_008673,cust_01519,7803.45,wallet,abandoned,none,35,33,2,0.9429,0,2.25,1,114311.85,1
txn_008674,cust_02351,293.06,netbanking,failed,bank_decline,25,19,6,0.76,2,3.04,0,92435.9,1
txn_008675,cust_00198,935.76,netbanking,success,none,17,15,2,0.8824,0,0.0,0,6700.32,1
txn_008676,cust_02394,1379.13,upi,success,none,34,26,8,0.7647,0,0.0,0,122491.59,1
txn_008677,cust_00482,1871.5,upi,failed,network_error,4,3,1,0.75,1,5.84,0,44711.8,0
txn_008678,cust_02499,384.26,upi,success,none,38,38,0,1.0,0,0.0,0,39134.84,1
txn_008679,cust_00384,3350.72,wallet,success,none,19,13,6,0.6842,0,0.0,0,105745.15,1
txn_008680,cust_00384,422.43,upi,failed,authentication_failed,19,13,6,0.6842,3,4.73,0,105745.15,1
txn_008681,cust_00167,383.83,netbanking,success,none,29,24,5,0.8276,0,0.0,0,83200.38,1
txn_008682,cust_00816,1042.33,upi,success,none,26,23,3,0.8846,0,0.0,0,111752.85,1
txn_008683,cust_00542,8915.11,card,success,none,30,20,10,0.6667,0,0.0,0,136498.76,1
txn_008684,cust_02206,17011.44,card,failed,authentication_failed,28,16,12,0.5714,0,12.71,0,78784.59,0
txn_008685,cust_00242,2183.15,card,success,none,36,28,8,0.7778,0,0.0,0,89722.4,1
txn_008686,cust_01759,1055.53,wallet,failed,authentication_failed,39,23,16,0.5897,3,13.33,0,67469.41,0
txn_008687,cust_01332,1566.05,upi,failed,bank_decline,20,10,10,0.5,2,9.29,0,137883.7,0
txn_008688,cust_02023,1872.28,netbanking,success,none,17,15,2,0.8824,0,0.0,0,20379.91,1
txn_008689,cust_02034,5804.56,upi,success,none,33,27,6,0.8182,0,0.0,0,24746.2,1
txn_008690,cust_01877,396.17,upi,failed,insufficient_funds,36,32,4,0.8889,1,6.95,0,74956.85,1
txn_008691,cust_00009,4422.52,upi,success,none,35,29,6,0.8286,0,0.0,0,63508.45,1
txn_008692,cust_00023,321.59,card,failed,network_error,24,15,9,0.625,0,11.4,0,87025.47,1
txn_008693,cust_02447,828.08,upi,success,none,16,13,3,0.8125,0,0.0,0,95303.44,1
txn_008694,cust_02131,1335.99,netbanking,success,none,35,22,13,0.6286,0,0.0,0,71343.49,1
txn_008695,cust_00346,2020.59,upi,success,none,12,6,6,0.5,0,0.0,0,29539.6,1
txn_008696,cust_01280,1334.61,netbanking,failed,insufficient_funds,39,27,12,0.6923,2,3.21,0,72405.97,0
txn_008697,cust_01633,1595.7,upi,success,none,12,10,2,0.8333,0,0.0,0,57379.23,1
txn_008698,cust_00513,1394.71,card,abandoned,none,9,7,2,0.7778,0,4.86,1,94608.97,0
txn_008699,cust_00542,292.73,wallet,success,none,30,20,10,0.6667,0,0.0,0,136498.76,1
txn_008700,cust_00155,2380.66,card,failed,insufficient_funds,9,7,2,0.7778,1,7.37,0,40405.42,0
txn_008701,cust_01689,3014.85,netbanking,failed,technical_error,3,1,2,0.3333,1,12.65,0,40231.1,0
txn_008702,cust_02408,5128.93,netbanking,success,none,34,28,6,0.8235,0,0.0,0,114916.21,1
txn_008703,cust_01642,8493.59,netbanking,failed,technical_error,5,3,2,0.6,1,11.91,0,36461.39,0
txn_008704,cust_01843,2019.96,netbanking,success,none,5,4,1,0.8,0,0.0,0,123752.73,1
txn_008705,cust_00260,5494.55,upi,success,none,27,22,5,0.8148,0,0.0,0,10277.59,1
txn_008706,cust_02280,1363.9,wallet,success,none,5,4,1,0.8,0,0.0,0,58018.31,1
txn_008707,cust_01245,314.06,netbanking,success,none,11,10,1,0.9091,0,0.0,0,21687.17,1
txn_008708,cust_00920,3501.99,wallet,failed,authentication_failed,20,14,6,0.7,0,8.72,0,75108.17,0
txn_008709,cust_02098,2806.02,netbanking,success,none,36,33,3,0.9167,0,0.0,0,69728.52,1
txn_008710,cust_01917,1340.27,netbanking,success,none,37,30,7,0.8108,0,0.0,0,108842.26,1
txn_008711,cust_00429,1258.55,card,success,none,32,26,6,0.8125,0,0.0,0,19092.49,1
txn_008712,cust_02345,2160.29,upi,success,none,39,36,3,0.9231,0,0.0,0,30644.76,1
txn_008713,cust_02432,955.69,card,success,none,17,15,2,0.8824,0,0.0,0,122770.36,1
txn_008714,cust_01401,2084.44,card,failed,network_error,32,28,4,0.875,3,10.17,0,41011.99,0
txn_008715,cust_01300,532.62,upi,failed,bank_decline,19,15,4,0.7895,0,10.6,0,62980.34,0
txn_008716,cust_01652,595.96,upi,failed,technical_error,25,22,3,0.88,3,0.71,0,53333.44,1
txn_008717,cust_01750,357.6,netbanking,success,none,34,24,10,0.7059,0,0.0,0,132020.56,1
txn_008718,cust_02057,12632.88,card,failed,bank_decline,5,4,1,0.8,2,11.88,0,32406.44,0
txn_008719,cust_00536,1440.98,card,success,none,24,18,6,0.75,0,0.0,0,17143.57,1
txn_008720,cust_00171,4483.94,netbanking,failed,network_error,24,18,6,0.75,0,9.68,0,87793.93,0
txn_008721,cust_02255,447.29,wallet,success,none,1,1,0,1.0,0,0.0,0,146371.24,1
txn_008722,cust_00814,1116.9,netbanking,success,none,22,18,4,0.8182,0,0.0,0,41709.27,1
txn_008723,cust_01598,2325.05,upi,success,none,38,34,4,0.8947,0,0.0,0,149941.26,1
txn_008724,cust_01206,5832.86,wallet,abandoned,none,26,14,12,0.5385,0,1.05,1,139402.37,0
txn_008725,cust_01355,733.26,card,success,none,18,14,4,0.7778,0,0.0,0,34501.67,1
txn_008726,cust_00914,895.58,upi,success,none,27,13,14,0.4815,0,0.0,0,37992.27,1
txn_008727,cust_00091,606.71,wallet,success,none,22,19,3,0.8636,0,0.0,0,4134.1,1
txn_008728,cust_00428,1187.24,upi,failed,technical_error,19,18,1,0.9474,3,7.28,0,66279.3,0
txn_008729,cust_00311,483.07,netbanking,success,none,24,20,4,0.8333,0,0.0,0,95702.18,1
txn_008730,cust_00926,318.38,card,abandoned,none,31,21,10,0.6774,0,2.01,1,43576.51,1
txn_008731,cust_00735,1734.85,card,success,none,40,33,7,0.825,0,0.0,0,20526.31,1
txn_008732,cust_01031,2619.13,netbanking,success,none,26,22,4,0.8462,0,0.0,0,124221.48,1
txn_008733,cust_00855,428.79,card,failed,technical_error,29,22,7,0.7586,0,4.33,0,149592.1,1
txn_008734,cust_01260,682.33,card,failed,insufficient_funds,21,18,3,0.8571,3,11.26,0,90878.48,0
txn_008735,cust_02156,1212.03,card,success,none,17,13,4,0.7647,0,0.0,0,87216.08,1
txn_008736,cust_01457,7381.65,upi,success,none,35,26,9,0.7429,0,0.0,0,102758.37,1
txn_008737,cust_01816,100.0,wallet,success,none,13,11,2,0.8462,0,0.0,0,75571.13,1
txn_008738,cust_01369,2090.11,upi,success,none,8,8,0,1.0,0,0.0,0,116569.12,1
txn_008739,cust_01306,2641.9,wallet,failed,authentication_failed,29,21,8,0.7241,0,9.17,0,108577.1,0
txn_008740,cust_01853,657.12,card,success,none,9,8,1,0.8889,0,0.0,0,32467.34,1
txn_008741,cust_01103,944.61,card,abandoned,none,4,3,1,0.75,0,3.36,1,21880.2,1
txn_008742,cust_01460,1868.68,upi,failed,bank_decline,5,5,0,1.0,1,8.66,0,3055.22,0
txn_008743,cust_00264,1300.32,netbanking,success,none,37,29,8,0.7838,0,0.0,0,57676.77,1
txn_008744,cust_00641,7325.09,netbanking,success,none,40,29,11,0.725,0,0.0,0,8414.61,1
txn_008745,cust_02236,1484.22,netbanking,success,none,22,17,5,0.7727,0,0.0,0,120327.21,1
txn_008746,cust_01842,3169.16,netbanking,failed,authentication_failed,38,33,5,0.8684,1,0.94,0,46611.15,1
txn_008747,cust_01067,2101.19,wallet,success,none,33,28,5,0.8485,0,0.0,0,62898.26,1
txn_008748,cust_01045,2681.47,upi,success,none,20,17,3,0.85,0,0.0,0,103853.27,1
txn_008749,cust_00247,615.61,upi,failed,technical_error,31,22,9,0.7097,1,4.65,0,68060.39,0
txn_008750,cust_00829,1637.93,netbanking,abandoned,none,3,2,1,0.6667,0,4.62,1,109295.34,1
txn_008751,cust_00518,1254.43,wallet,success,none,21,15,6,0.7143,0,0.0,0,112374.65,1
txn_008752,cust_02281,654.44,wallet,success,none,15,10,5,0.6667,0,0.0,0,101860.03,1
txn_008753,cust_01068,3377.93,upi,success,none,37,32,5,0.8649,0,0.0,0,9602.78,1
txn_008754,cust_01930,178.5,upi,success,none,4,4,0,1.0,0,0.0,0,76532.47,1
txn_008755,cust_00792,5151.04,wallet,success,none,33,25,8,0.7576,0,0.0,0,83568.64,1
txn_008756,cust_00524,145.66,card,success,none,31,22,9,0.7097,0,0.0,0,145140.23,1
txn_008757,cust_01768,1148.57,netbanking,success,none,18,10,8,0.5556,0,0.0,0,98086.51,1
txn_008758,cust_01542,3432.9,wallet,success,none,21,14,7,0.6667,0,0.0,0,48390.6,1
txn_008759,cust_01515,408.14,netbanking,success,none,40,27,13,0.675,0,0.0,0,37145.02,1
txn_008760,cust_00057,2046.2,card,failed,technical_error,30,22,8,0.7333,1,8.51,0,79838.04,0
txn_008761,cust_01467,1836.51,netbanking,success,none,35,32,3,0.9143,0,0.0,0,92791.01,1
txn_008762,cust_00695,1856.84,card,success,none,6,4,2,0.6667,0,0.0,0,92636.25,1
txn_008763,cust_01074,945.11,wallet,success,none,28,24,4,0.8571,0,0.0,0,52334.8,1
txn_008764,cust_01065,841.09,wallet,failed,network_error,33,27,6,0.8182,1,8.58,0,67376.92,0
txn_008765,cust_00046,278.63,upi,abandoned,none,9,7,2,0.7778,0,5.13,1,37747.5,1
txn_008766,cust_02485,1207.15,card,failed,insufficient_funds,35,27,8,0.7714,2,12.02,0,123038.41,0
txn_008767,cust_01357,3352.66,card,failed,technical_error,30,12,18,0.4,3,0.97,0,85281.92,0
txn_008768,cust_02121,848.86,card,success,none,18,12,6,0.6667,0,0.0,0,128948.33,1
txn_008769,cust_01092,892.28,card,success,none,25,20,5,0.8,0,0.0,0,123680.71,1
txn_008770,cust_01910,6566.01,card,success,none,23,15,8,0.6522,0,0.0,0,92092.4,1
txn_008771,cust_00724,1137.4,netbanking,success,none,28,22,6,0.7857,0,0.0,0,76764.78,1
txn_008772,cust_01064,1904.85,upi,success,none,32,20,12,0.625,0,0.0,0,14550.31,1
txn_008773,cust_02152,2288.65,wallet,failed,technical_error,3,1,2,0.3333,0,7.6,0,147107.88,0
txn_008774,cust_00817,1136.66,netbanking,abandoned,none,25,16,9,0.64,0,1.3,1,51516.46,1
txn_008775,cust_01799,2647.2,wallet,success,none,15,14,1,0.9333,0,0.0,0,103261.4,1
txn_008776,cust_02253,3602.56,wallet,success,none,15,12,3,0.8,0,0.0,0,92663.31,1
txn_008777,cust_02200,3306.25,upi,success,none,12,11,1,0.9167,0,0.0,0,71904.51,1
txn_008778,cust_01654,3697.39,card,success,none,31,25,6,0.8065,0,0.0,0,118520.77,1
txn_008779,cust_01549,166.88,wallet,failed,bank_decline,14,13,1,0.9286,3,2.85,0,68335.64,0
txn_008780,cust_00883,414.92,upi,success,none,6,5,1,0.8333,0,0.0,0,38340.19,1
txn_008781,cust_01630,800.73,wallet,success,none,36,34,2,0.9444,0,0.0,0,104340.5,1
txn_008782,cust_00493,604.28,wallet,success,none,1,1,0,1.0,0,0.0,0,134937.37,1
txn_008783,cust_01627,651.9,wallet,success,none,28,26,2,0.9286,0,0.0,0,118984.54,1
txn_008784,cust_00706,3260.26,upi,success,none,29,22,7,0.7586,0,0.0,0,148656.92,1
txn_008785,cust_01903,1490.57,card,success,none,31,22,9,0.7097,0,0.0,0,120184.97,1
txn_008786,cust_02262,1168.12,wallet,success,none,36,28,8,0.7778,0,0.0,0,137336.34,1
txn_008787,cust_01868,1068.96,upi,success,none,9,7,2,0.7778,0,0.0,0,63405.04,1
txn_008788,cust_01097,897.72,netbanking,success,none,2,2,0,1.0,0,0.0,0,36859.28,1
txn_008789,cust_01869,1051.6,netbanking,success,none,7,6,1,0.8571,0,0.0,0,77226.13,1
txn_008790,cust_01293,5364.67,card,success,none,33,21,12,0.6364,0,0.0,0,112281.1,1
txn_008791,cust_00107,229.47,card,success,none,22,17,5,0.7727,0,0.0,0,120288.28,1
txn_008792,cust_01809,4790.78,card,success,none,15,11,4,0.7333,0,0.0,0,53937.23,1
txn_008793,cust_01172,13275.52,wallet,failed,insufficient_funds,4,4,0,1.0,0,4.91,0,93057.45,1
txn_008794,cust_00761,4754.48,card,abandoned,none,15,8,7,0.5333,0,3.95,1,122688.79,0
txn_008795,cust_01365,497.73,upi,success,none,16,12,4,0.75,0,0.0,0,45358.63,1
txn_008796,cust_00008,823.42,wallet,failed,authentication_failed,36,28,8,0.7778,3,6.66,0,30626.81,0
txn_008797,cust_02482,3764.23,card,failed,insufficient_funds,40,32,8,0.8,1,1.45,0,128667.56,0
txn_008798,cust_01220,1044.55,netbanking,success,none,29,26,3,0.8966,0,0.0,0,74099.91,1
txn_008799,cust_01640,807.54,netbanking,success,none,37,34,3,0.9189,0,0.0,0,16512.42,1
txn_008800,cust_00034,1210.78,card,abandoned,none,16,11,5,0.6875,0,1.79,1,25346.97,0
txn_008801,cust_00717,436.22,upi,success,none,10,8,2,0.8,0,0.0,0,137595.22,1
txn_008802,cust_01229,1175.84,wallet,success,none,21,17,4,0.8095,0,0.0,0,54744.33,1
txn_008803,cust_02441,400.93,upi,success,none,3,2,1,0.6667,0,0.0,0,111963.96,1
txn_008804,cust_02480,2758.59,netbanking,failed,authentication_failed,33,30,3,0.9091,3,0.69,0,57477.49,1
txn_008805,cust_01967,575.75,upi,success,none,1,1,0,1.0,0,0.0,0,80024.29,1
txn_008806,cust_00516,1410.22,netbanking,success,none,24,20,4,0.8333,0,0.0,0,110121.61,1
txn_008807,cust_00275,858.82,netbanking,failed,bank_decline,26,18,8,0.6923,2,4.36,0,89192.02,0
txn_008808,cust_00791,1962.65,wallet,failed,technical_error,34,31,3,0.9118,1,6.17,0,82068.21,1
txn_008809,cust_01718,3048.28,netbanking,abandoned,none,40,30,10,0.75,0,2.25,1,88548.84,1
txn_008810,cust_02374,1783.8,upi,success,none,40,31,9,0.775,0,0.0,0,24135.88,1
txn_008811,cust_00795,664.93,card,failed,authentication_failed,24,20,4,0.8333,1,7.95,0,38793.89,0
txn_008812,cust_01545,762.68,upi,success,none,38,28,10,0.7368,0,0.0,0,17236.95,1
txn_008813,cust_02378,14184.43,netbanking,success,none,9,8,1,0.8889,0,0.0,0,79484.61,1
txn_008814,cust_00575,3458.24,upi,success,none,12,11,1,0.9167,0,0.0,0,17379.03,1
txn_008815,cust_01091,1098.98,wallet,success,none,35,30,5,0.8571,0,0.0,0,64195.08,1
txn_008816,cust_01398,754.34,upi,success,none,23,12,11,0.5217,0,0.0,0,127665.83,1
txn_008817,cust_02218,317.68,card,success,none,8,6,2,0.75,0,0.0,0,78444.51,1
txn_008818,cust_00849,4139.1,wallet,success,none,17,15,2,0.8824,0,0.0,0,105901.63,1
txn_008819,cust_00567,657.93,upi,success,none,37,20,17,0.5405,0,0.0,0,31575.63,1
txn_008820,cust_02426,3841.95,card,success,none,32,23,9,0.7188,0,0.0,0,149696.55,1
txn_008821,cust_02441,3063.96,upi,success,none,3,2,1,0.6667,0,0.0,0,111963.96,1
txn_008822,cust_01506,5181.25,netbanking,abandoned,none,8,8,0,1.0,0,3.48,1,75804.1,1
txn_008823,cust_01781,2860.75,upi,failed,authentication_failed,1,1,0,1.0,0,13.31,0,77215.54,1
txn_008824,cust_00127,1085.89,upi,failed,network_error,21,15,6,0.7143,2,12.2,0,9517.63,0
txn_008825,cust_00325,1360.91,card,success,none,12,8,4,0.6667,0,0.0,0,73644.94,1
txn_008826,cust_01124,1372.7,card,failed,authentication_failed,9,7,2,0.7778,0,12.83,0,58874.44,0
txn_008827,cust_00803,1023.78,card,success,none,31,29,2,0.9355,0,0.0,0,95128.64,1
txn_008828,cust_00491,264.22,netbanking,success,none,30,27,3,0.9,0,0.0,0,96047.79,1
txn_008829,cust_00533,155.24,upi,failed,authentication_failed,35,30,5,0.8571,0,8.39,0,19414.72,0
txn_008830,cust_00194,2860.72,upi,success,none,33,29,4,0.8788,0,0.0,0,60552.08,1
txn_008831,cust_02008,1117.76,wallet,success,none,4,3,1,0.75,0,0.0,0,139046.24,1
txn_008832,cust_00528,3498.32,upi,failed,network_error,10,7,3,0.7,2,7.63,0,113368.57,1
txn_008833,cust_01630,916.41,upi,failed,insufficient_funds,36,34,2,0.9444,0,5.95,0,104340.5,1
txn_008834,cust_00440,1337.89,upi,success,none,16,13,3,0.8125,0,0.0,0,69061.18,1
txn_008835,cust_00888,3393.2,wallet,success,none,38,36,2,0.9474,0,0.0,0,23974.95,1
txn_008836,cust_00862,6344.47,netbanking,success,none,13,11,2,0.8462,0,0.0,0,119017.79,1
txn_008837,cust_00802,976.35,netbanking,failed,authentication_failed,30,26,4,0.8667,1,1.85,0,147142.06,1
txn_008838,cust_02390,492.71,wallet,success,none,15,10,5,0.6667,0,0.0,0,120901.46,1
txn_008839,cust_00805,4505.29,netbanking,success,none,30,18,12,0.6,0,0.0,0,6510.58,1
txn_008840,cust_00119,1005.17,netbanking,success,none,11,9,2,0.8182,0,0.0,0,57466.99,1
txn_008841,cust_01409,824.49,wallet,failed,network_error,28,25,3,0.8929,0,12.11,0,31145.41,1
txn_008842,cust_02441,898.03,wallet,success,none,3,2,1,0.6667,0,0.0,0,111963.96,1
txn_008843,cust_02259,652.86,netbanking,success,none,13,12,1,0.9231,0,0.0,0,78143.66,1
txn_008844,cust_00399,2903.71,wallet,success,none,39,32,7,0.8205,0,0.0,0,6939.26,1
txn_008845,cust_01159,351.35,upi,failed,authentication_failed,22,20,2,0.9091,2,1.49,0,39341.69,0
txn_008846,cust_02318,1483.34,card,success,none,12,11,1,0.9167,0,0.0,0,82735.95,1
txn_008847,cust_00007,1719.36,card,success,none,33,30,3,0.9091,0,0.0,0,90700.79,1
txn_008848,cust_00302,736.17,wallet,failed,authentication_failed,16,12,4,0.75,3,6.22,0,16183.29,1
txn_008849,cust_01476,6549.42,card,success,none,6,5,1,0.8333,0,0.0,0,138769.54,1
txn_008850,cust_01361,3288.98,wallet,success,none,24,23,1,0.9583,0,0.0,0,81764.46,1
txn_008851,cust_01070,850.2,card,success,none,20,19,1,0.95,0,0.0,0,108768.73,1
txn_008852,cust_00058,1204.54,upi,abandoned,none,36,31,5,0.8611,0,3.65,1,129256.18,1
txn_008853,cust_02405,3275.71,card,success,none,25,17,8,0.68,0,0.0,0,124435.6,1
txn_008854,cust_02212,1451.03,netbanking,success,none,9,8,1,0.8889,0,0.0,0,38923.19,1
txn_008855,cust_02494,5440.24,upi,success,none,3,2,1,0.6667,0,0.0,0,31109.78,1
txn_008856,cust_01853,2359.51,wallet,success,none,9,8,1,0.8889,0,0.0,0,32467.34,1
txn_008857,cust_00212,1724.83,netbanking,abandoned,none,19,16,3,0.8421,0,5.55,1,83607.46,1
txn_008858,cust_01253,1710.05,netbanking,success,none,13,11,2,0.8462,0,0.0,0,69221.38,1
txn_008859,cust_01033,31222.57,wallet,abandoned,none,26,21,5,0.8077,0,0.64,1,100719.12,1
txn_008860,cust_00092,483.73,netbanking,success,none,36,28,8,0.7778,0,0.0,0,35287.1,1
txn_008861,cust_01122,448.35,upi,success,none,4,4,0,1.0,0,0.0,0,84795.51,1
txn_008862,cust_02268,1052.11,upi,success,none,33,26,7,0.7879,0,0.0,0,16863.28,1
txn_008863,cust_01583,5457.18,upi,success,none,19,13,6,0.6842,0,0.0,0,75334.85,1
txn_008864,cust_00153,113.99,netbanking,success,none,36,33,3,0.9167,0,0.0,0,45607.43,1
txn_008865,cust_00448,199.56,card,success,none,20,18,2,0.9,0,0.0,0,125783.91,1
txn_008866,cust_02074,898.09,upi,success,none,38,34,4,0.8947,0,0.0,0,7782.01,1
txn_008867,cust_01165,11160.76,netbanking,success,none,4,3,1,0.75,0,0.0,0,79067.72,1
txn_008868,cust_01020,1373.94,wallet,success,none,39,30,9,0.7692,0,0.0,0,16987.8,1
txn_008869,cust_01767,418.88,upi,success,none,15,13,2,0.8667,0,0.0,0,101976.59,1
txn_008870,cust_00637,3047.41,wallet,success,none,11,9,2,0.8182,0,0.0,0,56137.91,1
txn_008871,cust_00240,7058.09,card,success,none,8,6,2,0.75,0,0.0,0,69012.81,1
txn_008872,cust_00597,707.2,netbanking,success,none,21,13,8,0.619,0,0.0,0,57754.76,1
txn_008873,cust_00449,2109.92,upi,success,none,38,31,7,0.8158,0,0.0,0,149836.45,1
txn_008874,cust_02110,1566.75,card,success,none,24,19,5,0.7917,0,0.0,0,121347.26,1
txn_008875,cust_00155,2373.84,wallet,failed,bank_decline,9,7,2,0.7778,3,11.41,0,40405.42,0
txn_008876,cust_01590,846.44,wallet,abandoned,none,23,20,3,0.8696,0,3.99,1,72472.98,1
txn_008877,cust_00248,2511.49,upi,success,none,16,13,3,0.8125,0,0.0,0,126139.57,1
txn_008878,cust_00849,3097.86,card,abandoned,none,17,15,2,0.8824,0,0.26,1,105901.63,1
txn_008879,cust_02375,2736.13,wallet,success,none,25,25,0,1.0,0,0.0,0,47096.23,1
txn_008880,cust_01599,264.45,wallet,failed,bank_decline,11,8,3,0.7273,1,7.72,0,15920.02,0
txn_008881,cust_00788,319.3,wallet,success,none,12,8,4,0.6667,0,0.0,0,99991.32,1
txn_008882,cust_00987,672.34,netbanking,success,none,25,13,12,0.52,0,0.0,0,134468.31,1
txn_008883,cust_00718,1750.2,upi,failed,network_error,20,18,2,0.9,0,4.46,0,145186.78,1
txn_008884,cust_02341,2343.03,upi,success,none,22,19,3,0.8636,0,0.0,0,39705.6,1
txn_008885,cust_00031,466.81,netbanking,success,none,18,14,4,0.7778,0,0.0,0,105571.23,1
txn_008886,cust_01786,1852.4,card,success,none,18,16,2,0.8889,0,0.0,0,96448.62,1
txn_008887,cust_01826,3448.62,wallet,success,none,4,3,1,0.75,0,0.0,0,1702.31,1
txn_008888,cust_02056,2612.34,wallet,success,none,35,29,6,0.8286,0,0.0,0,80447.67,1
txn_008889,cust_00501,845.7,upi,failed,network_error,31,29,2,0.9355,0,12.84,0,16891.34,0
txn_008890,cust_01887,926.65,upi,success,none,19,19,0,1.0,0,0.0,0,40354.63,1
txn_008891,cust_02261,365.93,netbanking,success,none,36,22,14,0.6111,0,0.0,0,43389.57,1
txn_008892,cust_01508,7633.67,card,success,none,34,32,2,0.9412,0,0.0,0,147230.67,1
txn_008893,cust_01301,2151.73,card,success,none,6,4,2,0.6667,0,0.0,0,18294.33,1
txn_008894,cust_00526,267.14,netbanking,success,none,22,18,4,0.8182,0,0.0,0,120830.65,1
txn_008895,cust_01965,4567.16,card,success,none,38,35,3,0.9211,0,0.0,0,143472.36,1
txn_008896,cust_00664,2587.76,upi,failed,technical_error,27,26,1,0.963,0,9.05,0,44137.77,1
txn_008897,cust_00706,4421.77,wallet,success,none,29,22,7,0.7586,0,0.0,0,148656.92,1
txn_008898,cust_01000,766.16,netbanking,success,none,15,15,0,1.0,0,0.0,0,8821.17,1
txn_008899,cust_01375,880.93,wallet,success,none,4,3,1,0.75,0,0.0,0,85941.08,1
txn_008900,cust_01001,594.28,upi,success,none,27,17,10,0.6296,0,0.0,0,50213.75,1
txn_008901,cust_01556,11127.57,card,failed,bank_decline,26,21,5,0.8077,0,3.14,0,77505.49,0
txn_008902,cust_01150,811.6,upi,success,none,24,21,3,0.875,0,0.0,0,47625.38,1
txn_008903,cust_00464,515.32,card,success,none,29,20,9,0.6897,0,0.0,0,15857.04,1
txn_008904,cust_01260,701.38,card,success,none,21,18,3,0.8571,0,0.0,0,90878.48,1
txn_008905,cust_01959,967.62,upi,abandoned,none,26,17,9,0.6538,0,2.66,1,33122.84,0
txn_008906,cust_00566,6348.37,card,failed,authentication_failed,16,12,4,0.75,0,13.2,0,148334.31,1
txn_008907,cust_00218,1766.65,netbanking,success,none,14,12,2,0.8571,0,0.0,0,65053.33,1
txn_008908,cust_01938,4598.8,wallet,success,none,27,21,6,0.7778,0,0.0,0,6338.96,1
txn_008909,cust_02424,1781.67,wallet,success,none,14,12,2,0.8571,0,0.0,0,51945.02,1
txn_008910,cust_00261,1118.52,card,success,none,27,16,11,0.5926,0,0.0,0,59032.05,1
txn_008911,cust_01780,472.24,netbanking,success,none,26,21,5,0.8077,0,0.0,0,88088.59,1
txn_008912,cust_00688,6594.75,wallet,failed,bank_decline,5,4,1,0.8,1,7.95,0,70869.24,0
txn_008913,cust_00165,3608.19,wallet,success,none,9,9,0,1.0,0,0.0,0,95929.89,1
txn_008914,cust_01158,3951.89,wallet,success,none,16,15,1,0.9375,0,0.0,0,75395.92,1
txn_008915,cust_01459,3378.42,card,success,none,5,3,2,0.6,0,0.0,0,3486.72,1
txn_008916,cust_00590,658.45,wallet,failed,insufficient_funds,28,20,8,0.7143,2,2.08,0,103228.53,0
txn_008917,cust_01513,1745.87,card,success,none,24,17,7,0.7083,0,0.0,0,30900.0,1
txn_008918,cust_00567,3971.36,card,failed,insufficient_funds,37,20,17,0.5405,2,3.33,0,31575.63,1
txn_008919,cust_00305,3443.82,wallet,abandoned,none,37,33,4,0.8919,0,5.2,1,117612.67,0
txn_008920,cust_01932,1566.49,netbanking,success,none,26,25,1,0.9615,0,0.0,0,122748.39,1
txn_008921,cust_01693,9652.64,wallet,success,none,7,5,2,0.7143,0,0.0,0,13770.39,1
txn_008922,cust_02473,2282.39,netbanking,failed,insufficient_funds,18,17,1,0.9444,0,5.24,0,130281.61,0
txn_008923,cust_01859,5024.05,card,success,none,4,3,1,0.75,0,0.0,0,99633.52,1
txn_008924,cust_00808,1636.22,wallet,success,none,21,18,3,0.8571,0,0.0,0,140072.28,1
txn_008925,cust_02113,923.66,wallet,success,none,15,14,1,0.9333,0,0.0,0,107117.67,1
txn_008926,cust_00534,3530.46,card,success,none,24,14,10,0.5833,0,0.0,0,101251.43,1
txn_008927,cust_01239,2789.22,netbanking,failed,technical_error,25,18,7,0.72,2,9.99,0,2838.75,0
txn_008928,cust_00846,1894.03,wallet,success,none,2,2,0,1.0,0,0.0,0,110615.55,1
txn_008929,cust_02259,574.71,wallet,success,none,13,12,1,0.9231,0,0.0,0,78143.66,1
txn_008930,cust_00095,3681.08,netbanking,success,none,3,1,2,0.3333,0,0.0,0,129085.67,1
txn_008931,cust_00269,605.79,upi,failed,authentication_failed,15,14,1,0.9333,2,8.89,0,73746.19,0
txn_008932,cust_00248,2914.22,card,failed,network_error,16,13,3,0.8125,2,2.46,0,126139.57,1
txn_008933,cust_00947,447.2,wallet,success,none,9,7,2,0.7778,0,0.0,0,49866.91,1
txn_008934,cust_01597,574.19,wallet,abandoned,none,31,26,5,0.8387,0,2.08,1,79885.41,1
txn_008935,cust_01628,1793.8,wallet,success,none,32,29,3,0.9062,0,0.0,0,97727.86,1
txn_008936,cust_00312,2389.8,wallet,success,none,30,24,6,0.8,0,0.0,0,106388.99,1
txn_008937,cust_02007,1663.51,wallet,success,none,19,12,7,0.6316,0,0.0,0,104247.48,1
txn_008938,cust_01825,790.64,wallet,success,none,12,11,1,0.9167,0,0.0,0,47698.7,1
txn_008939,cust_02122,4077.38,netbanking,success,none,9,8,1,0.8889,0,0.0,0,133803.26,1
txn_008940,cust_00963,1538.9,card,success,none,25,24,1,0.96,0,0.0,0,23018.58,1
txn_008941,cust_02116,1625.18,upi,success,none,22,15,7,0.6818,0,0.0,0,131804.99,1
txn_008942,cust_01167,1144.23,upi,failed,network_error,4,3,1,0.75,2,8.83,0,114886.49,0
txn_008943,cust_01442,650.2,netbanking,success,none,9,8,1,0.8889,0,0.0,0,37920.17,1
txn_008944,cust_00123,4132.66,wallet,success,none,32,28,4,0.875,0,0.0,0,24064.73,1
txn_008945,cust_01951,704.36,wallet,success,none,23,20,3,0.8696,0,0.0,0,124652.7,1
txn_008946,cust_01529,7313.02,netbanking,abandoned,none,4,3,1,0.75,0,0.28,1,145911.33,1
txn_008947,cust_01987,587.0,card,success,none,9,9,0,1.0,0,0.0,0,147218.99,1
txn_008948,cust_00428,1849.98,card,success,none,19,18,1,0.9474,0,0.0,0,66279.3,1
txn_008949,cust_02408,1435.9,card,success,none,34,28,6,0.8235,0,0.0,0,114916.21,1
txn_008950,cust_02271,1196.77,netbanking,success,none,33,27,6,0.8182,0,0.0,0,143549.69,1
txn_008951,cust_01059,2648.96,upi,success,none,36,25,11,0.6944,0,0.0,0,135530.34,1
txn_008952,cust_00666,2950.66,netbanking,failed,insufficient_funds,21,15,6,0.7143,3,6.62,0,26609.1,0
txn_008953,cust_01455,2289.22,wallet,success,none,21,12,9,0.5714,0,0.0,0,20665.45,1
txn_008954,cust_01653,462.25,netbanking,failed,network_error,25,21,4,0.84,1,6.18,0,16112.86,1
txn_008955,cust_00554,415.17,card,success,none,18,16,2,0.8889,0,0.0,0,5874.73,1
txn_008956,cust_01128,390.93,upi,success,none,13,11,2,0.8462,0,0.0,0,8678.96,1
txn_008957,cust_02339,1049.34,wallet,success,none,17,14,3,0.8235,0,0.0,0,72004.37,1
txn_008958,cust_01395,11107.14,card,failed,insufficient_funds,1,1,0,1.0,2,7.24,0,130467.26,0
txn_008959,cust_01685,1275.16,wallet,abandoned,none,17,14,3,0.8235,0,3.13,1,14579.39,1
txn_008960,cust_00226,10948.04,card,abandoned,none,16,13,3,0.8125,0,6.82,1,101246.55,0
txn_008961,cust_01403,1295.43,wallet,failed,technical_error,37,22,15,0.5946,1,11.07,0,20458.54,1
txn_008962,cust_00005,1571.82,wallet,failed,insufficient_funds,28,27,1,0.9643,3,12.52,0,5735.62,0
txn_008963,cust_00465,2430.3,netbanking,failed,technical_error,30,19,11,0.6333,2,3.89,0,3286.79,0
txn_008964,cust_00891,1001.23,wallet,success,none,37,31,6,0.8378,0,0.0,0,7137.95,1
txn_008965,cust_00296,1681.24,upi,failed,insufficient_funds,8,6,2,0.75,0,11.15,0,116890.99,0
txn_008966,cust_00136,244.0,wallet,success,none,6,5,1,0.8333,0,0.0,0,63464.51,1
txn_008967,cust_01219,550.53,upi,abandoned,none,18,15,3,0.8333,0,2.94,1,117748.67,1
txn_008968,cust_00764,249.18,upi,failed,insufficient_funds,33,27,6,0.8182,3,4.48,0,56720.26,0
txn_008969,cust_01937,2766.23,card,failed,authentication_failed,2,2,0,1.0,0,4.79,0,16293.85,1
txn_008970,cust_00960,342.63,upi,abandoned,none,4,2,2,0.5,0,4.78,1,87944.97,1
txn_008971,cust_00730,5495.43,card,success,none,19,14,5,0.7368,0,0.0,0,126819.83,1
txn_008972,cust_01175,1912.22,card,success,none,35,34,1,0.9714,0,0.0,0,83194.89,1
txn_008973,cust_01866,3496.12,wallet,success,none,7,6,1,0.8571,0,0.0,0,99709.96,1
txn_008974,cust_01912,701.59,netbanking,success,none,32,30,2,0.9375,0,0.0,0,17827.68,1
txn_008975,cust_01362,435.51,card,failed,authentication_failed,3,3,0,1.0,2,2.39,0,114240.62,0
txn_008976,cust_00136,946.03,upi,success,none,6,5,1,0.8333,0,0.0,0,63464.51,1
txn_008977,cust_01930,3882.3,wallet,abandoned,none,4,4,0,1.0,0,6.35,1,76532.47,0
txn_008978,cust_02114,11103.9,upi,success,none,28,22,6,0.7857,0,0.0,0,42225.3,1
txn_008979,cust_00847,2226.9,upi,success,none,32,25,7,0.7812,0,0.0,0,78144.05,1
txn_008980,cust_02378,359.36,card,abandoned,none,9,8,1,0.8889,0,3.75,1,79484.61,1
txn_008981,cust_00674,506.79,card,success,none,11,7,4,0.6364,0,0.0,0,12380.53,1
txn_008982,cust_00182,302.38,netbanking,success,none,2,2,0,1.0,0,0.0,0,27724.74,1
txn_008983,cust_00123,1177.12,wallet,success,none,32,28,4,0.875,0,0.0,0,24064.73,1
txn_008984,cust_01082,1015.12,netbanking,success,none,25,20,5,0.8,0,0.0,0,67832.03,1
txn_008985,cust_02249,1168.4,netbanking,success,none,29,29,0,1.0,0,0.0,0,2595.85,1
txn_008986,cust_00450,457.87,card,success,none,32,29,3,0.9062,0,0.0,0,129923.83,1
txn_008987,cust_01501,414.22,netbanking,success,none,3,2,1,0.6667,0,0.0,0,83376.85,1
txn_008988,cust_02399,1471.61,card,success,none,28,26,2,0.9286,0,0.0,0,119896.75,1
txn_008989,cust_01921,2174.19,upi,success,none,16,14,2,0.875,0,0.0,0,72807.52,1
txn_008990,cust_01220,409.59,wallet,success,none,29,26,3,0.8966,0,0.0,0,74099.91,1
txn_008991,cust_00143,2151.06,netbanking,success,none,5,5,0,1.0,0,0.0,0,2388.0,1
txn_008992,cust_00207,3452.21,card,abandoned,none,5,4,1,0.8,0,6.02,1,142382.3,0
txn_008993,cust_01503,130.22,netbanking,success,none,16,15,1,0.9375,0,0.0,0,63022.23,1
txn_008994,cust_00183,6474.86,netbanking,success,none,22,19,3,0.8636,0,0.0,0,117575.59,1
txn_008995,cust_00136,2703.23,card,success,none,6,5,1,0.8333,0,0.0,0,63464.51,1
txn_008996,cust_00135,3484.67,netbanking,success,none,39,35,4,0.8974,0,0.0,0,6921.51,1
txn_008997,cust_00690,482.57,card,abandoned,none,38,29,9,0.7632,0,5.74,1,9369.65,0
txn_008998,cust_01124,2942.89,wallet,success,none,9,7,2,0.7778,0,0.0,0,58874.44,1
txn_008999,cust_01628,3301.32,upi,success,none,32,29,3,0.9062,0,0.0,0,97727.86,1
txn_009000,cust_01464,698.16,upi,success,none,33,30,3,0.9091,0,0.0,0,115299.39,1
txn_009001,cust_01658,2921.56,netbanking,failed,bank_decline,3,3,0,1.0,1,12.07,0,44941.38,0
txn_009002,cust_01988,1166.59,upi,failed,insufficient_funds,12,9,3,0.75,3,7.17,0,76080.12,0
txn_009003,cust_01424,722.34,card,success,none,28,23,5,0.8214,0,0.0,0,104410.62,1
txn_009004,cust_02383,1100.54,upi,success,none,35,20,15,0.5714,0,0.0,0,140293.78,1
txn_009005,cust_00572,1584.89,card,success,none,39,32,7,0.8205,0,0.0,0,1422.5,1
txn_009006,cust_00582,989.7,netbanking,success,none,5,4,1,0.8,0,0.0,0,71960.65,1
txn_009007,cust_02261,606.81,wallet,success,none,36,22,14,0.6111,0,0.0,0,43389.57,1
txn_009008,cust_01599,1984.17,upi,success,none,11,8,3,0.7273,0,0.0,0,15920.02,1
txn_009009,cust_01985,2344.39,card,success,none,13,10,3,0.7692,0,0.0,0,32247.19,1
txn_009010,cust_01492,1550.02,card,success,none,24,19,5,0.7917,0,0.0,0,9260.43,1
txn_009011,cust_02398,265.72,card,success,none,31,30,1,0.9677,0,0.0,0,45641.97,1
txn_009012,cust_00196,746.51,card,failed,bank_decline,2,2,0,1.0,3,7.21,0,18185.92,0
txn_009013,cust_00461,575.89,netbanking,failed,technical_error,3,2,1,0.6667,1,11.94,0,19810.69,0
txn_009014,cust_01663,7563.57,wallet,success,none,36,34,2,0.9444,0,0.0,0,141333.29,1
txn_009015,cust_00091,1507.03,wallet,success,none,22,19,3,0.8636,0,0.0,0,4134.1,1
txn_009016,cust_00978,1012.09,upi,success,none,13,13,0,1.0,0,0.0,0,143643.27,1
txn_009017,cust_00587,766.08,wallet,abandoned,none,34,32,2,0.9412,0,0.19,1,45942.92,1
txn_009018,cust_01676,1182.21,upi,success,none,32,31,1,0.9688,0,0.0,0,23884.9,1
txn_009019,cust_00637,2839.93,upi,success,none,11,9,2,0.8182,0,0.0,0,56137.91,1
txn_009020,cust_00357,214.88,netbanking,success,none,32,27,5,0.8438,0,0.0,0,16285.56,1
txn_009021,cust_01935,1686.09,netbanking,success,none,32,25,7,0.7812,0,0.0,0,67613.15,1
txn_009022,cust_02330,808.68,card,success,none,10,7,3,0.7,0,0.0,0,71475.07,1
txn_009023,cust_01670,2060.43,netbanking,failed,network_error,13,11,2,0.8462,2,2.29,0,61982.7,0
txn_009024,cust_00516,2978.28,card,failed,bank_decline,24,20,4,0.8333,3,10.26,0,110121.61,0
txn_009025,cust_02093,668.13,card,success,none,33,24,9,0.7273,0,0.0,0,22225.81,1
txn_009026,cust_01931,340.63,card,failed,technical_error,36,19,17,0.5278,0,10.97,0,96854.28,0
txn_009027,cust_01416,987.92,upi,success,none,20,15,5,0.75,0,0.0,0,109172.27,1
txn_009028,cust_00309,4851.62,upi,success,none,27,25,2,0.9259,0,0.0,0,123527.31,1
txn_009029,cust_00127,3089.17,upi,success,none,21,15,6,0.7143,0,0.0,0,9517.63,1
txn_009030,cust_00947,918.17,wallet,failed,authentication_failed,9,7,2,0.7778,1,13.93,0,49866.91,0
txn_009031,cust_01349,709.93,card,success,none,33,25,8,0.7576,0,0.0,0,98307.39,1
txn_009032,cust_01061,765.59,card,success,none,10,8,2,0.8,0,0.0,0,25516.04,1
txn_009033,cust_00549,365.91,wallet,success,none,24,14,10,0.5833,0,0.0,0,100902.45,1
txn_009034,cust_00418,2935.91,netbanking,abandoned,none,6,5,1,0.8333,0,1.74,1,47863.06,1
txn_009035,cust_00395,3524.23,wallet,success,none,29,27,2,0.931,0,0.0,0,19528.7,1
txn_009036,cust_00762,909.47,wallet,success,none,23,21,2,0.913,0,0.0,0,139640.32,1
txn_009037,cust_01617,811.85,netbanking,failed,insufficient_funds,13,9,4,0.6923,3,0.16,0,121160.37,0
txn_009038,cust_01214,666.29,netbanking,failed,bank_decline,28,18,10,0.6429,1,8.18,0,35589.46,0
txn_009039,cust_00020,853.75,netbanking,failed,network_error,25,20,5,0.8,1,9.02,0,12741.23,1
txn_009040,cust_01249,642.15,wallet,success,none,20,13,7,0.65,0,0.0,0,73150.47,1
txn_009041,cust_02098,1146.87,upi,success,none,36,33,3,0.9167,0,0.0,0,69728.52,1
txn_009042,cust_00016,2940.68,wallet,success,none,25,22,3,0.88,0,0.0,0,15410.74,1
txn_009043,cust_00487,2652.77,upi,success,none,6,5,1,0.8333,0,0.0,0,91814.28,1
txn_009044,cust_01351,579.0,netbanking,failed,authentication_failed,27,23,4,0.8519,1,6.11,0,106811.21,0
txn_009045,cust_02084,1559.02,netbanking,abandoned,none,10,8,2,0.8,0,5.54,1,45410.42,0
txn_009046,cust_01877,2555.88,wallet,success,none,36,32,4,0.8889,0,0.0,0,74956.85,1
txn_009047,cust_02378,523.33,upi,abandoned,none,9,8,1,0.8889,0,4.22,1,79484.61,0
txn_009048,cust_01690,1542.9,wallet,success,none,30,28,2,0.9333,0,0.0,0,40246.72,1
txn_009049,cust_00565,4508.17,card,success,none,4,3,1,0.75,0,0.0,0,118232.39,1
txn_009050,cust_02344,1048.49,netbanking,success,none,27,25,2,0.9259,0,0.0,0,19064.39,1
txn_009051,cust_00961,178.06,wallet,success,none,11,10,1,0.9091,0,0.0,0,79110.62,1
txn_009052,cust_00808,108.07,netbanking,abandoned,none,21,18,3,0.8571,0,2.15,1,140072.28,1
txn_009053,cust_01713,1827.7,card,success,none,5,4,1,0.8,0,0.0,0,13967.09,1
txn_009054,cust_01917,1489.98,wallet,failed,network_error,37,30,7,0.8108,1,2.62,0,108842.26,1
txn_009055,cust_00762,1616.04,netbanking,success,none,23,21,2,0.913,0,0.0,0,139640.32,1
txn_009056,cust_02419,2184.82,wallet,success,none,35,29,6,0.8286,0,0.0,0,4297.5,1
txn_009057,cust_02361,305.07,upi,failed,network_error,29,27,2,0.931,3,2.94,0,117365.13,0
txn_009058,cust_00414,597.76,upi,success,none,22,19,3,0.8636,0,0.0,0,62335.12,1
txn_009059,cust_01497,2044.82,card,failed,network_error,33,19,14,0.5758,0,7.14,0,1382.71,1
txn_009060,cust_00690,2795.77,wallet,success,none,38,29,9,0.7632,0,0.0,0,9369.65,1
txn_009061,cust_00849,1035.99,netbanking,success,none,17,15,2,0.8824,0,0.0,0,105901.63,1
txn_009062,cust_01747,319.81,card,abandoned,none,4,4,0,1.0,0,4.99,1,77775.19,0
txn_009063,cust_00269,1881.76,wallet,abandoned,none,15,14,1,0.9333,0,4.28,1,73746.19,0
txn_009064,cust_00265,1409.7,wallet,success,none,1,1,0,1.0,0,0.0,0,141468.51,1
txn_009065,cust_01427,464.87,netbanking,success,none,7,7,0,1.0,0,0.0,0,16377.03,1
txn_009066,cust_01469,184.26,netbanking,failed,bank_decline,6,4,2,0.6667,1,13.12,0,77184.4,0
txn_009067,cust_00682,2371.44,netbanking,success,none,32,23,9,0.7188,0,0.0,0,70129.01,1
txn_009068,cust_01681,722.38,card,success,none,11,9,2,0.8182,0,0.0,0,96090.41,1
txn_009069,cust_01631,1614.37,card,success,none,40,29,11,0.725,0,0.0,0,118261.78,1
txn_009070,cust_01044,1555.51,netbanking,failed,insufficient_funds,26,15,11,0.5769,1,13.02,0,103224.97,0
txn_009071,cust_01420,425.42,wallet,success,none,5,2,3,0.4,0,0.0,0,20772.27,1
txn_009072,cust_02347,2034.21,upi,failed,technical_error,35,23,12,0.6571,0,6.04,0,27006.29,1
txn_009073,cust_01202,566.92,card,success,none,37,31,6,0.8378,0,0.0,0,99058.28,1
txn_009074,cust_01020,300.25,wallet,success,none,39,30,9,0.7692,0,0.0,0,16987.8,1
txn_009075,cust_02119,264.15,wallet,success,none,7,6,1,0.8571,0,0.0,0,27189.75,1
txn_009076,cust_01909,1335.1,netbanking,failed,insufficient_funds,12,7,5,0.5833,3,1.5,0,92087.15,0
txn_009077,cust_01306,6595.23,netbanking,success,none,29,21,8,0.7241,0,0.0,0,108577.1,1
txn_009078,cust_00082,1395.52,wallet,failed,bank_decline,36,25,11,0.6944,3,6.63,0,25603.92,0
txn_009079,cust_01064,7967.76,wallet,success,none,32,20,12,0.625,0,0.0,0,14550.31,1
txn_009080,cust_01536,5703.42,card,failed,bank_decline,33,29,4,0.8788,0,6.4,0,20893.56,0
txn_009081,cust_02437,2244.61,netbanking,failed,authentication_failed,7,5,2,0.7143,3,2.05,0,78649.73,0
txn_009082,cust_01829,6467.15,card,failed,network_error,11,7,4,0.6364,0,7.81,0,73946.99,1
txn_009083,cust_00801,5775.45,upi,success,none,12,9,3,0.75,0,0.0,0,124727.16,1
txn_009084,cust_01545,4353.33,wallet,success,none,38,28,10,0.7368,0,0.0,0,17236.95,1
txn_009085,cust_01853,203.5,netbanking,failed,technical_error,9,8,1,0.8889,3,9.69,0,32467.34,0
txn_009086,cust_01059,1057.07,upi,failed,insufficient_funds,36,25,11,0.6944,1,8.97,0,135530.34,0
txn_009087,cust_00495,669.35,wallet,abandoned,none,35,35,0,1.0,0,2.35,1,24538.37,1
txn_009088,cust_01602,4320.52,upi,success,none,15,12,3,0.8,0,0.0,0,86778.12,1
txn_009089,cust_00959,985.11,netbanking,success,none,38,32,6,0.8421,0,0.0,0,87067.52,1
txn_009090,cust_01909,7725.72,card,failed,authentication_failed,12,7,5,0.5833,2,4.01,0,92087.15,0
txn_009091,cust_02413,1482.61,upi,success,none,5,5,0,1.0,0,0.0,0,28178.67,1
txn_009092,cust_00531,1302.51,netbanking,abandoned,none,36,26,10,0.7222,0,5.29,1,55500.48,0
txn_009093,cust_01607,917.22,card,success,none,2,2,0,1.0,0,0.0,0,105814.48,1
txn_009094,cust_00894,1113.64,netbanking,success,none,14,11,3,0.7857,0,0.0,0,115276.89,1
txn_009095,cust_02142,1752.41,card,success,none,37,33,4,0.8919,0,0.0,0,99252.58,1
txn_009096,cust_00609,1253.78,wallet,success,none,31,26,5,0.8387,0,0.0,0,11002.86,1
txn_009097,cust_01265,841.45,card,abandoned,none,16,12,4,0.75,0,3.8,1,49557.05,0
txn_009098,cust_01495,892.81,upi,failed,authentication_failed,7,6,1,0.8571,3,5.79,0,134245.99,0
txn_009099,cust_02097,8275.21,wallet,failed,technical_error,37,31,6,0.8378,1,2.07,0,127985.42,0
txn_009100,cust_01105,9872.53,card,success,none,37,25,12,0.6757,0,0.0,0,48516.65,1
txn_009101,cust_01725,836.48,wallet,success,none,23,20,3,0.8696,0,0.0,0,131806.14,1
txn_009102,cust_00315,3130.57,wallet,failed,authentication_failed,18,13,5,0.7222,2,12.07,0,92770.94,0
txn_009103,cust_01403,585.34,netbanking,success,none,37,22,15,0.5946,0,0.0,0,20458.54,1
txn_009104,cust_01104,966.01,netbanking,failed,authentication_failed,19,16,3,0.8421,2,7.09,0,35890.07,0
txn_009105,cust_02486,451.46,netbanking,success,none,13,9,4,0.6923,0,0.0,0,79086.4,1
txn_009106,cust_00251,3713.89,wallet,failed,technical_error,16,9,7,0.5625,2,4.62,0,41915.02,0
txn_009107,cust_00498,2174.43,wallet,success,none,28,24,4,0.8571,0,0.0,0,103856.71,1
txn_009108,cust_01226,2631.86,card,success,none,5,3,2,0.6,0,0.0,0,13223.66,1
txn_009109,cust_00487,3256.01,netbanking,success,none,6,5,1,0.8333,0,0.0,0,91814.28,1
txn_009110,cust_01034,561.38,netbanking,failed,insufficient_funds,12,11,1,0.9167,3,6.53,0,147271.09,0
txn_009111,cust_01276,968.34,card,success,none,9,8,1,0.8889,0,0.0,0,95367.07,1
txn_009112,cust_02026,2090.65,netbanking,success,none,10,10,0,1.0,0,0.0,0,6951.15,1
txn_009113,cust_01516,948.07,card,failed,authentication_failed,24,17,7,0.7083,3,13.89,0,89161.95,0
txn_009114,cust_00824,1435.72,netbanking,success,none,21,20,1,0.9524,0,0.0,0,16287.09,1
txn_009115,cust_01558,602.01,card,success,none,12,9,3,0.75,0,0.0,0,5631.23,1
txn_009116,cust_01809,5063.08,wallet,success,none,15,11,4,0.7333,0,0.0,0,53937.23,1
txn_009117,cust_00002,3423.88,upi,success,none,18,15,3,0.8333,0,0.0,0,37488.89,1
txn_009118,cust_00404,4615.05,netbanking,success,none,2,2,0,1.0,0,0.0,0,149936.29,1
txn_009119,cust_00936,2589.24,netbanking,abandoned,none,40,32,8,0.8,0,2.92,1,102379.4,1
txn_009120,cust_00172,448.6,netbanking,success,none,10,7,3,0.7,0,0.0,0,65038.22,1
txn_009121,cust_02045,829.21,upi,success,none,16,11,5,0.6875,0,0.0,0,143875.63,1
txn_009122,cust_00570,663.99,upi,success,none,15,12,3,0.8,0,0.0,0,49955.37,1
txn_009123,cust_00361,1035.59,card,success,none,4,3,1,0.75,0,0.0,0,38619.28,1
txn_009124,cust_02397,3857.46,netbanking,success,none,32,30,2,0.9375,0,0.0,0,142096.67,1
txn_009125,cust_00384,307.12,netbanking,success,none,19,13,6,0.6842,0,0.0,0,105745.15,1
txn_009126,cust_01826,747.22,card,success,none,4,3,1,0.75,0,0.0,0,1702.31,1
txn_009127,cust_01424,902.81,netbanking,success,none,28,23,5,0.8214,0,0.0,0,104410.62,1
txn_009128,cust_02065,359.96,card,success,none,5,4,1,0.8,0,0.0,0,9085.94,1
txn_009129,cust_02026,1643.79,netbanking,success,none,10,10,0,1.0,0,0.0,0,6951.15,1
txn_009130,cust_01284,951.48,wallet,abandoned,none,35,29,6,0.8286,0,2.05,1,89479.17,1
txn_009131,cust_01566,4071.7,card,success,none,26,22,4,0.8462,0,0.0,0,56463.72,1
txn_009132,cust_01007,1017.27,netbanking,failed,authentication_failed,13,10,3,0.7692,2,1.02,0,113630.75,0
txn_009133,cust_00849,2119.51,netbanking,success,none,17,15,2,0.8824,0,0.0,0,105901.63,1
txn_009134,cust_02291,1502.65,card,success,none,13,12,1,0.9231,0,0.0,0,75350.9,1
txn_009135,cust_00482,112.0,wallet,failed,authentication_failed,4,3,1,0.75,2,9.29,0,44711.8,0
txn_009136,cust_02383,318.89,upi,success,none,35,20,15,0.5714,0,0.0,0,140293.78,1
txn_009137,cust_02319,1965.58,card,failed,network_error,16,15,1,0.9375,0,13.52,0,41141.83,0
txn_009138,cust_00797,1878.0,card,success,none,5,4,1,0.8,0,0.0,0,52375.57,1
txn_009139,cust_00958,1250.54,upi,abandoned,none,17,15,2,0.8824,0,4.95,1,145093.53,0
txn_009140,cust_01860,5065.12,upi,success,none,2,2,0,1.0,0,0.0,0,8187.02,1
txn_009141,cust_00410,2230.49,card,success,none,32,22,10,0.6875,0,0.0,0,145389.23,1
txn_009142,cust_00070,6440.08,wallet,success,none,10,8,2,0.8,0,0.0,0,56713.16,1
txn_009143,cust_00901,114.47,upi,success,none,11,8,3,0.7273,0,0.0,0,66501.22,1
txn_009144,cust_02135,7586.67,upi,success,none,19,15,4,0.7895,0,0.0,0,20948.31,1
txn_009145,cust_00112,729.86,upi,success,none,5,4,1,0.8,0,0.0,0,67026.48,1
txn_009146,cust_02219,1373.15,card,failed,technical_error,25,22,3,0.88,3,12.75,0,98527.37,0
txn_009147,cust_00576,4388.63,netbanking,success,none,2,2,0,1.0,0,0.0,0,20638.68,1
txn_009148,cust_00983,161.62,netbanking,success,none,32,29,3,0.9062,0,0.0,0,48239.07,1
txn_009149,cust_00262,1039.68,upi,success,none,38,24,14,0.6316,0,0.0,0,141963.24,1
txn_009150,cust_01429,3673.19,netbanking,failed,authentication_failed,9,7,2,0.7778,1,7.37,0,58025.44,0
txn_009151,cust_02317,722.67,wallet,success,none,40,20,20,0.5,0,0.0,0,129414.46,1
txn_009152,cust_00643,3340.05,card,success,none,28,25,3,0.8929,0,0.0,0,73363.59,1
txn_009153,cust_00590,2634.32,upi,success,none,28,20,8,0.7143,0,0.0,0,103228.53,1
txn_009154,cust_01414,1586.31,upi,success,none,24,23,1,0.9583,0,0.0,0,100011.81,1
txn_009155,cust_00182,2437.92,upi,success,none,2,2,0,1.0,0,0.0,0,27724.74,1
txn_009156,cust_01496,4888.46,wallet,success,none,8,8,0,1.0,0,0.0,0,35032.26,1
txn_009157,cust_00990,2446.71,netbanking,success,none,19,17,2,0.8947,0,0.0,0,143341.74,1
txn_009158,cust_00368,3391.84,upi,success,none,8,6,2,0.75,0,0.0,0,84152.88,1
txn_009159,cust_00928,554.85,card,success,none,28,20,8,0.7143,0,0.0,0,20956.31,1
txn_009160,cust_01822,2397.05,wallet,abandoned,none,30,22,8,0.7333,0,2.31,1,22340.4,1
txn_009161,cust_01211,2184.99,upi,failed,network_error,9,7,2,0.7778,3,5.54,0,118784.21,0
txn_009162,cust_00702,4121.17,card,abandoned,none,4,3,1,0.75,0,2.6,1,68127.94,1
txn_009163,cust_01357,420.74,card,success,none,30,12,18,0.4,0,0.0,0,85281.92,1
txn_009164,cust_00459,3919.07,netbanking,success,none,25,24,1,0.96,0,0.0,0,58525.73,1
txn_009165,cust_01263,556.04,netbanking,success,none,21,15,6,0.7143,0,0.0,0,44425.77,1
txn_009166,cust_01830,13913.9,netbanking,success,none,6,6,0,1.0,0,0.0,0,20281.49,1
txn_009167,cust_02251,550.89,wallet,success,none,3,2,1,0.6667,0,0.0,0,117809.96,1
txn_009168,cust_00552,417.06,card,success,none,7,6,1,0.8571,0,0.0,0,125220.27,1
txn_009169,cust_01869,1001.74,netbanking,success,none,7,6,1,0.8571,0,0.0,0,77226.13,1
txn_009170,cust_01411,3821.37,netbanking,failed,technical_error,20,19,1,0.95,1,8.08,0,24687.64,1
txn_009171,cust_00856,1910.36,card,success,none,21,13,8,0.619,0,0.0,0,100508.13,1
txn_009172,cust_00214,7183.21,card,success,none,25,16,9,0.64,0,0.0,0,101920.37,1
txn_009173,cust_00277,991.78,upi,abandoned,none,28,15,13,0.5357,0,6.37,1,21219.22,0
txn_009174,cust_01860,820.6,card,success,none,2,2,0,1.0,0,0.0,0,8187.02,1
txn_009175,cust_01836,642.61,netbanking,abandoned,none,21,19,2,0.9048,0,6.2,1,113770.31,1
txn_009176,cust_01767,791.31,card,success,none,15,13,2,0.8667,0,0.0,0,101976.59,1
txn_009177,cust_02023,331.22,wallet,failed,bank_decline,17,15,2,0.8824,1,9.86,0,20379.91,0
txn_009178,cust_00649,700.07,netbanking,success,none,20,16,4,0.8,0,0.0,0,7767.19,1
txn_009179,cust_01790,399.22,card,success,none,4,4,0,1.0,0,0.0,0,121009.04,1
txn_009180,cust_01171,2748.94,wallet,success,none,33,29,4,0.8788,0,0.0,0,68945.44,1
txn_009181,cust_00877,5885.19,netbanking,success,none,9,6,3,0.6667,0,0.0,0,65460.12,1
txn_009182,cust_01424,1671.77,card,success,none,28,23,5,0.8214,0,0.0,0,104410.62,1
txn_009183,cust_01630,682.73,netbanking,success,none,36,34,2,0.9444,0,0.0,0,104340.5,1
txn_009184,cust_00701,2819.39,netbanking,failed,insufficient_funds,33,27,6,0.8182,2,12.26,0,23478.3,0
txn_009185,cust_01223,1287.86,wallet,success,none,38,33,5,0.8684,0,0.0,0,99440.11,1
txn_009186,cust_01799,3695.41,wallet,failed,authentication_failed,15,14,1,0.9333,1,4.95,0,103261.4,0
txn_009187,cust_01197,520.39,netbanking,success,none,7,6,1,0.8571,0,0.0,0,134323.89,1
txn_009188,cust_02039,557.8,wallet,success,none,14,14,0,1.0,0,0.0,0,142595.93,1
txn_009189,cust_01325,2768.77,wallet,success,none,21,19,2,0.9048,0,0.0,0,30364.07,1
txn_009190,cust_00482,1312.56,wallet,failed,insufficient_funds,4,3,1,0.75,3,6.55,0,44711.8,0
txn_009191,cust_02381,3384.21,wallet,abandoned,none,21,13,8,0.619,0,6.06,1,129771.93,1
txn_009192,cust_01533,567.63,upi,success,none,34,33,1,0.9706,0,0.0,0,62545.46,1
txn_009193,cust_01358,2066.58,wallet,success,none,32,30,2,0.9375,0,0.0,0,82909.2,1
txn_009194,cust_00679,2313.43,wallet,success,none,10,6,4,0.6,0,0.0,0,39139.27,1
txn_009195,cust_02047,287.98,netbanking,success,none,8,6,2,0.75,0,0.0,0,58495.51,1
txn_009196,cust_00193,1334.86,netbanking,success,none,18,14,4,0.7778,0,0.0,0,53320.77,1
txn_009197,cust_00028,178.36,wallet,success,none,30,21,9,0.7,0,0.0,0,95716.98,1
txn_009198,cust_00752,5824.65,netbanking,success,none,9,7,2,0.7778,0,0.0,0,131077.29,1
txn_009199,cust_01711,358.67,card,failed,network_error,10,9,1,0.9,0,12.04,0,125282.11,0
txn_009200,cust_00667,1108.88,upi,success,none,40,31,9,0.775,0,0.0,0,69554.44,1
txn_009201,cust_01371,1332.88,card,success,none,38,27,11,0.7105,0,0.0,0,103680.9,1
txn_009202,cust_00919,511.76,upi,success,none,30,18,12,0.6,0,0.0,0,75315.2,1
txn_009203,cust_01154,8511.77,netbanking,success,none,38,34,4,0.8947,0,0.0,0,87292.3,1
txn_009204,cust_00551,670.69,wallet,success,none,10,8,2,0.8,0,0.0,0,132926.65,1
txn_009205,cust_00393,1022.71,netbanking,success,none,39,33,6,0.8462,0,0.0,0,112594.7,1
txn_009206,cust_01931,672.16,upi,success,none,36,19,17,0.5278,0,0.0,0,96854.28,1
txn_009207,cust_02447,666.48,netbanking,success,none,16,13,3,0.8125,0,0.0,0,95303.44,1
txn_009208,cust_02296,1201.13,card,failed,technical_error,23,11,12,0.4783,2,3.21,0,24243.34,0
txn_009209,cust_00930,2705.54,netbanking,success,none,26,23,3,0.8846,0,0.0,0,55524.67,1
txn_009210,cust_02337,1572.04,upi,success,none,7,7,0,1.0,0,0.0,0,103890.93,1
txn_009211,cust_01427,627.33,netbanking,success,none,7,7,0,1.0,0,0.0,0,16377.03,1
txn_009212,cust_01940,1331.03,netbanking,success,none,6,5,1,0.8333,0,0.0,0,118975.71,1
txn_009213,cust_02341,341.38,upi,success,none,22,19,3,0.8636,0,0.0,0,39705.6,1
txn_009214,cust_01237,4373.25,wallet,success,none,36,25,11,0.6944,0,0.0,0,14866.57,1
txn_009215,cust_00326,807.57,netbanking,failed,authentication_failed,23,18,5,0.7826,1,3.02,0,119877.02,0
txn_009216,cust_02313,851.96,upi,abandoned,none,30,25,5,0.8333,0,0.47,1,48032.04,1
txn_009217,cust_01155,191.3,netbanking,success,none,27,24,3,0.8889,0,0.0,0,44983.65,1
txn_009218,cust_00418,806.98,wallet,failed,network_error,6,5,1,0.8333,0,0.49,0,47863.06,1
txn_009219,cust_02011,7203.5,netbanking,failed,bank_decline,4,3,1,0.75,2,12.76,0,2931.82,0
txn_009220,cust_01465,2468.88,netbanking,success,none,28,11,17,0.3929,0,0.0,0,105569.79,1
txn_009221,cust_01228,4060.24,card,success,none,10,4,6,0.4,0,0.0,0,111208.64,1
txn_009222,cust_01206,1505.09,upi,failed,bank_decline,26,14,12,0.5385,3,4.56,0,139402.37,0
txn_009223,cust_01906,100.0,wallet,success,none,11,8,3,0.7273,0,0.0,0,16453.25,1
txn_009224,cust_01529,1435.98,netbanking,success,none,4,3,1,0.75,0,0.0,0,145911.33,1
txn_009225,cust_00495,1637.97,upi,success,none,35,35,0,1.0,0,0.0,0,24538.37,1
txn_009226,cust_01834,3280.13,wallet,abandoned,none,3,3,0,1.0,0,6.88,1,80533.61,0
txn_009227,cust_02373,1291.11,wallet,success,none,6,5,1,0.8333,0,0.0,0,16485.33,1
txn_009228,cust_01647,619.06,upi,failed,authentication_failed,5,3,2,0.6,2,1.67,0,53221.69,0
txn_009229,cust_00412,1212.94,card,failed,network_error,22,17,5,0.7727,1,5.38,0,48837.68,0
txn_009230,cust_01475,951.21,netbanking,success,none,16,12,4,0.75,0,0.0,0,9627.99,1
txn_009231,cust_01897,2261.19,upi,success,none,18,15,3,0.8333,0,0.0,0,131892.86,1
txn_009232,cust_00539,1215.64,card,success,none,36,31,5,0.8611,0,0.0,0,49872.94,1
txn_009233,cust_00453,497.63,netbanking,success,none,35,22,13,0.6286,0,0.0,0,57204.3,1
txn_009234,cust_01032,2361.14,upi,success,none,33,15,18,0.4545,0,0.0,0,49861.07,1
txn_009235,cust_02146,639.79,card,success,none,32,28,4,0.875,0,0.0,0,35530.74,1
txn_009236,cust_00045,976.53,card,failed,network_error,30,22,8,0.7333,0,9.25,0,22287.87,1
txn_009237,cust_01061,842.25,netbanking,abandoned,none,10,8,2,0.8,0,4.99,1,25516.04,1
txn_009238,cust_00450,1698.03,netbanking,abandoned,none,32,29,3,0.9062,0,3.34,1,129923.83,0
txn_009239,cust_02462,339.92,netbanking,failed,technical_error,36,33,3,0.9167,2,12.99,0,118495.71,0
txn_009240,cust_00821,1383.14,card,success,none,6,5,1,0.8333,0,0.0,0,109335.12,1
txn_009241,cust_02097,3945.93,netbanking,success,none,37,31,6,0.8378,0,0.0,0,127985.42,1
txn_009242,cust_02215,1474.05,wallet,failed,technical_error,35,28,7,0.8,3,12.2,0,61888.36,1
txn_009243,cust_02113,687.16,upi,success,none,15,14,1,0.9333,0,0.0,0,107117.67,1
txn_009244,cust_00359,929.22,upi,failed,bank_decline,31,19,12,0.6129,3,8.58,0,72328.42,0
txn_009245,cust_00655,1800.37,card,success,none,1,1,0,1.0,0,0.0,0,75110.41,1
txn_009246,cust_00682,2345.6,netbanking,success,none,32,23,9,0.7188,0,0.0,0,70129.01,1
txn_009247,cust_00052,6026.59,wallet,failed,insufficient_funds,6,5,1,0.8333,1,6.91,0,113611.54,0
txn_009248,cust_02465,263.55,wallet,success,none,2,2,0,1.0,0,0.0,0,103698.25,1
txn_009249,cust_01988,1743.13,upi,failed,insufficient_funds,12,9,3,0.75,1,9.48,0,76080.12,1
txn_009250,cust_00207,1612.26,card,success,none,5,4,1,0.8,0,0.0,0,142382.3,1
txn_009251,cust_01155,1252.93,netbanking,success,none,27,24,3,0.8889,0,0.0,0,44983.65,1
txn_009252,cust_01303,1911.11,upi,success,none,22,13,9,0.5909,0,0.0,0,68844.56,1
txn_009253,cust_02302,1064.72,upi,success,none,21,19,2,0.9048,0,0.0,0,74358.72,1
txn_009254,cust_01447,493.33,wallet,success,none,20,18,2,0.9,0,0.0,0,31611.41,1
txn_009255,cust_01192,1658.26,card,success,none,31,24,7,0.7742,0,0.0,0,9361.13,1
txn_009256,cust_02422,2563.82,upi,success,none,1,1,0,1.0,0,0.0,0,35688.76,1
txn_009257,cust_00764,1277.53,netbanking,success,none,33,27,6,0.8182,0,0.0,0,56720.26,1
txn_009258,cust_00400,3863.55,wallet,success,none,28,21,7,0.75,0,0.0,0,110445.55,1
txn_009259,cust_00915,1056.38,upi,success,none,11,9,2,0.8182,0,0.0,0,122208.2,1
txn_009260,cust_01130,2122.96,card,success,none,39,33,6,0.8462,0,0.0,0,6892.59,1
txn_009261,cust_00243,275.41,netbanking,failed,authentication_failed,29,25,4,0.8621,1,4.72,0,92285.2,0
txn_009262,cust_00373,12612.34,wallet,success,none,38,31,7,0.8158,0,0.0,0,148514.66,1
txn_009263,cust_01424,1066.8,upi,success,none,28,23,5,0.8214,0,0.0,0,104410.62,1
txn_009264,cust_00665,822.06,upi,success,none,26,23,3,0.8846,0,0.0,0,4107.63,1
txn_009265,cust_00639,1026.85,wallet,success,none,37,35,2,0.9459,0,0.0,0,89837.34,1
txn_009266,cust_01179,518.64,wallet,success,none,28,25,3,0.8929,0,0.0,0,121118.99,1
txn_009267,cust_01851,416.33,upi,success,none,26,22,4,0.8462,0,0.0,0,3849.59,1
txn_009268,cust_00179,1395.55,card,abandoned,none,10,9,1,0.9,0,5.78,1,138938.81,1
txn_009269,cust_01873,1501.34,wallet,success,none,13,11,2,0.8462,0,0.0,0,116915.88,1
txn_009270,cust_01384,1675.51,card,success,none,9,8,1,0.8889,0,0.0,0,105512.55,1
txn_009271,cust_00524,1294.73,upi,failed,bank_decline,31,22,9,0.7097,2,0.71,0,145140.23,0
txn_009272,cust_00430,1232.64,card,success,none,39,36,3,0.9231,0,0.0,0,120097.75,1
txn_009273,cust_01545,402.19,netbanking,success,none,38,28,10,0.7368,0,0.0,0,17236.95,1
txn_009274,cust_02308,822.73,upi,failed,technical_error,28,26,2,0.9286,2,7.17,0,72269.69,0
txn_009275,cust_02431,1573.84,netbanking,success,none,31,30,1,0.9677,0,0.0,0,28058.96,1
txn_009276,cust_02392,781.53,netbanking,failed,authentication_failed,27,23,4,0.8519,1,4.99,0,39711.25,0
txn_009277,cust_00601,1793.94,upi,success,none,8,8,0,1.0,0,0.0,0,128066.12,1
txn_009278,cust_01256,1170.04,card,success,none,40,36,4,0.9,0,0.0,0,57603.6,1
txn_009279,cust_01478,1161.05,wallet,success,none,39,35,4,0.8974,0,0.0,0,9199.26,1
txn_009280,cust_00008,1647.92,netbanking,failed,network_error,36,28,8,0.7778,0,12.23,0,30626.81,1
txn_009281,cust_01250,2175.78,wallet,success,none,5,5,0,1.0,0,0.0,0,54807.61,1
txn_009282,cust_01268,2719.0,upi,failed,network_error,37,26,11,0.7027,1,4.51,0,30770.21,0
txn_009283,cust_02096,9730.71,wallet,success,none,12,9,3,0.75,0,0.0,0,100975.71,1
txn_009284,cust_00071,3177.28,card,failed,network_error,11,11,0,1.0,1,13.74,0,81367.48,0
txn_009285,cust_02286,304.77,netbanking,success,none,6,4,2,0.6667,0,0.0,0,60440.66,1
txn_009286,cust_02442,453.11,upi,success,none,36,27,9,0.75,0,0.0,0,78618.01,1
txn_009287,cust_02496,1017.75,wallet,success,none,3,2,1,0.6667,0,0.0,0,86080.82,1
txn_009288,cust_00880,624.58,wallet,success,none,11,10,1,0.9091,0,0.0,0,25133.08,1
txn_009289,cust_00543,1979.3,wallet,failed,network_error,20,16,4,0.8,2,11.72,0,97736.68,1
txn_009290,cust_00474,2200.84,card,abandoned,none,3,3,0,1.0,0,6.8,1,93001.46,0
txn_009291,cust_00007,825.91,card,failed,bank_decline,33,30,3,0.9091,2,10.63,0,90700.79,0
txn_009292,cust_01945,4401.39,card,success,none,15,6,9,0.4,0,0.0,0,126803.3,1
txn_009293,cust_01865,5734.18,card,success,none,1,1,0,1.0,0,0.0,0,45866.35,1
txn_009294,cust_00282,218.8,wallet,success,none,25,19,6,0.76,0,0.0,0,42460.24,1
txn_009295,cust_00202,320.9,upi,failed,bank_decline,37,30,7,0.8108,1,3.36,0,29321.74,0
txn_009296,cust_02475,4012.78,wallet,abandoned,none,36,28,8,0.7778,0,1.55,1,24891.17,0
txn_009297,cust_00653,3196.56,upi,abandoned,none,9,7,2,0.7778,0,3.76,1,114859.97,0
txn_009298,cust_00775,2214.21,wallet,success,none,10,8,2,0.8,0,0.0,0,82771.83,1
txn_009299,cust_02237,1354.16,card,abandoned,none,40,31,9,0.775,0,6.61,1,104861.55,1
txn_009300,cust_00359,1208.2,netbanking,failed,network_error,31,19,12,0.6129,0,10.21,0,72328.42,0
txn_009301,cust_01420,2290.67,upi,success,none,5,2,3,0.4,0,0.0,0,20772.27,1
txn_009302,cust_02465,1597.95,netbanking,success,none,2,2,0,1.0,0,0.0,0,103698.25,1
txn_009303,cust_02295,4952.87,card,success,none,16,15,1,0.9375,0,0.0,0,125613.87,1
txn_009304,cust_00009,677.73,wallet,success,none,35,29,6,0.8286,0,0.0,0,63508.45,1
txn_009305,cust_02410,1363.75,netbanking,success,none,18,15,3,0.8333,0,0.0,0,43416.85,1
txn_009306,cust_00801,3262.78,card,success,none,12,9,3,0.75,0,0.0,0,124727.16,1
txn_009307,cust_00405,1578.8,wallet,success,none,18,13,5,0.7222,0,0.0,0,86860.8,1
txn_009308,cust_00207,2625.85,card,success,none,5,4,1,0.8,0,0.0,0,142382.3,1
txn_009309,cust_00803,2587.95,upi,failed,technical_error,31,29,2,0.9355,0,9.56,0,95128.64,0
txn_009310,cust_01883,875.82,card,success,none,10,4,6,0.4,0,0.0,0,142467.46,1
txn_009311,cust_00548,482.67,netbanking,success,none,9,4,5,0.4444,0,0.0,0,58908.23,1
txn_009312,cust_02113,634.11,wallet,failed,bank_decline,15,14,1,0.9333,2,3.64,0,107117.67,0
txn_009313,cust_02347,453.15,upi,abandoned,none,35,23,12,0.6571,0,0.92,1,27006.29,1
txn_009314,cust_00685,209.35,netbanking,success,none,37,32,5,0.8649,0,0.0,0,96805.78,1
txn_009315,cust_02409,3990.86,wallet,abandoned,none,40,36,4,0.9,0,6.89,1,121328.67,1
txn_009316,cust_01243,203.16,upi,success,none,16,13,3,0.8125,0,0.0,0,86222.1,1
txn_009317,cust_00734,8616.72,wallet,failed,network_error,22,14,8,0.6364,2,9.16,0,131582.52,0
txn_009318,cust_00153,790.14,wallet,success,none,36,33,3,0.9167,0,0.0,0,45607.43,1
txn_009319,cust_00316,1013.99,netbanking,success,none,35,21,14,0.6,0,0.0,0,116421.58,1
txn_009320,cust_00863,294.45,upi,success,none,16,11,5,0.6875,0,0.0,0,118765.59,1
txn_009321,cust_01899,1967.59,wallet,success,none,22,9,13,0.4091,0,0.0,0,28247.54,1
txn_009322,cust_01746,1031.85,wallet,success,none,34,30,4,0.8824,0,0.0,0,130211.16,1
txn_009323,cust_00437,1423.82,upi,success,none,19,18,1,0.9474,0,0.0,0,76821.93,1
txn_009324,cust_00086,609.64,card,success,none,13,12,1,0.9231,0,0.0,0,107229.4,1
txn_009325,cust_00480,2166.39,card,success,none,20,15,5,0.75,0,0.0,0,135610.19,1
txn_009326,cust_01391,587.62,wallet,success,none,6,5,1,0.8333,0,0.0,0,61024.77,1
txn_009327,cust_00138,1449.2,upi,success,none,21,18,3,0.8571,0,0.0,0,140271.23,1
txn_009328,cust_02202,2125.97,netbanking,success,none,35,10,25,0.2857,0,0.0,0,75996.05,1
txn_009329,cust_02399,5717.63,wallet,abandoned,none,28,26,2,0.9286,0,1.73,1,119896.75,1
txn_009330,cust_01848,2998.6,upi,failed,technical_error,9,8,1,0.8889,2,11.25,0,52067.19,0
txn_009331,cust_00306,1465.39,wallet,success,none,23,21,2,0.913,0,0.0,0,80379.04,1
txn_009332,cust_00723,1328.8,upi,success,none,34,26,8,0.7647,0,0.0,0,14924.49,1
txn_009333,cust_02196,1832.46,card,success,none,9,6,3,0.6667,0,0.0,0,17176.95,1
txn_009334,cust_01944,2883.36,card,success,none,24,21,3,0.875,0,0.0,0,123971.34,1
txn_009335,cust_00571,636.31,upi,failed,bank_decline,10,9,1,0.9,0,0.83,0,118507.92,1
txn_009336,cust_00953,3305.06,wallet,success,none,37,30,7,0.8108,0,0.0,0,45668.79,1
txn_009337,cust_01862,524.79,netbanking,success,none,25,21,4,0.84,0,0.0,0,19415.66,1
txn_009338,cust_01436,2113.95,card,failed,bank_decline,40,34,6,0.85,1,4.63,0,103298.36,0
txn_009339,cust_01612,2301.75,netbanking,abandoned,none,12,7,5,0.5833,0,5.31,1,74075.03,0
txn_009340,cust_02025,684.33,wallet,success,none,1,1,0,1.0,0,0.0,0,50253.86,1
txn_009341,cust_02466,286.47,upi,success,none,23,17,6,0.7391,0,0.0,0,108935.47,1
txn_009342,cust_02438,1028.06,upi,success,none,14,13,1,0.9286,0,0.0,0,71451.01,1
txn_009343,cust_01455,100.0,netbanking,success,none,21,12,9,0.5714,0,0.0,0,20665.45,1
txn_009344,cust_01807,1120.62,card,abandoned,none,12,8,4,0.6667,0,1.86,1,142091.58,1
txn_009345,cust_01573,384.43,card,success,none,22,20,2,0.9091,0,0.0,0,19256.62,1
txn_009346,cust_01974,30129.25,wallet,success,none,39,23,16,0.5897,0,0.0,0,91317.96,1
txn_009347,cust_01804,3861.05,upi,success,none,7,5,2,0.7143,0,0.0,0,71146.35,1
txn_009348,cust_01374,1439.71,card,failed,network_error,14,9,5,0.6429,1,9.72,0,122215.95,0
txn_009349,cust_01749,5076.67,netbanking,abandoned,none,33,31,2,0.9394,0,1.12,1,61104.39,1
txn_009350,cust_01843,2710.9,upi,success,none,5,4,1,0.8,0,0.0,0,123752.73,1
txn_009351,cust_00341,418.41,wallet,success,none,36,24,12,0.6667,0,0.0,0,50287.9,1
txn_009352,cust_01189,716.63,wallet,failed,bank_decline,6,5,1,0.8333,0,1.61,0,98406.62,1
txn_009353,cust_01426,3749.83,wallet,failed,bank_decline,25,24,1,0.96,2,2.67,0,14310.33,1
txn_009354,cust_01303,512.58,netbanking,failed,network_error,22,13,9,0.5909,0,1.4,0,68844.56,1
txn_009355,cust_01070,1988.86,card,failed,authentication_failed,20,19,1,0.95,0,9.88,0,108768.73,0
txn_009356,cust_02245,2630.05,upi,success,none,26,20,6,0.7692,0,0.0,0,92480.87,1
txn_009357,cust_01387,1032.11,netbanking,failed,technical_error,26,11,15,0.4231,1,6.04,0,73929.35,0
txn_009358,cust_02302,1559.83,wallet,success,none,21,19,2,0.9048,0,0.0,0,74358.72,1
txn_009359,cust_02353,3077.26,wallet,success,none,10,8,2,0.8,0,0.0,0,130370.39,1
txn_009360,cust_01198,2933.91,card,success,none,3,3,0,1.0,0,0.0,0,35235.21,1
txn_009361,cust_00237,2096.82,netbanking,success,none,15,14,1,0.9333,0,0.0,0,27207.12,1
txn_009362,cust_01956,1322.19,netbanking,success,none,27,25,2,0.9259,0,0.0,0,16937.26,1
txn_009363,cust_02027,2409.94,netbanking,success,none,21,16,5,0.7619,0,0.0,0,89935.17,1
txn_009364,cust_01856,177.41,wallet,failed,authentication_failed,3,3,0,1.0,1,10.71,0,56903.67,1
txn_009365,cust_02096,5858.09,upi,success,none,12,9,3,0.75,0,0.0,0,100975.71,1
txn_009366,cust_01656,1173.14,wallet,success,none,15,13,2,0.8667,0,0.0,0,25235.82,1
txn_009367,cust_02439,642.29,netbanking,success,none,20,15,5,0.75,0,0.0,0,140496.07,1
txn_009368,cust_02468,2439.29,card,success,none,32,21,11,0.6562,0,0.0,0,106287.27,1
txn_009369,cust_01161,2371.86,wallet,success,none,32,29,3,0.9062,0,0.0,0,69663.52,1
txn_009370,cust_02305,504.5,card,success,none,33,32,1,0.9697,0,0.0,0,42759.73,1
txn_009371,cust_01799,1433.02,upi,success,none,15,14,1,0.9333,0,0.0,0,103261.4,1
txn_009372,cust_00602,1390.38,netbanking,failed,authentication_failed,36,29,7,0.8056,1,4.52,0,108405.15,0
txn_009373,cust_02292,1302.56,wallet,success,none,13,11,2,0.8462,0,0.0,0,35994.34,1
txn_009374,cust_00836,6795.53,card,success,none,29,28,1,0.9655,0,0.0,0,6185.05,1
txn_009375,cust_01542,1312.7,upi,success,none,21,14,7,0.6667,0,0.0,0,48390.6,1
txn_009376,cust_00267,1176.26,netbanking,success,none,27,24,3,0.8889,0,0.0,0,81194.86,1
txn_009377,cust_00444,678.33,wallet,success,none,18,17,1,0.9444,0,0.0,0,116128.59,1
txn_009378,cust_01184,587.08,upi,success,none,23,20,3,0.8696,0,0.0,0,40831.39,1
txn_009379,cust_02020,1982.36,netbanking,success,none,12,10,2,0.8333,0,0.0,0,110526.84,1
txn_009380,cust_02328,837.3,card,success,none,16,13,3,0.8125,0,0.0,0,83745.67,1
txn_009381,cust_02148,1109.95,netbanking,success,none,3,3,0,1.0,0,0.0,0,100619.25,1
txn_009382,cust_01869,1632.99,upi,failed,insufficient_funds,7,6,1,0.8571,1,13.3,0,77226.13,0
txn_009383,cust_01884,1427.51,upi,success,none,33,24,9,0.7273,0,0.0,0,12182.18,1
txn_009384,cust_01880,1532.97,upi,success,none,1,1,0,1.0,0,0.0,0,2899.66,1
txn_009385,cust_00959,1527.39,wallet,success,none,38,32,6,0.8421,0,0.0,0,87067.52,1
txn_009386,cust_01705,2501.39,card,success,none,40,18,22,0.45,0,0.0,0,22969.7,1
txn_009387,cust_02009,18789.07,netbanking,success,none,25,21,4,0.84,0,0.0,0,63068.37,1
txn_009388,cust_00177,4579.34,upi,abandoned,none,36,31,5,0.8611,0,4.5,1,132736.07,0
txn_009389,cust_01813,932.35,wallet,success,none,8,4,4,0.5,0,0.0,0,71109.95,1
txn_009390,cust_01893,4516.56,upi,success,none,3,2,1,0.6667,0,0.0,0,2441.18,1
txn_009391,cust_01518,466.94,wallet,success,none,13,12,1,0.9231,0,0.0,0,110137.04,1
txn_009392,cust_02229,760.32,upi,success,none,31,27,4,0.871,0,0.0,0,38812.87,1
txn_009393,cust_01388,2715.91,card,failed,insufficient_funds,37,35,2,0.9459,0,7.04,0,95227.9,0
txn_009394,cust_00411,2632.97,upi,failed,bank_decline,31,19,12,0.6129,1,10.18,0,52846.2,0
txn_009395,cust_01622,2444.35,card,failed,technical_error,34,19,15,0.5588,0,4.53,0,129239.75,0
txn_009396,cust_00147,742.26,upi,abandoned,none,9,9,0,1.0,0,5.84,1,140055.65,0
txn_009397,cust_02237,747.37,upi,failed,technical_error,40,31,9,0.775,1,11.08,0,104861.55,0
txn_009398,cust_00459,1527.14,upi,failed,authentication_failed,25,24,1,0.96,3,8.66,0,58525.73,0
txn_009399,cust_00266,1040.76,upi,failed,insufficient_funds,20,15,5,0.75,2,8.63,0,113267.79,1
txn_009400,cust_01744,3255.74,card,failed,technical_error,14,13,1,0.9286,1,10.44,0,137101.49,0
txn_009401,cust_02325,1015.02,wallet,success,none,12,9,3,0.75,0,0.0,0,86140.05,1
txn_009402,cust_02417,985.54,netbanking,success,none,32,25,7,0.7812,0,0.0,0,28980.63,1
txn_009403,cust_01773,263.53,wallet,success,none,15,10,5,0.6667,0,0.0,0,38606.18,1
txn_009404,cust_01986,3214.19,upi,failed,bank_decline,19,12,7,0.6316,2,3.62,0,103305.08,0
txn_009405,cust_02438,1848.96,wallet,success,none,14,13,1,0.9286,0,0.0,0,71451.01,1
txn_009406,cust_00644,136.18,netbanking,abandoned,none,29,20,9,0.6897,0,1.18,1,62713.38,0
txn_009407,cust_02123,2090.21,card,failed,network_error,13,12,1,0.9231,0,4.71,0,40221.96,1
txn_009408,cust_01415,896.79,netbanking,success,none,11,8,3,0.7273,0,0.0,0,8716.3,1
txn_009409,cust_01206,2910.1,card,abandoned,none,26,14,12,0.5385,0,4.59,1,139402.37,1
txn_009410,cust_00882,1205.79,card,abandoned,none,34,21,13,0.6176,0,1.34,1,134343.96,1
txn_009411,cust_01897,599.22,netbanking,success,none,18,15,3,0.8333,0,0.0,0,131892.86,1
txn_009412,cust_00512,7548.07,card,success,none,13,10,3,0.7692,0,0.0,0,93512.78,1
txn_009413,cust_01641,6450.86,upi,success,none,32,17,15,0.5312,0,0.0,0,21955.86,1
txn_009414,cust_00534,1112.45,upi,success,none,24,14,10,0.5833,0,0.0,0,101251.43,1
txn_009415,cust_01702,1944.26,wallet,success,none,6,5,1,0.8333,0,0.0,0,59825.85,1
txn_009416,cust_01894,846.22,netbanking,success,none,9,9,0,1.0,0,0.0,0,99839.9,1
txn_009417,cust_00729,243.11,wallet,success,none,9,7,2,0.7778,0,0.0,0,24086.83,1
txn_009418,cust_00800,5002.52,upi,success,none,23,16,7,0.6957,0,0.0,0,82356.05,1
txn_009419,cust_01226,603.21,wallet,success,none,5,3,2,0.6,0,0.0,0,13223.66,1
txn_009420,cust_01584,4786.43,wallet,success,none,36,29,7,0.8056,0,0.0,0,72375.61,1
txn_009421,cust_01790,2689.82,card,success,none,4,4,0,1.0,0,0.0,0,121009.04,1
txn_009422,cust_00642,1784.97,wallet,abandoned,none,6,4,2,0.6667,0,2.25,1,41543.32,1
txn_009423,cust_00288,1285.73,upi,success,none,3,2,1,0.6667,0,0.0,0,113380.75,1
txn_009424,cust_00504,2701.17,wallet,success,none,19,18,1,0.9474,0,0.0,0,4269.0,1
txn_009425,cust_01343,528.26,netbanking,abandoned,none,32,26,6,0.8125,0,6.79,1,44036.38,0
txn_009426,cust_01085,5086.86,netbanking,failed,network_error,23,19,4,0.8261,3,6.52,0,18676.34,0
txn_009427,cust_01005,1545.66,wallet,success,none,11,9,2,0.8182,0,0.0,0,61629.21,1
txn_009428,cust_00686,5973.12,wallet,success,none,40,36,4,0.9,0,0.0,0,49158.03,1
txn_009429,cust_00715,1185.23,wallet,failed,bank_decline,39,23,16,0.5897,1,11.3,0,131118.67,0
txn_009430,cust_01746,1544.57,netbanking,success,none,34,30,4,0.8824,0,0.0,0,130211.16,1
txn_009431,cust_01186,1743.92,card,success,none,26,20,6,0.7692,0,0.0,0,69390.66,1
txn_009432,cust_02434,2382.73,netbanking,abandoned,none,16,11,5,0.6875,0,4.85,1,58334.89,1
txn_009433,cust_01127,8191.67,upi,success,none,24,20,4,0.8333,0,0.0,0,14777.14,1
txn_009434,cust_00115,864.31,card,success,none,6,3,3,0.5,0,0.0,0,139028.68,1
txn_009435,cust_00958,1178.62,wallet,success,none,17,15,2,0.8824,0,0.0,0,145093.53,1
txn_009436,cust_02308,1313.91,netbanking,success,none,28,26,2,0.9286,0,0.0,0,72269.69,1
txn_009437,cust_02270,132.23,card,abandoned,none,22,18,4,0.8182,0,1.58,1,142105.3,0
txn_009438,cust_01252,769.0,netbanking,failed,bank_decline,32,24,8,0.75,2,5.49,0,89477.15,0
txn_009439,cust_00664,820.7,card,failed,technical_error,27,26,1,0.963,3,11.44,0,44137.77,0
txn_009440,cust_01510,18734.14,netbanking,success,none,30,26,4,0.8667,0,0.0,0,130038.8,1
txn_009441,cust_00022,1734.49,card,failed,technical_error,40,36,4,0.9,0,1.67,0,132932.31,1
txn_009442,cust_01912,2194.0,wallet,success,none,32,30,2,0.9375,0,0.0,0,17827.68,1
txn_009443,cust_01497,308.38,wallet,success,none,33,19,14,0.5758,0,0.0,0,1382.71,1
txn_009444,cust_01273,1257.99,upi,success,none,19,16,3,0.8421,0,0.0,0,124860.99,1
txn_009445,cust_02165,3415.57,upi,success,none,1,1,0,1.0,0,0.0,0,75773.71,1
txn_009446,cust_00868,16591.51,upi,success,none,26,18,8,0.6923,0,0.0,0,149939.66,1
txn_009447,cust_00658,675.67,upi,success,none,15,13,2,0.8667,0,0.0,0,75539.09,1
txn_009448,cust_01659,217.98,netbanking,success,none,21,16,5,0.7619,0,0.0,0,39908.03,1
txn_009449,cust_01542,616.85,card,failed,authentication_failed,21,14,7,0.6667,2,0.42,0,48390.6,0
txn_009450,cust_02481,619.35,card,success,none,12,10,2,0.8333,0,0.0,0,132556.92,1
txn_009451,cust_00264,625.17,upi,success,none,37,29,8,0.7838,0,0.0,0,57676.77,1
txn_009452,cust_00379,3319.29,upi,success,none,11,9,2,0.8182,0,0.0,0,36739.91,1
txn_009453,cust_01085,1887.08,netbanking,success,none,23,19,4,0.8261,0,0.0,0,18676.34,1
txn_009454,cust_01882,433.37,wallet,success,none,37,34,3,0.9189,0,0.0,0,100684.27,1
txn_009455,cust_01537,5520.39,netbanking,success,none,26,19,7,0.7308,0,0.0,0,12149.74,1
txn_009456,cust_01829,8893.15,wallet,success,none,11,7,4,0.6364,0,0.0,0,73946.99,1
txn_009457,cust_02156,243.47,card,success,none,17,13,4,0.7647,0,0.0,0,87216.08,1
txn_009458,cust_00676,4348.77,wallet,failed,authentication_failed,13,11,2,0.8462,1,9.76,0,135982.49,1
txn_009459,cust_01268,1129.9,card,success,none,37,26,11,0.7027,0,0.0,0,30770.21,1
txn_009460,cust_01392,522.17,card,failed,technical_error,18,14,4,0.7778,3,13.9,0,104510.84,0
txn_009461,cust_01091,312.56,card,success,none,35,30,5,0.8571,0,0.0,0,64195.08,1
txn_009462,cust_00549,851.68,card,success,none,24,14,10,0.5833,0,0.0,0,100902.45,1
txn_009463,cust_01054,794.84,wallet,failed,network_error,39,26,13,0.6667,1,7.14,0,131097.12,1
txn_009464,cust_02074,1552.3,upi,success,none,38,34,4,0.8947,0,0.0,0,7782.01,1
txn_009465,cust_00551,11453.41,netbanking,failed,insufficient_funds,10,8,2,0.8,2,7.5,0,132926.65,0
txn_009466,cust_01064,806.0,card,success,none,32,20,12,0.625,0,0.0,0,14550.31,1
txn_009467,cust_02002,328.14,netbanking,success,none,35,34,1,0.9714,0,0.0,0,5813.65,1
txn_009468,cust_02415,962.78,wallet,failed,bank_decline,30,25,5,0.8333,2,4.74,0,93041.68,0
txn_009469,cust_02310,3797.15,card,success,none,23,21,2,0.913,0,0.0,0,59663.82,1
txn_009470,cust_01393,1045.57,netbanking,success,none,24,23,1,0.9583,0,0.0,0,68749.65,1
txn_009471,cust_01146,2569.53,card,success,none,33,26,7,0.7879,0,0.0,0,132538.98,1
txn_009472,cust_01230,1587.63,wallet,success,none,6,6,0,1.0,0,0.0,0,1774.09,1
txn_009473,cust_01939,1423.91,wallet,success,none,36,26,10,0.7222,0,0.0,0,1025.29,1
txn_009474,cust_01523,6550.04,card,success,none,1,1,0,1.0,0,0.0,0,142697.55,1
txn_009475,cust_00129,508.71,netbanking,success,none,34,24,10,0.7059,0,0.0,0,24457.48,1
txn_009476,cust_01558,473.12,wallet,abandoned,none,12,9,3,0.75,0,6.84,1,5631.23,1
txn_009477,cust_00724,539.8,card,success,none,28,22,6,0.7857,0,0.0,0,76764.78,1
txn_009478,cust_00989,1891.87,upi,success,none,10,8,2,0.8,0,0.0,0,44277.45,1
txn_009479,cust_00524,1412.95,netbanking,failed,bank_decline,31,22,9,0.7097,2,12.06,0,145140.23,0
txn_009480,cust_01513,2724.74,wallet,success,none,24,17,7,0.7083,0,0.0,0,30900.0,1
txn_009481,cust_01997,1241.35,card,success,none,4,3,1,0.75,0,0.0,0,30785.46,1
txn_009482,cust_00648,1101.47,netbanking,success,none,38,22,16,0.5789,0,0.0,0,73508.28,1
txn_009483,cust_02005,1861.53,upi,success,none,36,31,5,0.8611,0,0.0,0,58944.11,1
txn_009484,cust_00480,7306.05,upi,success,none,20,15,5,0.75,0,0.0,0,135610.19,1
txn_009485,cust_00974,418.93,card,success,none,21,18,3,0.8571,0,0.0,0,143546.14,1
txn_009486,cust_00582,533.71,netbanking,failed,bank_decline,5,4,1,0.8,0,4.78,0,71960.65,1
txn_009487,cust_02373,1395.62,netbanking,success,none,6,5,1,0.8333,0,0.0,0,16485.33,1
txn_009488,cust_02244,10223.8,wallet,success,none,3,3,0,1.0,0,0.0,0,108949.71,1
txn_009489,cust_00947,458.68,netbanking,abandoned,none,9,7,2,0.7778,0,6.2,1,49866.91,1
txn_009490,cust_02104,1326.11,upi,failed,network_error,16,13,3,0.8125,2,7.59,0,15906.71,0
txn_009491,cust_00714,557.02,netbanking,success,none,25,22,3,0.88,0,0.0,0,43337.9,1
txn_009492,cust_01983,1994.56,card,success,none,36,27,9,0.75,0,0.0,0,129245.42,1
txn_009493,cust_00816,169.99,card,failed,authentication_failed,26,23,3,0.8846,0,10.76,0,111752.85,1
txn_009494,cust_02456,475.24,card,abandoned,none,32,31,1,0.9688,0,3.0,1,14618.83,1
txn_009495,cust_01949,4809.48,netbanking,success,none,8,6,2,0.75,0,0.0,0,15518.12,1
txn_009496,cust_01972,1351.97,netbanking,success,none,12,8,4,0.6667,0,0.0,0,109843.7,1
txn_009497,cust_01802,635.65,card,success,none,11,9,2,0.8182,0,0.0,0,126255.17,1
txn_009498,cust_01449,1279.45,upi,failed,authentication_failed,26,23,3,0.8846,0,9.61,0,45035.77,0
txn_009499,cust_02239,1257.28,netbanking,abandoned,none,1,1,0,1.0,0,5.19,1,120851.03,1
txn_009500,cust_02316,2346.8,netbanking,success,none,7,7,0,1.0,0,0.0,0,49489.99,1
txn_009501,cust_02343,168.04,card,success,none,17,16,1,0.9412,0,0.0,0,52276.9,1
txn_009502,cust_00344,475.01,upi,success,none,13,11,2,0.8462,0,0.0,0,48016.64,1
txn_009503,cust_02220,515.49,netbanking,success,none,21,18,3,0.8571,0,0.0,0,61917.92,1
txn_009504,cust_01585,2513.47,card,success,none,6,6,0,1.0,0,0.0,0,42686.62,1
txn_009505,cust_00041,1331.01,card,failed,authentication_failed,14,8,6,0.5714,1,2.46,0,137057.28,0
txn_009506,cust_00502,5656.72,netbanking,failed,bank_decline,25,22,3,0.88,0,6.04,0,86216.48,1
txn_009507,cust_00383,3069.11,card,success,none,3,3,0,1.0,0,0.0,0,35489.96,1
txn_009508,cust_01804,947.75,card,failed,technical_error,7,5,2,0.7143,3,1.19,0,71146.35,0
txn_009509,cust_02094,1274.68,netbanking,success,none,12,9,3,0.75,0,0.0,0,33897.41,1
txn_009510,cust_01262,4884.8,card,success,none,12,11,1,0.9167,0,0.0,0,144721.62,1
txn_009511,cust_01198,5615.1,netbanking,failed,authentication_failed,3,3,0,1.0,3,6.62,0,35235.21,0
txn_009512,cust_01203,1217.21,wallet,failed,network_error,12,10,2,0.8333,0,7.07,0,139386.19,1
txn_009513,cust_01002,500.18,card,failed,network_error,31,27,4,0.871,1,12.05,0,15981.19,0
txn_009514,cust_00993,163.88,wallet,success,none,31,20,11,0.6452,0,0.0,0,32884.03,1
txn_009515,cust_01447,163.84,wallet,success,none,20,18,2,0.9,0,0.0,0,31611.41,1
txn_009516,cust_01655,2147.55,upi,success,none,37,32,5,0.8649,0,0.0,0,97994.46,1
txn_009517,cust_01379,2104.83,upi,success,none,18,16,2,0.8889,0,0.0,0,142907.2,1
txn_009518,cust_01752,681.71,wallet,success,none,13,11,2,0.8462,0,0.0,0,125709.52,1
txn_009519,cust_01463,4922.08,upi,success,none,26,22,4,0.8462,0,0.0,0,76484.98,1
txn_009520,cust_00607,1089.05,wallet,success,none,21,18,3,0.8571,0,0.0,0,100101.07,1
txn_009521,cust_02101,743.67,wallet,success,none,13,10,3,0.7692,0,0.0,0,109112.8,1
txn_009522,cust_00857,4320.65,card,success,none,5,4,1,0.8,0,0.0,0,82949.57,1
txn_009523,cust_02034,3784.09,netbanking,failed,network_error,33,27,6,0.8182,0,2.61,0,24746.2,1
txn_009524,cust_01065,1272.07,card,success,none,33,27,6,0.8182,0,0.0,0,67376.92,1
txn_009525,cust_02109,2247.4,card,success,none,10,10,0,1.0,0,0.0,0,85267.25,1
txn_009526,cust_01589,2549.66,upi,success,none,25,19,6,0.76,0,0.0,0,117505.45,1
txn_009527,cust_02262,11793.06,card,success,none,36,28,8,0.7778,0,0.0,0,137336.34,1
txn_009528,cust_00433,1174.95,wallet,success,none,6,5,1,0.8333,0,0.0,0,34480.4,1
txn_009529,cust_02259,411.63,upi,success,none,13,12,1,0.9231,0,0.0,0,78143.66,1
txn_009530,cust_02383,2503.58,card,success,none,35,20,15,0.5714,0,0.0,0,140293.78,1
txn_009531,cust_02073,1425.41,card,success,none,40,34,6,0.85,0,0.0,0,10422.4,1
txn_009532,cust_02189,1498.65,wallet,failed,bank_decline,27,21,6,0.7778,0,5.85,0,90524.97,1
txn_009533,cust_02150,1298.26,upi,success,none,24,17,7,0.7083,0,0.0,0,58825.87,1
txn_009534,cust_01725,272.78,upi,success,none,23,20,3,0.8696,0,0.0,0,131806.14,1
txn_009535,cust_02130,1739.55,wallet,failed,network_error,35,26,9,0.7429,1,1.85,0,134203.9,1
txn_009536,cust_02446,935.28,upi,success,none,14,12,2,0.8571,0,0.0,0,146017.84,1
txn_009537,cust_00921,983.32,card,success,none,6,3,3,0.5,0,0.0,0,141839.69,1
txn_009538,cust_01654,899.49,wallet,success,none,31,25,6,0.8065,0,0.0,0,118520.77,1
txn_009539,cust_01997,1287.94,wallet,success,none,4,3,1,0.75,0,0.0,0,30785.46,1
txn_009540,cust_01888,1737.93,netbanking,success,none,4,2,2,0.5,0,0.0,0,15871.53,1
txn_009541,cust_01336,1300.75,card,failed,authentication_failed,12,7,5,0.5833,3,11.22,0,56622.6,0
txn_009542,cust_01412,4250.6,netbanking,success,none,18,11,7,0.6111,0,0.0,0,14907.66,1
txn_009543,cust_01733,2853.12,netbanking,success,none,4,3,1,0.75,0,0.0,0,112116.72,1
txn_009544,cust_00523,1245.01,netbanking,success,none,17,15,2,0.8824,0,0.0,0,137193.29,1
txn_009545,cust_01383,475.62,upi,success,none,18,15,3,0.8333,0,0.0,0,130190.09,1
txn_009546,cust_01867,2393.54,card,success,none,18,13,5,0.7222,0,0.0,0,93796.87,1
txn_009547,cust_01032,977.59,card,success,none,33,15,18,0.4545,0,0.0,0,49861.07,1
txn_009548,cust_00800,1129.19,netbanking,success,none,23,16,7,0.6957,0,0.0,0,82356.05,1
txn_009549,cust_00097,358.28,card,success,none,18,16,2,0.8889,0,0.0,0,100677.69,1
txn_009550,cust_01940,2025.5,netbanking,abandoned,none,6,5,1,0.8333,0,2.97,1,118975.71,0
txn_009551,cust_02069,17914.86,wallet,success,none,29,21,8,0.7241,0,0.0,0,94902.37,1
txn_009552,cust_01212,807.31,wallet,success,none,6,5,1,0.8333,0,0.0,0,75618.13,1
txn_009553,cust_01037,2496.39,card,success,none,25,22,3,0.88,0,0.0,0,36092.67,1
txn_009554,cust_02001,4655.75,card,success,none,19,15,4,0.7895,0,0.0,0,31396.13,1
txn_009555,cust_00725,793.95,upi,failed,network_error,2,2,0,1.0,2,7.19,0,55027.05,0
txn_009556,cust_01930,118.49,netbanking,failed,network_error,4,4,0,1.0,0,3.13,0,76532.47,1
txn_009557,cust_00272,2685.2,card,success,none,26,20,6,0.7692,0,0.0,0,108903.03,1
txn_009558,cust_01530,1449.99,upi,success,none,10,8,2,0.8,0,0.0,0,107036.22,1
txn_009559,cust_01324,1828.65,wallet,success,none,35,30,5,0.8571,0,0.0,0,28857.02,1
txn_009560,cust_00898,1415.02,wallet,failed,network_error,20,19,1,0.95,3,12.4,0,72958.78,1
txn_009561,cust_01262,4271.85,upi,success,none,12,11,1,0.9167,0,0.0,0,144721.62,1
txn_009562,cust_02125,1214.97,card,success,none,2,2,0,1.0,0,0.0,0,127588.5,1
txn_009563,cust_00105,11741.49,wallet,success,none,4,3,1,0.75,0,0.0,0,101331.32,1
txn_009564,cust_00555,2692.03,wallet,success,none,24,22,2,0.9167,0,0.0,0,33373.18,1
txn_009565,cust_01728,3683.01,card,abandoned,none,31,22,9,0.7097,0,5.44,1,6582.38,0
txn_009566,cust_02044,1348.26,upi,failed,technical_error,40,34,6,0.85,1,3.07,0,137872.49,1
txn_009567,cust_01995,1827.76,wallet,success,none,34,25,9,0.7353,0,0.0,0,16864.1,1
txn_009568,cust_00138,247.24,netbanking,success,none,21,18,3,0.8571,0,0.0,0,140271.23,1
txn_009569,cust_00500,752.21,upi,success,none,13,8,5,0.6154,0,0.0,0,149906.66,1
txn_009570,cust_00226,3934.95,upi,success,none,16,13,3,0.8125,0,0.0,0,101246.55,1
txn_009571,cust_01128,1252.79,upi,success,none,13,11,2,0.8462,0,0.0,0,8678.96,1
txn_009572,cust_02094,434.9,card,success,none,12,9,3,0.75,0,0.0,0,33897.41,1
txn_009573,cust_01990,675.73,card,success,none,23,15,8,0.6522,0,0.0,0,84779.75,1
txn_009574,cust_00218,670.29,card,success,none,14,12,2,0.8571,0,0.0,0,65053.33,1
txn_009575,cust_01628,1288.3,wallet,success,none,32,29,3,0.9062,0,0.0,0,97727.86,1
txn_009576,cust_01474,581.61,upi,failed,technical_error,28,24,4,0.8571,2,6.7,0,109763.8,0
txn_009577,cust_02042,5558.38,wallet,success,none,1,1,0,1.0,0,0.0,0,18093.57,1
txn_009578,cust_01248,1649.46,netbanking,failed,authentication_failed,28,21,7,0.75,2,6.57,0,42118.32,0
txn_009579,cust_00350,331.78,upi,success,none,7,4,3,0.5714,0,0.0,0,125061.63,1
txn_009580,cust_01877,6223.83,netbanking,success,none,36,32,4,0.8889,0,0.0,0,74956.85,1
txn_009581,cust_00222,1279.49,wallet,success,none,33,23,10,0.697,0,0.0,0,71504.74,1
txn_009582,cust_00725,2221.62,card,success,none,2,2,0,1.0,0,0.0,0,55027.05,1
txn_009583,cust_01452,1820.27,upi,success,none,8,6,2,0.75,0,0.0,0,36921.18,1
txn_009584,cust_00837,2033.31,card,failed,technical_error,5,4,1,0.8,3,5.56,0,36163.31,0
txn_009585,cust_02221,950.03,netbanking,success,none,7,5,2,0.7143,0,0.0,0,24062.01,1
txn_009586,cust_00768,1864.53,wallet,abandoned,none,22,11,11,0.5,0,2.38,1,118915.71,0
txn_009587,cust_00204,1153.74,netbanking,failed,network_error,1,1,0,1.0,0,1.44,0,78468.13,1
txn_009588,cust_00162,1923.89,wallet,abandoned,none,4,3,1,0.75,0,2.68,1,14752.47,1
txn_009589,cust_00914,1112.4,card,success,none,27,13,14,0.4815,0,0.0,0,37992.27,1
txn_009590,cust_01157,1002.21,netbanking,success,none,25,17,8,0.68,0,0.0,0,85898.64,1
txn_009591,cust_02334,310.43,wallet,failed,insufficient_funds,21,19,2,0.9048,0,7.61,0,118014.61,0
txn_009592,cust_02324,1332.48,card,failed,technical_error,26,21,5,0.8077,3,0.85,0,42664.8,0
txn_009593,cust_00844,1676.75,wallet,success,none,21,16,5,0.7619,0,0.0,0,97784.55,1
txn_009594,cust_00588,8508.95,wallet,success,none,2,2,0,1.0,0,0.0,0,10062.99,1
txn_009595,cust_00466,2163.25,card,success,none,10,7,3,0.7,0,0.0,0,62086.81,1
txn_009596,cust_01655,648.93,upi,abandoned,none,37,32,5,0.8649,0,5.08,1,97994.46,0
txn_009597,cust_00494,485.57,netbanking,failed,technical_error,30,22,8,0.7333,1,9.61,0,135280.2,1
txn_009598,cust_02361,1750.12,netbanking,success,none,29,27,2,0.931,0,0.0,0,117365.13,1
txn_009599,cust_00731,635.91,upi,success,none,7,7,0,1.0,0,0.0,0,76645.77,1
txn_009600,cust_02364,758.64,upi,success,none,27,16,11,0.5926,0,0.0,0,25930.4,1
txn_009601,cust_00121,633.89,card,success,none,30,23,7,0.7667,0,0.0,0,43502.14,1
txn_009602,cust_01848,964.31,upi,success,none,9,8,1,0.8889,0,0.0,0,52067.19,1
txn_009603,cust_00751,2796.5,card,failed,bank_decline,13,10,3,0.7692,1,1.18,0,120387.62,1
txn_009604,cust_00611,183.12,netbanking,success,none,7,7,0,1.0,0,0.0,0,111943.76,1
txn_009605,cust_01802,4888.54,upi,failed,technical_error,11,9,2,0.8182,3,12.21,0,126255.17,0
txn_009606,cust_00307,1092.11,wallet,failed,authentication_failed,24,21,3,0.875,2,10.21,0,11274.55,0
txn_009607,cust_02498,710.46,card,success,none,34,24,10,0.7059,0,0.0,0,93971.6,1
txn_009608,cust_02028,3254.39,card,success,none,40,35,5,0.875,0,0.0,0,126627.86,1
txn_009609,cust_00547,1089.8,upi,failed,insufficient_funds,16,13,3,0.8125,3,10.76,0,133201.64,0
txn_009610,cust_02009,470.19,wallet,success,none,25,21,4,0.84,0,0.0,0,63068.37,1
txn_009611,cust_01122,292.41,upi,success,none,4,4,0,1.0,0,0.0,0,84795.51,1
txn_009612,cust_01125,2685.02,wallet,failed,technical_error,17,15,2,0.8824,3,9.82,0,31297.17,0
txn_009613,cust_01307,2863.32,upi,success,none,29,23,6,0.7931,0,0.0,0,48517.51,1
txn_009614,cust_01972,886.21,upi,success,none,12,8,4,0.6667,0,0.0,0,109843.7,1
txn_009615,cust_01738,5020.7,netbanking,abandoned,none,7,6,1,0.8571,0,3.77,1,145902.0,0
txn_009616,cust_02079,1388.29,wallet,success,none,29,24,5,0.8276,0,0.0,0,57830.62,1
txn_009617,cust_00878,5054.35,wallet,success,none,4,3,1,0.75,0,0.0,0,124877.23,1
txn_009618,cust_01838,514.21,wallet,success,none,1,1,0,1.0,0,0.0,0,94376.35,1
txn_009619,cust_01897,454.96,upi,success,none,18,15,3,0.8333,0,0.0,0,131892.86,1
txn_009620,cust_02338,801.39,card,failed,technical_error,4,3,1,0.75,0,6.95,0,33104.63,0
txn_009621,cust_01960,898.24,upi,success,none,13,10,3,0.7692,0,0.0,0,107801.4,1
txn_009622,cust_02005,4234.78,upi,success,none,36,31,5,0.8611,0,0.0,0,58944.11,1
txn_009623,cust_01797,1796.05,wallet,failed,network_error,37,31,6,0.8378,2,4.78,0,122586.19,1
txn_009624,cust_01189,626.88,card,success,none,6,5,1,0.8333,0,0.0,0,98406.62,1
txn_009625,cust_00899,1354.46,wallet,success,none,26,12,14,0.4615,0,0.0,0,45317.65,1
txn_009626,cust_01721,873.01,netbanking,success,none,38,30,8,0.7895,0,0.0,0,87818.89,1
txn_009627,cust_02311,599.59,netbanking,failed,insufficient_funds,12,10,2,0.8333,3,7.64,0,69122.21,0
txn_009628,cust_01246,1236.77,wallet,success,none,20,17,3,0.85,0,0.0,0,40992.61,1
txn_009629,cust_00793,1106.71,card,success,none,25,24,1,0.96,0,0.0,0,131126.38,1
txn_009630,cust_00579,622.86,card,success,none,2,1,1,0.5,0,0.0,0,26962.68,1
txn_009631,cust_01650,616.24,wallet,success,none,27,22,5,0.8148,0,0.0,0,145396.17,1
txn_009632,cust_01927,3024.79,netbanking,success,none,11,9,2,0.8182,0,0.0,0,12154.92,1
txn_009633,cust_02012,2045.54,netbanking,failed,network_error,17,15,2,0.8824,2,6.83,0,31260.0,0
txn_009634,cust_01584,3441.52,netbanking,success,none,36,29,7,0.8056,0,0.0,0,72375.61,1
txn_009635,cust_01068,1008.53,wallet,success,none,37,32,5,0.8649,0,0.0,0,9602.78,1
txn_009636,cust_02070,451.36,upi,success,none,28,25,3,0.8929,0,0.0,0,48144.23,1
txn_009637,cust_01418,754.53,wallet,success,none,6,5,1,0.8333,0,0.0,0,105851.01,1
txn_009638,cust_00566,3741.77,card,success,none,16,12,4,0.75,0,0.0,0,148334.31,1
txn_009639,cust_00978,270.32,netbanking,failed,insufficient_funds,13,13,0,1.0,2,11.75,0,143643.27,0
txn_009640,cust_01817,5680.02,card,success,none,25,17,8,0.68,0,0.0,0,79945.94,1
txn_009641,cust_00618,441.35,wallet,success,none,39,34,5,0.8718,0,0.0,0,47554.89,1
txn_009642,cust_01038,2920.99,wallet,success,none,18,17,1,0.9444,0,0.0,0,143151.19,1
txn_009643,cust_02276,482.77,card,failed,technical_error,16,14,2,0.875,0,6.79,0,113863.52,1
txn_009644,cust_00201,738.66,card,success,none,33,25,8,0.7576,0,0.0,0,18231.22,1
txn_009645,cust_02164,171.15,wallet,success,none,31,23,8,0.7419,0,0.0,0,133188.62,1
txn_009646,cust_02407,8550.96,card,success,none,28,21,7,0.75,0,0.0,0,94173.13,1
txn_009647,cust_01960,2379.94,card,success,none,13,10,3,0.7692,0,0.0,0,107801.4,1
txn_009648,cust_00917,2524.25,card,success,none,13,8,5,0.6154,0,0.0,0,114705.08,1
txn_009649,cust_00803,818.22,wallet,failed,technical_error,31,29,2,0.9355,1,7.77,0,95128.64,0
txn_009650,cust_02139,528.08,card,success,none,40,35,5,0.875,0,0.0,0,102940.09,1
txn_009651,cust_01833,2911.81,card,success,none,31,24,7,0.7742,0,0.0,0,58114.15,1
txn_009652,cust_02206,402.17,upi,failed,authentication_failed,28,16,12,0.5714,2,2.61,0,78784.59,1
txn_009653,cust_01363,1133.28,upi,success,none,29,27,2,0.931,0,0.0,0,82406.64,1
txn_009654,cust_02471,383.47,card,success,none,12,10,2,0.8333,0,0.0,0,81999.46,1
txn_009655,cust_00954,1516.18,netbanking,success,none,2,2,0,1.0,0,0.0,0,55885.31,1
txn_009656,cust_02142,196.98,upi,success,none,37,33,4,0.8919,0,0.0,0,99252.58,1
txn_009657,cust_02445,304.73,wallet,success,none,4,3,1,0.75,0,0.0,0,129684.99,1
txn_009658,cust_00855,566.9,netbanking,success,none,29,22,7,0.7586,0,0.0,0,149592.1,1
txn_009659,cust_01438,2476.88,upi,success,none,7,5,2,0.7143,0,0.0,0,21861.96,1
txn_009660,cust_00632,787.36,wallet,success,none,10,7,3,0.7,0,0.0,0,85381.84,1
txn_009661,cust_02190,3581.72,upi,failed,authentication_failed,38,30,8,0.7895,3,6.22,0,123247.52,0
txn_009662,cust_01820,6007.11,wallet,abandoned,none,13,9,4,0.6923,0,4.73,1,52057.81,1
txn_009663,cust_02465,983.74,wallet,success,none,2,2,0,1.0,0,0.0,0,103698.25,1
txn_009664,cust_02494,305.38,upi,success,none,3,2,1,0.6667,0,0.0,0,31109.78,1
txn_009665,cust_01085,3518.11,wallet,success,none,23,19,4,0.8261,0,0.0,0,18676.34,1
txn_009666,cust_02329,286.7,card,success,none,25,20,5,0.8,0,0.0,0,30213.42,1
txn_009667,cust_01991,542.8,netbanking,success,none,38,35,3,0.9211,0,0.0,0,86025.09,1
txn_009668,cust_01050,244.43,card,success,none,39,24,15,0.6154,0,0.0,0,56670.1,1
txn_009669,cust_00965,3509.27,card,success,none,8,7,1,0.875,0,0.0,0,29426.86,1
txn_009670,cust_01935,2373.42,wallet,success,none,32,25,7,0.7812,0,0.0,0,67613.15,1
txn_009671,cust_02164,6756.67,netbanking,failed,insufficient_funds,31,23,8,0.7419,3,10.58,0,133188.62,0
txn_009672,cust_00579,861.56,netbanking,success,none,2,1,1,0.5,0,0.0,0,26962.68,1
txn_009673,cust_01493,587.59,wallet,success,none,37,26,11,0.7027,0,0.0,0,25865.33,1
txn_009674,cust_00836,792.5,netbanking,success,none,29,28,1,0.9655,0,0.0,0,6185.05,1
txn_009675,cust_01626,353.27,netbanking,success,none,9,4,5,0.4444,0,0.0,0,146403.24,1
txn_009676,cust_02265,5589.54,netbanking,failed,technical_error,13,10,3,0.7692,2,7.39,0,68759.09,0
txn_009677,cust_00034,39207.91,upi,success,none,16,11,5,0.6875,0,0.0,0,25346.97,1
txn_009678,cust_02093,649.49,wallet,success,none,33,24,9,0.7273,0,0.0,0,22225.81,1
txn_009679,cust_02329,2422.85,card,failed,network_error,25,20,5,0.8,2,9.69,0,30213.42,0
txn_009680,cust_00266,1146.55,netbanking,success,none,20,15,5,0.75,0,0.0,0,113267.79,1
txn_009681,cust_01914,2083.37,card,success,none,5,4,1,0.8,0,0.0,0,39980.32,1
txn_009682,cust_01535,3864.93,netbanking,success,none,6,5,1,0.8333,0,0.0,0,87534.82,1
txn_009683,cust_01318,427.05,card,abandoned,none,28,22,6,0.7857,0,5.9,1,59941.77,0
txn_009684,cust_01605,829.99,upi,failed,authentication_failed,38,26,12,0.6842,3,10.13,0,48382.65,0
txn_009685,cust_01822,4461.12,wallet,success,none,30,22,8,0.7333,0,0.0,0,22340.4,1
txn_009686,cust_01759,2227.94,netbanking,failed,authentication_failed,39,23,16,0.5897,0,10.61,0,67469.41,0
txn_009687,cust_00992,1858.12,card,abandoned,none,29,20,9,0.6897,0,0.17,1,98739.84,1
txn_009688,cust_00557,2229.84,wallet,failed,insufficient_funds,24,18,6,0.75,3,11.81,0,15803.84,0
txn_009689,cust_01927,2459.94,wallet,success,none,11,9,2,0.8182,0,0.0,0,12154.92,1
txn_009690,cust_02202,4263.15,upi,failed,insufficient_funds,35,10,25,0.2857,2,5.08,0,75996.05,0
txn_009691,cust_01546,2846.3,upi,success,none,7,7,0,1.0,0,0.0,0,25491.87,1
txn_009692,cust_00289,1273.18,card,failed,insufficient_funds,16,14,2,0.875,3,4.85,0,30704.74,1
txn_009693,cust_00104,1906.52,wallet,success,none,30,26,4,0.8667,0,0.0,0,129711.68,1
txn_009694,cust_00332,1252.09,netbanking,success,none,27,25,2,0.9259,0,0.0,0,73798.1,1
txn_009695,cust_01419,635.15,card,failed,bank_decline,1,1,0,1.0,1,12.15,0,32799.76,1
txn_009696,cust_01458,1272.03,wallet,success,none,31,24,7,0.7742,0,0.0,0,143213.49,1
txn_009697,cust_00521,1195.34,upi,success,none,24,20,4,0.8333,0,0.0,0,80097.0,1
txn_009698,cust_01267,245.16,netbanking,failed,bank_decline,26,24,2,0.9231,2,9.22,0,55387.32,0
txn_009699,cust_01647,2907.17,card,success,none,5,3,2,0.6,0,0.0,0,53221.69,1
txn_009700,cust_02260,3444.26,upi,success,none,5,5,0,1.0,0,0.0,0,137957.44,1
txn_009701,cust_02406,2307.24,upi,success,none,15,12,3,0.8,0,0.0,0,40184.06,1
txn_009702,cust_01784,3244.47,netbanking,failed,insufficient_funds,20,16,4,0.8,3,11.53,0,102977.56,0
txn_009703,cust_00459,1123.37,upi,failed,technical_error,25,24,1,0.96,3,4.15,0,58525.73,0
txn_009704,cust_02059,801.05,upi,success,none,28,21,7,0.75,0,0.0,0,125514.1,1
txn_009705,cust_00102,3459.59,wallet,success,none,7,6,1,0.8571,0,0.0,0,99188.43,1
txn_009706,cust_02173,464.62,card,success,none,8,7,1,0.875,0,0.0,0,72745.98,1
txn_009707,cust_02234,448.79,wallet,failed,technical_error,11,10,1,0.9091,3,1.98,0,15941.51,0
txn_009708,cust_00961,2096.74,upi,failed,bank_decline,11,10,1,0.9091,2,0.88,0,79110.62,1
txn_009709,cust_02059,2040.12,netbanking,success,none,28,21,7,0.75,0,0.0,0,125514.1,1
txn_009710,cust_00214,3395.05,card,failed,technical_error,25,16,9,0.64,0,2.18,0,101920.37,1
txn_009711,cust_01076,242.15,netbanking,failed,technical_error,4,3,1,0.75,3,4.63,0,140252.84,0
txn_009712,cust_02260,1214.71,upi,success,none,5,5,0,1.0,0,0.0,0,137957.44,1
txn_009713,cust_00064,432.52,card,success,none,1,1,0,1.0,0,0.0,0,143118.57,1
txn_009714,cust_01753,3150.43,netbanking,abandoned,none,16,15,1,0.9375,0,3.27,1,5927.59,1
txn_009715,cust_00765,5083.47,wallet,success,none,25,16,9,0.64,0,0.0,0,149184.28,1
txn_009716,cust_01527,2218.3,netbanking,success,none,34,28,6,0.8235,0,0.0,0,147484.25,1
txn_009717,cust_01934,766.74,upi,success,none,37,36,1,0.973,0,0.0,0,67766.69,1
txn_009718,cust_00922,633.6,upi,failed,insufficient_funds,33,25,8,0.7576,2,5.56,0,69127.37,1
txn_009719,cust_01265,887.29,netbanking,success,none,16,12,4,0.75,0,0.0,0,49557.05,1
txn_009720,cust_01478,577.6,upi,failed,bank_decline,39,35,4,0.8974,1,12.85,0,9199.26,1
txn_009721,cust_01617,1142.25,netbanking,failed,authentication_failed,13,9,4,0.6923,0,11.87,0,121160.37,0
txn_009722,cust_00120,632.15,netbanking,success,none,25,18,7,0.72,0,0.0,0,40515.26,1
txn_009723,cust_01478,336.42,netbanking,success,none,39,35,4,0.8974,0,0.0,0,9199.26,1
txn_009724,cust_01986,1959.9,card,failed,authentication_failed,19,12,7,0.6316,1,8.21,0,103305.08,0
txn_009725,cust_01264,2117.15,wallet,success,none,32,25,7,0.7812,0,0.0,0,145196.7,1
txn_009726,cust_02323,7327.72,upi,failed,network_error,24,17,7,0.7083,1,1.25,0,55396.62,0
txn_009727,cust_02321,868.53,wallet,failed,insufficient_funds,12,11,1,0.9167,0,0.47,0,75316.73,1
txn_009728,cust_01115,202.31,wallet,success,none,25,18,7,0.72,0,0.0,0,118084.88,1
txn_009729,cust_01264,3026.92,card,success,none,32,25,7,0.7812,0,0.0,0,145196.7,1
txn_009730,cust_00690,3387.19,upi,success,none,38,29,9,0.7632,0,0.0,0,9369.65,1
txn_009731,cust_02380,4196.48,upi,success,none,23,22,1,0.9565,0,0.0,0,129194.95,1
txn_009732,cust_00548,5833.22,card,success,none,9,4,5,0.4444,0,0.0,0,58908.23,1
txn_009733,cust_02262,5916.68,upi,failed,bank_decline,36,28,8,0.7778,0,8.61,0,137336.34,0
txn_009734,cust_00997,504.33,upi,abandoned,none,38,36,2,0.9474,0,2.65,1,36653.03,1
txn_009735,cust_02011,6298.57,upi,success,none,4,3,1,0.75,0,0.0,0,2931.82,1
txn_009736,cust_00804,964.84,card,success,none,9,6,3,0.6667,0,0.0,0,10401.98,1
txn_009737,cust_00629,2976.3,netbanking,success,none,18,15,3,0.8333,0,0.0,0,105702.12,1
txn_009738,cust_02263,1736.27,wallet,success,none,23,20,3,0.8696,0,0.0,0,52773.79,1
txn_009739,cust_01367,506.36,upi,success,none,23,20,3,0.8696,0,0.0,0,129467.74,1
txn_009740,cust_02279,4274.23,netbanking,abandoned,none,31,28,3,0.9032,0,4.93,1,18323.98,1
txn_009741,cust_00475,848.86,netbanking,success,none,16,15,1,0.9375,0,0.0,0,95042.99,1
txn_009742,cust_00218,8593.61,upi,failed,network_error,14,12,2,0.8571,1,9.62,0,65053.33,0
txn_009743,cust_01365,624.38,wallet,success,none,16,12,4,0.75,0,0.0,0,45358.63,1
txn_009744,cust_00203,490.56,wallet,success,none,3,3,0,1.0,0,0.0,0,106609.01,1
txn_009745,cust_01122,690.3,upi,failed,technical_error,4,4,0,1.0,0,4.93,0,84795.51,0
txn_009746,cust_00468,5974.17,netbanking,success,none,17,13,4,0.7647,0,0.0,0,51445.62,1
txn_009747,cust_02444,279.44,netbanking,success,none,20,15,5,0.75,0,0.0,0,30609.82,1
txn_009748,cust_00146,3337.8,upi,failed,authentication_failed,14,11,3,0.7857,2,5.87,0,76376.82,0
txn_009749,cust_01621,8369.59,wallet,success,none,10,9,1,0.9,0,0.0,0,116380.61,1
txn_009750,cust_01190,1130.73,netbanking,success,none,3,2,1,0.6667,0,0.0,0,14931.58,1
txn_009751,cust_01635,904.08,card,success,none,1,1,0,1.0,0,0.0,0,142369.43,1
txn_009752,cust_01744,1450.84,wallet,success,none,14,13,1,0.9286,0,0.0,0,137101.49,1
txn_009753,cust_01443,435.98,upi,success,none,6,5,1,0.8333,0,0.0,0,37976.89,1
txn_009754,cust_01154,18925.48,card,success,none,38,34,4,0.8947,0,0.0,0,87292.3,1
txn_009755,cust_00419,2617.07,wallet,success,none,21,19,2,0.9048,0,0.0,0,18272.32,1
txn_009756,cust_01104,395.24,netbanking,success,none,19,16,3,0.8421,0,0.0,0,35890.07,1
txn_009757,cust_01606,597.53,upi,success,none,23,18,5,0.7826,0,0.0,0,137183.02,1
txn_009758,cust_02248,1602.2,card,success,none,12,10,2,0.8333,0,0.0,0,96403.41,1
txn_009759,cust_02202,367.08,upi,success,none,35,10,25,0.2857,0,0.0,0,75996.05,1
txn_009760,cust_00823,297.58,upi,success,none,12,8,4,0.6667,0,0.0,0,82275.69,1
txn_009761,cust_00818,1796.81,upi,success,none,12,8,4,0.6667,0,0.0,0,74934.28,1
txn_009762,cust_01766,3662.86,upi,failed,authentication_failed,14,12,2,0.8571,0,2.38,0,128709.57,0
txn_009763,cust_01945,3345.0,card,success,none,15,6,9,0.4,0,0.0,0,126803.3,1
txn_009764,cust_02367,1261.76,card,success,none,6,5,1,0.8333,0,0.0,0,32375.15,1
txn_009765,cust_00929,1017.89,upi,success,none,17,16,1,0.9412,0,0.0,0,109398.7,1
txn_009766,cust_02500,1410.46,wallet,success,none,24,23,1,0.9583,0,0.0,0,33887.69,1
txn_009767,cust_01419,3612.4,netbanking,success,none,1,1,0,1.0,0,0.0,0,32799.76,1
txn_009768,cust_01120,381.16,card,success,none,15,12,3,0.8,0,0.0,0,45809.73,1
txn_009769,cust_01287,615.59,wallet,success,none,23,19,4,0.8261,0,0.0,0,25784.44,1
txn_009770,cust_01260,918.03,wallet,success,none,21,18,3,0.8571,0,0.0,0,90878.48,1
txn_009771,cust_00800,1051.28,wallet,success,none,23,16,7,0.6957,0,0.0,0,82356.05,1
txn_009772,cust_00428,1268.42,wallet,success,none,19,18,1,0.9474,0,0.0,0,66279.3,1
txn_009773,cust_01987,1306.49,upi,success,none,9,9,0,1.0,0,0.0,0,147218.99,1
txn_009774,cust_00995,2628.12,netbanking,success,none,36,32,4,0.8889,0,0.0,0,104729.52,1
txn_009775,cust_00354,229.79,upi,success,none,3,3,0,1.0,0,0.0,0,146169.94,1
txn_009776,cust_01283,270.04,upi,success,none,24,20,4,0.8333,0,0.0,0,105543.51,1
txn_009777,cust_00517,688.7,netbanking,success,none,6,5,1,0.8333,0,0.0,0,136534.54,1
txn_009778,cust_02105,3176.67,wallet,success,none,40,22,18,0.55,0,0.0,0,11401.52,1
txn_009779,cust_00025,697.88,upi,abandoned,none,15,11,4,0.7333,0,5.93,1,116187.18,1
txn_009780,cust_01850,1285.52,upi,failed,authentication_failed,13,10,3,0.7692,2,8.54,0,25567.64,0
txn_009781,cust_01254,1522.55,netbanking,success,none,9,8,1,0.8889,0,0.0,0,46394.04,1
txn_009782,cust_01432,1837.38,card,success,none,37,29,8,0.7838,0,0.0,0,2262.74,1
txn_009783,cust_01562,6403.34,upi,success,none,7,5,2,0.7143,0,0.0,0,120780.62,1
txn_009784,cust_00448,2682.87,wallet,success,none,20,18,2,0.9,0,0.0,0,125783.91,1
txn_009785,cust_00314,3631.73,netbanking,failed,bank_decline,34,25,9,0.7353,1,6.7,0,144855.59,0
txn_009786,cust_02121,1179.92,netbanking,success,none,18,12,6,0.6667,0,0.0,0,128948.33,1
txn_009787,cust_00826,5845.95,netbanking,success,none,20,16,4,0.8,0,0.0,0,67441.45,1
txn_009788,cust_00282,1438.86,upi,success,none,25,19,6,0.76,0,0.0,0,42460.24,1
txn_009789,cust_02351,189.56,netbanking,success,none,25,19,6,0.76,0,0.0,0,92435.9,1
txn_009790,cust_01226,15652.51,netbanking,success,none,5,3,2,0.6,0,0.0,0,13223.66,1
txn_009791,cust_00405,1402.74,netbanking,success,none,18,13,5,0.7222,0,0.0,0,86860.8,1
txn_009792,cust_01472,2275.08,netbanking,success,none,26,22,4,0.8462,0,0.0,0,88379.14,1
txn_009793,cust_01993,460.08,card,success,none,35,28,7,0.8,0,0.0,0,43603.27,1
txn_009794,cust_01913,12053.61,card,success,none,27,21,6,0.7778,0,0.0,0,66662.49,1
txn_009795,cust_00320,605.92,upi,success,none,6,3,3,0.5,0,0.0,0,42560.31,1
txn_009796,cust_02132,911.19,upi,success,none,10,9,1,0.9,0,0.0,0,55506.98,1
txn_009797,cust_02169,290.3,card,failed,bank_decline,12,9,3,0.75,1,9.16,0,24446.25,1
txn_009798,cust_02436,1928.65,upi,success,none,3,2,1,0.6667,0,0.0,0,30677.8,1
txn_009799,cust_01277,1010.79,wallet,success,none,16,13,3,0.8125,0,0.0,0,38649.57,1
txn_009800,cust_00968,286.12,upi,success,none,14,11,3,0.7857,0,0.0,0,62146.23,1
txn_009801,cust_00011,1251.91,netbanking,success,none,1,1,0,1.0,0,0.0,0,114062.3,1
txn_009802,cust_02500,1472.61,upi,success,none,24,23,1,0.9583,0,0.0,0,33887.69,1
txn_009803,cust_01964,1045.79,card,success,none,29,12,17,0.4138,0,0.0,0,69150.79,1
txn_009804,cust_02020,216.83,wallet,success,none,12,10,2,0.8333,0,0.0,0,110526.84,1
txn_009805,cust_01872,1791.48,card,success,none,32,27,5,0.8438,0,0.0,0,30598.35,1
txn_009806,cust_00910,377.04,wallet,success,none,8,6,2,0.75,0,0.0,0,40853.28,1
txn_009807,cust_01073,3259.13,card,success,none,38,31,7,0.8158,0,0.0,0,11881.4,1
txn_009808,cust_00184,768.61,netbanking,success,none,27,24,3,0.8889,0,0.0,0,120533.04,1
txn_009809,cust_00958,3386.73,netbanking,success,none,17,15,2,0.8824,0,0.0,0,145093.53,1
txn_009810,cust_00673,1358.43,wallet,failed,network_error,15,12,3,0.8,2,8.3,0,50627.22,1
txn_009811,cust_01409,1429.95,card,abandoned,none,28,25,3,0.8929,0,3.99,1,31145.41,0
txn_009812,cust_01251,4799.65,netbanking,success,none,16,15,1,0.9375,0,0.0,0,108414.02,1
txn_009813,cust_01421,592.73,wallet,success,none,15,14,1,0.9333,0,0.0,0,78397.19,1
txn_009814,cust_01556,447.75,upi,failed,technical_error,26,21,5,0.8077,3,2.27,0,77505.49,1
txn_009815,cust_00046,2334.85,netbanking,success,none,9,7,2,0.7778,0,0.0,0,37747.5,1
txn_009816,cust_00993,359.94,upi,failed,authentication_failed,31,20,11,0.6452,2,1.37,0,32884.03,1
txn_009817,cust_00365,602.58,card,success,none,4,2,2,0.5,0,0.0,0,23607.32,1
txn_009818,cust_00203,276.12,card,success,none,3,3,0,1.0,0,0.0,0,106609.01,1
txn_009819,cust_00710,4237.9,wallet,success,none,22,20,2,0.9091,0,0.0,0,102155.76,1
txn_009820,cust_02212,491.43,card,success,none,9,8,1,0.8889,0,0.0,0,38923.19,1
txn_009821,cust_00835,696.26,netbanking,failed,technical_error,10,8,2,0.8,1,7.58,0,127451.73,0
txn_009822,cust_02348,368.69,netbanking,success,none,19,17,2,0.8947,0,0.0,0,53911.25,1
txn_009823,cust_02316,911.03,card,success,none,7,7,0,1.0,0,0.0,0,49489.99,1
txn_009824,cust_01977,1161.02,netbanking,failed,network_error,39,38,1,0.9744,1,8.39,0,137470.63,0
txn_009825,cust_01878,3059.41,netbanking,success,none,14,12,2,0.8571,0,0.0,0,103542.38,1
txn_009826,cust_00666,357.11,netbanking,abandoned,none,21,15,6,0.7143,0,1.49,1,26609.1,1
txn_009827,cust_02009,734.42,wallet,success,none,25,21,4,0.84,0,0.0,0,63068.37,1
txn_009828,cust_00239,5556.58,card,success,none,36,28,8,0.7778,0,0.0,0,38130.54,1
txn_009829,cust_00687,3793.56,card,success,none,21,16,5,0.7619,0,0.0,0,23492.65,1
txn_009830,cust_02113,680.07,wallet,success,none,15,14,1,0.9333,0,0.0,0,107117.67,1
txn_009831,cust_01073,1274.78,card,success,none,38,31,7,0.8158,0,0.0,0,11881.4,1
txn_009832,cust_02095,9585.77,card,failed,network_error,17,15,2,0.8824,2,9.49,0,29954.61,0
txn_009833,cust_01860,405.86,netbanking,success,none,2,2,0,1.0,0,0.0,0,8187.02,1
txn_009834,cust_00947,196.12,wallet,failed,bank_decline,9,7,2,0.7778,1,5.13,0,49866.91,0
txn_009835,cust_01173,783.61,card,success,none,40,30,10,0.75,0,0.0,0,136999.97,1
txn_009836,cust_01400,1232.28,card,abandoned,none,28,27,1,0.9643,0,2.44,1,123902.3,0
txn_009837,cust_01442,600.53,upi,success,none,9,8,1,0.8889,0,0.0,0,37920.17,1
txn_009838,cust_01174,3557.84,wallet,success,none,32,30,2,0.9375,0,0.0,0,3344.03,1
txn_009839,cust_01772,1653.51,card,abandoned,none,39,34,5,0.8718,0,1.86,1,120328.86,1
txn_009840,cust_01467,731.85,wallet,failed,authentication_failed,35,32,3,0.9143,0,0.34,0,92791.01,1
txn_009841,cust_00315,781.34,upi,failed,insufficient_funds,18,13,5,0.7222,1,2.6,0,92770.94,1
txn_009842,cust_00573,635.02,card,success,none,10,6,4,0.6,0,0.0,0,148141.57,1
txn_009843,cust_00437,3070.92,card,success,none,19,18,1,0.9474,0,0.0,0,76821.93,1
txn_009844,cust_02443,835.03,card,success,none,17,13,4,0.7647,0,0.0,0,72703.21,1
txn_009845,cust_01455,406.3,netbanking,success,none,21,12,9,0.5714,0,0.0,0,20665.45,1
txn_009846,cust_00673,3504.84,wallet,failed,bank_decline,15,12,3,0.8,3,10.44,0,50627.22,0
txn_009847,cust_00467,1015.97,netbanking,success,none,10,9,1,0.9,0,0.0,0,12149.41,1
txn_009848,cust_01945,343.81,upi,success,none,15,6,9,0.4,0,0.0,0,126803.3,1
txn_009849,cust_01319,7426.59,upi,failed,authentication_failed,40,37,3,0.925,3,7.66,0,132581.51,0
txn_009850,cust_02255,2466.48,upi,failed,insufficient_funds,1,1,0,1.0,0,8.98,0,146371.24,0
txn_009851,cust_00412,1402.83,card,success,none,22,17,5,0.7727,0,0.0,0,48837.68,1
txn_009852,cust_00763,1083.72,card,failed,authentication_failed,27,19,8,0.7037,1,4.79,0,8935.28,0
txn_009853,cust_01698,1011.98,upi,success,none,34,31,3,0.9118,0,0.0,0,63376.18,1
txn_009854,cust_02305,991.54,card,success,none,33,32,1,0.9697,0,0.0,0,42759.73,1
txn_009855,cust_01398,1018.85,wallet,success,none,23,12,11,0.5217,0,0.0,0,127665.83,1
txn_009856,cust_00721,742.7,card,failed,insufficient_funds,25,16,9,0.64,2,4.18,0,96880.5,0
txn_009857,cust_01860,1207.91,wallet,success,none,2,2,0,1.0,0,0.0,0,8187.02,1
txn_009858,cust_01561,728.16,upi,failed,bank_decline,16,12,4,0.75,2,6.07,0,15114.07,1
txn_009859,cust_02390,1674.81,card,success,none,15,10,5,0.6667,0,0.0,0,120901.46,1
txn_009860,cust_02188,1308.35,wallet,success,none,11,10,1,0.9091,0,0.0,0,33685.21,1
txn_009861,cust_02457,664.83,netbanking,success,none,40,33,7,0.825,0,0.0,0,51424.89,1
txn_009862,cust_01789,1228.05,wallet,abandoned,none,34,25,9,0.7353,0,6.94,1,115055.68,0
txn_009863,cust_02486,2305.24,card,success,none,13,9,4,0.6923,0,0.0,0,79086.4,1
txn_009864,cust_02333,140.27,upi,failed,technical_error,34,30,4,0.8824,2,7.91,0,80563.41,0
txn_009865,cust_01885,2387.97,netbanking,success,none,7,7,0,1.0,0,0.0,0,135812.13,1
txn_009866,cust_00342,392.93,upi,success,none,30,23,7,0.7667,0,0.0,0,41366.55,1
txn_009867,cust_01484,846.51,netbanking,success,none,9,7,2,0.7778,0,0.0,0,112716.68,1
txn_009868,cust_01339,100.0,wallet,failed,authentication_failed,37,26,11,0.7027,1,4.73,0,58172.78,1
txn_009869,cust_01940,2358.22,upi,success,none,6,5,1,0.8333,0,0.0,0,118975.71,1
txn_009870,cust_02430,638.91,wallet,success,none,26,20,6,0.7692,0,0.0,0,11636.32,1
txn_009871,cust_01773,812.56,netbanking,failed,network_error,15,10,5,0.6667,1,1.07,0,38606.18,1
txn_009872,cust_00275,1466.54,upi,failed,authentication_failed,26,18,8,0.6923,2,12.1,0,89192.02,0
txn_009873,cust_01249,186.64,netbanking,failed,bank_decline,20,13,7,0.65,3,10.3,0,73150.47,0
txn_009874,cust_01189,1425.19,card,success,none,6,5,1,0.8333,0,0.0,0,98406.62,1
txn_009875,cust_01798,2561.24,wallet,success,none,22,13,9,0.5909,0,0.0,0,109255.93,1
txn_009876,cust_00840,1594.32,upi,abandoned,none,10,9,1,0.9,0,5.43,1,102180.25,1
txn_009877,cust_02349,903.39,wallet,success,none,33,28,5,0.8485,0,0.0,0,73636.57,1
txn_009878,cust_02236,1395.7,netbanking,success,none,22,17,5,0.7727,0,0.0,0,120327.21,1
txn_009879,cust_02490,1242.04,card,abandoned,none,21,18,3,0.8571,0,6.09,1,17459.16,1
txn_009880,cust_01048,2859.88,card,success,none,9,8,1,0.8889,0,0.0,0,72249.1,1
txn_009881,cust_01133,4698.55,netbanking,success,none,36,30,6,0.8333,0,0.0,0,33335.46,1
txn_009882,cust_01416,888.17,wallet,success,none,20,15,5,0.75,0,0.0,0,109172.27,1
txn_009883,cust_00021,1688.39,upi,success,none,19,14,5,0.7368,0,0.0,0,124581.29,1
txn_009884,cust_00196,687.06,upi,success,none,2,2,0,1.0,0,0.0,0,18185.92,1
txn_009885,cust_01237,2031.86,upi,success,none,36,25,11,0.6944,0,0.0,0,14866.57,1
txn_009886,cust_00245,2122.02,netbanking,success,none,36,33,3,0.9167,0,0.0,0,67441.13,1
txn_009887,cust_00992,1133.66,netbanking,success,none,29,20,9,0.6897,0,0.0,0,98739.84,1
txn_009888,cust_00662,2250.75,wallet,failed,authentication_failed,21,19,2,0.9048,2,1.1,0,86788.11,1
txn_009889,cust_01688,1343.71,netbanking,success,none,24,17,7,0.7083,0,0.0,0,28800.86,1
txn_009890,cust_01094,1276.57,card,success,none,10,8,2,0.8,0,0.0,0,42071.81,1
txn_009891,cust_00731,555.37,netbanking,success,none,7,7,0,1.0,0,0.0,0,76645.77,1
txn_009892,cust_01630,1590.75,upi,failed,bank_decline,36,34,2,0.9444,2,0.46,0,104340.5,0
txn_009893,cust_01858,751.51,netbanking,failed,network_error,40,36,4,0.9,1,5.21,0,8239.46,1
txn_009894,cust_02340,3196.08,wallet,success,none,7,6,1,0.8571,0,0.0,0,68028.37,1
txn_009895,cust_00761,576.4,wallet,failed,authentication_failed,15,8,7,0.5333,1,0.37,0,122688.79,1
txn_009896,cust_02249,1752.57,upi,success,none,29,29,0,1.0,0,0.0,0,2595.85,1
txn_009897,cust_01574,1032.13,wallet,success,none,30,29,1,0.9667,0,0.0,0,8545.02,1
txn_009898,cust_00654,1748.16,upi,success,none,19,15,4,0.7895,0,0.0,0,49890.23,1
txn_009899,cust_00662,1263.57,upi,success,none,21,19,2,0.9048,0,0.0,0,86788.11,1
txn_009900,cust_02405,591.11,upi,success,none,25,17,8,0.68,0,0.0,0,124435.6,1
txn_009901,cust_01467,3998.94,upi,failed,network_error,35,32,3,0.9143,0,1.14,0,92791.01,1
txn_009902,cust_00874,551.6,card,success,none,34,30,4,0.8824,0,0.0,0,52332.7,1
txn_009903,cust_01435,2546.75,card,success,none,10,9,1,0.9,0,0.0,0,138064.22,1
txn_009904,cust_00007,245.09,wallet,success,none,33,30,3,0.9091,0,0.0,0,90700.79,1
txn_009905,cust_00966,1003.33,wallet,failed,network_error,29,29,0,1.0,3,2.6,0,47740.18,1
txn_009906,cust_01914,6180.7,upi,success,none,5,4,1,0.8,0,0.0,0,39980.32,1
txn_009907,cust_00471,1016.94,netbanking,success,none,35,25,10,0.7143,0,0.0,0,57621.4,1
txn_009908,cust_00031,1475.09,card,abandoned,none,18,14,4,0.7778,0,1.39,1,105571.23,0
txn_009909,cust_02357,6651.59,wallet,success,none,22,21,1,0.9545,0,0.0,0,35004.47,1
txn_009910,cust_00276,1161.16,card,abandoned,none,2,1,1,0.5,0,1.73,1,13508.17,0
txn_009911,cust_01462,1735.42,upi,success,none,4,3,1,0.75,0,0.0,0,142353.32,1
txn_009912,cust_02500,2451.95,netbanking,abandoned,none,24,23,1,0.9583,0,5.28,1,33887.69,0
txn_009913,cust_00647,337.08,card,success,none,8,7,1,0.875,0,0.0,0,43203.72,1
txn_009914,cust_00356,824.26,netbanking,success,none,9,8,1,0.8889,0,0.0,0,96042.58,1
txn_009915,cust_02429,1525.18,upi,abandoned,none,10,9,1,0.9,0,4.53,1,9349.71,1
txn_009916,cust_01275,271.55,upi,success,none,27,22,5,0.8148,0,0.0,0,101273.67,1
txn_009917,cust_01561,5270.1,netbanking,success,none,16,12,4,0.75,0,0.0,0,15114.07,1
txn_009918,cust_01554,2853.82,wallet,success,none,21,18,3,0.8571,0,0.0,0,23100.25,1
txn_009919,cust_01254,2458.93,wallet,failed,bank_decline,9,8,1,0.8889,2,1.26,0,46394.04,0
txn_009920,cust_01331,5014.04,card,success,none,30,25,5,0.8333,0,0.0,0,92987.04,1
txn_009921,cust_00556,2760.72,card,success,none,29,22,7,0.7586,0,0.0,0,142632.72,1
txn_009922,cust_00887,1064.34,netbanking,success,none,11,7,4,0.6364,0,0.0,0,89179.46,1
txn_009923,cust_00766,261.85,wallet,failed,technical_error,24,21,3,0.875,1,10.0,0,34456.28,0
txn_009924,cust_01665,677.76,netbanking,abandoned,none,40,37,3,0.925,0,3.25,1,134090.7,1
txn_009925,cust_00907,697.68,netbanking,success,none,9,7,2,0.7778,0,0.0,0,114339.08,1
txn_009926,cust_02033,2486.89,upi,abandoned,none,12,10,2,0.8333,0,2.77,1,78570.34,1
txn_009927,cust_01775,1452.29,netbanking,success,none,18,14,4,0.7778,0,0.0,0,64147.21,1
txn_009928,cust_00313,279.93,netbanking,success,none,28,24,4,0.8571,0,0.0,0,27244.41,1
txn_009929,cust_01071,3181.58,wallet,success,none,26,25,1,0.9615,0,0.0,0,38914.13,1
txn_009930,cust_01854,5061.23,netbanking,success,none,2,1,1,0.5,0,0.0,0,88864.23,1
txn_009931,cust_00581,5857.86,wallet,success,none,27,22,5,0.8148,0,0.0,0,79386.74,1
txn_009932,cust_01104,432.71,upi,success,none,19,16,3,0.8421,0,0.0,0,35890.07,1
txn_009933,cust_01419,1847.47,card,success,none,1,1,0,1.0,0,0.0,0,32799.76,1
txn_009934,cust_01626,489.62,card,failed,authentication_failed,9,4,5,0.4444,2,2.42,0,146403.24,0
txn_009935,cust_00304,9313.17,card,failed,authentication_failed,39,26,13,0.6667,2,9.61,0,121023.67,0
txn_009936,cust_00831,1381.02,wallet,success,none,28,21,7,0.75,0,0.0,0,41908.75,1
txn_009937,cust_01971,925.02,wallet,success,none,12,9,3,0.75,0,0.0,0,104080.84,1
txn_009938,cust_01964,769.53,card,success,none,29,12,17,0.4138,0,0.0,0,69150.79,1
txn_009939,cust_00797,1870.64,upi,failed,insufficient_funds,5,4,1,0.8,1,2.97,0,52375.57,1
txn_009940,cust_02298,2243.1,card,failed,authentication_failed,6,5,1,0.8333,0,2.48,0,101696.01,0
txn_009941,cust_01983,257.74,upi,success,none,36,27,9,0.75,0,0.0,0,129245.42,1
txn_009942,cust_01215,5414.65,netbanking,success,none,5,5,0,1.0,0,0.0,0,51748.32,1
txn_009943,cust_01442,2145.04,upi,success,none,9,8,1,0.8889,0,0.0,0,37920.17,1
txn_009944,cust_01731,5371.3,upi,abandoned,none,26,15,11,0.5769,0,5.2,1,6778.6,0
txn_009945,cust_02232,7410.9,netbanking,success,none,8,7,1,0.875,0,0.0,0,112424.32,1
txn_009946,cust_00616,1212.68,wallet,success,none,28,17,11,0.6071,0,0.0,0,130345.73,1
txn_009947,cust_00754,3155.52,card,abandoned,none,24,17,7,0.7083,0,3.26,1,83626.57,1
txn_009948,cust_01655,753.11,upi,success,none,37,32,5,0.8649,0,0.0,0,97994.46,1
txn_009949,cust_00045,839.06,wallet,success,none,30,22,8,0.7333,0,0.0,0,22287.87,1
txn_009950,cust_01510,6453.5,card,success,none,30,26,4,0.8667,0,0.0,0,130038.8,1
txn_009951,cust_01382,639.63,wallet,success,none,27,20,7,0.7407,0,0.0,0,137896.54,1
txn_009952,cust_02242,1630.22,netbanking,failed,insufficient_funds,5,4,1,0.8,3,8.0,0,40200.71,0
txn_009953,cust_00912,540.36,netbanking,failed,authentication_failed,4,3,1,0.75,0,1.19,0,44241.59,1
txn_009954,cust_01921,695.34,card,success,none,16,14,2,0.875,0,0.0,0,72807.52,1
txn_009955,cust_00570,808.26,card,failed,network_error,15,12,3,0.8,2,9.86,0,49955.37,0
txn_009956,cust_00571,5693.87,card,abandoned,none,10,9,1,0.9,0,0.34,1,118507.92,1
txn_009957,cust_00807,2238.96,upi,failed,bank_decline,13,11,2,0.8462,2,10.33,0,132982.77,0
txn_009958,cust_00919,3108.39,netbanking,success,none,30,18,12,0.6,0,0.0,0,75315.2,1
txn_009959,cust_00988,219.9,wallet,failed,authentication_failed,26,18,8,0.6923,1,7.62,0,122938.24,0
txn_009960,cust_02465,1386.65,card,success,none,2,2,0,1.0,0,0.0,0,103698.25,1
txn_009961,cust_01598,913.7,wallet,abandoned,none,38,34,4,0.8947,0,5.77,1,149941.26,1
txn_009962,cust_00032,2191.46,netbanking,success,none,5,4,1,0.8,0,0.0,0,91760.52,1
txn_009963,cust_01570,14861.45,wallet,success,none,5,3,2,0.6,0,0.0,0,30464.8,1
txn_009964,cust_01066,122.66,wallet,success,none,4,4,0,1.0,0,0.0,0,68561.41,1
txn_009965,cust_00097,1997.1,wallet,success,none,18,16,2,0.8889,0,0.0,0,100677.69,1
txn_009966,cust_02163,12146.37,upi,success,none,23,22,1,0.9565,0,0.0,0,73542.37,1
txn_009967,cust_02282,804.49,netbanking,failed,technical_error,15,13,2,0.8667,0,8.27,0,120224.05,0
txn_009968,cust_00579,1555.95,upi,success,none,2,1,1,0.5,0,0.0,0,26962.68,1
txn_009969,cust_00325,2634.82,upi,success,none,12,8,4,0.6667,0,0.0,0,73644.94,1
txn_009970,cust_02121,155.11,netbanking,success,none,18,12,6,0.6667,0,0.0,0,128948.33,1
txn_009971,cust_02397,1747.92,upi,abandoned,none,32,30,2,0.9375,0,6.3,1,142096.67,1
txn_009972,cust_02252,605.43,upi,failed,insufficient_funds,33,31,2,0.9394,3,8.31,0,77856.23,0
txn_009973,cust_00799,10381.38,upi,success,none,22,19,3,0.8636,0,0.0,0,20878.03,1
txn_009974,cust_01862,1088.58,netbanking,success,none,25,21,4,0.84,0,0.0,0,19415.66,1
txn_009975,cust_01157,658.3,netbanking,success,none,25,17,8,0.68,0,0.0,0,85898.64,1
txn_009976,cust_01807,3123.26,upi,failed,technical_error,12,8,4,0.6667,1,8.03,0,142091.58,0
txn_009977,cust_00025,2182.03,card,failed,network_error,15,11,4,0.7333,2,10.69,0,116187.18,1
txn_009978,cust_01677,3281.1,upi,success,none,24,17,7,0.7083,0,0.0,0,1568.52,1
txn_009979,cust_01674,9049.13,card,success,none,7,6,1,0.8571,0,0.0,0,8395.68,1
txn_009980,cust_02156,746.05,netbanking,abandoned,none,17,13,4,0.7647,0,0.89,1,87216.08,0
txn_009981,cust_01753,7472.88,card,success,none,16,15,1,0.9375,0,0.0,0,5927.59,1
txn_009982,cust_00803,8755.59,wallet,success,none,31,29,2,0.9355,0,0.0,0,95128.64,1
txn_009983,cust_01312,621.1,wallet,failed,network_error,16,13,3,0.8125,0,0.62,0,77883.09,1
txn_009984,cust_00651,684.27,card,success,none,4,3,1,0.75,0,0.0,0,2145.38,1
txn_009985,cust_02462,1404.2,netbanking,success,none,36,33,3,0.9167,0,0.0,0,118495.71,1
txn_009986,cust_01476,1096.99,card,success,none,6,5,1,0.8333,0,0.0,0,138769.54,1
txn_009987,cust_01768,7398.67,card,success,none,18,10,8,0.5556,0,0.0,0,98086.51,1
txn_009988,cust_00486,564.58,wallet,success,none,12,11,1,0.9167,0,0.0,0,26327.56,1
txn_009989,cust_01777,1710.7,wallet,failed,network_error,30,24,6,0.8,3,1.58,0,38547.81,1
txn_009990,cust_00241,622.98,upi,failed,bank_decline,30,23,7,0.7667,0,13.16,0,100469.08,0
txn_009991,cust_01397,1492.89,upi,failed,technical_error,30,25,5,0.8333,2,7.41,0,95591.24,0
txn_009992,cust_00218,11403.76,upi,success,none,14,12,2,0.8571,0,0.0,0,65053.33,1
txn_009993,cust_00784,8291.96,netbanking,success,none,37,28,9,0.7568,0,0.0,0,37048.78,1
txn_009994,cust_02426,1955.74,wallet,success,none,32,23,9,0.7188,0,0.0,0,149696.55,1
txn_009995,cust_00061,2514.35,upi,failed,insufficient_funds,35,26,9,0.7429,0,11.9,0,112880.79,0
txn_009996,cust_01379,2146.28,wallet,success,none,18,16,2,0.8889,0,0.0,0,142907.2,1
txn_009997,cust_02029,988.31,wallet,success,none,20,18,2,0.9,0,0.0,0,74092.09,1
txn_009998,cust_00390,9104.72,wallet,success,none,10,8,2,0.8,0,0.0,0,136353.31,1
txn_009999,cust_02166,5011.8,netbanking,failed,technical_error,9,8,1,0.8889,3,13.42,0,66544.91,0
txn_010000,cust_00815,1693.2,card,success,none,24,19,5,0.7917,0,0.0,0,66105.76,1
